
Note: No compatibility mode selected!


Circuit: * comparator-offset-transient-mc @ ff_mismatch_125c_1.08v -- generated by sim/harness, do not edit

Reset re-loads circuit * comparator-offset-transient-mc @ ff_mismatch_125c_1.08v -- generated by sim/harness, do not edit

Circuit: * comparator-offset-transient-mc @ ff_mismatch_125c_1.08v -- generated by sim/harness, do not edit

Doing analysis at TEMP = 125.000000 and TNOM = 27.000000

Using SPARSE 1.3 as Direct Linear Solver

Initial Transient Solution
--------------------------

Node                                   Voltage
----                                   -------
vdd                                       1.08
cm                                         0.6
vd                                      -0.048
ap                                       0.576
an                                       0.624
clk                                          0
ibn                                   0.205189
xa.x1.tmid                         0.000299192
xa.x1.tail                            0.575685
xa.x1.np                               1.07993
xa.x1.nn                               1.07974
xa.x1.ln                                  1.08
xa.x1.lp                                  1.08
xa.x1.lnb                          1.81054e-05
xa.x1.lpb                          2.09726e-05
xa.x1.na                               1.07998
doutb                              2.68899e-05
dout                                   1.07997
xa.x1.nb                               1.07999
doutn                                 0.999976
bdoutn#branch                                0
ean#branch                         4.81942e-12
eap#branch                         6.34595e-12
vclk#branch                        1.13833e-09
vd#branch                                    0
vcm#branch                         1.11654e-11
vsup#branch                       -2.06476e-05

 Reference value :  1.14191e-08
 Reference value :  9.32500e-08
 Reference value :  1.73655e-07
 Reference value :  2.54994e-07
 Reference value :  3.38850e-07
 Reference value :  4.22050e-07
 Reference value :  5.05555e-07
 Reference value :  5.88996e-07
 Reference value :  6.65550e-07
 Reference value :  7.40455e-07
 Reference value :  8.20074e-07
 Reference value :  8.95955e-07
 Reference value :  9.70492e-07
No. of Data Rows : 10825
dlev0               =  8.96746e-06
dlev1               =  2.28678e-05
dlev2               =  2.28349e-05
dlev3               =  2.28062e-05
dlev4               =  2.27863e-05
dlev5               =  2.27681e-05
dlev6               =  2.27516e-05
dlev7               =  2.27362e-05
dlev8               =  2.27216e-05
dlev9               =  2.27069e-05
dlev10              =  2.26919e-05
dlev11              =  2.26764e-05
dlev12              =  2.26605e-05
dlev13              =  2.26496e-05
dlev14              =  2.26223e-05
dlev15              =  2.26139e-05
dlev16              =  2.26000e-05
dlev17              =  9.99966e-01
dlev18              =  9.99976e-01
dlev19              =  9.99976e-01
dlev20              =  9.99976e-01
dlev21              =  9.99976e-01
dlev22              =  9.99976e-01
dlev23              =  9.99976e-01
dlev24              =  9.99976e-01
dlev25              =  9.99976e-01
dlev26              =  9.99976e-01
dlev27              =  9.99976e-01
dlev28              =  9.99976e-01
dlev29              =  9.99976e-01
dlev30              =  9.99976e-01
dlev31              =  9.99976e-01
dlev32              =  9.99976e-01
vos = 1.5000646148e-03
lowcount = 1.7000021538e+01
vbias               =  2.05189e-01
Reset re-loads circuit * comparator-offset-transient-mc @ ff_mismatch_125c_1.08v -- generated by sim/harness, do not edit

Circuit: * comparator-offset-transient-mc @ ff_mismatch_125c_1.08v -- generated by sim/harness, do not edit

Doing analysis at TEMP = 125.000000 and TNOM = 27.000000

Using SPARSE 1.3 as Direct Linear Solver

Initial Transient Solution
--------------------------

Node                                   Voltage
----                                   -------
vdd                                       1.08
cm                                         0.6
vd                                      -0.048
ap                                       0.576
an                                       0.624
clk                                          0
ibn                                   0.205569
xa.x1.tmid                         0.000326172
xa.x1.tail                            0.567744
xa.x1.np                               1.07991
xa.x1.nn                               1.07973
xa.x1.ln                                  1.08
xa.x1.lp                                  1.08
xa.x1.lnb                          1.93969e-05
xa.x1.lpb                          2.03058e-05
xa.x1.na                               1.07998
doutb                              2.50598e-05
dout                                   1.07998
xa.x1.nb                               1.07999
doutn                                 0.999979
bdoutn#branch                                0
ean#branch                         4.80435e-12
eap#branch                         6.34107e-12
vclk#branch                        1.14394e-09
vd#branch                                    0
vcm#branch                         1.11454e-11
vsup#branch                       -2.06954e-05

 Reference value :  3.94500e-08
 Reference value :  1.13536e-07
 Reference value :  1.92109e-07
 Reference value :  2.74550e-07
 Reference value :  3.53736e-07
 Reference value :  4.31609e-07
 Reference value :  5.08735e-07
 Reference value :  5.85209e-07
 Reference value :  6.60350e-07
 Reference value :  7.37509e-07
 Reference value :  8.12350e-07
 Reference value :  8.87303e-07
 Reference value :  9.62850e-07
No. of Data Rows : 10734
dlev0               =  1.58771e-05
dlev1               =  1.71736e-05
dlev2               =  1.71454e-05
dlev3               =  1.71235e-05
dlev4               =  1.71088e-05
dlev5               =  1.71046e-05
dlev6               =  1.71152e-05
dlev7               =  1.71441e-05
dlev8               =  1.71895e-05
dlev9               =  1.72444e-05
dlev10              =  1.73021e-05
dlev11              =  1.73583e-05
dlev12              =  1.74112e-05
dlev13              =  1.74325e-05
dlev14              =  1.75037e-05
dlev15              =  9.99978e-01
dlev16              =  9.99975e-01
dlev17              =  9.99975e-01
dlev18              =  9.99975e-01
dlev19              =  9.99975e-01
dlev20              =  9.99975e-01
dlev21              =  9.99975e-01
dlev22              =  9.99975e-01
dlev23              =  9.99976e-01
dlev24              =  9.99976e-01
dlev25              =  9.99976e-01
dlev26              =  9.99976e-01
dlev27              =  9.99976e-01
dlev28              =  9.99976e-01
dlev29              =  9.99976e-01
dlev30              =  9.99976e-01
dlev31              =  9.99976e-01
dlev32              =  9.99976e-01
vos = -4.499464602e-03
lowcount = 1.5000178466e+01
vbias               =  2.05569e-01
Reset re-loads circuit * comparator-offset-transient-mc @ ff_mismatch_125c_1.08v -- generated by sim/harness, do not edit

Circuit: * comparator-offset-transient-mc @ ff_mismatch_125c_1.08v -- generated by sim/harness, do not edit

Doing analysis at TEMP = 125.000000 and TNOM = 27.000000

Using SPARSE 1.3 as Direct Linear Solver

Initial Transient Solution
--------------------------

Node                                   Voltage
----                                   -------
vdd                                       1.08
cm                                         0.6
vd                                      -0.048
ap                                       0.576
an                                       0.624
clk                                          0
ibn                                   0.205057
xa.x1.tmid                         0.000327994
xa.x1.tail                            0.569677
xa.x1.np                               1.07992
xa.x1.nn                               1.07973
xa.x1.ln                                  1.08
xa.x1.lp                                  1.08
xa.x1.lnb                          1.94248e-05
xa.x1.lpb                          1.95986e-05
xa.x1.na                               1.05229
doutb                                 0.558871
dout                                  0.563443
xa.x1.nb                                1.0511
doutn                                 0.521706
bdoutn#branch                                0
ean#branch                         4.80699e-12
eap#branch                         6.34123e-12
vclk#branch                        1.12863e-09
vd#branch                                    0
vcm#branch                         1.11482e-11
vsup#branch                        -0.00013234

 Reference value :  3.09500e-08
 Reference value :  1.07505e-07
 Reference value :  1.83950e-07
 Reference value :  2.60361e-07
 Reference value :  3.40811e-07
 Reference value :  4.16729e-07
 Reference value :  4.99311e-07
 Reference value :  5.75550e-07
 Reference value :  6.50245e-07
 Reference value :  7.30111e-07
 Reference value :  8.06229e-07
 Reference value :  8.84106e-07
 Reference value :  9.61350e-07
No. of Data Rows : 10732
dlev0               =  1.81958e-05
dlev1               =  1.87004e-05
dlev2               =  1.87000e-05
dlev3               =  1.87039e-05
dlev4               =  1.87120e-05
dlev5               =  1.87239e-05
dlev6               =  1.87407e-05
dlev7               =  1.87650e-05
dlev8               =  1.88003e-05
dlev9               =  1.88489e-05
dlev10              =  1.89082e-05
dlev11              =  1.89727e-05
dlev12              =  1.90215e-05
dlev13              =  1.89905e-05
dlev14              =  1.89629e-05
dlev15              =  1.89387e-05
dlev16              =  1.89514e-05
dlev17              =  9.99974e-01
dlev18              =  9.99975e-01
dlev19              =  9.99975e-01
dlev20              =  9.99975e-01
dlev21              =  9.99975e-01
dlev22              =  9.99975e-01
dlev23              =  9.99975e-01
dlev24              =  9.99974e-01
dlev25              =  9.99974e-01
dlev26              =  9.99974e-01
dlev27              =  9.99974e-01
dlev28              =  9.99974e-01
dlev29              =  9.99974e-01
dlev30              =  9.99974e-01
dlev31              =  9.99974e-01
dlev32              =  9.99974e-01
vos = 1.5002677898e-03
lowcount = 1.7000089263e+01
vbias               =  2.05057e-01
Reset re-loads circuit * comparator-offset-transient-mc @ ff_mismatch_125c_1.08v -- generated by sim/harness, do not edit

Circuit: * comparator-offset-transient-mc @ ff_mismatch_125c_1.08v -- generated by sim/harness, do not edit

Doing analysis at TEMP = 125.000000 and TNOM = 27.000000

Using SPARSE 1.3 as Direct Linear Solver

Initial Transient Solution
--------------------------

Node                                   Voltage
----                                   -------
vdd                                       1.08
cm                                         0.6
vd                                      -0.048
ap                                       0.576
an                                       0.624
clk                                          0
ibn                                   0.207414
xa.x1.tmid                         0.000271279
xa.x1.tail                            0.578005
xa.x1.np                               1.07993
xa.x1.nn                               1.07977
xa.x1.ln                                  1.08
xa.x1.lp                                  1.08
xa.x1.lnb                          2.01631e-05
xa.x1.lpb                          2.05017e-05
xa.x1.na                               1.05261
doutb                                 0.575951
dout                                  0.559086
xa.x1.nb                               1.05277
doutn                                 0.517673
bdoutn#branch                                0
ean#branch                         4.82897e-12
eap#branch                         6.35419e-12
vclk#branch                        1.13233e-09
vd#branch                                    0
vcm#branch                         1.11832e-11
vsup#branch                       -0.000130982

 Reference value :  3.20500e-08
 Reference value :  1.10165e-07
 Reference value :  1.90048e-07
 Reference value :  2.68932e-07
 Reference value :  3.49610e-07
 Reference value :  4.30309e-07
 Reference value :  5.06031e-07
 Reference value :  5.84209e-07
 Reference value :  6.58033e-07
 Reference value :  7.32510e-07
 Reference value :  8.12150e-07
 Reference value :  8.89907e-07
 Reference value :  9.70074e-07
No. of Data Rows : 10732
dlev0               =  2.33113e-05
dlev1               =  2.39892e-05
dlev2               =  2.40209e-05
dlev3               =  2.40571e-05
dlev4               =  2.41000e-05
dlev5               =  2.41448e-05
dlev6               =  2.41926e-05
dlev7               =  2.42430e-05
dlev8               =  2.42980e-05
dlev9               =  2.43627e-05
dlev10              =  2.44285e-05
dlev11              =  2.44265e-05
dlev12              =  2.44483e-05
dlev13              =  2.44720e-05
dlev14              =  2.44957e-05
dlev15              =  2.45041e-05
dlev16              =  2.45843e-05
dlev17              =  9.99981e-01
dlev18              =  9.99982e-01
dlev19              =  9.99982e-01
dlev20              =  9.99982e-01
dlev21              =  9.99982e-01
dlev22              =  9.99982e-01
dlev23              =  9.99982e-01
dlev24              =  9.99982e-01
dlev25              =  9.99982e-01
dlev26              =  9.99982e-01
dlev27              =  9.99982e-01
dlev28              =  9.99982e-01
dlev29              =  9.99982e-01
dlev30              =  9.99982e-01
dlev31              =  9.99982e-01
dlev32              =  9.99982e-01
vos = 1.4996253635e-03
lowcount = 1.6999875121e+01
vbias               =  2.07414e-01
Reset re-loads circuit * comparator-offset-transient-mc @ ff_mismatch_125c_1.08v -- generated by sim/harness, do not edit

Circuit: * comparator-offset-transient-mc @ ff_mismatch_125c_1.08v -- generated by sim/harness, do not edit

Doing analysis at TEMP = 125.000000 and TNOM = 27.000000

Using SPARSE 1.3 as Direct Linear Solver

Initial Transient Solution
--------------------------

Node                                   Voltage
----                                   -------
vdd                                       1.08
cm                                         0.6
vd                                      -0.048
ap                                       0.576
an                                       0.624
clk                                          0
ibn                                   0.205355
xa.x1.tmid                          0.00030707
xa.x1.tail                            0.570639
xa.x1.np                               1.07992
xa.x1.nn                               1.07973
xa.x1.ln                                  1.08
xa.x1.lp                                  1.08
xa.x1.lnb                          2.22085e-05
xa.x1.lpb                          2.42612e-05
xa.x1.na                               1.07998
doutb                              2.63852e-05
dout                                   1.07998
xa.x1.nb                               1.07999
doutn                                 0.999981
bdoutn#branch                                0
ean#branch                         4.80913e-12
eap#branch                          6.3366e-12
vclk#branch                        1.13365e-09
vd#branch                                    0
vcm#branch                         1.11457e-11
vsup#branch                       -2.06741e-05

 Reference value :  4.25959e-08
 Reference value :  1.21950e-07
 Reference value :  1.98304e-07
 Reference value :  2.74750e-07
 Reference value :  3.50200e-07
 Reference value :  4.30405e-07
 Reference value :  5.06937e-07
 Reference value :  5.82005e-07
 Reference value :  6.58633e-07
 Reference value :  7.34804e-07
 Reference value :  8.13950e-07
 Reference value :  8.91955e-07
 Reference value :  9.70501e-07
No. of Data Rows : 10756
dlev0               =  1.55505e-05
dlev1               =  2.28891e-05
dlev2               =  2.28636e-05
dlev3               =  2.28358e-05
dlev4               =  2.28044e-05
dlev5               =  1.62214e-05
dlev6               =  1.62401e-05
dlev7               =  1.62736e-05
dlev8               =  1.63247e-05
dlev9               =  1.63907e-05
dlev10              =  1.64645e-05
dlev11              =  1.65395e-05
dlev12              =  1.66121e-05
dlev13              =  1.66814e-05
dlev14              =  1.67279e-05
dlev15              =  1.66821e-05
dlev16              =  1.65985e-05
dlev17              =  9.99971e-01
dlev18              =  9.99976e-01
dlev19              =  9.99976e-01
dlev20              =  9.99976e-01
dlev21              =  9.99976e-01
dlev22              =  9.99976e-01
dlev23              =  9.99976e-01
dlev24              =  9.99976e-01
dlev25              =  9.99976e-01
dlev26              =  9.99976e-01
dlev27              =  9.99976e-01
dlev28              =  9.99976e-01
dlev29              =  9.99981e-01
dlev30              =  9.99981e-01
dlev31              =  9.99981e-01
dlev32              =  9.99981e-01
vos = 1.5001788009e-03
lowcount = 1.7000059600e+01
vbias               =  2.05355e-01
Reset re-loads circuit * comparator-offset-transient-mc @ ff_mismatch_125c_1.08v -- generated by sim/harness, do not edit

Circuit: * comparator-offset-transient-mc @ ff_mismatch_125c_1.08v -- generated by sim/harness, do not edit

Doing analysis at TEMP = 125.000000 and TNOM = 27.000000

Using SPARSE 1.3 as Direct Linear Solver

Initial Transient Solution
--------------------------

Node                                   Voltage
----                                   -------
vdd                                       1.08
cm                                         0.6
vd                                      -0.048
ap                                       0.576
an                                       0.624
clk                                          0
ibn                                   0.202067
xa.x1.tmid                         0.000325794
xa.x1.tail                            0.572179
xa.x1.np                               1.07991
xa.x1.nn                               1.07974
xa.x1.ln                                  1.08
xa.x1.lp                                  1.08
xa.x1.lnb                           2.3295e-05
xa.x1.lpb                          2.06751e-05
xa.x1.na                               1.07999
doutb                                  1.07998
dout                                2.6852e-05
xa.x1.nb                               1.07998
doutn                              2.48629e-05
bdoutn#branch                                0
ean#branch                         4.81129e-12
eap#branch                         6.34207e-12
vclk#branch                        1.13725e-09
vd#branch                                    0
vcm#branch                         1.11534e-11
vsup#branch                       -2.06854e-05

 Reference value :  4.05001e-08
 Reference value :  1.19718e-07
 Reference value :  1.97802e-07
 Reference value :  2.80803e-07
 Reference value :  3.59333e-07
 Reference value :  4.38104e-07
 Reference value :  5.18350e-07
 Reference value :  5.93633e-07
 Reference value :  6.70503e-07
 Reference value :  7.47736e-07
 Reference value :  8.24302e-07
 Reference value :  9.05650e-07
 Reference value :  9.82855e-07
No. of Data Rows : 10740
dlev0               =  2.48609e-05
dlev1               =  1.92287e-05
dlev2               =  1.91250e-05
dlev3               =  1.90298e-05
dlev4               =  1.89436e-05
dlev5               =  1.88671e-05
dlev6               =  1.88002e-05
dlev7               =  1.87425e-05
dlev8               =  1.87254e-05
dlev9               =  1.81789e-05
dlev10              =  1.80199e-05
dlev11              =  1.78702e-05
dlev12              =  1.77294e-05
dlev13              =  1.75965e-05
dlev14              =  1.74707e-05
dlev15              =  1.73665e-05
dlev16              =  1.72735e-05
dlev17              =  9.99975e-01
dlev18              =  9.99981e-01
dlev19              =  9.99981e-01
dlev20              =  9.99981e-01
dlev21              =  9.99981e-01
dlev22              =  9.99981e-01
dlev23              =  9.99981e-01
dlev24              =  9.99981e-01
dlev25              =  9.99981e-01
dlev26              =  9.99981e-01
dlev27              =  9.99982e-01
dlev28              =  9.99982e-01
dlev29              =  9.99982e-01
dlev30              =  9.99982e-01
dlev31              =  9.99985e-01
dlev32              =  9.99985e-01
vos = 1.4999420141e-03
lowcount = 1.6999980671e+01
vbias               =  2.02067e-01
Reset re-loads circuit * comparator-offset-transient-mc @ ff_mismatch_125c_1.08v -- generated by sim/harness, do not edit

Circuit: * comparator-offset-transient-mc @ ff_mismatch_125c_1.08v -- generated by sim/harness, do not edit

Doing analysis at TEMP = 125.000000 and TNOM = 27.000000

Using SPARSE 1.3 as Direct Linear Solver

Initial Transient Solution
--------------------------

Node                                   Voltage
----                                   -------
vdd                                       1.08
cm                                         0.6
vd                                      -0.048
ap                                       0.576
an                                       0.624
clk                                          0
ibn                                   0.205588
xa.x1.tmid                         0.000293194
xa.x1.tail                            0.572658
xa.x1.np                               1.07992
xa.x1.nn                               1.07975
xa.x1.ln                                  1.08
xa.x1.lp                                  1.08
xa.x1.lnb                          2.05354e-05
xa.x1.lpb                          1.95231e-05
xa.x1.na                               1.07998
doutb                              2.46113e-05
dout                                   1.07998
xa.x1.nb                               1.07999
doutn                                 0.999982
bdoutn#branch                                0
ean#branch                          4.8162e-12
eap#branch                         6.33785e-12
vclk#branch                        1.12452e-09
vd#branch                                    0
vcm#branch                          1.1154e-11
vsup#branch                       -2.06335e-05

 Reference value :  5.07563e-08
 Reference value :  1.29650e-07
 Reference value :  2.02157e-07
 Reference value :  2.81399e-07
 Reference value :  3.61650e-07
 Reference value :  4.38900e-07
 Reference value :  5.14750e-07
 Reference value :  5.90310e-07
 Reference value :  6.69650e-07
 Reference value :  7.42861e-07
 Reference value :  8.20397e-07
 Reference value :  8.93962e-07
 Reference value :  9.70397e-07
No. of Data Rows : 10825
dlev0               =  2.06082e-05
dlev1               =  2.51954e-05
dlev2               =  2.51651e-05
dlev3               =  2.51295e-05
dlev4               =  2.51079e-05
dlev5               =  2.50865e-05
dlev6               =  2.50612e-05
dlev7               =  2.50332e-05
dlev8               =  2.50048e-05
dlev9               =  2.49775e-05
dlev10              =  2.49515e-05
dlev11              =  2.49272e-05
dlev12              =  2.49131e-05
dlev13              =  2.49016e-05
dlev14              =  2.48386e-05
dlev15              =  9.99978e-01
dlev16              =  9.99981e-01
dlev17              =  9.99981e-01
dlev18              =  9.99981e-01
dlev19              =  9.99981e-01
dlev20              =  9.99981e-01
dlev21              =  9.99981e-01
dlev22              =  9.99981e-01
dlev23              =  9.99981e-01
dlev24              =  9.99981e-01
dlev25              =  9.99981e-01
dlev26              =  9.99981e-01
dlev27              =  9.99981e-01
dlev28              =  9.99981e-01
dlev29              =  9.99981e-01
dlev30              =  9.99981e-01
dlev31              =  9.99981e-01
dlev32              =  9.99981e-01
vos = -4.500083104e-03
lowcount = 1.4999972299e+01
vbias               =  2.05588e-01
Reset re-loads circuit * comparator-offset-transient-mc @ ff_mismatch_125c_1.08v -- generated by sim/harness, do not edit

Circuit: * comparator-offset-transient-mc @ ff_mismatch_125c_1.08v -- generated by sim/harness, do not edit

Doing analysis at TEMP = 125.000000 and TNOM = 27.000000

Using SPARSE 1.3 as Direct Linear Solver

Initial Transient Solution
--------------------------

Node                                   Voltage
----                                   -------
vdd                                       1.08
cm                                         0.6
vd                                      -0.048
ap                                       0.576
an                                       0.624
clk                                          0
ibn                                   0.203329
xa.x1.tmid                         0.000334751
xa.x1.tail                            0.572565
xa.x1.np                               1.07992
xa.x1.nn                               1.07971
xa.x1.ln                                  1.08
xa.x1.lp                                  1.08
xa.x1.lnb                          1.98447e-05
xa.x1.lpb                          2.05938e-05
xa.x1.na                                1.0515
doutb                                 0.555972
dout                                  0.562111
xa.x1.nb                               1.05186
doutn                                 0.520473
bdoutn#branch                                0
ean#branch                         4.81135e-12
eap#branch                         6.34212e-12
vclk#branch                        1.13569e-09
vd#branch                                    0
vcm#branch                         1.11535e-11
vsup#branch                       -0.000136016

 Reference value :  3.86500e-08
 Reference value :  1.12834e-07
 Reference value :  1.90603e-07
 Reference value :  2.67434e-07
 Reference value :  3.44405e-07
 Reference value :  4.23750e-07
 Reference value :  5.01435e-07
 Reference value :  5.80003e-07
 Reference value :  6.54732e-07
 Reference value :  7.30905e-07
 Reference value :  8.07132e-07
 Reference value :  8.84503e-07
 Reference value :  9.65650e-07
No. of Data Rows : 10735
dlev0               =  1.07923e-05
dlev1               =  2.41326e-05
dlev2               =  1.62063e-05
dlev3               =  1.62175e-05
dlev4               =  1.62396e-05
dlev5               =  1.62741e-05
dlev6               =  1.63218e-05
dlev7               =  1.63811e-05
dlev8               =  1.64501e-05
dlev9               =  1.65255e-05
dlev10              =  1.66045e-05
dlev11              =  1.66858e-05
dlev12              =  1.67684e-05
dlev13              =  1.68496e-05
dlev14              =  1.69079e-05
dlev15              =  1.70202e-05
dlev16              =  1.71724e-05
dlev17              =  9.99975e-01
dlev18              =  9.99976e-01
dlev19              =  9.99976e-01
dlev20              =  9.99976e-01
dlev21              =  9.99976e-01
dlev22              =  9.99976e-01
dlev23              =  9.99976e-01
dlev24              =  9.99976e-01
dlev25              =  9.99976e-01
dlev26              =  9.99976e-01
dlev27              =  9.99976e-01
dlev28              =  9.99976e-01
dlev29              =  9.99976e-01
dlev30              =  9.99976e-01
dlev31              =  9.99975e-01
dlev32              =  9.99975e-01
vos = 1.5003181511e-03
lowcount = 1.7000106050e+01
vbias               =  2.03329e-01
Reset re-loads circuit * comparator-offset-transient-mc @ ff_mismatch_125c_1.08v -- generated by sim/harness, do not edit

Circuit: * comparator-offset-transient-mc @ ff_mismatch_125c_1.08v -- generated by sim/harness, do not edit

Doing analysis at TEMP = 125.000000 and TNOM = 27.000000

Using SPARSE 1.3 as Direct Linear Solver

Initial Transient Solution
--------------------------

Node                                   Voltage
----                                   -------
vdd                                       1.08
cm                                         0.6
vd                                      -0.048
ap                                       0.576
an                                       0.624
clk                                          0
ibn                                   0.205854
xa.x1.tmid                         0.000313967
xa.x1.tail                             0.57099
xa.x1.np                               1.07991
xa.x1.nn                               1.07973
xa.x1.ln                                  1.08
xa.x1.lp                                  1.08
xa.x1.lnb                          1.95199e-05
xa.x1.lpb                           2.3253e-05
xa.x1.na                               1.05133
doutb                                 0.569062
dout                                  0.558048
xa.x1.nb                               1.05171
doutn                                 0.516711
bdoutn#branch                                0
ean#branch                         4.81173e-12
eap#branch                         6.34573e-12
vclk#branch                        1.13834e-09
vd#branch                                    0
vcm#branch                         1.11575e-11
vsup#branch                       -0.000134587

 Reference value :  2.98700e-08
 Reference value :  1.05901e-07
 Reference value :  1.80650e-07
 Reference value :  2.56908e-07
 Reference value :  3.32750e-07
 Reference value :  4.10294e-07
 Reference value :  4.89450e-07
 Reference value :  5.61741e-07
 Reference value :  6.40100e-07
 Reference value :  7.14841e-07
 Reference value :  7.90607e-07
 Reference value :  8.67142e-07
 Reference value :  9.42204e-07
No. of Data Rows : 10732
dlev0               =  1.98487e-05
dlev1               =  2.02056e-05
dlev2               =  2.01692e-05
dlev3               =  2.00578e-05
dlev4               =  1.99319e-05
dlev5               =  1.98152e-05
dlev6               =  1.97075e-05
dlev7               =  1.96097e-05
dlev8               =  1.95228e-05
dlev9               =  1.94479e-05
dlev10              =  1.93842e-05
dlev11              =  1.93292e-05
dlev12              =  1.92815e-05
dlev13              =  1.92380e-05
dlev14              =  1.91926e-05
dlev15              =  1.91927e-05
dlev16              =  9.99973e-01
dlev17              =  9.99979e-01
dlev18              =  9.99979e-01
dlev19              =  9.99979e-01
dlev20              =  9.99979e-01
dlev21              =  9.99979e-01
dlev22              =  9.99979e-01
dlev23              =  9.99979e-01
dlev24              =  9.99979e-01
dlev25              =  9.99979e-01
dlev26              =  9.99979e-01
dlev27              =  9.99979e-01
dlev28              =  9.99979e-01
dlev29              =  9.99980e-01
dlev30              =  9.99980e-01
dlev31              =  9.99979e-01
dlev32              =  9.99979e-01
vos = -1.499873204e-03
lowcount = 1.6000042265e+01
vbias               =  2.05854e-01
Reset re-loads circuit * comparator-offset-transient-mc @ ff_mismatch_125c_1.08v -- generated by sim/harness, do not edit

Circuit: * comparator-offset-transient-mc @ ff_mismatch_125c_1.08v -- generated by sim/harness, do not edit

Doing analysis at TEMP = 125.000000 and TNOM = 27.000000

Using SPARSE 1.3 as Direct Linear Solver

Initial Transient Solution
--------------------------

Node                                   Voltage
----                                   -------
vdd                                       1.08
cm                                         0.6
vd                                      -0.048
ap                                       0.576
an                                       0.624
clk                                          0
ibn                                   0.207309
xa.x1.tmid                         0.000263602
xa.x1.tail                             0.57939
xa.x1.np                               1.07994
xa.x1.nn                               1.07977
xa.x1.ln                                  1.08
xa.x1.lp                                  1.08
xa.x1.lnb                          2.13394e-05
xa.x1.lpb                           1.9341e-05
xa.x1.na                               1.07998
doutb                              2.99547e-05
dout                                   1.07998
xa.x1.nb                               1.07999
doutn                                 0.999981
bdoutn#branch                                0
ean#branch                         4.82797e-12
eap#branch                         6.35281e-12
vclk#branch                        1.12133e-09
vd#branch                                    0
vcm#branch                         1.11808e-11
vsup#branch                       -2.05968e-05

 Reference value :  1.19133e-08
 Reference value :  8.69551e-08
 Reference value :  1.63003e-07
 Reference value :  2.38735e-07
 Reference value :  3.13407e-07
 Reference value :  3.89535e-07
 Reference value :  4.69006e-07
 Reference value :  5.44950e-07
 Reference value :  6.20327e-07
 Reference value :  7.00003e-07
 Reference value :  7.73831e-07
 Reference value :  8.50159e-07
 Reference value :  9.25231e-07
No. of Data Rows : 10750
dlev0               =  2.21033e-05
dlev1               =  2.54976e-05
dlev2               =  2.54537e-05
dlev3               =  2.54251e-05
dlev4               =  2.54208e-05
dlev5               =  2.37064e-05
dlev6               =  2.38127e-05
dlev7               =  2.39201e-05
dlev8               =  2.40311e-05
dlev9               =  2.41483e-05
dlev10              =  2.42714e-05
dlev11              =  2.43960e-05
dlev12              =  2.45177e-05
dlev13              =  2.46345e-05
dlev14              =  2.47455e-05
dlev15              =  2.48409e-05
dlev16              =  2.49742e-05
dlev17              =  9.99977e-01
dlev18              =  9.99978e-01
dlev19              =  9.99978e-01
dlev20              =  9.99978e-01
dlev21              =  9.99978e-01
dlev22              =  9.99978e-01
dlev23              =  9.99978e-01
dlev24              =  9.99978e-01
dlev25              =  9.99977e-01
dlev26              =  9.99977e-01
dlev27              =  9.99977e-01
dlev28              =  9.99977e-01
dlev29              =  9.99977e-01
dlev30              =  9.99977e-01
dlev31              =  9.99980e-01
dlev32              =  9.99980e-01
vos = 1.4998182027e-03
lowcount = 1.6999939401e+01
vbias               =  2.07309e-01
Reset re-loads circuit * comparator-offset-transient-mc @ ff_mismatch_125c_1.08v -- generated by sim/harness, do not edit

Circuit: * comparator-offset-transient-mc @ ff_mismatch_125c_1.08v -- generated by sim/harness, do not edit

Doing analysis at TEMP = 125.000000 and TNOM = 27.000000

Using SPARSE 1.3 as Direct Linear Solver

Initial Transient Solution
--------------------------

Node                                   Voltage
----                                   -------
vdd                                       1.08
cm                                         0.6
vd                                      -0.048
ap                                       0.576
an                                       0.624
clk                                          0
ibn                                   0.205307
xa.x1.tmid                         0.000322435
xa.x1.tail                            0.571337
xa.x1.np                               1.07992
xa.x1.nn                               1.07973
xa.x1.ln                                  1.08
xa.x1.lp                                  1.08
xa.x1.lnb                          2.19966e-05
xa.x1.lpb                          2.37329e-05
xa.x1.na                               1.07999
doutb                                  1.07998
dout                                2.8437e-05
xa.x1.nb                               1.07998
doutn                              2.63306e-05
bdoutn#branch                                0
ean#branch                          4.8147e-12
eap#branch                         6.34154e-12
vclk#branch                         1.1375e-09
vd#branch                                    0
vcm#branch                         1.11562e-11
vsup#branch                        -2.0689e-05

 Reference value :  0.00000e+00
 Reference value :  7.49993e-08
 Reference value :  1.51950e-07
 Reference value :  2.27606e-07
 Reference value :  3.03750e-07
 Reference value :  3.79007e-07
 Reference value :  4.51950e-07
 Reference value :  5.29707e-07
 Reference value :  6.08050e-07
 Reference value :  6.85230e-07
 Reference value :  7.63206e-07
 Reference value :  8.41750e-07
 Reference value :  9.19904e-07
No. of Data Rows : 10743
dlev0               =  2.56489e-05
dlev1               =  2.62928e-05
dlev2               =  2.62773e-05
dlev3               =  2.03994e-05
dlev4               =  2.02483e-05
dlev5               =  2.01061e-05
dlev6               =  1.99731e-05
dlev7               =  1.98496e-05
dlev8               =  1.97361e-05
dlev9               =  1.96334e-05
dlev10              =  1.95417e-05
dlev11              =  1.94601e-05
dlev12              =  1.93873e-05
dlev13              =  1.93222e-05
dlev14              =  1.92638e-05
dlev15              =  1.92113e-05
dlev16              =  1.91598e-05
dlev17              =  1.91322e-05
dlev18              =  1.91259e-05
dlev19              =  9.99980e-01
dlev20              =  9.99980e-01
dlev21              =  9.99980e-01
dlev22              =  9.99980e-01
dlev23              =  9.99980e-01
dlev24              =  9.99980e-01
dlev25              =  9.99980e-01
dlev26              =  9.99980e-01
dlev27              =  9.99980e-01
dlev28              =  9.99980e-01
dlev29              =  9.99980e-01
dlev30              =  9.99980e-01
dlev31              =  9.99980e-01
dlev32              =  9.99983e-01
vos = 7.4996415922e-03
lowcount = 1.8999880531e+01
vbias               =  2.05307e-01
Reset re-loads circuit * comparator-offset-transient-mc @ ff_mismatch_125c_1.08v -- generated by sim/harness, do not edit

Circuit: * comparator-offset-transient-mc @ ff_mismatch_125c_1.08v -- generated by sim/harness, do not edit

Doing analysis at TEMP = 125.000000 and TNOM = 27.000000

Using SPARSE 1.3 as Direct Linear Solver

Initial Transient Solution
--------------------------

Node                                   Voltage
----                                   -------
vdd                                       1.08
cm                                         0.6
vd                                      -0.048
ap                                       0.576
an                                       0.624
clk                                          0
ibn                                   0.204495
xa.x1.tmid                         0.000299138
xa.x1.tail                            0.572025
xa.x1.np                               1.07992
xa.x1.nn                               1.07975
xa.x1.ln                                  1.08
xa.x1.lp                                  1.08
xa.x1.lnb                          1.87487e-05
xa.x1.lpb                          2.19551e-05
xa.x1.na                               1.07998
doutb                              3.17779e-05
dout                                   1.07998
xa.x1.nb                               1.07999
doutn                                 0.999981
bdoutn#branch                                0
ean#branch                         4.81418e-12
eap#branch                         6.33968e-12
vclk#branch                        1.12727e-09
vd#branch                                    0
vcm#branch                         1.11539e-11
vsup#branch                       -2.06506e-05

 Reference value :  0.00000e+00
 Reference value :  8.02548e-08
 Reference value :  1.60696e-07
 Reference value :  2.44350e-07
 Reference value :  3.20255e-07
 Reference value :  4.00074e-07
 Reference value :  4.74830e-07
 Reference value :  5.50698e-07
 Reference value :  6.28860e-07
 Reference value :  7.04297e-07
 Reference value :  7.79260e-07
 Reference value :  8.51795e-07
 Reference value :  9.27061e-07
No. of Data Rows : 10825
dlev0               =  1.19940e-05
dlev1               =  2.51415e-05
dlev2               =  2.51109e-05
dlev3               =  2.50845e-05
dlev4               =  2.50600e-05
dlev5               =  2.50374e-05
dlev6               =  2.50162e-05
dlev7               =  2.49957e-05
dlev8               =  2.49751e-05
dlev9               =  2.49539e-05
dlev10              =  2.49322e-05
dlev11              =  2.49098e-05
dlev12              =  2.48874e-05
dlev13              =  2.48580e-05
dlev14              =  2.48467e-05
dlev15              =  9.99977e-01
dlev16              =  9.99981e-01
dlev17              =  9.99981e-01
dlev18              =  9.99981e-01
dlev19              =  9.99981e-01
dlev20              =  9.99981e-01
dlev21              =  9.99981e-01
dlev22              =  9.99981e-01
dlev23              =  9.99981e-01
dlev24              =  9.99981e-01
dlev25              =  9.99981e-01
dlev26              =  9.99981e-01
dlev27              =  9.99981e-01
dlev28              =  9.99981e-01
dlev29              =  9.99981e-01
dlev30              =  9.99981e-01
dlev31              =  9.99981e-01
dlev32              =  9.99981e-01
vos = -4.500041110e-03
lowcount = 1.4999986297e+01
vbias               =  2.04495e-01
Reset re-loads circuit * comparator-offset-transient-mc @ ff_mismatch_125c_1.08v -- generated by sim/harness, do not edit

Circuit: * comparator-offset-transient-mc @ ff_mismatch_125c_1.08v -- generated by sim/harness, do not edit

Doing analysis at TEMP = 125.000000 and TNOM = 27.000000

Using SPARSE 1.3 as Direct Linear Solver

Initial Transient Solution
--------------------------

Node                                   Voltage
----                                   -------
vdd                                       1.08
cm                                         0.6
vd                                      -0.048
ap                                       0.576
an                                       0.624
clk                                          0
ibn                                   0.205314
xa.x1.tmid                         0.000313737
xa.x1.tail                            0.573136
xa.x1.np                               1.07992
xa.x1.nn                               1.07973
xa.x1.ln                                  1.08
xa.x1.lp                                  1.08
xa.x1.lnb                          1.92488e-05
xa.x1.lpb                          2.17711e-05
xa.x1.na                               1.07998
doutb                              2.24305e-05
dout                                   1.07997
xa.x1.nb                               1.07999
doutn                                 0.999975
bdoutn#branch                                0
ean#branch                         4.81298e-12
eap#branch                         6.34331e-12
vclk#branch                        1.13263e-09
vd#branch                                    0
vcm#branch                         1.11563e-11
vsup#branch                       -2.06705e-05

 Reference value :  0.00000e+00
 Reference value :  7.93030e-08
 Reference value :  1.60904e-07
 Reference value :  2.38534e-07
 Reference value :  3.14607e-07
 Reference value :  3.91450e-07
 Reference value :  4.70165e-07
 Reference value :  5.46050e-07
 Reference value :  6.20203e-07
 Reference value :  6.96950e-07
 Reference value :  7.71230e-07
 Reference value :  8.50074e-07
 Reference value :  9.26831e-07
No. of Data Rows : 10732
dlev0               =  1.84530e-05
dlev1               =  1.87528e-05
dlev2               =  1.87314e-05
dlev3               =  1.86727e-05
dlev4               =  1.86179e-05
dlev5               =  1.85668e-05
dlev6               =  1.85204e-05
dlev7               =  1.84811e-05
dlev8               =  1.84520e-05
dlev9               =  1.84348e-05
dlev10              =  1.84275e-05
dlev11              =  1.84257e-05
dlev12              =  1.84257e-05
dlev13              =  1.84266e-05
dlev14              =  1.83950e-05
dlev15              =  1.82922e-05
dlev16              =  1.82287e-05
dlev17              =  9.99971e-01
dlev18              =  9.99972e-01
dlev19              =  9.99972e-01
dlev20              =  9.99972e-01
dlev21              =  9.99972e-01
dlev22              =  9.99972e-01
dlev23              =  9.99971e-01
dlev24              =  9.99971e-01
dlev25              =  9.99971e-01
dlev26              =  9.99971e-01
dlev27              =  9.99971e-01
dlev28              =  9.99971e-01
dlev29              =  9.99971e-01
dlev30              =  9.99971e-01
dlev31              =  9.99971e-01
dlev32              =  9.99971e-01
vos = 1.5004277868e-03
lowcount = 1.7000142596e+01
vbias               =  2.05314e-01
Reset re-loads circuit * comparator-offset-transient-mc @ ff_mismatch_125c_1.08v -- generated by sim/harness, do not edit

Circuit: * comparator-offset-transient-mc @ ff_mismatch_125c_1.08v -- generated by sim/harness, do not edit

Doing analysis at TEMP = 125.000000 and TNOM = 27.000000

Using SPARSE 1.3 as Direct Linear Solver

Initial Transient Solution
--------------------------

Node                                   Voltage
----                                   -------
vdd                                       1.08
cm                                         0.6
vd                                      -0.048
ap                                       0.576
an                                       0.624
clk                                          0
ibn                                   0.203784
xa.x1.tmid                         0.000310274
xa.x1.tail                            0.572785
xa.x1.np                               1.07992
xa.x1.nn                               1.07974
xa.x1.ln                                  1.08
xa.x1.lp                                  1.08
xa.x1.lnb                          1.95991e-05
xa.x1.lpb                          1.94798e-05
xa.x1.na                               1.05334
doutb                                 0.567287
dout                                   0.56868
xa.x1.nb                               1.05358
doutn                                 0.526556
bdoutn#branch                                0
ean#branch                         4.81196e-12
eap#branch                         6.34315e-12
vclk#branch                        1.12842e-09
vd#branch                                    0
vcm#branch                         1.11551e-11
vsup#branch                       -0.000130372

 Reference value :  0.00000e+00
 Reference value :  7.91009e-08
 Reference value :  1.60306e-07
 Reference value :  2.41050e-07
 Reference value :  3.20209e-07
 Reference value :  4.00046e-07
 Reference value :  4.76731e-07
 Reference value :  5.53807e-07
 Reference value :  6.33150e-07
 Reference value :  7.10331e-07
 Reference value :  7.90046e-07
 Reference value :  8.68640e-07
 Reference value :  9.47301e-07
No. of Data Rows : 10734
dlev0               =  2.54938e-05
dlev1               =  1.91486e-05
dlev2               =  1.90882e-05
dlev3               =  1.90317e-05
dlev4               =  1.90201e-05
dlev5               =  1.89737e-05
dlev6               =  1.89316e-05
dlev7               =  1.88960e-05
dlev8               =  1.88700e-05
dlev9               =  1.88565e-05
dlev10              =  1.87766e-05
dlev11              =  1.86641e-05
dlev12              =  1.85592e-05
dlev13              =  1.84605e-05
dlev14              =  1.83658e-05
dlev15              =  1.82787e-05
dlev16              =  9.99973e-01
dlev17              =  9.99978e-01
dlev18              =  9.99978e-01
dlev19              =  9.99978e-01
dlev20              =  9.99978e-01
dlev21              =  9.99978e-01
dlev22              =  9.99978e-01
dlev23              =  9.99978e-01
dlev24              =  9.99978e-01
dlev25              =  9.99978e-01
dlev26              =  9.99978e-01
dlev27              =  9.99978e-01
dlev28              =  9.99978e-01
dlev29              =  9.99978e-01
dlev30              =  9.99978e-01
dlev31              =  9.99978e-01
dlev32              =  9.99978e-01
vos = -1.499777145e-03
lowcount = 1.6000074285e+01
vbias               =  2.03784e-01
Reset re-loads circuit * comparator-offset-transient-mc @ ff_mismatch_125c_1.08v -- generated by sim/harness, do not edit

Circuit: * comparator-offset-transient-mc @ ff_mismatch_125c_1.08v -- generated by sim/harness, do not edit

Doing analysis at TEMP = 125.000000 and TNOM = 27.000000

Using SPARSE 1.3 as Direct Linear Solver

Initial Transient Solution
--------------------------

Node                                   Voltage
----                                   -------
vdd                                       1.08
cm                                         0.6
vd                                      -0.048
ap                                       0.576
an                                       0.624
clk                                          0
ibn                                   0.206811
xa.x1.tmid                         0.000295918
xa.x1.tail                             0.57239
xa.x1.np                               1.07992
xa.x1.nn                               1.07975
xa.x1.ln                                  1.08
xa.x1.lp                                  1.08
xa.x1.lnb                          1.86564e-05
xa.x1.lpb                            2.056e-05
xa.x1.na                               1.05202
doutb                                 0.556551
dout                                  0.558612
xa.x1.nb                               1.05209
doutn                                 0.517233
bdoutn#branch                                0
ean#branch                         4.81384e-12
eap#branch                         6.34362e-12
vclk#branch                        1.12802e-09
vd#branch                                    0
vcm#branch                         1.11575e-11
vsup#branch                       -0.000127434

 Reference value :  1.46124e-08
 Reference value :  9.00000e-08
 Reference value :  1.64905e-07
 Reference value :  2.40550e-07
 Reference value :  3.15110e-07
 Reference value :  3.90750e-07
 Reference value :  4.65209e-07
 Reference value :  5.42350e-07
 Reference value :  6.17408e-07
 Reference value :  6.94450e-07
 Reference value :  7.70010e-07
 Reference value :  8.48650e-07
 Reference value :  9.22031e-07
No. of Data Rows : 10732
dlev0               =  1.39119e-05
dlev1               =  1.46962e-05
dlev2               =  1.47518e-05
dlev3               =  1.48117e-05
dlev4               =  1.48766e-05
dlev5               =  1.49438e-05
dlev6               =  1.50150e-05
dlev7               =  1.50888e-05
dlev8               =  1.51646e-05
dlev9               =  1.52427e-05
dlev10              =  1.52699e-05
dlev11              =  1.53042e-05
dlev12              =  1.53545e-05
dlev13              =  1.54170e-05
dlev14              =  1.54849e-05
dlev15              =  1.55528e-05
dlev16              =  1.56191e-05
dlev17              =  1.56661e-05
dlev18              =  1.57896e-05
dlev19              =  9.99977e-01
dlev20              =  9.99977e-01
dlev21              =  9.99977e-01
dlev22              =  9.99977e-01
dlev23              =  9.99977e-01
dlev24              =  9.99977e-01
dlev25              =  9.99977e-01
dlev26              =  9.99977e-01
dlev27              =  9.99977e-01
dlev28              =  9.99977e-01
dlev29              =  9.99977e-01
dlev30              =  9.99977e-01
dlev31              =  9.99977e-01
dlev32              =  9.99977e-01
vos = 7.5001063157e-03
lowcount = 1.9000035439e+01
vbias               =  2.06811e-01
Reset re-loads circuit * comparator-offset-transient-mc @ ff_mismatch_125c_1.08v -- generated by sim/harness, do not edit

Circuit: * comparator-offset-transient-mc @ ff_mismatch_125c_1.08v -- generated by sim/harness, do not edit

Doing analysis at TEMP = 125.000000 and TNOM = 27.000000

Using SPARSE 1.3 as Direct Linear Solver

Initial Transient Solution
--------------------------

Node                                   Voltage
----                                   -------
vdd                                       1.08
cm                                         0.6
vd                                      -0.048
ap                                       0.576
an                                       0.624
clk                                          0
ibn                                   0.209103
xa.x1.tmid                         0.000286359
xa.x1.tail                             0.57301
xa.x1.np                               1.07992
xa.x1.nn                               1.07976
xa.x1.ln                                  1.08
xa.x1.lp                                  1.08
xa.x1.lnb                          2.22023e-05
xa.x1.lpb                          2.05175e-05
xa.x1.na                               1.07998
doutb                              2.84677e-05
dout                                   1.07998
xa.x1.nb                               1.07999
doutn                                 0.999979
bdoutn#branch                                0
ean#branch                         4.81545e-12
eap#branch                         6.34151e-12
vclk#branch                         1.1359e-09
vd#branch                                    0
vcm#branch                          1.1157e-11
vsup#branch                       -2.06488e-05

 Reference value :  0.00000e+00
 Reference value :  7.45085e-08
 Reference value :  1.51650e-07
 Reference value :  2.30203e-07
 Reference value :  3.09550e-07
 Reference value :  3.82739e-07
 Reference value :  4.60808e-07
 Reference value :  5.36343e-07
 Reference value :  6.14008e-07
 Reference value :  6.93750e-07
 Reference value :  7.70003e-07
 Reference value :  8.47650e-07
 Reference value :  9.24836e-07
No. of Data Rows : 10732
dlev0               =  2.41377e-05
dlev1               =  2.50806e-05
dlev2               =  2.50140e-05
dlev3               =  2.49559e-05
dlev4               =  2.48885e-05
dlev5               =  2.48252e-05
dlev6               =  2.47655e-05
dlev7               =  2.47086e-05
dlev8               =  2.46923e-05
dlev9               =  2.46419e-05
dlev10              =  2.45991e-05
dlev11              =  2.44833e-05
dlev12              =  2.43503e-05
dlev13              =  2.42251e-05
dlev14              =  2.41047e-05
dlev15              =  2.39845e-05
dlev16              =  9.99976e-01
dlev17              =  9.99978e-01
dlev18              =  9.99978e-01
dlev19              =  9.99978e-01
dlev20              =  9.99978e-01
dlev21              =  9.99977e-01
dlev22              =  9.99977e-01
dlev23              =  9.99977e-01
dlev24              =  9.99977e-01
dlev25              =  9.99977e-01
dlev26              =  9.99976e-01
dlev27              =  9.99976e-01
dlev28              =  9.99976e-01
dlev29              =  9.99976e-01
dlev30              =  9.99976e-01
dlev31              =  9.99976e-01
dlev32              =  9.99976e-01
vos = -1.499988171e-03
lowcount = 1.6000003943e+01
vbias               =  2.09103e-01
Reset re-loads circuit * comparator-offset-transient-mc @ ff_mismatch_125c_1.08v -- generated by sim/harness, do not edit

Circuit: * comparator-offset-transient-mc @ ff_mismatch_125c_1.08v -- generated by sim/harness, do not edit

Doing analysis at TEMP = 125.000000 and TNOM = 27.000000

Using SPARSE 1.3 as Direct Linear Solver

Initial Transient Solution
--------------------------

Node                                   Voltage
----                                   -------
vdd                                       1.08
cm                                         0.6
vd                                      -0.048
ap                                       0.576
an                                       0.624
clk                                          0
ibn                                   0.209283
xa.x1.tmid                         0.000308491
xa.x1.tail                            0.570207
xa.x1.np                               1.07992
xa.x1.nn                               1.07974
xa.x1.ln                                  1.08
xa.x1.lp                                  1.08
xa.x1.lnb                          1.99282e-05
xa.x1.lpb                          1.89827e-05
xa.x1.na                               1.07998
doutb                              2.65283e-05
dout                                   1.07998
xa.x1.nb                               1.07999
doutn                                 0.999985
bdoutn#branch                                0
ean#branch                         4.80882e-12
eap#branch                          6.3384e-12
vclk#branch                        1.13338e-09
vd#branch                                    0
vcm#branch                         1.11472e-11
vsup#branch                         -2.068e-05

 Reference value :  0.00000e+00
 Reference value :  8.02679e-08
 Reference value :  1.62006e-07
 Reference value :  2.44750e-07
 Reference value :  3.24332e-07
 Reference value :  4.06111e-07
 Reference value :  4.86050e-07
 Reference value :  5.63136e-07
 Reference value :  6.46111e-07
 Reference value :  7.30711e-07
 Reference value :  8.13850e-07
 Reference value :  8.91140e-07
 Reference value :  9.70509e-07
No. of Data Rows : 10732
dlev0               =  1.74776e-05
dlev1               =  1.76763e-05
dlev2               =  1.76334e-05
dlev3               =  1.75961e-05
dlev4               =  1.75642e-05
dlev5               =  1.75372e-05
dlev6               =  1.75143e-05
dlev7               =  1.74945e-05
dlev8               =  1.74782e-05
dlev9               =  1.74710e-05
dlev10              =  1.74813e-05
dlev11              =  1.75094e-05
dlev12              =  1.75428e-05
dlev13              =  1.75713e-05
dlev14              =  1.75811e-05
dlev15              =  1.76257e-05
dlev16              =  9.99982e-01
dlev17              =  9.99982e-01
dlev18              =  9.99982e-01
dlev19              =  9.99982e-01
dlev20              =  9.99982e-01
dlev21              =  9.99982e-01
dlev22              =  9.99982e-01
dlev23              =  9.99982e-01
dlev24              =  9.99982e-01
dlev25              =  9.99982e-01
dlev26              =  9.99983e-01
dlev27              =  9.99983e-01
dlev28              =  9.99983e-01
dlev29              =  9.99983e-01
dlev30              =  9.99983e-01
dlev31              =  9.99983e-01
dlev32              =  9.99983e-01
vos = -1.499947963e-03
lowcount = 1.6000017346e+01
vbias               =  2.09283e-01
Reset re-loads circuit * comparator-offset-transient-mc @ ff_mismatch_125c_1.08v -- generated by sim/harness, do not edit

Circuit: * comparator-offset-transient-mc @ ff_mismatch_125c_1.08v -- generated by sim/harness, do not edit

Doing analysis at TEMP = 125.000000 and TNOM = 27.000000

Using SPARSE 1.3 as Direct Linear Solver

Initial Transient Solution
--------------------------

Node                                   Voltage
----                                   -------
vdd                                       1.08
cm                                         0.6
vd                                      -0.048
ap                                       0.576
an                                       0.624
clk                                          0
ibn                                   0.207759
xa.x1.tmid                         0.000285245
xa.x1.tail                            0.572802
xa.x1.np                               1.07992
xa.x1.nn                               1.07975
xa.x1.ln                                  1.08
xa.x1.lp                                  1.08
xa.x1.lnb                          2.40911e-05
xa.x1.lpb                          1.96631e-05
xa.x1.na                               1.05419
doutb                                 0.559006
dout                                  0.566011
xa.x1.nb                               1.05352
doutn                                 0.524084
bdoutn#branch                                0
ean#branch                         4.81262e-12
eap#branch                         6.34576e-12
vclk#branch                        1.13221e-09
vd#branch                                    0
vcm#branch                         1.11584e-11
vsup#branch                        -0.00012629

 Reference value :  4.00745e-08
 Reference value :  1.15538e-07
 Reference value :  1.91204e-07
 Reference value :  2.67637e-07
 Reference value :  3.42008e-07
 Reference value :  4.16934e-07
 Reference value :  4.91308e-07
 Reference value :  5.65335e-07
 Reference value :  6.42808e-07
 Reference value :  7.18735e-07
 Reference value :  7.93803e-07
 Reference value :  8.69935e-07
 Reference value :  9.45209e-07
No. of Data Rows : 10732
dlev0               =  1.86249e-05
dlev1               =  1.61690e-05
dlev2               =  1.60389e-05
dlev3               =  1.59159e-05
dlev4               =  1.57998e-05
dlev5               =  1.56903e-05
dlev6               =  1.55868e-05
dlev7               =  1.54884e-05
dlev8               =  1.53946e-05
dlev9               =  1.53077e-05
dlev10              =  1.46364e-05
dlev11              =  1.44444e-05
dlev12              =  1.43054e-05
dlev13              =  1.41362e-05
dlev14              =  1.39741e-05
dlev15              =  1.38160e-05
dlev16              =  1.36762e-05
dlev17              =  9.99977e-01
dlev18              =  9.99978e-01
dlev19              =  9.99978e-01
dlev20              =  9.99978e-01
dlev21              =  9.99977e-01
dlev22              =  9.99977e-01
dlev23              =  9.99978e-01
dlev24              =  9.99978e-01
dlev25              =  9.99978e-01
dlev26              =  9.99978e-01
dlev27              =  9.99978e-01
dlev28              =  9.99978e-01
dlev29              =  9.99978e-01
dlev30              =  9.99978e-01
dlev31              =  9.99978e-01
dlev32              =  9.99978e-01
vos = 1.5003014853e-03
lowcount = 1.7000100495e+01
vbias               =  2.07759e-01
Reset re-loads circuit * comparator-offset-transient-mc @ ff_mismatch_125c_1.08v -- generated by sim/harness, do not edit

Circuit: * comparator-offset-transient-mc @ ff_mismatch_125c_1.08v -- generated by sim/harness, do not edit

Doing analysis at TEMP = 125.000000 and TNOM = 27.000000

Using SPARSE 1.3 as Direct Linear Solver

Initial Transient Solution
--------------------------

Node                                   Voltage
----                                   -------
vdd                                       1.08
cm                                         0.6
vd                                      -0.048
ap                                       0.576
an                                       0.624
clk                                          0
ibn                                   0.206391
xa.x1.tmid                         0.000320101
xa.x1.tail                            0.569884
xa.x1.np                               1.07992
xa.x1.nn                               1.07973
xa.x1.ln                                  1.08
xa.x1.lp                                  1.08
xa.x1.lnb                          1.82431e-05
xa.x1.lpb                          1.90112e-05
xa.x1.na                               1.07998
doutb                              2.60064e-05
dout                                   1.07998
xa.x1.nb                               1.07999
doutn                                 0.999982
bdoutn#branch                                0
ean#branch                         4.80804e-12
eap#branch                         6.33626e-12
vclk#branch                        1.13191e-09
vd#branch                                    0
vcm#branch                         1.11443e-11
vsup#branch                       -2.06837e-05

 Reference value :  1.39098e-08
 Reference value :  9.19500e-08
 Reference value :  1.68204e-07
 Reference value :  2.45750e-07
 Reference value :  3.26132e-07
 Reference value :  4.00100e-07
 Reference value :  4.75432e-07
 Reference value :  5.51507e-07
 Reference value :  6.26032e-07
 Reference value :  7.02907e-07
 Reference value :  7.79830e-07
 Reference value :  8.53805e-07
 Reference value :  9.31350e-07
No. of Data Rows : 10732
dlev0               =  1.20381e-05
dlev1               =  1.37975e-05
dlev2               =  1.37600e-05
dlev3               =  1.37289e-05
dlev4               =  1.37038e-05
dlev5               =  1.36842e-05
dlev6               =  1.36733e-05
dlev7               =  1.36745e-05
dlev8               =  1.36931e-05
dlev9               =  1.37307e-05
dlev10              =  1.37824e-05
dlev11              =  1.38411e-05
dlev12              =  1.39004e-05
dlev13              =  1.39582e-05
dlev14              =  1.40069e-05
dlev15              =  1.40429e-05
dlev16              =  1.41856e-05
dlev17              =  9.99978e-01
dlev18              =  9.99979e-01
dlev19              =  9.99979e-01
dlev20              =  9.99979e-01
dlev21              =  9.99979e-01
dlev22              =  9.99979e-01
dlev23              =  9.99979e-01
dlev24              =  9.99979e-01
dlev25              =  9.99979e-01
dlev26              =  9.99979e-01
dlev27              =  9.99979e-01
dlev28              =  9.99979e-01
dlev29              =  9.99979e-01
dlev30              =  9.99979e-01
dlev31              =  9.99979e-01
dlev32              =  9.99979e-01
vos = 1.5003176946e-03
lowcount = 1.7000105898e+01
vbias               =  2.06391e-01
Reset re-loads circuit * comparator-offset-transient-mc @ ff_mismatch_125c_1.08v -- generated by sim/harness, do not edit

Circuit: * comparator-offset-transient-mc @ ff_mismatch_125c_1.08v -- generated by sim/harness, do not edit

Doing analysis at TEMP = 125.000000 and TNOM = 27.000000

Using SPARSE 1.3 as Direct Linear Solver

Initial Transient Solution
--------------------------

Node                                   Voltage
----                                   -------
vdd                                       1.08
cm                                         0.6
vd                                      -0.048
ap                                       0.576
an                                       0.624
clk                                          0
ibn                                   0.206023
xa.x1.tmid                         0.000311357
xa.x1.tail                            0.571483
xa.x1.np                               1.07991
xa.x1.nn                               1.07974
xa.x1.ln                                  1.08
xa.x1.lp                                  1.08
xa.x1.lnb                          2.05567e-05
xa.x1.lpb                          2.32871e-05
xa.x1.na                               1.07998
doutb                               2.7879e-05
dout                                   1.07998
xa.x1.nb                               1.07999
doutn                                 0.999983
bdoutn#branch                                0
ean#branch                         4.81495e-12
eap#branch                         6.34034e-12
vclk#branch                        1.12367e-09
vd#branch                                    0
vcm#branch                         1.11553e-11
vsup#branch                       -2.06802e-05

 Reference value :  0.00000e+00
 Reference value :  7.48960e-08
 Reference value :  1.48329e-07
 Reference value :  2.23702e-07
 Reference value :  2.99810e-07
 Reference value :  3.74303e-07
 Reference value :  4.49800e-07
 Reference value :  5.24603e-07
 Reference value :  5.96826e-07
 Reference value :  6.70802e-07
 Reference value :  7.44328e-07
 Reference value :  8.20600e-07
 Reference value :  8.94157e-07
 Reference value :  9.70298e-07
No. of Data Rows : 10759
dlev0               =  1.76881e-05
dlev1               =  2.25850e-05
dlev2               =  2.26138e-05
dlev3               =  2.26649e-05
dlev4               =  1.84275e-05
dlev5               =  1.84738e-05
dlev6               =  1.85314e-05
dlev7               =  1.86021e-05
dlev8               =  1.86838e-05
dlev9               =  1.87721e-05
dlev10              =  1.88624e-05
dlev11              =  1.89531e-05
dlev12              =  1.90433e-05
dlev13              =  1.91201e-05
dlev14              =  1.92540e-05
dlev15              =  9.99978e-01
dlev16              =  9.99978e-01
dlev17              =  9.99978e-01
dlev18              =  9.99978e-01
dlev19              =  9.99978e-01
dlev20              =  9.99978e-01
dlev21              =  9.99978e-01
dlev22              =  9.99978e-01
dlev23              =  9.99978e-01
dlev24              =  9.99979e-01
dlev25              =  9.99979e-01
dlev26              =  9.99979e-01
dlev27              =  9.99982e-01
dlev28              =  9.99982e-01
dlev29              =  9.99982e-01
dlev30              =  9.99982e-01
dlev31              =  9.99982e-01
dlev32              =  9.99982e-01
vos = -4.499784226e-03
lowcount = 1.5000071925e+01
vbias               =  2.06023e-01
Reset re-loads circuit * comparator-offset-transient-mc @ ff_mismatch_125c_1.08v -- generated by sim/harness, do not edit

Circuit: * comparator-offset-transient-mc @ ff_mismatch_125c_1.08v -- generated by sim/harness, do not edit

Doing analysis at TEMP = 125.000000 and TNOM = 27.000000

Using SPARSE 1.3 as Direct Linear Solver

Initial Transient Solution
--------------------------

Node                                   Voltage
----                                   -------
vdd                                       1.08
cm                                         0.6
vd                                      -0.048
ap                                       0.576
an                                       0.624
clk                                          0
ibn                                   0.207007
xa.x1.tmid                         0.000300607
xa.x1.tail                            0.575297
xa.x1.np                               1.07992
xa.x1.nn                               1.07974
xa.x1.ln                                  1.08
xa.x1.lp                                  1.08
xa.x1.lnb                          2.18664e-05
xa.x1.lpb                          1.84208e-05
xa.x1.na                               1.05003
doutb                                 0.558749
dout                                  0.557764
xa.x1.nb                               1.05324
doutn                                 0.516448
bdoutn#branch                                0
ean#branch                         4.81573e-12
eap#branch                         6.34984e-12
vclk#branch                        1.13441e-09
vd#branch                                    0
vcm#branch                         1.11656e-11
vsup#branch                       -0.000133222

 Reference value :  3.82500e-08
 Reference value :  1.10553e-07
 Reference value :  1.87050e-07
 Reference value :  2.60739e-07
 Reference value :  3.40000e-07
 Reference value :  4.13737e-07
 Reference value :  4.90802e-07
 Reference value :  5.64218e-07
 Reference value :  6.40156e-07
 Reference value :  7.12939e-07
 Reference value :  7.90003e-07
 Reference value :  8.62455e-07
 Reference value :  9.39150e-07
No. of Data Rows : 10768
dlev0               =  1.20873e-05
dlev1               =  2.14079e-05
dlev2               =  2.13798e-05
dlev3               =  2.13462e-05
dlev4               =  2.13051e-05
dlev5               =  2.12542e-05
dlev6               =  2.12072e-05
dlev7               =  1.56802e-05
dlev8               =  1.55123e-05
dlev9               =  1.53542e-05
dlev10              =  1.52063e-05
dlev11              =  1.50683e-05
dlev12              =  1.49390e-05
dlev13              =  1.48169e-05
dlev14              =  1.47015e-05
dlev15              =  1.45879e-05
dlev16              =  1.44784e-05
dlev17              =  1.43889e-05
dlev18              =  9.99972e-01
dlev19              =  9.99977e-01
dlev20              =  9.99977e-01
dlev21              =  9.99977e-01
dlev22              =  9.99977e-01
dlev23              =  9.99977e-01
dlev24              =  9.99977e-01
dlev25              =  9.99977e-01
dlev26              =  9.99977e-01
dlev27              =  9.99980e-01
dlev28              =  9.99980e-01
dlev29              =  9.99980e-01
dlev30              =  9.99980e-01
dlev31              =  9.99980e-01
dlev32              =  9.99980e-01
vos = 4.5000920353e-03
lowcount = 1.8000030678e+01
vbias               =  2.07007e-01
Reset re-loads circuit * comparator-offset-transient-mc @ ff_mismatch_125c_1.08v -- generated by sim/harness, do not edit

Circuit: * comparator-offset-transient-mc @ ff_mismatch_125c_1.08v -- generated by sim/harness, do not edit

Doing analysis at TEMP = 125.000000 and TNOM = 27.000000

Using SPARSE 1.3 as Direct Linear Solver

Initial Transient Solution
--------------------------

Node                                   Voltage
----                                   -------
vdd                                       1.08
cm                                         0.6
vd                                      -0.048
ap                                       0.576
an                                       0.624
clk                                          0
ibn                                   0.209081
xa.x1.tmid                         0.000293008
xa.x1.tail                            0.573001
xa.x1.np                               1.07992
xa.x1.nn                               1.07974
xa.x1.ln                                  1.08
xa.x1.lp                                  1.08
xa.x1.lnb                          2.14013e-05
xa.x1.lpb                          1.89674e-05
xa.x1.na                               1.07998
doutb                              2.33779e-05
dout                                   1.07998
xa.x1.nb                               1.07999
doutn                                 0.999979
bdoutn#branch                                0
ean#branch                         4.81212e-12
eap#branch                         6.34431e-12
vclk#branch                        1.13156e-09
vd#branch                                    0
vcm#branch                         1.11564e-11
vsup#branch                       -2.06571e-05

 Reference value :  5.02800e-09
 Reference value :  8.01300e-08
 Reference value :  1.57250e-07
 Reference value :  2.31333e-07
 Reference value :  3.09150e-07
 Reference value :  3.85534e-07
 Reference value :  4.64806e-07
 Reference value :  5.41650e-07
 Reference value :  6.20006e-07
 Reference value :  6.94350e-07
 Reference value :  7.68703e-07
 Reference value :  8.42650e-07
 Reference value :  9.17202e-07
No. of Data Rows : 10732
dlev0               =  1.13403e-05
dlev1               =  1.65107e-05
dlev2               =  1.64630e-05
dlev3               =  1.64223e-05
dlev4               =  1.63885e-05
dlev5               =  1.63609e-05
dlev6               =  1.63388e-05
dlev7               =  1.63209e-05
dlev8               =  1.63073e-05
dlev9               =  1.63017e-05
dlev10              =  1.63119e-05
dlev11              =  1.63450e-05
dlev12              =  1.63961e-05
dlev13              =  1.64516e-05
dlev14              =  1.65010e-05
dlev15              =  1.65379e-05
dlev16              =  1.65798e-05
dlev17              =  9.99969e-01
dlev18              =  9.99974e-01
dlev19              =  9.99974e-01
dlev20              =  9.99974e-01
dlev21              =  9.99975e-01
dlev22              =  9.99975e-01
dlev23              =  9.99975e-01
dlev24              =  9.99975e-01
dlev25              =  9.99975e-01
dlev26              =  9.99975e-01
dlev27              =  9.99975e-01
dlev28              =  9.99975e-01
dlev29              =  9.99976e-01
dlev30              =  9.99976e-01
dlev31              =  9.99976e-01
dlev32              =  9.99976e-01
vos = 1.5003939666e-03
lowcount = 1.7000131322e+01
vbias               =  2.09081e-01
Reset re-loads circuit * comparator-offset-transient-mc @ ff_mismatch_125c_1.08v -- generated by sim/harness, do not edit

Circuit: * comparator-offset-transient-mc @ ff_mismatch_125c_1.08v -- generated by sim/harness, do not edit

Doing analysis at TEMP = 125.000000 and TNOM = 27.000000

Using SPARSE 1.3 as Direct Linear Solver

Initial Transient Solution
--------------------------

Node                                   Voltage
----                                   -------
vdd                                       1.08
cm                                         0.6
vd                                      -0.048
ap                                       0.576
an                                       0.624
clk                                          0
ibn                                     0.2047
xa.x1.tmid                         0.000336659
xa.x1.tail                             0.56811
xa.x1.np                               1.07991
xa.x1.nn                               1.07972
xa.x1.ln                                  1.08
xa.x1.lp                                  1.08
xa.x1.lnb                          2.34804e-05
xa.x1.lpb                          2.31163e-05
xa.x1.na                               1.07998
doutb                              2.19504e-05
dout                                   1.07998
xa.x1.nb                               1.07999
doutn                                 0.999979
bdoutn#branch                                0
ean#branch                         4.80335e-12
eap#branch                          6.3359e-12
vclk#branch                        1.13839e-09
vd#branch                                    0
vcm#branch                         1.11393e-11
vsup#branch                       -2.07131e-05

 Reference value :  0.00000e+00
 Reference value :  7.72054e-08
 Reference value :  1.53350e-07
 Reference value :  2.27510e-07
 Reference value :  3.01850e-07
 Reference value :  3.79610e-07
 Reference value :  4.53950e-07
 Reference value :  5.27810e-07
 Reference value :  6.03450e-07
 Reference value :  6.80100e-07
 Reference value :  7.58950e-07
 Reference value :  8.39337e-07
 Reference value :  9.20243e-07
No. of Data Rows : 10734
dlev0               =  1.78754e-05
dlev1               =  1.82156e-05
dlev2               =  1.81507e-05
dlev3               =  1.80895e-05
dlev4               =  1.80688e-05
dlev5               =  1.80198e-05
dlev6               =  1.79788e-05
dlev7               =  1.79484e-05
dlev8               =  1.79290e-05
dlev9               =  1.79180e-05
dlev10              =  1.78738e-05
dlev11              =  1.77452e-05
dlev12              =  1.76240e-05
dlev13              =  1.75089e-05
dlev14              =  1.73961e-05
dlev15              =  1.73231e-05
dlev16              =  9.99979e-01
dlev17              =  9.99975e-01
dlev18              =  9.99975e-01
dlev19              =  9.99975e-01
dlev20              =  9.99975e-01
dlev21              =  9.99976e-01
dlev22              =  9.99976e-01
dlev23              =  9.99976e-01
dlev24              =  9.99976e-01
dlev25              =  9.99976e-01
dlev26              =  9.99976e-01
dlev27              =  9.99976e-01
dlev28              =  9.99976e-01
dlev29              =  9.99977e-01
dlev30              =  9.99977e-01
dlev31              =  9.99977e-01
dlev32              =  9.99977e-01
vos = -1.499646495e-03
lowcount = 1.6000117835e+01
vbias               =  2.04700e-01
Reset re-loads circuit * comparator-offset-transient-mc @ ff_mismatch_125c_1.08v -- generated by sim/harness, do not edit

Circuit: * comparator-offset-transient-mc @ ff_mismatch_125c_1.08v -- generated by sim/harness, do not edit

Doing analysis at TEMP = 125.000000 and TNOM = 27.000000

Using SPARSE 1.3 as Direct Linear Solver

Initial Transient Solution
--------------------------

Node                                   Voltage
----                                   -------
vdd                                       1.08
cm                                         0.6
vd                                      -0.048
ap                                       0.576
an                                       0.624
clk                                          0
ibn                                   0.205812
xa.x1.tmid                          0.00032027
xa.x1.tail                            0.571564
xa.x1.np                               1.07991
xa.x1.nn                               1.07974
xa.x1.ln                                  1.08
xa.x1.lp                                  1.08
xa.x1.lnb                          2.35195e-05
xa.x1.lpb                          2.13161e-05
xa.x1.na                               1.07999
doutb                                  1.07998
dout                               2.83326e-05
xa.x1.nb                               1.07998
doutn                              2.62339e-05
bdoutn#branch                                0
ean#branch                         4.81082e-12
eap#branch                         6.33904e-12
vclk#branch                        1.13514e-09
vd#branch                                    0
vcm#branch                         1.11499e-11
vsup#branch                       -2.06956e-05

 Reference value :  0.00000e+00
 Reference value :  8.05304e-08
 Reference value :  1.61305e-07
 Reference value :  2.36330e-07
 Reference value :  3.12309e-07
 Reference value :  3.88930e-07
 Reference value :  4.68709e-07
 Reference value :  5.47150e-07
 Reference value :  6.21639e-07
 Reference value :  7.01009e-07
 Reference value :  7.81850e-07
 Reference value :  8.61241e-07
 Reference value :  9.40708e-07
No. of Data Rows : 10734
dlev0               =  2.40998e-05
dlev1               =  2.04828e-05
dlev2               =  2.05678e-05
dlev3               =  2.06562e-05
dlev4               =  2.07472e-05
dlev5               =  2.08402e-05
dlev6               =  2.09356e-05
dlev7               =  2.10348e-05
dlev8               =  2.11414e-05
dlev9               =  2.12592e-05
dlev10              =  2.13882e-05
dlev11              =  2.15229e-05
dlev12              =  2.16570e-05
dlev13              =  2.17871e-05
dlev14              =  2.19125e-05
dlev15              =  2.20147e-05
dlev16              =  2.21385e-05
dlev17              =  9.99974e-01
dlev18              =  9.99981e-01
dlev19              =  9.99981e-01
dlev20              =  9.99981e-01
dlev21              =  9.99981e-01
dlev22              =  9.99981e-01
dlev23              =  9.99981e-01
dlev24              =  9.99981e-01
dlev25              =  9.99981e-01
dlev26              =  9.99981e-01
dlev27              =  9.99981e-01
dlev28              =  9.99981e-01
dlev29              =  9.99981e-01
dlev30              =  9.99981e-01
dlev31              =  9.99981e-01
dlev32              =  9.99981e-01
vos = 1.4998404425e-03
lowcount = 1.6999946814e+01
vbias               =  2.05812e-01
Reset re-loads circuit * comparator-offset-transient-mc @ ff_mismatch_125c_1.08v -- generated by sim/harness, do not edit

Circuit: * comparator-offset-transient-mc @ ff_mismatch_125c_1.08v -- generated by sim/harness, do not edit

Doing analysis at TEMP = 125.000000 and TNOM = 27.000000

Using SPARSE 1.3 as Direct Linear Solver

Initial Transient Solution
--------------------------

Node                                   Voltage
----                                   -------
vdd                                       1.08
cm                                         0.6
vd                                      -0.048
ap                                       0.576
an                                       0.624
clk                                          0
ibn                                   0.203637
xa.x1.tmid                         0.000292824
xa.x1.tail                            0.571679
xa.x1.np                               1.07992
xa.x1.nn                               1.07978
xa.x1.ln                                  1.08
xa.x1.lp                                  1.08
xa.x1.lnb                          2.10312e-05
xa.x1.lpb                           1.9851e-05
xa.x1.na                               1.05161
doutb                                 0.563454
dout                                  0.560855
xa.x1.nb                               1.05399
doutn                                  0.51931
bdoutn#branch                                0
ean#branch                         4.81387e-12
eap#branch                         6.34354e-12
vclk#branch                        1.13307e-09
vd#branch                                    0
vcm#branch                         1.11574e-11
vsup#branch                       -0.000130761

 Reference value :  9.22800e-09
 Reference value :  8.02091e-08
 Reference value :  1.55650e-07
 Reference value :  2.30130e-07
 Reference value :  3.04650e-07
 Reference value :  3.80209e-07
 Reference value :  4.54450e-07
 Reference value :  5.30933e-07
 Reference value :  6.08250e-07
 Reference value :  6.81534e-07
 Reference value :  7.57550e-07
 Reference value :  8.30364e-07
 Reference value :  9.09925e-07
 Reference value :  9.83835e-07
No. of Data Rows : 10734
dlev0               =  2.16341e-05
dlev1               =  1.68146e-05
dlev2               =  1.68446e-05
dlev3               =  1.68844e-05
dlev4               =  1.69305e-05
dlev5               =  1.69889e-05
dlev6               =  1.70574e-05
dlev7               =  1.71319e-05
dlev8               =  1.72079e-05
dlev9               =  1.72833e-05
dlev10              =  1.73576e-05
dlev11              =  1.74226e-05
dlev12              =  1.75010e-05
dlev13              =  1.76119e-05
dlev14              =  9.99979e-01
dlev15              =  9.99979e-01
dlev16              =  9.99979e-01
dlev17              =  9.99979e-01
dlev18              =  9.99979e-01
dlev19              =  9.99979e-01
dlev20              =  9.99979e-01
dlev21              =  9.99979e-01
dlev22              =  9.99979e-01
dlev23              =  9.99979e-01
dlev24              =  9.99979e-01
dlev25              =  9.99979e-01
dlev26              =  9.99979e-01
dlev27              =  9.99979e-01
dlev28              =  9.99979e-01
dlev29              =  9.99979e-01
dlev30              =  9.99979e-01
dlev31              =  9.99979e-01
dlev32              =  9.99979e-01
vos = -7.499540312e-03
lowcount = 1.4000153229e+01
vbias               =  2.03637e-01
Reset re-loads circuit * comparator-offset-transient-mc @ ff_mismatch_125c_1.08v -- generated by sim/harness, do not edit

Circuit: * comparator-offset-transient-mc @ ff_mismatch_125c_1.08v -- generated by sim/harness, do not edit

Doing analysis at TEMP = 125.000000 and TNOM = 27.000000

Using SPARSE 1.3 as Direct Linear Solver

Initial Transient Solution
--------------------------

Node                                   Voltage
----                                   -------
vdd                                       1.08
cm                                         0.6
vd                                      -0.048
ap                                       0.576
an                                       0.624
clk                                          0
ibn                                   0.205244
xa.x1.tmid                         0.000301045
xa.x1.tail                            0.570763
xa.x1.np                               1.07991
xa.x1.nn                               1.07973
xa.x1.ln                                  1.08
xa.x1.lp                                  1.08
xa.x1.lnb                          2.09915e-05
xa.x1.lpb                           2.2322e-05
xa.x1.na                               1.05516
doutb                                 0.572317
dout                                  0.568655
xa.x1.nb                               1.05326
doutn                                 0.526533
bdoutn#branch                                0
ean#branch                         4.81032e-12
eap#branch                         6.34093e-12
vclk#branch                          1.134e-09
vd#branch                                    0
vcm#branch                         1.11512e-11
vsup#branch                       -0.000126205

 Reference value :  5.02434e-08
 Reference value :  1.30609e-07
 Reference value :  2.06840e-07
 Reference value :  2.80509e-07
 Reference value :  3.56039e-07
 Reference value :  4.31308e-07
 Reference value :  5.09029e-07
 Reference value :  5.85008e-07
 Reference value :  6.60070e-07
 Reference value :  7.36109e-07
 Reference value :  8.14550e-07
 Reference value :  8.90296e-07
 Reference value :  9.66350e-07
No. of Data Rows : 10734
dlev0               =  2.75755e-05
dlev1               =  2.25249e-05
dlev2               =  2.25143e-05
dlev3               =  2.25086e-05
dlev4               =  2.25069e-05
dlev5               =  2.25108e-05
dlev6               =  2.25254e-05
dlev7               =  2.25572e-05
dlev8               =  2.26091e-05
dlev9               =  2.25390e-05
dlev10              =  2.24356e-05
dlev11              =  2.23371e-05
dlev12              =  2.22425e-05
dlev13              =  2.21399e-05
dlev14              =  2.20793e-05
dlev15              =  9.99974e-01
dlev16              =  9.99978e-01
dlev17              =  9.99978e-01
dlev18              =  9.99979e-01
dlev19              =  9.99979e-01
dlev20              =  9.99980e-01
dlev21              =  9.99980e-01
dlev22              =  9.99980e-01
dlev23              =  9.99980e-01
dlev24              =  9.99980e-01
dlev25              =  9.99980e-01
dlev26              =  9.99980e-01
dlev27              =  9.99980e-01
dlev28              =  9.99980e-01
dlev29              =  9.99980e-01
dlev30              =  9.99980e-01
dlev31              =  9.99980e-01
dlev32              =  9.99979e-01
vos = -4.499897718e-03
lowcount = 1.5000034094e+01
vbias               =  2.05244e-01
Reset re-loads circuit * comparator-offset-transient-mc @ ff_mismatch_125c_1.08v -- generated by sim/harness, do not edit

Circuit: * comparator-offset-transient-mc @ ff_mismatch_125c_1.08v -- generated by sim/harness, do not edit

Doing analysis at TEMP = 125.000000 and TNOM = 27.000000

Using SPARSE 1.3 as Direct Linear Solver

Initial Transient Solution
--------------------------

Node                                   Voltage
----                                   -------
vdd                                       1.08
cm                                         0.6
vd                                      -0.048
ap                                       0.576
an                                       0.624
clk                                          0
ibn                                   0.201659
xa.x1.tmid                         0.000342626
xa.x1.tail                            0.570433
xa.x1.np                               1.07991
xa.x1.nn                               1.07972
xa.x1.ln                                  1.08
xa.x1.lp                                  1.08
xa.x1.lnb                          2.05182e-05
xa.x1.lpb                          1.93699e-05
xa.x1.na                               1.07998
doutb                              2.75088e-05
dout                                   1.07998
xa.x1.nb                               1.07999
doutn                                 0.999979
bdoutn#branch                                0
ean#branch                         4.80688e-12
eap#branch                         6.34004e-12
vclk#branch                        1.13708e-09
vd#branch                                    0
vcm#branch                         1.11469e-11
vsup#branch                       -2.07063e-05

 Reference value :  3.32500e-08
 Reference value :  1.10835e-07
 Reference value :  1.91705e-07
 Reference value :  2.67235e-07
 Reference value :  3.44207e-07
 Reference value :  4.24450e-07
 Reference value :  5.03836e-07
 Reference value :  5.84507e-07
 Reference value :  6.67450e-07
 Reference value :  7.47139e-07
 Reference value :  8.28905e-07
 Reference value :  9.09650e-07
 Reference value :  9.81535e-07
No. of Data Rows : 10734
dlev0               =  9.46266e-06
dlev1               =  1.74771e-05
dlev2               =  1.74426e-05
dlev3               =  1.74177e-05
dlev4               =  1.74030e-05
dlev5               =  1.73992e-05
dlev6               =  1.74053e-05
dlev7               =  1.74205e-05
dlev8               =  1.74431e-05
dlev9               =  1.74715e-05
dlev10              =  1.75045e-05
dlev11              =  1.75413e-05
dlev12              =  1.75813e-05
dlev13              =  1.76200e-05
dlev14              =  1.76395e-05
dlev15              =  1.77252e-05
dlev16              =  1.78046e-05
dlev17              =  9.99979e-01
dlev18              =  9.99977e-01
dlev19              =  9.99977e-01
dlev20              =  9.99977e-01
dlev21              =  9.99977e-01
dlev22              =  9.99977e-01
dlev23              =  9.99977e-01
dlev24              =  9.99977e-01
dlev25              =  9.99977e-01
dlev26              =  9.99977e-01
dlev27              =  9.99977e-01
dlev28              =  9.99977e-01
dlev29              =  9.99976e-01
dlev30              =  9.99976e-01
dlev31              =  9.99976e-01
dlev32              =  9.99976e-01
vos = 1.5002473228e-03
lowcount = 1.7000082441e+01
vbias               =  2.01659e-01
Reset re-loads circuit * comparator-offset-transient-mc @ ff_mismatch_125c_1.08v -- generated by sim/harness, do not edit

Circuit: * comparator-offset-transient-mc @ ff_mismatch_125c_1.08v -- generated by sim/harness, do not edit

Doing analysis at TEMP = 125.000000 and TNOM = 27.000000

Using SPARSE 1.3 as Direct Linear Solver

Initial Transient Solution
--------------------------

Node                                   Voltage
----                                   -------
vdd                                       1.08
cm                                         0.6
vd                                      -0.048
ap                                       0.576
an                                       0.624
clk                                          0
ibn                                   0.205967
xa.x1.tmid                         0.000316093
xa.x1.tail                            0.571606
xa.x1.np                               1.07991
xa.x1.nn                               1.07973
xa.x1.ln                                  1.08
xa.x1.lp                                  1.08
xa.x1.lnb                          2.00371e-05
xa.x1.lpb                          2.15212e-05
xa.x1.na                               1.07999
doutb                                  1.07998
dout                               2.87279e-05
xa.x1.nb                               1.07998
doutn                              2.65999e-05
bdoutn#branch                                0
ean#branch                         4.81012e-12
eap#branch                         6.33821e-12
vclk#branch                        1.13801e-09
vd#branch                                    0
vcm#branch                         1.11483e-11
vsup#branch                       -2.06885e-05

 Reference value :  5.01532e-08
 Reference value :  1.27350e-07
 Reference value :  2.00296e-07
 Reference value :  2.77050e-07
 Reference value :  3.52039e-07
 Reference value :  4.33307e-07
 Reference value :  5.09128e-07
 Reference value :  5.84106e-07
 Reference value :  6.61950e-07
 Reference value :  7.39106e-07
 Reference value :  8.14050e-07
 Reference value :  8.90454e-07
 Reference value :  9.73798e-07
No. of Data Rows : 10752
dlev0               =  2.72783e-05
dlev1               =  2.70854e-05
dlev2               =  2.70555e-05
dlev3               =  2.09602e-05
dlev4               =  2.12954e-05
dlev5               =  2.15184e-05
dlev6               =  2.14820e-05
dlev7               =  2.14615e-05
dlev8               =  2.14589e-05
dlev9               =  2.14690e-05
dlev10              =  2.14834e-05
dlev11              =  2.14966e-05
dlev12              =  2.15078e-05
dlev13              =  2.15024e-05
dlev14              =  2.15473e-05
dlev15              =  9.99981e-01
dlev16              =  9.99980e-01
dlev17              =  9.99980e-01
dlev18              =  9.99980e-01
dlev19              =  9.99980e-01
dlev20              =  9.99980e-01
dlev21              =  9.99980e-01
dlev22              =  9.99980e-01
dlev23              =  9.99980e-01
dlev24              =  9.99981e-01
dlev25              =  9.99981e-01
dlev26              =  9.99981e-01
dlev27              =  9.99981e-01
dlev28              =  9.99981e-01
dlev29              =  9.99984e-01
dlev30              =  9.99984e-01
dlev31              =  9.99984e-01
dlev32              =  9.99984e-01
vos = -4.500008707e-03
lowcount = 1.4999997098e+01
vbias               =  2.05967e-01
Reset re-loads circuit * comparator-offset-transient-mc @ ff_mismatch_125c_1.08v -- generated by sim/harness, do not edit

Circuit: * comparator-offset-transient-mc @ ff_mismatch_125c_1.08v -- generated by sim/harness, do not edit

Doing analysis at TEMP = 125.000000 and TNOM = 27.000000

Using SPARSE 1.3 as Direct Linear Solver

Initial Transient Solution
--------------------------

Node                                   Voltage
----                                   -------
vdd                                       1.08
cm                                         0.6
vd                                      -0.048
ap                                       0.576
an                                       0.624
clk                                          0
ibn                                   0.205919
xa.x1.tmid                         0.000329758
xa.x1.tail                            0.568564
xa.x1.np                               1.07991
xa.x1.nn                               1.07974
xa.x1.ln                                  1.08
xa.x1.lp                                  1.08
xa.x1.lnb                          1.79967e-05
xa.x1.lpb                          1.92637e-05
xa.x1.na                               1.07999
doutb                                  1.07998
dout                               2.57983e-05
xa.x1.nb                               1.07998
doutn                              2.38873e-05
bdoutn#branch                                0
ean#branch                         4.80571e-12
eap#branch                         6.33685e-12
vclk#branch                        1.13176e-09
vd#branch                                    0
vcm#branch                         1.11426e-11
vsup#branch                       -2.06956e-05

 Reference value :  4.82028e-08
 Reference value :  1.24750e-07
 Reference value :  1.99107e-07
 Reference value :  2.80003e-07
 Reference value :  3.61150e-07
 Reference value :  4.42029e-07
 Reference value :  5.24369e-07
 Reference value :  6.01450e-07
 Reference value :  6.79807e-07
 Reference value :  7.60046e-07
 Reference value :  8.32331e-07
 Reference value :  9.10046e-07
 Reference value :  9.89232e-07
No. of Data Rows : 10734
dlev0               =  2.40058e-05
dlev1               =  1.55858e-05
dlev2               =  1.55181e-05
dlev3               =  1.54554e-05
dlev4               =  1.54351e-05
dlev5               =  1.53866e-05
dlev6               =  1.53465e-05
dlev7               =  1.53173e-05
dlev8               =  1.53003e-05
dlev9               =  1.52939e-05
dlev10              =  1.52955e-05
dlev11              =  1.53016e-05
dlev12              =  1.53106e-05
dlev13              =  1.53125e-05
dlev14              =  1.52049e-05
dlev15              =  1.50982e-05
dlev16              =  1.50393e-05
dlev17              =  9.99977e-01
dlev18              =  9.99979e-01
dlev19              =  9.99979e-01
dlev20              =  9.99979e-01
dlev21              =  9.99979e-01
dlev22              =  9.99979e-01
dlev23              =  9.99979e-01
dlev24              =  9.99979e-01
dlev25              =  9.99979e-01
dlev26              =  9.99979e-01
dlev27              =  9.99979e-01
dlev28              =  9.99979e-01
dlev29              =  9.99979e-01
dlev30              =  9.99979e-01
dlev31              =  9.99979e-01
dlev32              =  9.99979e-01
vos = 1.5002108785e-03
lowcount = 1.7000070293e+01
vbias               =  2.05919e-01
Reset re-loads circuit * comparator-offset-transient-mc @ ff_mismatch_125c_1.08v -- generated by sim/harness, do not edit

Circuit: * comparator-offset-transient-mc @ ff_mismatch_125c_1.08v -- generated by sim/harness, do not edit

Doing analysis at TEMP = 125.000000 and TNOM = 27.000000

Using SPARSE 1.3 as Direct Linear Solver

Initial Transient Solution
--------------------------

Node                                   Voltage
----                                   -------
vdd                                       1.08
cm                                         0.6
vd                                      -0.048
ap                                       0.576
an                                       0.624
clk                                          0
ibn                                   0.206046
xa.x1.tmid                         0.000315569
xa.x1.tail                             0.56955
xa.x1.np                               1.07991
xa.x1.nn                               1.07973
xa.x1.ln                                  1.08
xa.x1.lp                                  1.08
xa.x1.lnb                          1.91567e-05
xa.x1.lpb                          1.94458e-05
xa.x1.na                               1.07998
doutb                              2.87399e-05
dout                                   1.07998
xa.x1.nb                               1.07999
doutn                                 0.999982
bdoutn#branch                                0
ean#branch                         4.80799e-12
eap#branch                         6.33624e-12
vclk#branch                        1.12134e-09
vd#branch                                    0
vcm#branch                         1.11442e-11
vsup#branch                       -2.06749e-05

 Reference value :  5.63263e-08
 Reference value :  1.34507e-07
 Reference value :  2.14450e-07
 Reference value :  2.91027e-07
 Reference value :  3.71809e-07
 Reference value :  4.57150e-07
 Reference value :  5.30221e-07
 Reference value :  6.04850e-07
 Reference value :  6.79608e-07
 Reference value :  7.51550e-07
 Reference value :  8.25008e-07
 Reference value :  8.99231e-07
 Reference value :  9.73503e-07
No. of Data Rows : 10732
dlev0               =  1.75953e-05
dlev1               =  1.87034e-05
dlev2               =  1.88644e-05
dlev3               =  1.90264e-05
dlev4               =  1.91901e-05
dlev5               =  1.93571e-05
dlev6               =  1.95293e-05
dlev7               =  1.97074e-05
dlev8               =  1.98899e-05
dlev9               =  2.00730e-05
dlev10              =  2.02534e-05
dlev11              =  2.04292e-05
dlev12              =  2.06001e-05
dlev13              =  2.07630e-05
dlev14              =  2.09112e-05
dlev15              =  2.11113e-05
dlev16              =  9.99979e-01
dlev17              =  9.99979e-01
dlev18              =  9.99979e-01
dlev19              =  9.99979e-01
dlev20              =  9.99979e-01
dlev21              =  9.99979e-01
dlev22              =  9.99979e-01
dlev23              =  9.99979e-01
dlev24              =  9.99979e-01
dlev25              =  9.99979e-01
dlev26              =  9.99979e-01
dlev27              =  9.99979e-01
dlev28              =  9.99979e-01
dlev29              =  9.99979e-01
dlev30              =  9.99979e-01
dlev31              =  9.99979e-01
dlev32              =  9.99979e-01
vos = -1.499871613e-03
lowcount = 1.6000042796e+01
vbias               =  2.06046e-01
Reset re-loads circuit * comparator-offset-transient-mc @ ff_mismatch_125c_1.08v -- generated by sim/harness, do not edit

Circuit: * comparator-offset-transient-mc @ ff_mismatch_125c_1.08v -- generated by sim/harness, do not edit

Doing analysis at TEMP = 125.000000 and TNOM = 27.000000

Using SPARSE 1.3 as Direct Linear Solver

Initial Transient Solution
--------------------------

Node                                   Voltage
----                                   -------
vdd                                       1.08
cm                                         0.6
vd                                      -0.048
ap                                       0.576
an                                       0.624
clk                                          0
ibn                                    0.20456
xa.x1.tmid                         0.000300815
xa.x1.tail                            0.575331
xa.x1.np                               1.07992
xa.x1.nn                               1.07975
xa.x1.ln                                  1.08
xa.x1.lp                                  1.08
xa.x1.lnb                           2.0319e-05
xa.x1.lpb                          2.21909e-05
xa.x1.na                               1.07998
doutb                              2.37459e-05
dout                                   1.07998
xa.x1.nb                               1.07999
doutn                                 0.999985
bdoutn#branch                                0
ean#branch                         4.81803e-12
eap#branch                         6.35192e-12
vclk#branch                        1.12547e-09
vd#branch                                    0
vcm#branch                           1.117e-11
vsup#branch                       -2.06469e-05

 Reference value :  4.04116e-08
 Reference value :  1.13231e-07
 Reference value :  1.90022e-07
 Reference value :  2.67931e-07
 Reference value :  3.45010e-07
 Reference value :  4.18631e-07
 Reference value :  4.93945e-07
 Reference value :  5.75550e-07
 Reference value :  6.53130e-07
 Reference value :  7.34111e-07
 Reference value :  8.17050e-07
 Reference value :  8.91129e-07
 Reference value :  9.70612e-07
No. of Data Rows : 10732
dlev0               =  2.31704e-05
dlev1               =  2.41789e-05
dlev2               =  2.42755e-05
dlev3               =  2.43749e-05
dlev4               =  2.44765e-05
dlev5               =  2.45802e-05
dlev6               =  2.46879e-05
dlev7               =  2.48030e-05
dlev8               =  2.49285e-05
dlev9               =  2.50643e-05
dlev10              =  2.52045e-05
dlev11              =  2.53434e-05
dlev12              =  2.54784e-05
dlev13              =  2.56087e-05
dlev14              =  2.57191e-05
dlev15              =  2.58962e-05
dlev16              =  9.99982e-01
dlev17              =  9.99983e-01
dlev18              =  9.99983e-01
dlev19              =  9.99983e-01
dlev20              =  9.99983e-01
dlev21              =  9.99983e-01
dlev22              =  9.99983e-01
dlev23              =  9.99983e-01
dlev24              =  9.99983e-01
dlev25              =  9.99983e-01
dlev26              =  9.99983e-01
dlev27              =  9.99982e-01
dlev28              =  9.99982e-01
dlev29              =  9.99982e-01
dlev30              =  9.99982e-01
dlev31              =  9.99982e-01
dlev32              =  9.99982e-01
vos = -1.500308371e-03
lowcount = 1.5999897210e+01
vbias               =  2.04560e-01
Reset re-loads circuit * comparator-offset-transient-mc @ ff_mismatch_125c_1.08v -- generated by sim/harness, do not edit

Circuit: * comparator-offset-transient-mc @ ff_mismatch_125c_1.08v -- generated by sim/harness, do not edit

Doing analysis at TEMP = 125.000000 and TNOM = 27.000000

Using SPARSE 1.3 as Direct Linear Solver

Initial Transient Solution
--------------------------

Node                                   Voltage
----                                   -------
vdd                                       1.08
cm                                         0.6
vd                                      -0.048
ap                                       0.576
an                                       0.624
clk                                          0
ibn                                   0.202851
xa.x1.tmid                         0.000304436
xa.x1.tail                            0.572211
xa.x1.np                               1.07992
xa.x1.nn                               1.07976
xa.x1.ln                                  1.08
xa.x1.lp                                  1.08
xa.x1.lnb                          2.16188e-05
xa.x1.lpb                          2.37262e-05
xa.x1.na                               1.07999
doutb                                  1.07998
dout                               2.64739e-05
xa.x1.nb                               1.07998
doutn                              2.45129e-05
bdoutn#branch                                0
ean#branch                         4.81393e-12
eap#branch                         6.33896e-12
vclk#branch                        1.13146e-09
vd#branch                                    0
vcm#branch                         1.11529e-11
vsup#branch                       -2.06536e-05

 Reference value :  3.78500e-08
 Reference value :  1.13560e-07
 Reference value :  1.91799e-07
 Reference value :  2.68060e-07
 Reference value :  3.44801e-07
 Reference value :  4.20750e-07
 Reference value :  4.97964e-07
 Reference value :  5.77250e-07
 Reference value :  6.56532e-07
 Reference value :  7.34100e-07
 Reference value :  8.11050e-07
 Reference value :  8.90176e-07
 Reference value :  9.71495e-07
No. of Data Rows : 10791
dlev0               =  2.27744e-05
dlev1               =  2.34753e-05
dlev2               =  2.34907e-05
dlev3               =  2.35098e-05
dlev4               =  2.34601e-05
dlev5               =  2.34075e-05
dlev6               =  2.33734e-05
dlev7               =  2.33366e-05
dlev8               =  2.32979e-05
dlev9               =  1.84233e-05
dlev10              =  1.84506e-05
dlev11              =  1.84832e-05
dlev12              =  1.85207e-05
dlev13              =  2.30437e-05
dlev14              =  1.85896e-05
dlev15              =  1.86805e-05
dlev16              =  9.99980e-01
dlev17              =  9.99980e-01
dlev18              =  9.99980e-01
dlev19              =  9.99982e-01
dlev20              =  9.99980e-01
dlev21              =  9.99980e-01
dlev22              =  9.99980e-01
dlev23              =  9.99980e-01
dlev24              =  9.99982e-01
dlev25              =  9.99982e-01
dlev26              =  9.99982e-01
dlev27              =  9.99983e-01
dlev28              =  9.99983e-01
dlev29              =  9.99983e-01
dlev30              =  9.99983e-01
dlev31              =  9.99983e-01
dlev32              =  9.99983e-01
vos = -1.500092752e-03
lowcount = 1.5999969083e+01
vbias               =  2.02851e-01
Reset re-loads circuit * comparator-offset-transient-mc @ ff_mismatch_125c_1.08v -- generated by sim/harness, do not edit

Circuit: * comparator-offset-transient-mc @ ff_mismatch_125c_1.08v -- generated by sim/harness, do not edit

Doing analysis at TEMP = 125.000000 and TNOM = 27.000000

Using SPARSE 1.3 as Direct Linear Solver

Initial Transient Solution
--------------------------

Node                                   Voltage
----                                   -------
vdd                                       1.08
cm                                         0.6
vd                                      -0.048
ap                                       0.576
an                                       0.624
clk                                          0
ibn                                   0.206023
xa.x1.tmid                           0.0002954
xa.x1.tail                            0.570828
xa.x1.np                               1.07992
xa.x1.nn                               1.07975
xa.x1.ln                                  1.08
xa.x1.lp                                  1.08
xa.x1.lnb                          1.97695e-05
xa.x1.lpb                          2.06081e-05
xa.x1.na                               1.05352
doutb                                 0.560344
dout                                  0.570175
xa.x1.nb                               1.05245
doutn                                  0.52794
bdoutn#branch                                0
ean#branch                         4.81051e-12
eap#branch                         6.33735e-12
vclk#branch                        1.13149e-09
vd#branch                                    0
vcm#branch                         1.11479e-11
vsup#branch                        -0.00013117

 Reference value :  4.12935e-08
 Reference value :  1.16556e-07
 Reference value :  1.91401e-07
 Reference value :  2.71950e-07
 Reference value :  3.48002e-07
 Reference value :  4.26550e-07
 Reference value :  5.00295e-07
 Reference value :  5.75050e-07
 Reference value :  6.50165e-07
 Reference value :  7.23150e-07
 Reference value :  7.97801e-07
 Reference value :  8.71150e-07
 Reference value :  9.43795e-07
No. of Data Rows : 10762
dlev0               =  1.70345e-05
dlev1               =  2.38746e-05
dlev2               =  2.38632e-05
dlev3               =  2.38565e-05
dlev4               =  2.38541e-05
dlev5               =  2.38548e-05
dlev6               =  1.67758e-05
dlev7               =  1.66341e-05
dlev8               =  1.64703e-05
dlev9               =  1.63173e-05
dlev10              =  1.61749e-05
dlev11              =  1.60422e-05
dlev12              =  1.59182e-05
dlev13              =  1.58017e-05
dlev14              =  1.56912e-05
dlev15              =  1.55864e-05
dlev16              =  1.55133e-05
dlev17              =  9.99978e-01
dlev18              =  9.99978e-01
dlev19              =  9.99978e-01
dlev20              =  9.99978e-01
dlev21              =  9.99978e-01
dlev22              =  9.99978e-01
dlev23              =  9.99979e-01
dlev24              =  9.99979e-01
dlev25              =  9.99979e-01
dlev26              =  9.99979e-01
dlev27              =  9.99979e-01
dlev28              =  9.99982e-01
dlev29              =  9.99982e-01
dlev30              =  9.99982e-01
dlev31              =  9.99982e-01
dlev32              =  9.99982e-01
vos = 1.5000427108e-03
lowcount = 1.7000014237e+01
vbias               =  2.06023e-01
Reset re-loads circuit * comparator-offset-transient-mc @ ff_mismatch_125c_1.08v -- generated by sim/harness, do not edit

Circuit: * comparator-offset-transient-mc @ ff_mismatch_125c_1.08v -- generated by sim/harness, do not edit

Doing analysis at TEMP = 125.000000 and TNOM = 27.000000

Using SPARSE 1.3 as Direct Linear Solver

Initial Transient Solution
--------------------------

Node                                   Voltage
----                                   -------
vdd                                       1.08
cm                                         0.6
vd                                      -0.048
ap                                       0.576
an                                       0.624
clk                                          0
ibn                                   0.206636
xa.x1.tmid                         0.000268572
xa.x1.tail                            0.579252
xa.x1.np                               1.07993
xa.x1.nn                               1.07978
xa.x1.ln                                  1.08
xa.x1.lp                                  1.08
xa.x1.lnb                          1.95503e-05
xa.x1.lpb                          1.99569e-05
xa.x1.na                               1.05176
doutb                                 0.566424
dout                                  0.565487
xa.x1.nb                               1.05238
doutn                                 0.523599
bdoutn#branch                                0
ean#branch                         4.83039e-12
eap#branch                         6.35261e-12
vclk#branch                        1.13533e-09
vd#branch                                    0
vcm#branch                          1.1183e-11
vsup#branch                       -0.000132166

 Reference value :  1.05710e-08
 Reference value :  8.37619e-08
 Reference value :  1.59750e-07
 Reference value :  2.34261e-07
 Reference value :  3.12199e-07
 Reference value :  3.88962e-07
 Reference value :  4.67199e-07
 Reference value :  5.41650e-07
 Reference value :  6.17399e-07
 Reference value :  6.91450e-07
 Reference value :  7.68800e-07
 Reference value :  8.43150e-07
 Reference value :  9.19997e-07
No. of Data Rows : 10822
dlev0               =  2.05589e-05
dlev1               =  2.66922e-05
dlev2               =  2.66593e-05
dlev3               =  2.66484e-05
dlev4               =  2.66615e-05
dlev5               =  2.03301e-05
dlev6               =  2.66184e-05
dlev7               =  2.65712e-05
dlev8               =  2.65216e-05
dlev9               =  2.64704e-05
dlev10              =  2.64185e-05
dlev11              =  2.63670e-05
dlev12              =  2.63164e-05
dlev13              =  2.62697e-05
dlev14              =  2.62309e-05
dlev15              =  2.61886e-05
dlev16              =  2.61497e-05
dlev17              =  9.99973e-01
dlev18              =  9.99982e-01
dlev19              =  9.99982e-01
dlev20              =  9.99982e-01
dlev21              =  9.99982e-01
dlev22              =  9.99982e-01
dlev23              =  9.99982e-01
dlev24              =  9.99982e-01
dlev25              =  9.99982e-01
dlev26              =  9.99982e-01
dlev27              =  9.99982e-01
dlev28              =  9.99982e-01
dlev29              =  9.99982e-01
dlev30              =  9.99982e-01
dlev31              =  9.99982e-01
dlev32              =  9.99982e-01
vos = 1.4995734816e-03
lowcount = 1.6999857827e+01
vbias               =  2.06636e-01
Reset re-loads circuit * comparator-offset-transient-mc @ ff_mismatch_125c_1.08v -- generated by sim/harness, do not edit

Circuit: * comparator-offset-transient-mc @ ff_mismatch_125c_1.08v -- generated by sim/harness, do not edit

Doing analysis at TEMP = 125.000000 and TNOM = 27.000000

Using SPARSE 1.3 as Direct Linear Solver

Initial Transient Solution
--------------------------

Node                                   Voltage
----                                   -------
vdd                                       1.08
cm                                         0.6
vd                                      -0.048
ap                                       0.576
an                                       0.624
clk                                          0
ibn                                   0.206502
xa.x1.tmid                         0.000311229
xa.x1.tail                            0.573153
xa.x1.np                               1.07992
xa.x1.nn                               1.07974
xa.x1.ln                                  1.08
xa.x1.lp                                  1.08
xa.x1.lnb                          1.79698e-05
xa.x1.lpb                          2.10629e-05
xa.x1.na                               1.05337
doutb                                 0.566518
dout                                  0.565078
xa.x1.nb                               1.05392
doutn                                  0.52322
bdoutn#branch                                0
ean#branch                         4.81723e-12
eap#branch                         6.34687e-12
vclk#branch                        1.12675e-09
vd#branch                                    0
vcm#branch                         1.11641e-11
vsup#branch                       -0.000128366

 Reference value :  0.00000e+00
 Reference value :  7.59943e-08
 Reference value :  1.50150e-07
 Reference value :  2.31352e-07
 Reference value :  3.12000e-07
 Reference value :  3.89870e-07
 Reference value :  4.68601e-07
 Reference value :  5.45550e-07
 Reference value :  6.23129e-07
 Reference value :  7.01700e-07
 Reference value :  7.80070e-07
 Reference value :  8.58098e-07
 Reference value :  9.30850e-07
No. of Data Rows : 10786
dlev0               =  1.98501e-05
dlev1               =  2.38797e-05
dlev2               =  2.38333e-05
dlev3               =  2.37774e-05
dlev4               =  2.37099e-05
dlev5               =  2.36755e-05
dlev6               =  2.36564e-05
dlev7               =  2.36422e-05
dlev8               =  2.36328e-05
dlev9               =  1.87086e-05
dlev10              =  1.87066e-05
dlev11              =  1.87080e-05
dlev12              =  1.86971e-05
dlev13              =  1.85413e-05
dlev14              =  1.83889e-05
dlev15              =  1.82423e-05
dlev16              =  1.81162e-05
dlev17              =  9.99975e-01
dlev18              =  9.99978e-01
dlev19              =  9.99979e-01
dlev20              =  9.99979e-01
dlev21              =  9.99979e-01
dlev22              =  9.99979e-01
dlev23              =  9.99983e-01
dlev24              =  9.99983e-01
dlev25              =  9.99983e-01
dlev26              =  9.99983e-01
dlev27              =  9.99983e-01
dlev28              =  9.99983e-01
dlev29              =  9.99983e-01
dlev30              =  9.99983e-01
dlev31              =  9.99983e-01
dlev32              =  9.99983e-01
vos = 1.4998429012e-03
lowcount = 1.6999947634e+01
vbias               =  2.06502e-01
Reset re-loads circuit * comparator-offset-transient-mc @ ff_mismatch_125c_1.08v -- generated by sim/harness, do not edit

Circuit: * comparator-offset-transient-mc @ ff_mismatch_125c_1.08v -- generated by sim/harness, do not edit

Doing analysis at TEMP = 125.000000 and TNOM = 27.000000

Using SPARSE 1.3 as Direct Linear Solver

Initial Transient Solution
--------------------------

Node                                   Voltage
----                                   -------
vdd                                       1.08
cm                                         0.6
vd                                      -0.048
ap                                       0.576
an                                       0.624
clk                                          0
ibn                                   0.207283
xa.x1.tmid                         0.000284697
xa.x1.tail                            0.575906
xa.x1.np                               1.07993
xa.x1.nn                               1.07977
xa.x1.ln                                  1.08
xa.x1.lp                                  1.08
xa.x1.lnb                          1.90766e-05
xa.x1.lpb                          2.30184e-05
xa.x1.na                               1.05434
doutb                                 0.560103
dout                                  0.565337
xa.x1.nb                               1.05228
doutn                                  0.52346
bdoutn#branch                                0
ean#branch                         4.82558e-12
eap#branch                         6.34495e-12
vclk#branch                        1.13642e-09
vd#branch                                    0
vcm#branch                         1.11705e-11
vsup#branch                       -0.000129543

 Reference value :  0.00000e+00
 Reference value :  7.54902e-08
 Reference value :  1.57350e-07
 Reference value :  2.35857e-07
 Reference value :  3.16096e-07
 Reference value :  3.97450e-07
 Reference value :  4.75657e-07
 Reference value :  5.54397e-07
 Reference value :  6.35250e-07
 Reference value :  7.10347e-07
 Reference value :  7.86750e-07
 Reference value :  8.60284e-07
 Reference value :  9.39925e-07
No. of Data Rows : 10825
dlev0               =  1.75422e-05
dlev1               =  2.58426e-05
dlev2               =  2.58120e-05
dlev3               =  2.57851e-05
dlev4               =  2.57628e-05
dlev5               =  2.57439e-05
dlev6               =  2.57251e-05
dlev7               =  2.56998e-05
dlev8               =  2.56776e-05
dlev9               =  2.56570e-05
dlev10              =  2.56369e-05
dlev11              =  2.56164e-05
dlev12              =  2.55948e-05
dlev13              =  2.55721e-05
dlev14              =  2.55408e-05
dlev15              =  2.55206e-05
dlev16              =  2.55029e-05
dlev17              =  9.99978e-01
dlev18              =  9.99982e-01
dlev19              =  9.99982e-01
dlev20              =  9.99982e-01
dlev21              =  9.99982e-01
dlev22              =  9.99982e-01
dlev23              =  9.99982e-01
dlev24              =  9.99982e-01
dlev25              =  9.99982e-01
dlev26              =  9.99982e-01
dlev27              =  9.99982e-01
dlev28              =  9.99982e-01
dlev29              =  9.99982e-01
dlev30              =  9.99982e-01
dlev31              =  9.99982e-01
dlev32              =  9.99982e-01
vos = 1.4996003022e-03
lowcount = 1.6999866767e+01
vbias               =  2.07283e-01
Reset re-loads circuit * comparator-offset-transient-mc @ ff_mismatch_125c_1.08v -- generated by sim/harness, do not edit

Circuit: * comparator-offset-transient-mc @ ff_mismatch_125c_1.08v -- generated by sim/harness, do not edit

Doing analysis at TEMP = 125.000000 and TNOM = 27.000000

Using SPARSE 1.3 as Direct Linear Solver

Initial Transient Solution
--------------------------

Node                                   Voltage
----                                   -------
vdd                                       1.08
cm                                         0.6
vd                                      -0.048
ap                                       0.576
an                                       0.624
clk                                          0
ibn                                   0.203501
xa.x1.tmid                         0.000320371
xa.x1.tail                            0.570559
xa.x1.np                               1.07991
xa.x1.nn                               1.07975
xa.x1.ln                                  1.08
xa.x1.lp                                  1.08
xa.x1.lnb                          2.02952e-05
xa.x1.lpb                          1.67987e-05
xa.x1.na                               1.07998
doutb                              2.68971e-05
dout                                   1.07998
xa.x1.nb                               1.07999
doutn                                 0.999981
bdoutn#branch                                0
ean#branch                         4.80996e-12
eap#branch                         6.33762e-12
vclk#branch                        1.12927e-09
vd#branch                                    0
vcm#branch                         1.11476e-11
vsup#branch                       -2.06754e-05

 Reference value :  6.62800e-09
 Reference value :  8.11344e-08
 Reference value :  1.59925e-07
 Reference value :  2.32434e-07
 Reference value :  3.12404e-07
 Reference value :  3.92350e-07
 Reference value :  4.71132e-07
 Reference value :  5.51105e-07
 Reference value :  6.32950e-07
 Reference value :  7.10363e-07
 Reference value :  7.90104e-07
 Reference value :  8.64934e-07
 Reference value :  9.42397e-07
No. of Data Rows : 10741
dlev0               =  1.97649e-05
dlev1               =  1.99662e-05
dlev2               =  1.99133e-05
dlev3               =  1.99068e-05
dlev4               =  1.98712e-05
dlev5               =  1.98435e-05
dlev6               =  1.98229e-05
dlev7               =  1.98085e-05
dlev8               =  1.97989e-05
dlev9               =  1.97934e-05
dlev10              =  1.97915e-05
dlev11              =  1.97929e-05
dlev12              =  1.97945e-05
dlev13              =  1.97856e-05
dlev14              =  1.98251e-05
dlev15              =  1.98369e-05
dlev16              =  9.99973e-01
dlev17              =  9.99977e-01
dlev18              =  9.99977e-01
dlev19              =  9.99977e-01
dlev20              =  9.99977e-01
dlev21              =  9.99977e-01
dlev22              =  9.99977e-01
dlev23              =  9.99977e-01
dlev24              =  9.99977e-01
dlev25              =  9.99977e-01
dlev26              =  9.99977e-01
dlev27              =  9.99977e-01
dlev28              =  9.99977e-01
dlev29              =  9.99977e-01
dlev30              =  9.99981e-01
dlev31              =  9.99981e-01
dlev32              =  9.99981e-01
vos = -1.499809849e-03
lowcount = 1.6000063384e+01
vbias               =  2.03501e-01
Reset re-loads circuit * comparator-offset-transient-mc @ ff_mismatch_125c_1.08v -- generated by sim/harness, do not edit

Circuit: * comparator-offset-transient-mc @ ff_mismatch_125c_1.08v -- generated by sim/harness, do not edit

Doing analysis at TEMP = 125.000000 and TNOM = 27.000000

Using SPARSE 1.3 as Direct Linear Solver

Initial Transient Solution
--------------------------

Node                                   Voltage
----                                   -------
vdd                                       1.08
cm                                         0.6
vd                                      -0.048
ap                                       0.576
an                                       0.624
clk                                          0
ibn                                   0.205987
xa.x1.tmid                         0.000308865
xa.x1.tail                            0.571465
xa.x1.np                               1.07993
xa.x1.nn                               1.07972
xa.x1.ln                                  1.08
xa.x1.lp                                  1.08
xa.x1.lnb                          2.36115e-05
xa.x1.lpb                          2.01092e-05
xa.x1.na                               1.07997
doutb                              3.48163e-05
dout                                   1.07998
xa.x1.nb                               1.07999
doutn                                 0.999981
bdoutn#branch                                0
ean#branch                          4.8084e-12
eap#branch                         6.34059e-12
vclk#branch                        1.14337e-09
vd#branch                                    0
vcm#branch                          1.1149e-11
vsup#branch                       -2.06939e-05

 Reference value :  1.20970e-08
 Reference value :  8.75376e-08
 Reference value :  1.62802e-07
 Reference value :  2.44550e-07
 Reference value :  3.21836e-07
 Reference value :  4.04107e-07
 Reference value :  4.89550e-07
 Reference value :  5.69870e-07
 Reference value :  6.50100e-07
 Reference value :  7.28750e-07
 Reference value :  8.04935e-07
 Reference value :  8.85201e-07
 Reference value :  9.68250e-07
No. of Data Rows : 10735
dlev0               =  2.42482e-05
dlev1               =  1.88647e-05
dlev2               =  1.87529e-05
dlev3               =  1.86481e-05
dlev4               =  1.85500e-05
dlev5               =  1.84584e-05
dlev6               =  1.83729e-05
dlev7               =  1.82928e-05
dlev8               =  1.82178e-05
dlev9               =  1.81444e-05
dlev10              =  1.80706e-05
dlev11              =  1.80083e-05
dlev12              =  1.79596e-05
dlev13              =  1.79203e-05
dlev14              =  1.79209e-05
dlev15              =  1.78871e-05
dlev16              =  1.78519e-05
dlev17              =  1.77955e-05
dlev18              =  1.77818e-05
dlev19              =  9.99973e-01
dlev20              =  9.99978e-01
dlev21              =  9.99978e-01
dlev22              =  9.99978e-01
dlev23              =  9.99978e-01
dlev24              =  9.99978e-01
dlev25              =  9.99978e-01
dlev26              =  9.99978e-01
dlev27              =  9.99977e-01
dlev28              =  9.99977e-01
dlev29              =  9.99977e-01
dlev30              =  9.99977e-01
dlev31              =  9.99977e-01
dlev32              =  9.99977e-01
vos = 7.4999056610e-03
lowcount = 1.8999968554e+01
vbias               =  2.05987e-01
Reset re-loads circuit * comparator-offset-transient-mc @ ff_mismatch_125c_1.08v -- generated by sim/harness, do not edit

Circuit: * comparator-offset-transient-mc @ ff_mismatch_125c_1.08v -- generated by sim/harness, do not edit

Doing analysis at TEMP = 125.000000 and TNOM = 27.000000

Using SPARSE 1.3 as Direct Linear Solver

Initial Transient Solution
--------------------------

Node                                   Voltage
----                                   -------
vdd                                       1.08
cm                                         0.6
vd                                      -0.048
ap                                       0.576
an                                       0.624
clk                                          0
ibn                                   0.204984
xa.x1.tmid                         0.000306395
xa.x1.tail                            0.571103
xa.x1.np                               1.07992
xa.x1.nn                               1.07975
xa.x1.ln                                  1.08
xa.x1.lp                                  1.08
xa.x1.lnb                          2.11972e-05
xa.x1.lpb                          1.96032e-05
xa.x1.na                               1.07998
doutb                              2.63622e-05
dout                                   1.07998
xa.x1.nb                               1.07999
doutn                                 0.999979
bdoutn#branch                                0
ean#branch                         4.81276e-12
eap#branch                         6.33893e-12
vclk#branch                        1.12779e-09
vd#branch                                    0
vcm#branch                         1.11517e-11
vsup#branch                       -2.06579e-05

 Reference value :  3.93500e-08
 Reference value :  1.15833e-07
 Reference value :  1.94306e-07
 Reference value :  2.68833e-07
 Reference value :  3.47506e-07
 Reference value :  4.25850e-07
 Reference value :  5.04422e-07
 Reference value :  5.87706e-07
 Reference value :  6.64150e-07
 Reference value :  7.40006e-07
 Reference value :  8.20074e-07
 Reference value :  8.97428e-07
 Reference value :  9.77605e-07
No. of Data Rows : 10732
dlev0               =  1.92925e-05
dlev1               =  2.01198e-05
dlev2               =  2.01504e-05
dlev3               =  2.01868e-05
dlev4               =  2.02309e-05
dlev5               =  2.02848e-05
dlev6               =  2.03490e-05
dlev7               =  2.04217e-05
dlev8               =  2.05001e-05
dlev9               =  2.05808e-05
dlev10              =  2.06625e-05
dlev11              =  2.07448e-05
dlev12              =  2.08257e-05
dlev13              =  2.08906e-05
dlev14              =  2.10051e-05
dlev15              =  2.11177e-05
dlev16              =  9.99975e-01
dlev17              =  9.99977e-01
dlev18              =  9.99977e-01
dlev19              =  9.99977e-01
dlev20              =  9.99977e-01
dlev21              =  9.99977e-01
dlev22              =  9.99977e-01
dlev23              =  9.99976e-01
dlev24              =  9.99976e-01
dlev25              =  9.99976e-01
dlev26              =  9.99976e-01
dlev27              =  9.99976e-01
dlev28              =  9.99976e-01
dlev29              =  9.99976e-01
dlev30              =  9.99976e-01
dlev31              =  9.99976e-01
dlev32              =  9.99976e-01
vos = -1.499772489e-03
lowcount = 1.6000075837e+01
vbias               =  2.04984e-01
Reset re-loads circuit * comparator-offset-transient-mc @ ff_mismatch_125c_1.08v -- generated by sim/harness, do not edit

Circuit: * comparator-offset-transient-mc @ ff_mismatch_125c_1.08v -- generated by sim/harness, do not edit

Doing analysis at TEMP = 125.000000 and TNOM = 27.000000

Using SPARSE 1.3 as Direct Linear Solver

Initial Transient Solution
--------------------------

Node                                   Voltage
----                                   -------
vdd                                       1.08
cm                                         0.6
vd                                      -0.048
ap                                       0.576
an                                       0.624
clk                                          0
ibn                                   0.202518
xa.x1.tmid                           0.0003086
xa.x1.tail                            0.571571
xa.x1.np                               1.07992
xa.x1.nn                               1.07974
xa.x1.ln                                  1.08
xa.x1.lp                                  1.08
xa.x1.lnb                          1.96607e-05
xa.x1.lpb                          1.99523e-05
xa.x1.na                               1.07998
doutb                              3.02457e-05
dout                                   1.07998
xa.x1.nb                               1.07999
doutn                                 0.999981
bdoutn#branch                                0
ean#branch                         4.81204e-12
eap#branch                         6.34001e-12
vclk#branch                         1.1344e-09
vd#branch                                    0
vcm#branch                         1.11521e-11
vsup#branch                       -2.06548e-05

 Reference value :  4.75932e-08
 Reference value :  1.25550e-07
 Reference value :  2.04154e-07
 Reference value :  2.84096e-07
 Reference value :  3.65550e-07
 Reference value :  4.45654e-07
 Reference value :  5.26261e-07
 Reference value :  6.05950e-07
 Reference value :  6.82556e-07
 Reference value :  7.60395e-07
 Reference value :  8.36756e-07
 Reference value :  9.11293e-07
 Reference value :  9.83556e-07
No. of Data Rows : 10825
dlev0               =  1.01379e-05
dlev1               =  2.69853e-05
dlev2               =  2.69725e-05
dlev3               =  2.69601e-05
dlev4               =  2.69481e-05
dlev5               =  2.69362e-05
dlev6               =  2.69243e-05
dlev7               =  2.69124e-05
dlev8               =  2.69003e-05
dlev9               =  2.68881e-05
dlev10              =  2.68757e-05
dlev11              =  2.68630e-05
dlev12              =  2.68423e-05
dlev13              =  2.68372e-05
dlev14              =  2.68239e-05
dlev15              =  2.68092e-05
dlev16              =  2.67895e-05
dlev17              =  9.99971e-01
dlev18              =  9.99981e-01
dlev19              =  9.99981e-01
dlev20              =  9.99981e-01
dlev21              =  9.99981e-01
dlev22              =  9.99981e-01
dlev23              =  9.99981e-01
dlev24              =  9.99981e-01
dlev25              =  9.99981e-01
dlev26              =  9.99981e-01
dlev27              =  9.99981e-01
dlev28              =  9.99981e-01
dlev29              =  9.99981e-01
dlev30              =  9.99981e-01
dlev31              =  9.99981e-01
dlev32              =  9.99981e-01
vos = 1.4996207819e-03
lowcount = 1.6999873594e+01
vbias               =  2.02518e-01
Reset re-loads circuit * comparator-offset-transient-mc @ ff_mismatch_125c_1.08v -- generated by sim/harness, do not edit

Circuit: * comparator-offset-transient-mc @ ff_mismatch_125c_1.08v -- generated by sim/harness, do not edit

Doing analysis at TEMP = 125.000000 and TNOM = 27.000000

Using SPARSE 1.3 as Direct Linear Solver

Initial Transient Solution
--------------------------

Node                                   Voltage
----                                   -------
vdd                                       1.08
cm                                         0.6
vd                                      -0.048
ap                                       0.576
an                                       0.624
clk                                          0
ibn                                   0.204805
xa.x1.tmid                         0.000345011
xa.x1.tail                            0.569119
xa.x1.np                               1.07992
xa.x1.nn                               1.07972
xa.x1.ln                                  1.08
xa.x1.lp                                  1.08
xa.x1.lnb                          1.60136e-05
xa.x1.lpb                          2.04587e-05
xa.x1.na                               1.07998
doutb                              2.49221e-05
dout                                   1.07997
xa.x1.nb                               1.07999
doutn                                 0.999976
bdoutn#branch                                0
ean#branch                         4.80224e-12
eap#branch                         6.33568e-12
vclk#branch                        1.13009e-09
vd#branch                                    0
vcm#branch                         1.11379e-11
vsup#branch                       -2.07192e-05

 Reference value :  5.05320e-08
 Reference value :  1.30208e-07
 Reference value :  2.07231e-07
 Reference value :  2.83108e-07
 Reference value :  3.60550e-07
 Reference value :  4.36508e-07
 Reference value :  5.13450e-07
 Reference value :  5.90100e-07
 Reference value :  6.68650e-07
 Reference value :  7.42835e-07
 Reference value :  8.21808e-07
 Reference value :  9.01550e-07
 Reference value :  9.80242e-07
No. of Data Rows : 10734
dlev0               =  1.91056e-05
dlev1               =  1.95012e-05
dlev2               =  1.95231e-05
dlev3               =  1.95488e-05
dlev4               =  1.95782e-05
dlev5               =  1.96116e-05
dlev6               =  1.96499e-05
dlev7               =  1.96949e-05
dlev8               =  1.97479e-05
dlev9               =  1.98094e-05
dlev10              =  1.98779e-05
dlev11              =  1.99506e-05
dlev12              =  2.00250e-05
dlev13              =  2.01001e-05
dlev14              =  2.01753e-05
dlev15              =  2.02405e-05
dlev16              =  2.03413e-05
dlev17              =  9.99975e-01
dlev18              =  9.99973e-01
dlev19              =  9.99973e-01
dlev20              =  9.99973e-01
dlev21              =  9.99973e-01
dlev22              =  9.99973e-01
dlev23              =  9.99972e-01
dlev24              =  9.99972e-01
dlev25              =  9.99972e-01
dlev26              =  9.99972e-01
dlev27              =  9.99972e-01
dlev28              =  9.99971e-01
dlev29              =  9.99971e-01
dlev30              =  9.99971e-01
dlev31              =  9.99971e-01
dlev32              =  9.99971e-01
vos = 1.5003255556e-03
lowcount = 1.7000108519e+01
vbias               =  2.04805e-01
Reset re-loads circuit * comparator-offset-transient-mc @ ff_mismatch_125c_1.08v -- generated by sim/harness, do not edit

Circuit: * comparator-offset-transient-mc @ ff_mismatch_125c_1.08v -- generated by sim/harness, do not edit

Doing analysis at TEMP = 125.000000 and TNOM = 27.000000

Using SPARSE 1.3 as Direct Linear Solver

Initial Transient Solution
--------------------------

Node                                   Voltage
----                                   -------
vdd                                       1.08
cm                                         0.6
vd                                      -0.048
ap                                       0.576
an                                       0.624
clk                                          0
ibn                                   0.205211
xa.x1.tmid                          0.00031867
xa.x1.tail                            0.571231
xa.x1.np                               1.07992
xa.x1.nn                               1.07973
xa.x1.ln                                  1.08
xa.x1.lp                                  1.08
xa.x1.lnb                          2.12132e-05
xa.x1.lpb                          2.15127e-05
xa.x1.na                               1.07999
doutb                                  1.07998
dout                               2.46311e-05
xa.x1.nb                               1.07998
doutn                              2.28066e-05
bdoutn#branch                                0
ean#branch                         4.81232e-12
eap#branch                         6.34048e-12
vclk#branch                        1.13352e-09
vd#branch                                    0
vcm#branch                         1.11528e-11
vsup#branch                       -2.06867e-05

 Reference value :  5.02123e-08
 Reference value :  1.30003e-07
 Reference value :  2.13750e-07
 Reference value :  2.97932e-07
 Reference value :  3.80431e-07
 Reference value :  4.61207e-07
 Reference value :  5.36628e-07
 Reference value :  6.18607e-07
 Reference value :  6.98250e-07
 Reference value :  7.76228e-07
 Reference value :  8.56002e-07
 Reference value :  9.36950e-07
No. of Data Rows : 10737
dlev0               =  2.25362e-05
dlev1               =  2.29022e-05
dlev2               =  1.57555e-05
dlev3               =  1.57108e-05
dlev4               =  1.56697e-05
dlev5               =  1.56323e-05
dlev6               =  1.55997e-05
dlev7               =  1.55749e-05
dlev8               =  1.55619e-05
dlev9               =  1.55631e-05
dlev10              =  1.55752e-05
dlev11              =  1.55919e-05
dlev12              =  1.56087e-05
dlev13              =  1.56245e-05
dlev14              =  1.56296e-05
dlev15              =  1.56641e-05
dlev16              =  9.99978e-01
dlev17              =  9.99979e-01
dlev18              =  9.99979e-01
dlev19              =  9.99979e-01
dlev20              =  9.99979e-01
dlev21              =  9.99979e-01
dlev22              =  9.99979e-01
dlev23              =  9.99979e-01
dlev24              =  9.99979e-01
dlev25              =  9.99979e-01
dlev26              =  9.99979e-01
dlev27              =  9.99979e-01
dlev28              =  9.99979e-01
dlev29              =  9.99979e-01
dlev30              =  9.99979e-01
dlev31              =  9.99978e-01
dlev32              =  9.99978e-01
vos = -1.499711701e-03
lowcount = 1.6000096100e+01
vbias               =  2.05211e-01
Reset re-loads circuit * comparator-offset-transient-mc @ ff_mismatch_125c_1.08v -- generated by sim/harness, do not edit

Circuit: * comparator-offset-transient-mc @ ff_mismatch_125c_1.08v -- generated by sim/harness, do not edit

Doing analysis at TEMP = 125.000000 and TNOM = 27.000000

Using SPARSE 1.3 as Direct Linear Solver

Initial Transient Solution
--------------------------

Node                                   Voltage
----                                   -------
vdd                                       1.08
cm                                         0.6
vd                                      -0.048
ap                                       0.576
an                                       0.624
clk                                          0
ibn                                   0.206754
xa.x1.tmid                         0.000333345
xa.x1.tail                            0.569055
xa.x1.np                               1.07991
xa.x1.nn                               1.07973
xa.x1.ln                                  1.08
xa.x1.lp                                  1.08
xa.x1.lnb                           2.2754e-05
xa.x1.lpb                          2.01677e-05
xa.x1.na                               1.07999
doutb                                  1.07998
dout                               2.80164e-05
xa.x1.nb                               1.07998
doutn                              2.59411e-05
bdoutn#branch                                0
ean#branch                         4.80502e-12
eap#branch                         6.33998e-12
vclk#branch                         1.1234e-09
vd#branch                                    0
vcm#branch                          1.1145e-11
vsup#branch                       -2.07054e-05

 Reference value :  2.22800e-09
 Reference value :  7.83045e-08
 Reference value :  1.54050e-07
 Reference value :  2.27108e-07
 Reference value :  3.04050e-07
 Reference value :  3.80165e-07
 Reference value :  4.60074e-07
 Reference value :  5.35029e-07
 Reference value :  6.10126e-07
 Reference value :  6.83029e-07
 Reference value :  7.62108e-07
 Reference value :  8.43050e-07
 Reference value :  9.22030e-07
No. of Data Rows : 10734
dlev0               =  2.65505e-05
dlev1               =  2.18977e-05
dlev2               =  2.17431e-05
dlev3               =  2.15946e-05
dlev4               =  2.14525e-05
dlev5               =  2.13176e-05
dlev6               =  2.11913e-05
dlev7               =  2.10748e-05
dlev8               =  2.09686e-05
dlev9               =  2.08714e-05
dlev10              =  2.07815e-05
dlev11              =  2.06975e-05
dlev12              =  2.06188e-05
dlev13              =  2.05419e-05
dlev14              =  2.04624e-05
dlev15              =  2.04241e-05
dlev16              =  9.99980e-01
dlev17              =  9.99981e-01
dlev18              =  9.99981e-01
dlev19              =  9.99981e-01
dlev20              =  9.99981e-01
dlev21              =  9.99981e-01
dlev22              =  9.99981e-01
dlev23              =  9.99981e-01
dlev24              =  9.99981e-01
dlev25              =  9.99980e-01
dlev26              =  9.99980e-01
dlev27              =  9.99980e-01
dlev28              =  9.99980e-01
dlev29              =  9.99980e-01
dlev30              =  9.99980e-01
dlev31              =  9.99980e-01
dlev32              =  9.99980e-01
vos = -1.500033865e-03
lowcount = 1.5999988712e+01
vbias               =  2.06754e-01
Reset re-loads circuit * comparator-offset-transient-mc @ ff_mismatch_125c_1.08v -- generated by sim/harness, do not edit

Circuit: * comparator-offset-transient-mc @ ff_mismatch_125c_1.08v -- generated by sim/harness, do not edit

Doing analysis at TEMP = 125.000000 and TNOM = 27.000000

Using SPARSE 1.3 as Direct Linear Solver

Initial Transient Solution
--------------------------

Node                                   Voltage
----                                   -------
vdd                                       1.08
cm                                         0.6
vd                                      -0.048
ap                                       0.576
an                                       0.624
clk                                          0
ibn                                   0.204521
xa.x1.tmid                         0.000330718
xa.x1.tail                            0.570092
xa.x1.np                               1.07991
xa.x1.nn                               1.07972
xa.x1.ln                                  1.08
xa.x1.lp                                  1.08
xa.x1.lnb                          1.88404e-05
xa.x1.lpb                          1.88558e-05
xa.x1.na                               1.07998
doutb                              2.55087e-05
dout                                   1.07998
xa.x1.nb                               1.07999
doutn                                 0.999979
bdoutn#branch                                0
ean#branch                         4.80851e-12
eap#branch                         6.33851e-12
vclk#branch                        1.13606e-09
vd#branch                                    0
vcm#branch                          1.1147e-11
vsup#branch                       -2.06938e-05

 Reference value :  0.00000e+00
 Reference value :  7.25023e-08
 Reference value :  1.49231e-07
 Reference value :  2.26404e-07
 Reference value :  3.03350e-07
 Reference value :  3.80294e-07
 Reference value :  4.59050e-07
 Reference value :  5.33736e-07
 Reference value :  6.11006e-07
 Reference value :  6.85635e-07
 Reference value :  7.61104e-07
 Reference value :  8.37135e-07
 Reference value :  9.16800e-07
No. of Data Rows : 10740
dlev0               =  1.38041e-05
dlev1               =  1.42374e-05
dlev2               =  1.41792e-05
dlev3               =  1.41335e-05
dlev4               =  1.41212e-05
dlev5               =  1.40793e-05
dlev6               =  1.40466e-05
dlev7               =  1.40221e-05
dlev8               =  1.40043e-05
dlev9               =  1.39914e-05
dlev10              =  1.39833e-05
dlev11              =  1.39774e-05
dlev12              =  1.39729e-05
dlev13              =  1.38817e-05
dlev14              =  1.37938e-05
dlev15              =  9.99978e-01
dlev16              =  9.99976e-01
dlev17              =  9.99976e-01
dlev18              =  9.99976e-01
dlev19              =  9.99976e-01
dlev20              =  9.99975e-01
dlev21              =  9.99975e-01
dlev22              =  9.99975e-01
dlev23              =  9.99975e-01
dlev24              =  9.99975e-01
dlev25              =  9.99975e-01
dlev26              =  9.99975e-01
dlev27              =  9.99975e-01
dlev28              =  9.99975e-01
dlev29              =  9.99975e-01
dlev30              =  9.99975e-01
dlev31              =  9.99979e-01
dlev32              =  9.99979e-01
vos = -4.499335285e-03
lowcount = 1.5000221572e+01
vbias               =  2.04521e-01
Reset re-loads circuit * comparator-offset-transient-mc @ ff_mismatch_125c_1.08v -- generated by sim/harness, do not edit

Circuit: * comparator-offset-transient-mc @ ff_mismatch_125c_1.08v -- generated by sim/harness, do not edit

Doing analysis at TEMP = 125.000000 and TNOM = 27.000000

Using SPARSE 1.3 as Direct Linear Solver

Initial Transient Solution
--------------------------

Node                                   Voltage
----                                   -------
vdd                                       1.08
cm                                         0.6
vd                                      -0.048
ap                                       0.576
an                                       0.624
clk                                          0
ibn                                    0.20299
xa.x1.tmid                         0.000307795
xa.x1.tail                            0.575416
xa.x1.np                               1.07993
xa.x1.nn                               1.07973
xa.x1.ln                                  1.08
xa.x1.lp                                  1.08
xa.x1.lnb                           1.8501e-05
xa.x1.lpb                          1.86592e-05
xa.x1.na                               1.07999
doutb                                  1.07998
dout                                2.4034e-05
xa.x1.nb                               1.07998
doutn                              2.22537e-05
bdoutn#branch                                0
ean#branch                         4.81989e-12
eap#branch                         6.34978e-12
vclk#branch                        1.12999e-09
vd#branch                                    0
vcm#branch                         1.11697e-11
vsup#branch                       -2.06404e-05

 Reference value :  0.00000e+00
 Reference value :  7.48045e-08
 Reference value :  1.53650e-07
 Reference value :  2.30221e-07
 Reference value :  3.04250e-07
 Reference value :  3.79503e-07
 Reference value :  4.55350e-07
 Reference value :  5.33924e-07
 Reference value :  6.12903e-07
 Reference value :  6.89025e-07
 Reference value :  7.63703e-07
 Reference value :  8.36826e-07
 Reference value :  9.11004e-07
 Reference value :  9.87728e-07
No. of Data Rows : 10732
dlev0               =  2.18140e-05
dlev1               =  1.71198e-05
dlev2               =  1.71797e-05
dlev3               =  1.72446e-05
dlev4               =  1.73165e-05
dlev5               =  1.73968e-05
dlev6               =  1.74855e-05
dlev7               =  1.75809e-05
dlev8               =  1.76813e-05
dlev9               =  1.77842e-05
dlev10              =  1.78881e-05
dlev11              =  1.79922e-05
dlev12              =  1.80964e-05
dlev13              =  1.81997e-05
dlev14              =  1.82942e-05
dlev15              =  1.83902e-05
dlev16              =  1.85392e-05
dlev17              =  9.99979e-01
dlev18              =  9.99979e-01
dlev19              =  9.99979e-01
dlev20              =  9.99979e-01
dlev21              =  9.99979e-01
dlev22              =  9.99979e-01
dlev23              =  9.99979e-01
dlev24              =  9.99979e-01
dlev25              =  9.99979e-01
dlev26              =  9.99979e-01
dlev27              =  9.99979e-01
dlev28              =  9.99979e-01
dlev29              =  9.99979e-01
dlev30              =  9.99979e-01
dlev31              =  9.99979e-01
dlev32              =  9.99979e-01
vos = 1.5001013905e-03
lowcount = 1.7000033797e+01
vbias               =  2.02990e-01
Reset re-loads circuit * comparator-offset-transient-mc @ ff_mismatch_125c_1.08v -- generated by sim/harness, do not edit

Circuit: * comparator-offset-transient-mc @ ff_mismatch_125c_1.08v -- generated by sim/harness, do not edit

Doing analysis at TEMP = 125.000000 and TNOM = 27.000000

Using SPARSE 1.3 as Direct Linear Solver

Initial Transient Solution
--------------------------

Node                                   Voltage
----                                   -------
vdd                                       1.08
cm                                         0.6
vd                                      -0.048
ap                                       0.576
an                                       0.624
clk                                          0
ibn                                   0.204851
xa.x1.tmid                         0.000271984
xa.x1.tail                            0.575526
xa.x1.np                               1.07993
xa.x1.nn                               1.07977
xa.x1.ln                                  1.08
xa.x1.lp                                  1.08
xa.x1.lnb                          1.87129e-05
xa.x1.lpb                          1.85128e-05
xa.x1.na                               1.07998
doutb                              2.88325e-05
dout                                   1.07998
xa.x1.nb                               1.07999
doutn                                 0.999983
bdoutn#branch                                0
ean#branch                         4.82217e-12
eap#branch                         6.34545e-12
vclk#branch                        1.14107e-09
vd#branch                                    0
vcm#branch                         1.11676e-11
vsup#branch                       -2.05972e-05

 Reference value :  5.56617e-08
 Reference value :  1.33199e-07
 Reference value :  2.12350e-07
 Reference value :  2.90662e-07
 Reference value :  3.70398e-07
 Reference value :  4.44862e-07
 Reference value :  5.21498e-07
 Reference value :  6.01550e-07
 Reference value :  6.80100e-07
 Reference value :  7.59850e-07
 Reference value :  8.34460e-07
 Reference value :  9.12696e-07
 Reference value :  9.88161e-07
No. of Data Rows : 10825
dlev0               =  2.10727e-05
dlev1               =  3.01796e-05
dlev2               =  3.01472e-05
dlev3               =  3.01132e-05
dlev4               =  3.00721e-05
dlev5               =  3.00318e-05
dlev6               =  2.99926e-05
dlev7               =  2.99540e-05
dlev8               =  2.99155e-05
dlev9               =  2.98763e-05
dlev10              =  2.98362e-05
dlev11              =  2.97950e-05
dlev12              =  2.97531e-05
dlev13              =  2.97102e-05
dlev14              =  2.96655e-05
dlev15              =  2.96266e-05
dlev16              =  9.99978e-01
dlev17              =  9.99983e-01
dlev18              =  9.99983e-01
dlev19              =  9.99983e-01
dlev20              =  9.99983e-01
dlev21              =  9.99983e-01
dlev22              =  9.99983e-01
dlev23              =  9.99983e-01
dlev24              =  9.99983e-01
dlev25              =  9.99983e-01
dlev26              =  9.99983e-01
dlev27              =  9.99983e-01
dlev28              =  9.99983e-01
dlev29              =  9.99983e-01
dlev30              =  9.99983e-01
dlev31              =  9.99983e-01
dlev32              =  9.99983e-01
vos = -1.500543125e-03
lowcount = 1.5999818958e+01
vbias               =  2.04851e-01
Reset re-loads circuit * comparator-offset-transient-mc @ ff_mismatch_125c_1.08v -- generated by sim/harness, do not edit

Circuit: * comparator-offset-transient-mc @ ff_mismatch_125c_1.08v -- generated by sim/harness, do not edit

Doing analysis at TEMP = 125.000000 and TNOM = 27.000000

Using SPARSE 1.3 as Direct Linear Solver

Initial Transient Solution
--------------------------

Node                                   Voltage
----                                   -------
vdd                                       1.08
cm                                         0.6
vd                                      -0.048
ap                                       0.576
an                                       0.624
clk                                          0
ibn                                   0.207252
xa.x1.tmid                         0.000286128
xa.x1.tail                            0.573409
xa.x1.np                               1.07992
xa.x1.nn                               1.07975
xa.x1.ln                                  1.08
xa.x1.lp                                  1.08
xa.x1.lnb                          2.06148e-05
xa.x1.lpb                          2.21464e-05
xa.x1.na                               1.05382
doutb                                 0.557202
dout                                  0.573984
xa.x1.nb                               1.05223
doutn                                 0.531466
bdoutn#branch                                0
ean#branch                         4.81859e-12
eap#branch                         6.34215e-12
vclk#branch                        1.12883e-09
vd#branch                                    0
vcm#branch                         1.11607e-11
vsup#branch                       -0.000129244

 Reference value :  5.04359e-08
 Reference value :  1.30003e-07
 Reference value :  2.03835e-07
 Reference value :  2.82607e-07
 Reference value :  3.63350e-07
 Reference value :  4.42131e-07
 Reference value :  5.22508e-07
 Reference value :  6.03050e-07
 Reference value :  6.82330e-07
 Reference value :  7.63608e-07
 Reference value :  8.43250e-07
 Reference value :  9.20130e-07
No. of Data Rows : 10732
dlev0               =  1.69848e-05
dlev1               =  1.74422e-05
dlev2               =  1.74068e-05
dlev3               =  1.73764e-05
dlev4               =  1.73509e-05
dlev5               =  1.73012e-05
dlev6               =  1.71729e-05
dlev7               =  1.70534e-05
dlev8               =  1.69425e-05
dlev9               =  1.68407e-05
dlev10              =  1.67495e-05
dlev11              =  1.66708e-05
dlev12              =  1.66050e-05
dlev13              =  1.65489e-05
dlev14              =  1.64991e-05
dlev15              =  1.64534e-05
dlev16              =  1.64064e-05
dlev17              =  1.63900e-05
dlev18              =  9.99975e-01
dlev19              =  9.99975e-01
dlev20              =  9.99975e-01
dlev21              =  9.99975e-01
dlev22              =  9.99975e-01
dlev23              =  9.99975e-01
dlev24              =  9.99975e-01
dlev25              =  9.99975e-01
dlev26              =  9.99975e-01
dlev27              =  9.99975e-01
dlev28              =  9.99975e-01
dlev29              =  9.99975e-01
dlev30              =  9.99975e-01
dlev31              =  9.99975e-01
dlev32              =  9.99975e-01
vos = 4.5001947155e-03
lowcount = 1.8000064905e+01
vbias               =  2.07252e-01
Reset re-loads circuit * comparator-offset-transient-mc @ ff_mismatch_125c_1.08v -- generated by sim/harness, do not edit

Circuit: * comparator-offset-transient-mc @ ff_mismatch_125c_1.08v -- generated by sim/harness, do not edit

Doing analysis at TEMP = 125.000000 and TNOM = 27.000000

Using SPARSE 1.3 as Direct Linear Solver

Initial Transient Solution
--------------------------

Node                                   Voltage
----                                   -------
vdd                                       1.08
cm                                         0.6
vd                                      -0.048
ap                                       0.576
an                                       0.624
clk                                          0
ibn                                   0.207177
xa.x1.tmid                         0.000303867
xa.x1.tail                            0.571591
xa.x1.np                               1.07992
xa.x1.nn                               1.07974
xa.x1.ln                                  1.08
xa.x1.lp                                  1.08
xa.x1.lnb                          1.96785e-05
xa.x1.lpb                          2.17538e-05
xa.x1.na                               1.05211
doutb                                 0.558913
dout                                  0.559473
xa.x1.nb                               1.05331
doutn                                  0.51803
bdoutn#branch                                0
ean#branch                         4.81309e-12
eap#branch                         6.33962e-12
vclk#branch                        1.13742e-09
vd#branch                                    0
vcm#branch                         1.11527e-11
vsup#branch                       -0.000132481

 Reference value :  0.00000e+00
 Reference value :  7.43094e-08
 Reference value :  1.55550e-07
 Reference value :  2.34031e-07
 Reference value :  3.14511e-07
 Reference value :  3.99750e-07
 Reference value :  4.79800e-07
 Reference value :  5.58242e-07
 Reference value :  6.40511e-07
 Reference value :  7.17336e-07
 Reference value :  7.96211e-07
 Reference value :  8.75150e-07
 Reference value :  9.50165e-07
No. of Data Rows : 10734
dlev0               =  2.05455e-05
dlev1               =  1.53306e-05
dlev2               =  1.53635e-05
dlev3               =  1.54011e-05
dlev4               =  1.54430e-05
dlev5               =  1.54886e-05
dlev6               =  1.55383e-05
dlev7               =  1.55887e-05
dlev8               =  1.56436e-05
dlev9               =  1.57082e-05
dlev10              =  1.57883e-05
dlev11              =  1.58841e-05
dlev12              =  1.59876e-05
dlev13              =  1.60899e-05
dlev14              =  1.61883e-05
dlev15              =  1.62794e-05
dlev16              =  1.63486e-05
dlev17              =  1.64765e-05
dlev18              =  9.99975e-01
dlev19              =  9.99978e-01
dlev20              =  9.99978e-01
dlev21              =  9.99978e-01
dlev22              =  9.99978e-01
dlev23              =  9.99978e-01
dlev24              =  9.99978e-01
dlev25              =  9.99978e-01
dlev26              =  9.99978e-01
dlev27              =  9.99978e-01
dlev28              =  9.99978e-01
dlev29              =  9.99978e-01
dlev30              =  9.99978e-01
dlev31              =  9.99978e-01
dlev32              =  9.99978e-01
vos = 4.5001467186e-03
lowcount = 1.8000048906e+01
vbias               =  2.07177e-01
Reset re-loads circuit * comparator-offset-transient-mc @ ff_mismatch_125c_1.08v -- generated by sim/harness, do not edit

Circuit: * comparator-offset-transient-mc @ ff_mismatch_125c_1.08v -- generated by sim/harness, do not edit

Doing analysis at TEMP = 125.000000 and TNOM = 27.000000

Using SPARSE 1.3 as Direct Linear Solver

Initial Transient Solution
--------------------------

Node                                   Voltage
----                                   -------
vdd                                       1.08
cm                                         0.6
vd                                      -0.048
ap                                       0.576
an                                       0.624
clk                                          0
ibn                                   0.205224
xa.x1.tmid                         0.000319848
xa.x1.tail                            0.567656
xa.x1.np                               1.07991
xa.x1.nn                               1.07975
xa.x1.ln                                  1.08
xa.x1.lp                                  1.08
xa.x1.lnb                          2.08513e-05
xa.x1.lpb                          2.00742e-05
xa.x1.na                               1.07998
doutb                              2.42324e-05
dout                                   1.07998
xa.x1.nb                               1.07999
doutn                                 0.999977
bdoutn#branch                                0
ean#branch                         4.80452e-12
eap#branch                         6.33821e-12
vclk#branch                        1.12917e-09
vd#branch                                    0
vcm#branch                         1.11427e-11
vsup#branch                       -2.06816e-05

 Reference value :  1.64327e-08
 Reference value :  9.22500e-08
 Reference value :  1.70008e-07
 Reference value :  2.44350e-07
 Reference value :  3.18209e-07
 Reference value :  3.92850e-07
 Reference value :  4.70200e-07
 Reference value :  5.50209e-07
 Reference value :  6.30000e-07
 Reference value :  7.11840e-07
 Reference value :  7.94303e-07
 Reference value :  8.75950e-07
 Reference value :  9.55140e-07
No. of Data Rows : 10732
dlev0               =  1.80107e-05
dlev1               =  1.85640e-05
dlev2               =  1.85326e-05
dlev3               =  1.85065e-05
dlev4               =  1.84875e-05
dlev5               =  1.84792e-05
dlev6               =  1.84830e-05
dlev7               =  1.84964e-05
dlev8               =  1.85154e-05
dlev9               =  1.85362e-05
dlev10              =  1.85570e-05
dlev11              =  1.85761e-05
dlev12              =  1.85744e-05
dlev13              =  1.86468e-05
dlev14              =  9.99967e-01
dlev15              =  9.99974e-01
dlev16              =  9.99974e-01
dlev17              =  9.99974e-01
dlev18              =  9.99974e-01
dlev19              =  9.99975e-01
dlev20              =  9.99975e-01
dlev21              =  9.99975e-01
dlev22              =  9.99975e-01
dlev23              =  9.99975e-01
dlev24              =  9.99975e-01
dlev25              =  9.99975e-01
dlev26              =  9.99975e-01
dlev27              =  9.99975e-01
dlev28              =  9.99975e-01
dlev29              =  9.99975e-01
dlev30              =  9.99975e-01
dlev31              =  9.99975e-01
dlev32              =  9.99975e-01
vos = -7.499313197e-03
lowcount = 1.4000228934e+01
vbias               =  2.05224e-01
Reset re-loads circuit * comparator-offset-transient-mc @ ff_mismatch_125c_1.08v -- generated by sim/harness, do not edit

Circuit: * comparator-offset-transient-mc @ ff_mismatch_125c_1.08v -- generated by sim/harness, do not edit

Doing analysis at TEMP = 125.000000 and TNOM = 27.000000

Using SPARSE 1.3 as Direct Linear Solver

Initial Transient Solution
--------------------------

Node                                   Voltage
----                                   -------
vdd                                       1.08
cm                                         0.6
vd                                      -0.048
ap                                       0.576
an                                       0.624
clk                                          0
ibn                                   0.205125
xa.x1.tmid                          0.00032637
xa.x1.tail                            0.570315
xa.x1.np                               1.07991
xa.x1.nn                               1.07973
xa.x1.ln                                  1.08
xa.x1.lp                                  1.08
xa.x1.lnb                          2.08441e-05
xa.x1.lpb                          1.92526e-05
xa.x1.na                               1.05303
doutb                                 0.564399
dout                                  0.571916
xa.x1.nb                                1.0506
doutn                                 0.529552
bdoutn#branch                                0
ean#branch                         4.80946e-12
eap#branch                         6.33965e-12
vclk#branch                        1.12754e-09
vd#branch                                    0
vcm#branch                         1.11491e-11
vsup#branch                       -0.000132872

 Reference value :  2.44545e-08
 Reference value :  1.06203e-07
 Reference value :  1.88850e-07
 Reference value :  2.68339e-07
 Reference value :  3.45908e-07
 Reference value :  4.22050e-07
 Reference value :  5.00200e-07
 Reference value :  5.74650e-07
 Reference value :  6.50295e-07
 Reference value :  7.29350e-07
 Reference value :  8.06534e-07
 Reference value :  8.86403e-07
 Reference value :  9.66050e-07
No. of Data Rows : 10734
dlev0               =  2.85482e-05
dlev1               =  2.05466e-05
dlev2               =  2.08314e-05
dlev3               =  2.11248e-05
dlev4               =  2.14286e-05
dlev5               =  2.17481e-05
dlev6               =  2.20905e-05
dlev7               =  2.24648e-05
dlev8               =  2.28723e-05
dlev9               =  2.33031e-05
dlev10              =  2.37215e-05
dlev11              =  2.37242e-05
dlev12              =  2.36501e-05
dlev13              =  2.35111e-05
dlev14              =  2.33755e-05
dlev15              =  2.32579e-05
dlev16              =  9.99979e-01
dlev17              =  9.99978e-01
dlev18              =  9.99978e-01
dlev19              =  9.99978e-01
dlev20              =  9.99978e-01
dlev21              =  9.99978e-01
dlev22              =  9.99978e-01
dlev23              =  9.99978e-01
dlev24              =  9.99978e-01
dlev25              =  9.99978e-01
dlev26              =  9.99978e-01
dlev27              =  9.99979e-01
dlev28              =  9.99979e-01
dlev29              =  9.99979e-01
dlev30              =  9.99979e-01
dlev31              =  9.99979e-01
dlev32              =  9.99979e-01
vos = -1.500002396e-03
lowcount = 1.5999999201e+01
vbias               =  2.05125e-01
Reset re-loads circuit * comparator-offset-transient-mc @ ff_mismatch_125c_1.08v -- generated by sim/harness, do not edit

Circuit: * comparator-offset-transient-mc @ ff_mismatch_125c_1.08v -- generated by sim/harness, do not edit

Doing analysis at TEMP = 125.000000 and TNOM = 27.000000

Using SPARSE 1.3 as Direct Linear Solver

Initial Transient Solution
--------------------------

Node                                   Voltage
----                                   -------
vdd                                       1.08
cm                                         0.6
vd                                      -0.048
ap                                       0.576
an                                       0.624
clk                                          0
ibn                                   0.205344
xa.x1.tmid                         0.000283476
xa.x1.tail                             0.57449
xa.x1.np                               1.07993
xa.x1.nn                               1.07976
xa.x1.ln                                  1.08
xa.x1.lp                                  1.08
xa.x1.lnb                          2.13042e-05
xa.x1.lpb                          1.91652e-05
xa.x1.na                               1.07999
doutb                                  1.07998
dout                               2.48188e-05
xa.x1.nb                               1.07998
doutn                              2.29803e-05
bdoutn#branch                                0
ean#branch                         4.81676e-12
eap#branch                         6.34529e-12
vclk#branch                        1.13463e-09
vd#branch                                    0
vcm#branch                          1.1162e-11
vsup#branch                        -2.0614e-05

 Reference value :  3.45500e-08
 Reference value :  1.10732e-07
 Reference value :  1.89925e-07
 Reference value :  2.67332e-07
 Reference value :  3.46109e-07
 Reference value :  4.22450e-07
 Reference value :  4.99109e-07
 Reference value :  5.75150e-07
 Reference value :  6.50246e-07
 Reference value :  7.27250e-07
 Reference value :  8.00362e-07
 Reference value :  8.80128e-07
 Reference value :  9.56431e-07
No. of Data Rows : 10732
dlev0               =  2.14975e-05
dlev1               =  1.71201e-05
dlev2               =  1.71621e-05
dlev3               =  1.72085e-05
dlev4               =  1.72608e-05
dlev5               =  1.73141e-05
dlev6               =  1.73710e-05
dlev7               =  1.74340e-05
dlev8               =  1.75061e-05
dlev9               =  1.75899e-05
dlev10              =  1.76840e-05
dlev11              =  1.77832e-05
dlev12              =  1.78832e-05
dlev13              =  1.79817e-05
dlev14              =  1.80777e-05
dlev15              =  1.81542e-05
dlev16              =  1.82909e-05
dlev17              =  9.99978e-01
dlev18              =  9.99979e-01
dlev19              =  9.99979e-01
dlev20              =  9.99979e-01
dlev21              =  9.99979e-01
dlev22              =  9.99979e-01
dlev23              =  9.99979e-01
dlev24              =  9.99979e-01
dlev25              =  9.99979e-01
dlev26              =  9.99979e-01
dlev27              =  9.99979e-01
dlev28              =  9.99979e-01
dlev29              =  9.99978e-01
dlev30              =  9.99978e-01
dlev31              =  9.99978e-01
dlev32              =  9.99978e-01
vos = 1.5001127425e-03
lowcount = 1.7000037581e+01
vbias               =  2.05344e-01
Reset re-loads circuit * comparator-offset-transient-mc @ ff_mismatch_125c_1.08v -- generated by sim/harness, do not edit

Circuit: * comparator-offset-transient-mc @ ff_mismatch_125c_1.08v -- generated by sim/harness, do not edit

Doing analysis at TEMP = 125.000000 and TNOM = 27.000000

Using SPARSE 1.3 as Direct Linear Solver

Initial Transient Solution
--------------------------

Node                                   Voltage
----                                   -------
vdd                                       1.08
cm                                         0.6
vd                                      -0.048
ap                                       0.576
an                                       0.624
clk                                          0
ibn                                   0.205916
xa.x1.tmid                         0.000331879
xa.x1.tail                            0.567128
xa.x1.np                               1.07991
xa.x1.nn                               1.07973
xa.x1.ln                                  1.08
xa.x1.lp                                  1.08
xa.x1.lnb                           2.3891e-05
xa.x1.lpb                          2.21102e-05
xa.x1.na                               1.05156
doutb                                 0.558917
dout                                  0.563224
xa.x1.nb                               1.05351
doutn                                 0.521504
bdoutn#branch                                0
ean#branch                         4.80008e-12
eap#branch                         6.32999e-12
vclk#branch                        1.12211e-09
vd#branch                                    0
vcm#branch                         1.11301e-11
vsup#branch                       -0.000133046

 Reference value :  2.32351e-08
 Reference value :  1.00156e-07
 Reference value :  1.77132e-07
 Reference value :  2.51608e-07
 Reference value :  3.24030e-07
 Reference value :  4.00046e-07
 Reference value :  4.71525e-07
 Reference value :  5.47650e-07
 Reference value :  6.20268e-07
 Reference value :  6.98650e-07
 Reference value :  7.72932e-07
 Reference value :  8.50126e-07
 Reference value :  9.21333e-07
No. of Data Rows : 10732
dlev0               =  1.61904e-05
dlev1               =  1.64893e-05
dlev2               =  1.64205e-05
dlev3               =  1.63575e-05
dlev4               =  1.63021e-05
dlev5               =  1.52031e-05
dlev6               =  1.50666e-05
dlev7               =  1.49401e-05
dlev8               =  1.48229e-05
dlev9               =  1.47506e-05
dlev10              =  1.46500e-05
dlev11              =  1.45554e-05
dlev12              =  1.44651e-05
dlev13              =  1.43765e-05
dlev14              =  1.43283e-05
dlev15              =  9.99974e-01
dlev16              =  9.99976e-01
dlev17              =  9.99976e-01
dlev18              =  9.99976e-01
dlev19              =  9.99976e-01
dlev20              =  9.99976e-01
dlev21              =  9.99976e-01
dlev22              =  9.99976e-01
dlev23              =  9.99976e-01
dlev24              =  9.99976e-01
dlev25              =  9.99976e-01
dlev26              =  9.99976e-01
dlev27              =  9.99976e-01
dlev28              =  9.99976e-01
dlev29              =  9.99976e-01
dlev30              =  9.99976e-01
dlev31              =  9.99976e-01
dlev32              =  9.99976e-01
vos = -4.499368855e-03
lowcount = 1.5000210382e+01
vbias               =  2.05916e-01
Reset re-loads circuit * comparator-offset-transient-mc @ ff_mismatch_125c_1.08v -- generated by sim/harness, do not edit

Circuit: * comparator-offset-transient-mc @ ff_mismatch_125c_1.08v -- generated by sim/harness, do not edit

Doing analysis at TEMP = 125.000000 and TNOM = 27.000000

Using SPARSE 1.3 as Direct Linear Solver

Initial Transient Solution
--------------------------

Node                                   Voltage
----                                   -------
vdd                                       1.08
cm                                         0.6
vd                                      -0.048
ap                                       0.576
an                                       0.624
clk                                          0
ibn                                    0.20679
xa.x1.tmid                         0.000325319
xa.x1.tail                            0.568799
xa.x1.np                               1.07991
xa.x1.nn                               1.07973
xa.x1.ln                                  1.08
xa.x1.lp                                  1.08
xa.x1.lnb                          1.98982e-05
xa.x1.lpb                          2.29276e-05
xa.x1.na                               1.07999
doutb                                  1.07998
dout                               2.94938e-05
xa.x1.nb                               1.07998
doutn                              2.73091e-05
bdoutn#branch                                0
ean#branch                         4.80205e-12
eap#branch                         6.33676e-12
vclk#branch                        1.12683e-09
vd#branch                                    0
vcm#branch                         1.11388e-11
vsup#branch                       -2.07133e-05

 Reference value :  0.00000e+00
 Reference value :  7.31062e-08
 Reference value :  1.47134e-07
 Reference value :  2.24209e-07
 Reference value :  3.00000e-07
 Reference value :  3.75711e-07
 Reference value :  4.51650e-07
 Reference value :  5.26711e-07
 Reference value :  5.98928e-07
 Reference value :  6.71611e-07
 Reference value :  7.42829e-07
 Reference value :  8.24607e-07
 Reference value :  8.99629e-07
 Reference value :  9.71706e-07
No. of Data Rows : 10734
dlev0               =  2.76069e-05
dlev1               =  2.05687e-05
dlev2               =  2.05048e-05
dlev3               =  2.04454e-05
dlev4               =  2.03903e-05
dlev5               =  2.03798e-05
dlev6               =  2.03338e-05
dlev7               =  2.02914e-05
dlev8               =  2.02117e-05
dlev9               =  2.00750e-05
dlev10              =  1.99505e-05
dlev11              =  1.98373e-05
dlev12              =  1.97321e-05
dlev13              =  1.96325e-05
dlev14              =  1.95369e-05
dlev15              =  1.94476e-05
dlev16              =  9.99976e-01
dlev17              =  9.99977e-01
dlev18              =  9.99977e-01
dlev19              =  9.99977e-01
dlev20              =  9.99977e-01
dlev21              =  9.99977e-01
dlev22              =  9.99977e-01
dlev23              =  9.99977e-01
dlev24              =  9.99977e-01
dlev25              =  9.99977e-01
dlev26              =  9.99977e-01
dlev27              =  9.99977e-01
dlev28              =  9.99977e-01
dlev29              =  9.99976e-01
dlev30              =  9.99976e-01
dlev31              =  9.99976e-01
dlev32              =  9.99976e-01
vos = -1.499793434e-03
lowcount = 1.6000068855e+01
vbias               =  2.06790e-01
Reset re-loads circuit * comparator-offset-transient-mc @ ff_mismatch_125c_1.08v -- generated by sim/harness, do not edit

Circuit: * comparator-offset-transient-mc @ ff_mismatch_125c_1.08v -- generated by sim/harness, do not edit

Doing analysis at TEMP = 125.000000 and TNOM = 27.000000

Using SPARSE 1.3 as Direct Linear Solver

Initial Transient Solution
--------------------------

Node                                   Voltage
----                                   -------
vdd                                       1.08
cm                                         0.6
vd                                      -0.048
ap                                       0.576
an                                       0.624
clk                                          0
ibn                                   0.208297
xa.x1.tmid                         0.000287886
xa.x1.tail                            0.572841
xa.x1.np                               1.07992
xa.x1.nn                               1.07974
xa.x1.ln                                  1.08
xa.x1.lp                                  1.08
xa.x1.lnb                          2.06509e-05
xa.x1.lpb                          1.95168e-05
xa.x1.na                               1.07999
doutb                                  1.07998
dout                               2.43777e-05
xa.x1.nb                               1.07998
doutn                              2.25719e-05
bdoutn#branch                                0
ean#branch                         4.81526e-12
eap#branch                         6.34315e-12
vclk#branch                        1.13873e-09
vd#branch                                    0
vcm#branch                         1.11584e-11
vsup#branch                       -2.06393e-05

 Reference value :  3.70500e-08
 Reference value :  1.12538e-07
 Reference value :  1.91602e-07
 Reference value :  2.72850e-07
 Reference value :  3.46506e-07
 Reference value :  4.22650e-07
 Reference value :  5.00371e-07
 Reference value :  5.80074e-07
 Reference value :  6.59870e-07
 Reference value :  7.36806e-07
 Reference value :  8.14050e-07
 Reference value :  8.90369e-07
 Reference value :  9.70100e-07
No. of Data Rows : 10732
dlev0               =  2.00279e-05
dlev1               =  1.65192e-05
dlev2               =  1.64279e-05
dlev3               =  1.63436e-05
dlev4               =  1.62664e-05
dlev5               =  1.61958e-05
dlev6               =  1.61310e-05
dlev7               =  1.60708e-05
dlev8               =  1.60152e-05
dlev9               =  1.59673e-05
dlev10              =  1.59343e-05
dlev11              =  1.59112e-05
dlev12              =  1.59203e-05
dlev13              =  1.59365e-05
dlev14              =  1.59487e-05
dlev15              =  1.59518e-05
dlev16              =  1.59158e-05
dlev17              =  9.99982e-01
dlev18              =  9.99982e-01
dlev19              =  9.99982e-01
dlev20              =  9.99982e-01
dlev21              =  9.99982e-01
dlev22              =  9.99982e-01
dlev23              =  9.99982e-01
dlev24              =  9.99982e-01
dlev25              =  9.99982e-01
dlev26              =  9.99982e-01
dlev27              =  9.99982e-01
dlev28              =  9.99982e-01
dlev29              =  9.99982e-01
dlev30              =  9.99982e-01
dlev31              =  9.99982e-01
dlev32              =  9.99982e-01
vos = 1.5000207489e-03
lowcount = 1.7000006916e+01
vbias               =  2.08297e-01
Reset re-loads circuit * comparator-offset-transient-mc @ ff_mismatch_125c_1.08v -- generated by sim/harness, do not edit

Circuit: * comparator-offset-transient-mc @ ff_mismatch_125c_1.08v -- generated by sim/harness, do not edit

Doing analysis at TEMP = 125.000000 and TNOM = 27.000000

Using SPARSE 1.3 as Direct Linear Solver

Initial Transient Solution
--------------------------

Node                                   Voltage
----                                   -------
vdd                                       1.08
cm                                         0.6
vd                                      -0.048
ap                                       0.576
an                                       0.624
clk                                          0
ibn                                   0.207106
xa.x1.tmid                         0.000298795
xa.x1.tail                            0.571499
xa.x1.np                               1.07992
xa.x1.nn                               1.07975
xa.x1.ln                                  1.08
xa.x1.lp                                  1.08
xa.x1.lnb                           2.1999e-05
xa.x1.lpb                          1.90204e-05
xa.x1.na                               1.05222
doutb                                 0.560839
dout                                  0.554865
xa.x1.nb                               1.05347
doutn                                 0.513764
bdoutn#branch                                0
ean#branch                         4.81032e-12
eap#branch                         6.33629e-12
vclk#branch                        1.13021e-09
vd#branch                                    0
vcm#branch                         1.11466e-11
vsup#branch                       -0.000131843

 Reference value :  3.81500e-08
 Reference value :  1.14534e-07
 Reference value :  1.92106e-07
 Reference value :  2.69935e-07
 Reference value :  3.43807e-07
 Reference value :  4.18833e-07
 Reference value :  4.95561e-07
 Reference value :  5.67735e-07
 Reference value :  6.43607e-07
 Reference value :  7.19810e-07
 Reference value :  7.93304e-07
 Reference value :  8.68436e-07
 Reference value :  9.43301e-07
No. of Data Rows : 10734
dlev0               =  2.28005e-05
dlev1               =  1.64659e-05
dlev2               =  1.64210e-05
dlev3               =  1.63802e-05
dlev4               =  1.63430e-05
dlev5               =  1.63107e-05
dlev6               =  1.62833e-05
dlev7               =  1.62643e-05
dlev8               =  1.62580e-05
dlev9               =  1.62662e-05
dlev10              =  1.62853e-05
dlev11              =  1.63093e-05
dlev12              =  1.63336e-05
dlev13              =  1.63569e-05
dlev14              =  1.63718e-05
dlev15              =  1.63970e-05
dlev16              =  9.99976e-01
dlev17              =  9.99978e-01
dlev18              =  9.99978e-01
dlev19              =  9.99978e-01
dlev20              =  9.99977e-01
dlev21              =  9.99977e-01
dlev22              =  9.99977e-01
dlev23              =  9.99977e-01
dlev24              =  9.99977e-01
dlev25              =  9.99977e-01
dlev26              =  9.99977e-01
dlev27              =  9.99977e-01
dlev28              =  9.99977e-01
dlev29              =  9.99977e-01
dlev30              =  9.99977e-01
dlev31              =  9.99978e-01
dlev32              =  9.99978e-01
vos = -1.499649741e-03
lowcount = 1.6000116753e+01
vbias               =  2.07106e-01
Reset re-loads circuit * comparator-offset-transient-mc @ ff_mismatch_125c_1.08v -- generated by sim/harness, do not edit

Circuit: * comparator-offset-transient-mc @ ff_mismatch_125c_1.08v -- generated by sim/harness, do not edit

Doing analysis at TEMP = 125.000000 and TNOM = 27.000000

Using SPARSE 1.3 as Direct Linear Solver

Initial Transient Solution
--------------------------

Node                                   Voltage
----                                   -------
vdd                                       1.08
cm                                         0.6
vd                                      -0.048
ap                                       0.576
an                                       0.624
clk                                          0
ibn                                   0.207601
xa.x1.tmid                         0.000285307
xa.x1.tail                            0.572201
xa.x1.np                               1.07992
xa.x1.nn                               1.07976
xa.x1.ln                                  1.08
xa.x1.lp                                  1.08
xa.x1.lnb                          2.06521e-05
xa.x1.lpb                          2.37586e-05
xa.x1.na                               1.05458
doutb                                 0.557099
dout                                  0.568314
xa.x1.nb                               1.05234
doutn                                 0.526217
bdoutn#branch                                0
ean#branch                         4.81715e-12
eap#branch                         6.34373e-12
vclk#branch                        1.13295e-09
vd#branch                                    0
vcm#branch                         1.11609e-11
vsup#branch                       -0.000128912

 Reference value :  1.13844e-08
 Reference value :  9.11500e-08
 Reference value :  1.68704e-07
 Reference value :  2.45350e-07
 Reference value :  3.23540e-07
 Reference value :  4.04907e-07
 Reference value :  4.80250e-07
 Reference value :  5.60009e-07
 Reference value :  6.38250e-07
 Reference value :  7.10362e-07
 Reference value :  7.85650e-07
 Reference value :  8.60295e-07
 Reference value :  9.38850e-07
No. of Data Rows : 10732
dlev0               =  2.03866e-05
dlev1               =  1.92780e-05
dlev2               =  1.91368e-05
dlev3               =  1.90020e-05
dlev4               =  1.88735e-05
dlev5               =  1.87505e-05
dlev6               =  1.86323e-05
dlev7               =  1.85195e-05
dlev8               =  1.84161e-05
dlev9               =  1.83280e-05
dlev10              =  1.82555e-05
dlev11              =  1.81908e-05
dlev12              =  1.81274e-05
dlev13              =  1.80813e-05
dlev14              =  1.80122e-05
dlev15              =  9.99976e-01
dlev16              =  9.99978e-01
dlev17              =  9.99978e-01
dlev18              =  9.99977e-01
dlev19              =  9.99977e-01
dlev20              =  9.99977e-01
dlev21              =  9.99977e-01
dlev22              =  9.99977e-01
dlev23              =  9.99977e-01
dlev24              =  9.99977e-01
dlev25              =  9.99977e-01
dlev26              =  9.99977e-01
dlev27              =  9.99977e-01
dlev28              =  9.99977e-01
dlev29              =  9.99977e-01
dlev30              =  9.99977e-01
dlev31              =  9.99977e-01
dlev32              =  9.99977e-01
vos = -4.499605471e-03
lowcount = 1.5000131510e+01
vbias               =  2.07601e-01
Reset re-loads circuit * comparator-offset-transient-mc @ ff_mismatch_125c_1.08v -- generated by sim/harness, do not edit

Circuit: * comparator-offset-transient-mc @ ff_mismatch_125c_1.08v -- generated by sim/harness, do not edit

Doing analysis at TEMP = 125.000000 and TNOM = 27.000000

Using SPARSE 1.3 as Direct Linear Solver

Initial Transient Solution
--------------------------

Node                                   Voltage
----                                   -------
vdd                                       1.08
cm                                         0.6
vd                                      -0.048
ap                                       0.576
an                                       0.624
clk                                          0
ibn                                   0.206046
xa.x1.tmid                         0.000317771
xa.x1.tail                            0.570987
xa.x1.np                               1.07992
xa.x1.nn                               1.07973
xa.x1.ln                                  1.08
xa.x1.lp                                  1.08
xa.x1.lnb                          2.08932e-05
xa.x1.lpb                          1.80463e-05
xa.x1.na                               1.05321
doutb                                 0.566229
dout                                  0.564948
xa.x1.nb                               1.05344
doutn                                   0.5231
bdoutn#branch                                0
ean#branch                          4.8086e-12
eap#branch                         6.33912e-12
vclk#branch                        1.13049e-09
vd#branch                                    0
vcm#branch                         1.11477e-11
vsup#branch                       -0.000130155

 Reference value :  2.02800e-09
 Reference value :  7.53027e-08
 Reference value :  1.51250e-07
 Reference value :  2.28107e-07
 Reference value :  3.04050e-07
 Reference value :  3.80165e-07
 Reference value :  4.56550e-07
 Reference value :  5.30639e-07
 Reference value :  6.06150e-07
 Reference value :  6.83535e-07
 Reference value :  7.61807e-07
 Reference value :  8.36038e-07
 Reference value :  9.13302e-07
No. of Data Rows : 10732
dlev0               =  1.76729e-05
dlev1               =  2.06787e-05
dlev2               =  2.06275e-05
dlev3               =  2.05753e-05
dlev4               =  2.05290e-05
dlev5               =  2.04884e-05
dlev6               =  2.04547e-05
dlev7               =  2.04307e-05
dlev8               =  2.04205e-05
dlev9               =  2.04272e-05
dlev10              =  2.04499e-05
dlev11              =  2.04834e-05
dlev12              =  2.05215e-05
dlev13              =  2.05601e-05
dlev14              =  2.05979e-05
dlev15              =  2.06270e-05
dlev16              =  2.06401e-05
dlev17              =  2.07658e-05
dlev18              =  9.99975e-01
dlev19              =  9.99979e-01
dlev20              =  9.99979e-01
dlev21              =  9.99980e-01
dlev22              =  9.99980e-01
dlev23              =  9.99980e-01
dlev24              =  9.99980e-01
dlev25              =  9.99980e-01
dlev26              =  9.99980e-01
dlev27              =  9.99980e-01
dlev28              =  9.99980e-01
dlev29              =  9.99980e-01
dlev30              =  9.99980e-01
dlev31              =  9.99980e-01
dlev32              =  9.99980e-01
vos = 4.4998180482e-03
lowcount = 1.7999939349e+01
vbias               =  2.06046e-01
Reset re-loads circuit * comparator-offset-transient-mc @ ff_mismatch_125c_1.08v -- generated by sim/harness, do not edit

Circuit: * comparator-offset-transient-mc @ ff_mismatch_125c_1.08v -- generated by sim/harness, do not edit

Doing analysis at TEMP = 125.000000 and TNOM = 27.000000

Using SPARSE 1.3 as Direct Linear Solver

Initial Transient Solution
--------------------------

Node                                   Voltage
----                                   -------
vdd                                       1.08
cm                                         0.6
vd                                      -0.048
ap                                       0.576
an                                       0.624
clk                                          0
ibn                                   0.206261
xa.x1.tmid                         0.000298478
xa.x1.tail                              0.5704
xa.x1.np                               1.07992
xa.x1.nn                               1.07975
xa.x1.ln                                  1.08
xa.x1.lp                                  1.08
xa.x1.lnb                          1.69912e-05
xa.x1.lpb                           1.5931e-05
xa.x1.na                               1.07998
doutb                              2.48078e-05
dout                                   1.07998
xa.x1.nb                               1.07999
doutn                                 0.999984
bdoutn#branch                                0
ean#branch                         4.81132e-12
eap#branch                         6.33968e-12
vclk#branch                          1.127e-09
vd#branch                                    0
vcm#branch                          1.1151e-11
vsup#branch                       -2.06349e-05

 Reference value :  0.00000e+00
 Reference value :  7.34020e-08
 Reference value :  1.48335e-07
 Reference value :  2.22406e-07
 Reference value :  2.98333e-07
 Reference value :  3.72507e-07
 Reference value :  4.47331e-07
 Reference value :  5.20507e-07
 Reference value :  5.92830e-07
 Reference value :  6.70046e-07
 Reference value :  7.46931e-07
 Reference value :  8.24203e-07
 Reference value :  9.02250e-07
 Reference value :  9.80209e-07
No. of Data Rows : 10735
dlev0               =  1.74724e-05
dlev1               =  1.76618e-05
dlev2               =  1.75993e-05
dlev3               =  1.75596e-05
dlev4               =  1.74983e-05
dlev5               =  1.73932e-05
dlev6               =  1.72322e-05
dlev7               =  1.70824e-05
dlev8               =  1.69441e-05
dlev9               =  1.68164e-05
dlev10              =  1.66981e-05
dlev11              =  1.65882e-05
dlev12              =  1.64854e-05
dlev13              =  1.63857e-05
dlev14              =  1.63016e-05
dlev15              =  9.99980e-01
dlev16              =  9.99981e-01
dlev17              =  9.99980e-01
dlev18              =  9.99980e-01
dlev19              =  9.99980e-01
dlev20              =  9.99980e-01
dlev21              =  9.99980e-01
dlev22              =  9.99980e-01
dlev23              =  9.99980e-01
dlev24              =  9.99980e-01
dlev25              =  9.99980e-01
dlev26              =  9.99980e-01
dlev27              =  9.99980e-01
dlev28              =  9.99980e-01
dlev29              =  9.99980e-01
dlev30              =  9.99983e-01
dlev31              =  9.99980e-01
dlev32              =  9.99980e-01
vos = -4.499709656e-03
lowcount = 1.5000096781e+01
vbias               =  2.06261e-01
Reset re-loads circuit * comparator-offset-transient-mc @ ff_mismatch_125c_1.08v -- generated by sim/harness, do not edit

Circuit: * comparator-offset-transient-mc @ ff_mismatch_125c_1.08v -- generated by sim/harness, do not edit

Doing analysis at TEMP = 125.000000 and TNOM = 27.000000

Using SPARSE 1.3 as Direct Linear Solver

Initial Transient Solution
--------------------------

Node                                   Voltage
----                                   -------
vdd                                       1.08
cm                                         0.6
vd                                      -0.048
ap                                       0.576
an                                       0.624
clk                                          0
ibn                                   0.204682
xa.x1.tmid                         0.000313464
xa.x1.tail                            0.569552
xa.x1.np                               1.07991
xa.x1.nn                               1.07974
xa.x1.ln                                  1.08
xa.x1.lp                                  1.08
xa.x1.lnb                          2.02957e-05
xa.x1.lpb                          2.65089e-05
xa.x1.na                               1.05489
doutb                                 0.568396
dout                                  0.570037
xa.x1.nb                               1.05493
doutn                                 0.527812
bdoutn#branch                                0
ean#branch                         4.80893e-12
eap#branch                          6.3394e-12
vclk#branch                        1.13374e-09
vd#branch                                    0
vcm#branch                         1.11483e-11
vsup#branch                       -0.000122635

 Reference value :  4.41968e-08
 Reference value :  1.16555e-07
 Reference value :  1.90206e-07
 Reference value :  2.61930e-07
 Reference value :  3.38850e-07
 Reference value :  4.14828e-07
 Reference value :  4.90003e-07
 Reference value :  5.65037e-07
 Reference value :  6.40806e-07
 Reference value :  7.21450e-07
 Reference value :  8.01238e-07
 Reference value :  8.82303e-07
 Reference value :  9.59452e-07
No. of Data Rows : 10755
dlev0               =  2.05307e-05
dlev1               =  2.09429e-05
dlev2               =  2.09281e-05
dlev3               =  2.09167e-05
dlev4               =  2.09100e-05
dlev5               =  2.09091e-05
dlev6               =  1.34365e-05
dlev7               =  1.33259e-05
dlev8               =  1.32255e-05
dlev9               =  1.31368e-05
dlev10              =  1.30608e-05
dlev11              =  1.29962e-05
dlev12              =  1.29402e-05
dlev13              =  1.28901e-05
dlev14              =  1.28455e-05
dlev15              =  1.28010e-05
dlev16              =  1.27885e-05
dlev17              =  9.99979e-01
dlev18              =  9.99981e-01
dlev19              =  9.99981e-01
dlev20              =  9.99981e-01
dlev21              =  9.99981e-01
dlev22              =  9.99981e-01
dlev23              =  9.99981e-01
dlev24              =  9.99981e-01
dlev25              =  9.99981e-01
dlev26              =  9.99981e-01
dlev27              =  9.99981e-01
dlev28              =  9.99981e-01
dlev29              =  9.99981e-01
dlev30              =  9.99981e-01
dlev31              =  9.99984e-01
dlev32              =  9.99984e-01
vos = 1.5001086469e-03
lowcount = 1.7000036216e+01
vbias               =  2.04682e-01
Reset re-loads circuit * comparator-offset-transient-mc @ ff_mismatch_125c_1.08v -- generated by sim/harness, do not edit

Circuit: * comparator-offset-transient-mc @ ff_mismatch_125c_1.08v -- generated by sim/harness, do not edit

Doing analysis at TEMP = 125.000000 and TNOM = 27.000000

Using SPARSE 1.3 as Direct Linear Solver

Initial Transient Solution
--------------------------

Node                                   Voltage
----                                   -------
vdd                                       1.08
cm                                         0.6
vd                                      -0.048
ap                                       0.576
an                                       0.624
clk                                          0
ibn                                   0.204765
xa.x1.tmid                         0.000345252
xa.x1.tail                            0.570349
xa.x1.np                               1.07991
xa.x1.nn                               1.07971
xa.x1.ln                                  1.08
xa.x1.lp                                  1.08
xa.x1.lnb                          2.69169e-05
xa.x1.lpb                          1.77869e-05
xa.x1.na                               1.07999
doutb                                  1.07998
dout                               2.95859e-05
xa.x1.nb                               1.07998
doutn                              2.73943e-05
bdoutn#branch                                0
ean#branch                         4.80341e-12
eap#branch                         6.34043e-12
vclk#branch                         1.1339e-09
vd#branch                                    0
vcm#branch                         1.11438e-11
vsup#branch                       -2.07283e-05

 Reference value :  2.30518e-08
 Reference value :  9.89500e-08
 Reference value :  1.71838e-07
 Reference value :  2.49650e-07
 Reference value :  3.21336e-07
 Reference value :  3.98050e-07
 Reference value :  4.70435e-07
 Reference value :  5.48650e-07
 Reference value :  6.21139e-07
 Reference value :  6.98650e-07
 Reference value :  7.71939e-07
 Reference value :  8.51205e-07
 Reference value :  9.28139e-07
No. of Data Rows : 10734
dlev0               =  2.76822e-05
dlev1               =  2.20476e-05
dlev2               =  2.18550e-05
dlev3               =  2.16696e-05
dlev4               =  2.14920e-05
dlev5               =  2.13226e-05
dlev6               =  2.11628e-05
dlev7               =  2.10136e-05
dlev8               =  2.08755e-05
dlev9               =  2.07477e-05
dlev10              =  2.06291e-05
dlev11              =  2.05182e-05
dlev12              =  2.04145e-05
dlev13              =  2.03173e-05
dlev14              =  2.02204e-05
dlev15              =  2.01278e-05
dlev16              =  2.00501e-05
dlev17              =  9.99976e-01
dlev18              =  9.99982e-01
dlev19              =  9.99982e-01
dlev20              =  9.99982e-01
dlev21              =  9.99982e-01
dlev22              =  9.99982e-01
dlev23              =  9.99982e-01
dlev24              =  9.99982e-01
dlev25              =  9.99982e-01
dlev26              =  9.99982e-01
dlev27              =  9.99982e-01
dlev28              =  9.99982e-01
dlev29              =  9.99982e-01
dlev30              =  9.99982e-01
dlev31              =  9.99982e-01
dlev32              =  9.99982e-01
vos = 1.4997952614e-03
lowcount = 1.6999931754e+01
vbias               =  2.04765e-01
m_n_samples = 6.0000000000e+01
m_n_out_of_range = 0.0000000000e+00
m_sig_vos_raw_mv = 3.3074575655e+00
m_sig_vos_mv = 3.1920644648e+00
m_vos_3sig_mv = 9.5761933943e+00
m_mean_vos_uv = -9.989950721e+01
m_mean_vos_sem = -2.339616579e-01
m_vbias_anchor_mv = 2.0476490000e+02
Note: Simulation executed from .control section 

