
Note: No compatibility mode selected!


Circuit: * comparator-offset-transient-mc @ ff_mismatch_-40c_1.08v -- generated by sim/harness, do not edit

Reset re-loads circuit * comparator-offset-transient-mc @ ff_mismatch_-40c_1.08v -- generated by sim/harness, do not edit

Circuit: * comparator-offset-transient-mc @ ff_mismatch_-40c_1.08v -- generated by sim/harness, do not edit

Doing analysis at TEMP = -40.000000 and TNOM = 27.000000

Using SPARSE 1.3 as Direct Linear Solver

Initial Transient Solution
--------------------------

Node                                   Voltage
----                                   -------
vdd                                       1.08
cm                                         0.6
vd                                      -0.048
ap                                       0.576
an                                       0.624
clk                                          0
ibn                                   0.301521
xa.x1.tmid                         2.37239e-07
xa.x1.tail                             0.56044
xa.x1.np                                  1.08
xa.x1.nn                                  1.08
xa.x1.ln                                  1.08
xa.x1.lp                                  1.08
xa.x1.lnb                          8.03475e-08
xa.x1.lpb                          7.65632e-08
xa.x1.na                               1.06919
doutb                                 0.558383
dout                                   0.56617
xa.x1.nb                               1.06893
doutn                                 0.524231
bdoutn#branch                                0
ean#branch                         1.03909e-12
eap#branch                         1.36505e-12
vclk#branch                        4.58635e-10
vd#branch                                    0
vcm#branch                         2.40413e-12
vsup#branch                        -7.1171e-05

 Reference value :  1.11160e-08
 Reference value :  8.83127e-08
 Reference value :  1.65139e-07
 Reference value :  2.42550e-07
 Reference value :  3.21216e-07
 Reference value :  4.00103e-07
 Reference value :  4.77614e-07
 Reference value :  5.52046e-07
 Reference value :  6.31550e-07
 Reference value :  7.12215e-07
 Reference value :  7.92043e-07
 Reference value :  8.72550e-07
 Reference value :  9.50419e-07
No. of Data Rows : 10767
dlev0               =  -1.86567e-05
dlev1               =  -3.57912e-05
dlev2               =  -3.51717e-05
dlev3               =  -3.49494e-05
dlev4               =  -3.44621e-05
dlev5               =  -3.43298e-05
dlev6               =  -3.34308e-05
dlev7               =  -3.24388e-05
dlev8               =  -3.13814e-05
dlev9               =  -3.11157e-05
dlev10              =  -3.11905e-05
dlev11              =  -3.11954e-05
dlev12              =  -3.12597e-05
dlev13              =  -3.14019e-05
dlev14              =  -3.21745e-05
dlev15              =  -3.22227e-05
dlev16              =  -3.16099e-05
dlev17              =  9.99990e-01
dlev18              =  9.99983e-01
dlev19              =  9.99982e-01
dlev20              =  9.99982e-01
dlev21              =  9.99983e-01
dlev22              =  9.99983e-01
dlev23              =  9.99983e-01
dlev24              =  9.99983e-01
dlev25              =  9.99982e-01
dlev26              =  9.99981e-01
dlev27              =  9.99981e-01
dlev28              =  9.99980e-01
dlev29              =  9.99980e-01
dlev30              =  9.99980e-01
dlev31              =  9.99980e-01
dlev32              =  9.99980e-01
vos = 1.5024947464e-03
lowcount = 1.7000831582e+01
vbias               =  3.01521e-01
Reset re-loads circuit * comparator-offset-transient-mc @ ff_mismatch_-40c_1.08v -- generated by sim/harness, do not edit

Circuit: * comparator-offset-transient-mc @ ff_mismatch_-40c_1.08v -- generated by sim/harness, do not edit

Doing analysis at TEMP = -40.000000 and TNOM = 27.000000

Using SPARSE 1.3 as Direct Linear Solver

Initial Transient Solution
--------------------------

Node                                   Voltage
----                                   -------
vdd                                       1.08
cm                                         0.6
vd                                      -0.048
ap                                       0.576
an                                       0.624
clk                                          0
ibn                                    0.30249
xa.x1.tmid                         2.20323e-07
xa.x1.tail                            0.560597
xa.x1.np                                  1.08
xa.x1.nn                                  1.08
xa.x1.ln                                  1.08
xa.x1.lp                                  1.08
xa.x1.lnb                           7.6995e-08
xa.x1.lpb                           7.7265e-08
xa.x1.na                                  1.08
doutb                                     1.08
dout                               8.61533e-08
xa.x1.nb                                  1.08
doutn                              7.97715e-08
bdoutn#branch                                0
ean#branch                         1.03942e-12
eap#branch                         1.36607e-12
vclk#branch                         4.6058e-10
vd#branch                                    0
vcm#branch                         2.40549e-12
vsup#branch                       -2.00017e-05

 Reference value :  2.07155e-08
 Reference value :  1.01816e-07
 Reference value :  1.81550e-07
 Reference value :  2.60418e-07
 Reference value :  3.41742e-07
 Reference value :  4.22450e-07
 Reference value :  5.00200e-07
 Reference value :  5.80445e-07
 Reference value :  6.58912e-07
 Reference value :  7.39927e-07
 Reference value :  8.20619e-07
 Reference value :  9.03050e-07
 Reference value :  9.83315e-07
No. of Data Rows : 10765
dlev0               =  -3.15666e-05
dlev1               =  -3.38671e-05
dlev2               =  -3.28123e-05
dlev3               =  -3.24315e-05
dlev4               =  -3.16289e-05
dlev5               =  -3.07946e-05
dlev6               =  -2.98536e-05
dlev7               =  -2.88106e-05
dlev8               =  -2.83071e-05
dlev9               =  -2.83347e-05
dlev10              =  -2.83026e-05
dlev11              =  -2.83059e-05
dlev12              =  -2.82780e-05
dlev13              =  -2.83824e-05
dlev14              =  -2.92294e-05
dlev15              =  -2.91063e-05
dlev16              =  9.99989e-01
dlev17              =  9.99982e-01
dlev18              =  9.99983e-01
dlev19              =  9.99982e-01
dlev20              =  9.99982e-01
dlev21              =  9.99982e-01
dlev22              =  9.99982e-01
dlev23              =  9.99982e-01
dlev24              =  9.99982e-01
dlev25              =  9.99981e-01
dlev26              =  9.99981e-01
dlev27              =  9.99981e-01
dlev28              =  9.99981e-01
dlev29              =  9.99981e-01
dlev30              =  9.99981e-01
dlev31              =  9.99981e-01
dlev32              =  9.99981e-01
vos = -1.497650365e-03
lowcount = 1.6000783212e+01
vbias               =  3.02490e-01
Reset re-loads circuit * comparator-offset-transient-mc @ ff_mismatch_-40c_1.08v -- generated by sim/harness, do not edit

Circuit: * comparator-offset-transient-mc @ ff_mismatch_-40c_1.08v -- generated by sim/harness, do not edit

Doing analysis at TEMP = -40.000000 and TNOM = 27.000000

Using SPARSE 1.3 as Direct Linear Solver

Initial Transient Solution
--------------------------

Node                                   Voltage
----                                   -------
vdd                                       1.08
cm                                         0.6
vd                                      -0.048
ap                                       0.576
an                                       0.624
clk                                          0
ibn                                    0.30165
xa.x1.tmid                          2.2024e-07
xa.x1.tail                            0.561738
xa.x1.np                                  1.08
xa.x1.nn                                  1.08
xa.x1.ln                                  1.08
xa.x1.lp                                  1.08
xa.x1.lnb                          8.06631e-08
xa.x1.lpb                          8.12589e-08
xa.x1.na                                  1.08
doutb                               8.2696e-08
dout                                      1.08
xa.x1.nb                                  1.08
doutn                                        1
bdoutn#branch                                0
ean#branch                         1.04028e-12
eap#branch                         1.36666e-12
vclk#branch                        4.53612e-10
vd#branch                                    0
vcm#branch                         2.40694e-12
vsup#branch                       -2.00017e-05

 Reference value :  5.56138e-08
 Reference value :  1.39425e-07
 Reference value :  2.21434e-07
 Reference value :  3.08150e-07
 Reference value :  3.84612e-07
 Reference value :  4.65145e-07
 Reference value :  5.43550e-07
 Reference value :  6.24712e-07
 Reference value :  7.04442e-07
 Reference value :  7.81550e-07
 Reference value :  8.57527e-07
 Reference value :  9.33450e-07
No. of Data Rows : 10767
dlev0               =  -1.62405e-05
dlev1               =  -3.33564e-05
dlev2               =  -3.29667e-05
dlev3               =  -3.27107e-05
dlev4               =  -3.28859e-05
dlev5               =  -3.30254e-05
dlev6               =  -3.30558e-05
dlev7               =  -3.30141e-05
dlev8               =  -3.30643e-05
dlev9               =  -3.30086e-05
dlev10              =  -3.28275e-05
dlev11              =  -3.27029e-05
dlev12              =  -3.26417e-05
dlev13              =  -3.29443e-05
dlev14              =  -3.35687e-05
dlev15              =  -3.25318e-05
dlev16              =  9.99986e-01
dlev17              =  9.99984e-01
dlev18              =  9.99984e-01
dlev19              =  9.99984e-01
dlev20              =  9.99984e-01
dlev21              =  9.99984e-01
dlev22              =  9.99983e-01
dlev23              =  9.99983e-01
dlev24              =  9.99983e-01
dlev25              =  9.99983e-01
dlev26              =  9.99983e-01
dlev27              =  9.99983e-01
dlev28              =  9.99983e-01
dlev29              =  9.99983e-01
dlev30              =  9.99983e-01
dlev31              =  9.99983e-01
dlev32              =  9.99983e-01
vos = -1.497614564e-03
lowcount = 1.6000795145e+01
vbias               =  3.01650e-01
Reset re-loads circuit * comparator-offset-transient-mc @ ff_mismatch_-40c_1.08v -- generated by sim/harness, do not edit

Circuit: * comparator-offset-transient-mc @ ff_mismatch_-40c_1.08v -- generated by sim/harness, do not edit

Doing analysis at TEMP = -40.000000 and TNOM = 27.000000

Using SPARSE 1.3 as Direct Linear Solver

Initial Transient Solution
--------------------------

Node                                   Voltage
----                                   -------
vdd                                       1.08
cm                                         0.6
vd                                      -0.048
ap                                       0.576
an                                       0.624
clk                                          0
ibn                                   0.298206
xa.x1.tmid                         2.20635e-07
xa.x1.tail                             0.56202
xa.x1.np                                  1.08
xa.x1.nn                                  1.08
xa.x1.ln                                  1.08
xa.x1.lp                                  1.08
xa.x1.lnb                          7.68705e-08
xa.x1.lpb                          8.28435e-08
xa.x1.na                                  1.08
doutb                               8.5156e-08
dout                                      1.08
xa.x1.nb                                  1.08
doutn                                        1
bdoutn#branch                                0
ean#branch                         1.04011e-12
eap#branch                         1.36693e-12
vclk#branch                        4.54365e-10
vd#branch                                    0
vcm#branch                         2.40705e-12
vsup#branch                       -2.00017e-05

 Reference value :  5.82800e-09
 Reference value :  8.67131e-08
 Reference value :  1.70291e-07
 Reference value :  2.50641e-07
 Reference value :  3.29810e-07
 Reference value :  4.09441e-07
 Reference value :  4.85050e-07
 Reference value :  5.60319e-07
 Reference value :  6.40100e-07
 Reference value :  7.18714e-07
 Reference value :  7.98236e-07
 Reference value :  8.73450e-07
 Reference value :  9.50815e-07
No. of Data Rows : 10766
dlev0               =  -2.71773e-05
dlev1               =  -3.42740e-05
dlev2               =  -3.41022e-05
dlev3               =  -3.40162e-05
dlev4               =  -3.40003e-05
dlev5               =  -3.40354e-05
dlev6               =  -3.39296e-05
dlev7               =  -3.34300e-05
dlev8               =  -3.29429e-05
dlev9               =  -3.27563e-05
dlev10              =  -3.37808e-05
dlev11              =  -3.54749e-05
dlev12              =  -3.41004e-05
dlev13              =  -3.17671e-05
dlev14              =  -3.17078e-05
dlev15              =  -3.16431e-05
dlev16              =  9.99985e-01
dlev17              =  9.99986e-01
dlev18              =  9.99986e-01
dlev19              =  9.99986e-01
dlev20              =  9.99985e-01
dlev21              =  9.99985e-01
dlev22              =  9.99985e-01
dlev23              =  9.99985e-01
dlev24              =  9.99985e-01
dlev25              =  9.99985e-01
dlev26              =  9.99985e-01
dlev27              =  9.99985e-01
dlev28              =  9.99985e-01
dlev29              =  9.99984e-01
dlev30              =  9.99984e-01
dlev31              =  9.99984e-01
dlev32              =  9.99984e-01
vos = -1.497648486e-03
lowcount = 1.6000783838e+01
vbias               =  2.98206e-01
Reset re-loads circuit * comparator-offset-transient-mc @ ff_mismatch_-40c_1.08v -- generated by sim/harness, do not edit

Circuit: * comparator-offset-transient-mc @ ff_mismatch_-40c_1.08v -- generated by sim/harness, do not edit

Doing analysis at TEMP = -40.000000 and TNOM = 27.000000

Using SPARSE 1.3 as Direct Linear Solver

Initial Transient Solution
--------------------------

Node                                   Voltage
----                                   -------
vdd                                       1.08
cm                                         0.6
vd                                      -0.048
ap                                       0.576
an                                       0.624
clk                                          0
ibn                                    0.30063
xa.x1.tmid                         2.22243e-07
xa.x1.tail                             0.56098
xa.x1.np                                  1.08
xa.x1.nn                                  1.08
xa.x1.ln                                  1.08
xa.x1.lp                                  1.08
xa.x1.lnb                          8.20048e-08
xa.x1.lpb                          7.72067e-08
xa.x1.na                               1.06954
doutb                                 0.565947
dout                                  0.564946
xa.x1.nb                               1.06916
doutn                                 0.523098
bdoutn#branch                                0
ean#branch                         1.03997e-12
eap#branch                          1.3661e-12
vclk#branch                        4.54637e-10
vd#branch                                    0
vcm#branch                         2.40608e-12
vsup#branch                       -7.03602e-05

 Reference value :  1.97002e-08
 Reference value :  9.72500e-08
 Reference value :  1.72211e-07
 Reference value :  2.52544e-07
 Reference value :  3.29512e-07
 Reference value :  4.09046e-07
 Reference value :  4.90446e-07
 Reference value :  5.65808e-07
 Reference value :  6.45641e-07
 Reference value :  7.26050e-07
 Reference value :  8.03508e-07
 Reference value :  8.80828e-07
 Reference value :  9.56808e-07
No. of Data Rows : 10764
dlev0               =  -2.78658e-05
dlev1               =  -2.82133e-05
dlev2               =  -2.78893e-05
dlev3               =  -2.75440e-05
dlev4               =  -2.73381e-05
dlev5               =  -2.67988e-05
dlev6               =  -2.62211e-05
dlev7               =  -2.56166e-05
dlev8               =  -2.49994e-05
dlev9               =  -2.43780e-05
dlev10              =  -2.37833e-05
dlev11              =  -2.32646e-05
dlev12              =  -2.28876e-05
dlev13              =  -2.34811e-05
dlev14              =  -2.29187e-05
dlev15              =  -2.11930e-05
dlev16              =  9.99987e-01
dlev17              =  9.99989e-01
dlev18              =  9.99988e-01
dlev19              =  9.99988e-01
dlev20              =  9.99988e-01
dlev21              =  9.99988e-01
dlev22              =  9.99987e-01
dlev23              =  9.99987e-01
dlev24              =  9.99986e-01
dlev25              =  9.99986e-01
dlev26              =  9.99985e-01
dlev27              =  9.99985e-01
dlev28              =  9.99985e-01
dlev29              =  9.99984e-01
dlev30              =  9.99984e-01
dlev31              =  9.99984e-01
dlev32              =  9.99983e-01
vos = -1.498080022e-03
lowcount = 1.6000639993e+01
vbias               =  3.00630e-01
Reset re-loads circuit * comparator-offset-transient-mc @ ff_mismatch_-40c_1.08v -- generated by sim/harness, do not edit

Circuit: * comparator-offset-transient-mc @ ff_mismatch_-40c_1.08v -- generated by sim/harness, do not edit

Doing analysis at TEMP = -40.000000 and TNOM = 27.000000

Using SPARSE 1.3 as Direct Linear Solver

Initial Transient Solution
--------------------------

Node                                   Voltage
----                                   -------
vdd                                       1.08
cm                                         0.6
vd                                      -0.048
ap                                       0.576
an                                       0.624
clk                                          0
ibn                                   0.300255
xa.x1.tmid                         2.10378e-07
xa.x1.tail                            0.562495
xa.x1.np                                  1.08
xa.x1.nn                                  1.08
xa.x1.ln                                  1.08
xa.x1.lp                                  1.08
xa.x1.lnb                          7.64143e-08
xa.x1.lpb                          7.81639e-08
xa.x1.na                               1.06874
doutb                                 0.570005
dout                                  0.563202
xa.x1.nb                               1.06928
doutn                                 0.521483
bdoutn#branch                                0
ean#branch                         1.04008e-12
eap#branch                         1.36613e-12
vclk#branch                        4.54723e-10
vd#branch                                    0
vcm#branch                         2.40621e-12
vsup#branch                       -7.15182e-05

 Reference value :  2.13145e-08
 Reference value :  1.00831e-07
 Reference value :  1.79414e-07
 Reference value :  2.56139e-07
 Reference value :  3.35650e-07
 Reference value :  4.13813e-07
 Reference value :  4.94543e-07
 Reference value :  5.78950e-07
 Reference value :  6.59619e-07
 Reference value :  7.40293e-07
 Reference value :  8.20329e-07
 Reference value :  9.01350e-07
 Reference value :  9.80266e-07
No. of Data Rows : 10765
dlev0               =  -2.81556e-05
dlev1               =  -2.82605e-05
dlev2               =  -2.80588e-05
dlev3               =  -2.81117e-05
dlev4               =  -2.77253e-05
dlev5               =  -2.73060e-05
dlev6               =  -2.68740e-05
dlev7               =  -2.64511e-05
dlev8               =  -2.60506e-05
dlev9               =  -2.56673e-05
dlev10              =  -2.53603e-05
dlev11              =  -2.58512e-05
dlev12              =  -2.57888e-05
dlev13              =  -2.40713e-05
dlev14              =  -2.36035e-05
dlev15              =  9.99988e-01
dlev16              =  9.99984e-01
dlev17              =  9.99983e-01
dlev18              =  9.99984e-01
dlev19              =  9.99984e-01
dlev20              =  9.99984e-01
dlev21              =  9.99984e-01
dlev22              =  9.99984e-01
dlev23              =  9.99984e-01
dlev24              =  9.99984e-01
dlev25              =  9.99984e-01
dlev26              =  9.99984e-01
dlev27              =  9.99984e-01
dlev28              =  9.99984e-01
dlev29              =  9.99984e-01
dlev30              =  9.99984e-01
dlev31              =  9.99984e-01
dlev32              =  9.99984e-01
vos = -4.497951492e-03
lowcount = 1.5000682836e+01
vbias               =  3.00255e-01
Reset re-loads circuit * comparator-offset-transient-mc @ ff_mismatch_-40c_1.08v -- generated by sim/harness, do not edit

Circuit: * comparator-offset-transient-mc @ ff_mismatch_-40c_1.08v -- generated by sim/harness, do not edit

Doing analysis at TEMP = -40.000000 and TNOM = 27.000000

Using SPARSE 1.3 as Direct Linear Solver

Initial Transient Solution
--------------------------

Node                                   Voltage
----                                   -------
vdd                                       1.08
cm                                         0.6
vd                                      -0.048
ap                                       0.576
an                                       0.624
clk                                          0
ibn                                   0.301851
xa.x1.tmid                         1.99883e-07
xa.x1.tail                            0.564647
xa.x1.np                                  1.08
xa.x1.nn                                  1.08
xa.x1.ln                                  1.08
xa.x1.lp                                  1.08
xa.x1.lnb                          8.28427e-08
xa.x1.lpb                          7.63494e-08
xa.x1.na                               1.06802
doutb                                 0.561911
dout                                  0.553853
xa.x1.nb                                1.0685
doutn                                 0.512826
bdoutn#branch                                0
ean#branch                         1.04136e-12
eap#branch                         1.36716e-12
vclk#branch                        4.53944e-10
vd#branch                                    0
vcm#branch                         2.40852e-12
vsup#branch                       -7.33193e-05

 Reference value :  5.02658e-08
 Reference value :  1.30103e-07
 Reference value :  2.08309e-07
 Reference value :  2.90209e-07
 Reference value :  3.70244e-07
 Reference value :  4.47308e-07
 Reference value :  5.22044e-07
 Reference value :  6.03050e-07
 Reference value :  6.80513e-07
 Reference value :  7.59350e-07
 Reference value :  8.31913e-07
 Reference value :  9.10323e-07
 Reference value :  9.87714e-07
No. of Data Rows : 10771
dlev0               =  -3.35685e-05
dlev1               =  -3.33185e-05
dlev2               =  -3.32400e-05
dlev3               =  -3.30622e-05
dlev4               =  -3.28559e-05
dlev5               =  -3.26173e-05
dlev6               =  -3.23474e-05
dlev7               =  -3.20197e-05
dlev8               =  -3.17414e-05
dlev9               =  -3.12211e-05
dlev10              =  -3.07334e-05
dlev11              =  -3.02958e-05
dlev12              =  -2.98931e-05
dlev13              =  -2.98808e-05
dlev14              =  -3.06790e-05
dlev15              =  -2.85712e-05
dlev16              =  9.99994e-01
dlev17              =  9.99984e-01
dlev18              =  9.99983e-01
dlev19              =  9.99984e-01
dlev20              =  9.99983e-01
dlev21              =  9.99983e-01
dlev22              =  9.99983e-01
dlev23              =  9.99983e-01
dlev24              =  9.99983e-01
dlev25              =  9.99982e-01
dlev26              =  9.99982e-01
dlev27              =  9.99982e-01
dlev28              =  9.99982e-01
dlev29              =  9.99982e-01
dlev30              =  9.99982e-01
dlev31              =  9.99982e-01
dlev32              =  9.99982e-01
vos = -1.497630465e-03
lowcount = 1.6000789845e+01
vbias               =  3.01851e-01
Reset re-loads circuit * comparator-offset-transient-mc @ ff_mismatch_-40c_1.08v -- generated by sim/harness, do not edit

Circuit: * comparator-offset-transient-mc @ ff_mismatch_-40c_1.08v -- generated by sim/harness, do not edit

Doing analysis at TEMP = -40.000000 and TNOM = 27.000000

Using SPARSE 1.3 as Direct Linear Solver

Initial Transient Solution
--------------------------

Node                                   Voltage
----                                   -------
vdd                                       1.08
cm                                         0.6
vd                                      -0.048
ap                                       0.576
an                                       0.624
clk                                          0
ibn                                   0.303722
xa.x1.tmid                         1.83086e-07
xa.x1.tail                            0.565645
xa.x1.np                                  1.08
xa.x1.nn                                  1.08
xa.x1.ln                                  1.08
xa.x1.lp                                  1.08
xa.x1.lnb                          7.74982e-08
xa.x1.lpb                          7.68177e-08
xa.x1.na                               1.06923
doutb                                 0.570091
dout                                  0.560429
xa.x1.nb                               1.07016
doutn                                 0.518916
bdoutn#branch                                0
ean#branch                         1.04131e-12
eap#branch                         1.36657e-12
vclk#branch                        4.59578e-10
vd#branch                                    0
vcm#branch                         2.40788e-12
vsup#branch                       -6.95669e-05

 Reference value :  5.69208e-08
 Reference value :  1.33603e-07
 Reference value :  2.13550e-07
 Reference value :  2.93718e-07
 Reference value :  3.72027e-07
 Reference value :  4.50070e-07
 Reference value :  5.26973e-07
 Reference value :  5.99619e-07
 Reference value :  6.74226e-07
 Reference value :  7.48721e-07
 Reference value :  8.22811e-07
 Reference value :  8.98922e-07
 Reference value :  9.74795e-07
No. of Data Rows : 10771
dlev0               =  -1.87056e-05
dlev1               =  -1.73494e-05
dlev2               =  -1.43964e-05
dlev3               =  -2.60976e-05
dlev4               =  -2.61955e-05
dlev5               =  -2.61553e-05
dlev6               =  -2.60851e-05
dlev7               =  -2.59841e-05
dlev8               =  -2.58502e-05
dlev9               =  -2.56077e-05
dlev10              =  -2.52941e-05
dlev11              =  -2.49834e-05
dlev12              =  -2.47101e-05
dlev13              =  -2.44698e-05
dlev14              =  -2.43077e-05
dlev15              =  -2.52257e-05
dlev16              =  -2.36894e-05
dlev17              =  9.99979e-01
dlev18              =  9.99984e-01
dlev19              =  9.99985e-01
dlev20              =  9.99985e-01
dlev21              =  9.99985e-01
dlev22              =  9.99985e-01
dlev23              =  9.99985e-01
dlev24              =  9.99985e-01
dlev25              =  9.99985e-01
dlev26              =  9.99985e-01
dlev27              =  9.99985e-01
dlev28              =  9.99985e-01
dlev29              =  9.99985e-01
dlev30              =  9.99985e-01
dlev31              =  9.99990e-01
dlev32              =  9.99988e-01
vos = 1.5019410219e-03
lowcount = 1.7000647007e+01
vbias               =  3.03721e-01
Reset re-loads circuit * comparator-offset-transient-mc @ ff_mismatch_-40c_1.08v -- generated by sim/harness, do not edit

Circuit: * comparator-offset-transient-mc @ ff_mismatch_-40c_1.08v -- generated by sim/harness, do not edit

Doing analysis at TEMP = -40.000000 and TNOM = 27.000000

Using SPARSE 1.3 as Direct Linear Solver

Initial Transient Solution
--------------------------

Node                                   Voltage
----                                   -------
vdd                                       1.08
cm                                         0.6
vd                                      -0.048
ap                                       0.576
an                                       0.624
clk                                          0
ibn                                   0.301568
xa.x1.tmid                         2.16634e-07
xa.x1.tail                            0.560694
xa.x1.np                                  1.08
xa.x1.nn                                  1.08
xa.x1.ln                                  1.08
xa.x1.lp                                  1.08
xa.x1.lnb                          7.74162e-08
xa.x1.lpb                          7.83087e-08
xa.x1.na                                  1.08
doutb                              8.60573e-08
dout                                      1.08
xa.x1.nb                                  1.08
doutn                                        1
bdoutn#branch                                0
ean#branch                         1.03986e-12
eap#branch                         1.36574e-12
vclk#branch                        4.54172e-10
vd#branch                                    0
vcm#branch                          2.4056e-12
vsup#branch                       -2.00017e-05

 Reference value :  4.48238e-08
 Reference value :  1.28350e-07
 Reference value :  2.08813e-07
 Reference value :  2.87141e-07
 Reference value :  3.65650e-07
 Reference value :  4.40291e-07
 Reference value :  5.20177e-07
 Reference value :  5.96111e-07
 Reference value :  6.77345e-07
 Reference value :  7.61138e-07
 Reference value :  8.46350e-07
 Reference value :  9.24412e-07
No. of Data Rows : 10765
dlev0               =  -3.80673e-05
dlev1               =  -3.00686e-05
dlev2               =  -2.99562e-05
dlev3               =  -2.99893e-05
dlev4               =  -2.97031e-05
dlev5               =  -2.93698e-05
dlev6               =  -2.89975e-05
dlev7               =  -2.86028e-05
dlev8               =  -2.81940e-05
dlev9               =  -2.77996e-05
dlev10              =  -2.74593e-05
dlev11              =  -2.72781e-05
dlev12              =  -2.79871e-05
dlev13              =  -2.74078e-05
dlev14              =  -2.59764e-05
dlev15              =  -2.55215e-05
dlev16              =  9.99983e-01
dlev17              =  9.99984e-01
dlev18              =  9.99984e-01
dlev19              =  9.99984e-01
dlev20              =  9.99984e-01
dlev21              =  9.99984e-01
dlev22              =  9.99983e-01
dlev23              =  9.99983e-01
dlev24              =  9.99983e-01
dlev25              =  9.99983e-01
dlev26              =  9.99983e-01
dlev27              =  9.99982e-01
dlev28              =  9.99982e-01
dlev29              =  9.99982e-01
dlev30              =  9.99982e-01
dlev31              =  9.99982e-01
dlev32              =  9.99982e-01
vos = -1.497746765e-03
lowcount = 1.6000751078e+01
vbias               =  3.01568e-01
Reset re-loads circuit * comparator-offset-transient-mc @ ff_mismatch_-40c_1.08v -- generated by sim/harness, do not edit

Circuit: * comparator-offset-transient-mc @ ff_mismatch_-40c_1.08v -- generated by sim/harness, do not edit

Doing analysis at TEMP = -40.000000 and TNOM = 27.000000

Using SPARSE 1.3 as Direct Linear Solver

Initial Transient Solution
--------------------------

Node                                   Voltage
----                                   -------
vdd                                       1.08
cm                                         0.6
vd                                      -0.048
ap                                       0.576
an                                       0.624
clk                                          0
ibn                                   0.302453
xa.x1.tmid                         2.10556e-07
xa.x1.tail                            0.562659
xa.x1.np                                  1.08
xa.x1.nn                                  1.08
xa.x1.ln                                  1.08
xa.x1.lp                                  1.08
xa.x1.lnb                          8.06009e-08
xa.x1.lpb                           7.8949e-08
xa.x1.na                                1.0694
doutb                                 0.563809
dout                                  0.567517
xa.x1.nb                               1.06952
doutn                                 0.525479
bdoutn#branch                                0
ean#branch                         1.04061e-12
eap#branch                         1.36585e-12
vclk#branch                        4.53064e-10
vd#branch                                    0
vcm#branch                         2.40646e-12
vsup#branch                       -6.86945e-05

 Reference value :  0.00000e+00
 Reference value :  7.54126e-08
 Reference value :  1.54250e-07
 Reference value :  2.30243e-07
 Reference value :  3.10440e-07
 Reference value :  3.88119e-07
 Reference value :  4.64548e-07
 Reference value :  5.40550e-07
 Reference value :  6.17042e-07
 Reference value :  6.95550e-07
 Reference value :  7.76315e-07
 Reference value :  8.60165e-07
 Reference value :  9.37350e-07
No. of Data Rows : 10767
dlev0               =  -1.80579e-05
dlev1               =  -2.90987e-05
dlev2               =  -2.94817e-05
dlev3               =  -2.97082e-05
dlev4               =  -2.94008e-05
dlev5               =  -2.88251e-05
dlev6               =  -2.83318e-05
dlev7               =  -2.74291e-05
dlev8               =  -2.66329e-05
dlev9               =  -2.68563e-05
dlev10              =  -2.68965e-05
dlev11              =  -2.69012e-05
dlev12              =  -2.69345e-05
dlev13              =  -2.69998e-05
dlev14              =  -2.76294e-05
dlev15              =  -2.73313e-05
dlev16              =  -2.69347e-05
dlev17              =  9.99983e-01
dlev18              =  9.99988e-01
dlev19              =  9.99988e-01
dlev20              =  9.99988e-01
dlev21              =  9.99988e-01
dlev22              =  9.99987e-01
dlev23              =  9.99987e-01
dlev24              =  9.99987e-01
dlev25              =  9.99986e-01
dlev26              =  9.99986e-01
dlev27              =  9.99986e-01
dlev28              =  9.99986e-01
dlev29              =  9.99986e-01
dlev30              =  9.99986e-01
dlev31              =  9.99985e-01
dlev32              =  9.99985e-01
vos = 1.5020461494e-03
lowcount = 1.7000682050e+01
vbias               =  3.02453e-01
Reset re-loads circuit * comparator-offset-transient-mc @ ff_mismatch_-40c_1.08v -- generated by sim/harness, do not edit

Circuit: * comparator-offset-transient-mc @ ff_mismatch_-40c_1.08v -- generated by sim/harness, do not edit

Doing analysis at TEMP = -40.000000 and TNOM = 27.000000

Using SPARSE 1.3 as Direct Linear Solver

Initial Transient Solution
--------------------------

Node                                   Voltage
----                                   -------
vdd                                       1.08
cm                                         0.6
vd                                      -0.048
ap                                       0.576
an                                       0.624
clk                                          0
ibn                                   0.301588
xa.x1.tmid                         2.14991e-07
xa.x1.tail                            0.561282
xa.x1.np                                  1.08
xa.x1.nn                                  1.08
xa.x1.ln                                  1.08
xa.x1.lp                                  1.08
xa.x1.lnb                           7.6113e-08
xa.x1.lpb                          7.70659e-08
xa.x1.na                                1.0685
doutb                                 0.563961
dout                                   0.55986
xa.x1.nb                               1.06943
doutn                                 0.518389
bdoutn#branch                                0
ean#branch                         1.04017e-12
eap#branch                         1.36638e-12
vclk#branch                        4.55836e-10
vd#branch                                    0
vcm#branch                         2.40655e-12
vsup#branch                       -7.21612e-05

 Reference value :  1.32800e-09
 Reference value :  7.81240e-08
 Reference value :  1.54850e-07
 Reference value :  2.30266e-07
 Reference value :  3.10045e-07
 Reference value :  3.84711e-07
 Reference value :  4.62347e-07
 Reference value :  5.39310e-07
 Reference value :  6.14342e-07
 Reference value :  6.95750e-07
 Reference value :  7.72710e-07
 Reference value :  8.51729e-07
 Reference value :  9.31850e-07
No. of Data Rows : 10768
dlev0               =  -3.85208e-05
dlev1               =  -3.01227e-05
dlev2               =  -2.98651e-05
dlev3               =  -2.95821e-05
dlev4               =  -2.92727e-05
dlev5               =  -2.90134e-05
dlev6               =  -2.84794e-05
dlev7               =  -2.78927e-05
dlev8               =  -2.72697e-05
dlev9               =  -2.66467e-05
dlev10              =  -2.60495e-05
dlev11              =  -2.55554e-05
dlev12              =  -2.53195e-05
dlev13              =  -2.61681e-05
dlev14              =  -2.42483e-05
dlev15              =  -2.48810e-05
dlev16              =  9.99996e-01
dlev17              =  9.99985e-01
dlev18              =  9.99984e-01
dlev19              =  9.99985e-01
dlev20              =  9.99985e-01
dlev21              =  9.99984e-01
dlev22              =  9.99984e-01
dlev23              =  9.99984e-01
dlev24              =  9.99983e-01
dlev25              =  9.99983e-01
dlev26              =  9.99983e-01
dlev27              =  9.99982e-01
dlev28              =  9.99982e-01
dlev29              =  9.99982e-01
dlev30              =  9.99982e-01
dlev31              =  9.99982e-01
dlev32              =  9.99982e-01
vos = -1.497836438e-03
lowcount = 1.6000721187e+01
vbias               =  3.01588e-01
Reset re-loads circuit * comparator-offset-transient-mc @ ff_mismatch_-40c_1.08v -- generated by sim/harness, do not edit

Circuit: * comparator-offset-transient-mc @ ff_mismatch_-40c_1.08v -- generated by sim/harness, do not edit

Doing analysis at TEMP = -40.000000 and TNOM = 27.000000

Using SPARSE 1.3 as Direct Linear Solver

Initial Transient Solution
--------------------------

Node                                   Voltage
----                                   -------
vdd                                       1.08
cm                                         0.6
vd                                      -0.048
ap                                       0.576
an                                       0.624
clk                                          0
ibn                                   0.299749
xa.x1.tmid                         2.30773e-07
xa.x1.tail                            0.558992
xa.x1.np                                  1.08
xa.x1.nn                                  1.08
xa.x1.ln                                  1.08
xa.x1.lp                                  1.08
xa.x1.lnb                          7.65184e-08
xa.x1.lpb                          8.03372e-08
xa.x1.na                                  1.08
doutb                              8.65701e-08
dout                                      1.08
xa.x1.nb                                  1.08
doutn                                        1
bdoutn#branch                                0
ean#branch                         1.03889e-12
eap#branch                          1.3656e-12
vclk#branch                        4.57589e-10
vd#branch                                    0
vcm#branch                         2.40449e-12
vsup#branch                       -2.00017e-05

 Reference value :  1.32800e-09
 Reference value :  8.01650e-08
 Reference value :  1.60177e-07
 Reference value :  2.40000e-07
 Reference value :  3.19537e-07
 Reference value :  3.98650e-07
 Reference value :  4.72014e-07
 Reference value :  5.51945e-07
 Reference value :  6.30750e-07
 Reference value :  7.06242e-07
 Reference value :  7.84350e-07
 Reference value :  8.61222e-07
 Reference value :  9.40073e-07
No. of Data Rows : 10767
dlev0               =  -4.02772e-05
dlev1               =  -2.92683e-05
dlev2               =  -2.87005e-05
dlev3               =  -2.80602e-05
dlev4               =  -2.73723e-05
dlev5               =  -2.66486e-05
dlev6               =  -2.61593e-05
dlev7               =  -2.62941e-05
dlev8               =  -2.64270e-05
dlev9               =  -2.65680e-05
dlev10              =  -2.67596e-05
dlev11              =  -2.73332e-05
dlev12              =  -2.76345e-05
dlev13              =  -2.68790e-05
dlev14              =  -2.75289e-05
dlev15              =  9.99981e-01
dlev16              =  9.99985e-01
dlev17              =  9.99985e-01
dlev18              =  9.99984e-01
dlev19              =  9.99984e-01
dlev20              =  9.99985e-01
dlev21              =  9.99985e-01
dlev22              =  9.99985e-01
dlev23              =  9.99985e-01
dlev24              =  9.99985e-01
dlev25              =  9.99985e-01
dlev26              =  9.99985e-01
dlev27              =  9.99985e-01
dlev28              =  9.99985e-01
dlev29              =  9.99985e-01
dlev30              =  9.99984e-01
dlev31              =  9.99985e-01
dlev32              =  9.99985e-01
vos = -4.497902668e-03
lowcount = 1.5000699111e+01
vbias               =  2.99749e-01
Reset re-loads circuit * comparator-offset-transient-mc @ ff_mismatch_-40c_1.08v -- generated by sim/harness, do not edit

Circuit: * comparator-offset-transient-mc @ ff_mismatch_-40c_1.08v -- generated by sim/harness, do not edit

Doing analysis at TEMP = -40.000000 and TNOM = 27.000000

Using SPARSE 1.3 as Direct Linear Solver

Initial Transient Solution
--------------------------

Node                                   Voltage
----                                   -------
vdd                                       1.08
cm                                         0.6
vd                                      -0.048
ap                                       0.576
an                                       0.624
clk                                          0
ibn                                    0.30202
xa.x1.tmid                         2.33277e-07
xa.x1.tail                            0.558368
xa.x1.np                                  1.08
xa.x1.nn                                  1.08
xa.x1.ln                                  1.08
xa.x1.lp                                  1.08
xa.x1.lnb                          7.85573e-08
xa.x1.lpb                          8.00393e-08
xa.x1.na                                  1.08
doutb                              8.08467e-08
dout                                      1.08
xa.x1.nb                                  1.08
doutn                                        1
bdoutn#branch                                0
ean#branch                         1.03906e-12
eap#branch                         1.36563e-12
vclk#branch                        4.57337e-10
vd#branch                                    0
vcm#branch                         2.40469e-12
vsup#branch                       -2.00017e-05

 Reference value :  9.72800e-09
 Reference value :  8.74146e-08
 Reference value :  1.69040e-07
 Reference value :  2.50100e-07
 Reference value :  3.26313e-07
 Reference value :  4.05249e-07
 Reference value :  4.80250e-07
 Reference value :  5.55342e-07
 Reference value :  6.33550e-07
 Reference value :  7.10618e-07
 Reference value :  7.90073e-07
 Reference value :  8.70850e-07
 Reference value :  9.50918e-07
No. of Data Rows : 10769
dlev0               =  -2.13125e-05
dlev1               =  -3.11719e-05
dlev2               =  -3.11822e-05
dlev3               =  -3.10875e-05
dlev4               =  -3.12565e-05
dlev5               =  -3.10956e-05
dlev6               =  -3.08785e-05
dlev7               =  -3.06191e-05
dlev8               =  -3.03479e-05
dlev9               =  -3.00948e-05
dlev10              =  -2.98811e-05
dlev11              =  -2.98402e-05
dlev12              =  -3.06775e-05
dlev13              =  -2.92890e-05
dlev14              =  -2.97124e-05
dlev15              =  9.99994e-01
dlev16              =  9.99984e-01
dlev17              =  9.99984e-01
dlev18              =  9.99984e-01
dlev19              =  9.99984e-01
dlev20              =  9.99984e-01
dlev21              =  9.99984e-01
dlev22              =  9.99984e-01
dlev23              =  9.99984e-01
dlev24              =  9.99984e-01
dlev25              =  9.99984e-01
dlev26              =  9.99984e-01
dlev27              =  9.99984e-01
dlev28              =  9.99984e-01
dlev29              =  9.99984e-01
dlev30              =  9.99984e-01
dlev31              =  9.99983e-01
dlev32              =  9.99983e-01
vos = -4.497818260e-03
lowcount = 1.5000727247e+01
vbias               =  3.02020e-01
Reset re-loads circuit * comparator-offset-transient-mc @ ff_mismatch_-40c_1.08v -- generated by sim/harness, do not edit

Circuit: * comparator-offset-transient-mc @ ff_mismatch_-40c_1.08v -- generated by sim/harness, do not edit

Doing analysis at TEMP = -40.000000 and TNOM = 27.000000

Using SPARSE 1.3 as Direct Linear Solver

Initial Transient Solution
--------------------------

Node                                   Voltage
----                                   -------
vdd                                       1.08
cm                                         0.6
vd                                      -0.048
ap                                       0.576
an                                       0.624
clk                                          0
ibn                                   0.301511
xa.x1.tmid                         2.06544e-07
xa.x1.tail                            0.559996
xa.x1.np                                  1.08
xa.x1.nn                                  1.08
xa.x1.ln                                  1.08
xa.x1.lp                                  1.08
xa.x1.lnb                          7.76951e-08
xa.x1.lpb                          8.32142e-08
xa.x1.na                               1.06957
doutb                                 0.560433
dout                                    0.5685
xa.x1.nb                               1.06897
doutn                                 0.526389
bdoutn#branch                                0
ean#branch                         1.04006e-12
eap#branch                         1.36519e-12
vclk#branch                        4.61029e-10
vd#branch                                    0
vcm#branch                         2.40524e-12
vsup#branch                       -7.03772e-05

 Reference value :  1.49824e-08
 Reference value :  9.11500e-08
 Reference value :  1.67928e-07
 Reference value :  2.43650e-07
 Reference value :  3.20268e-07
 Reference value :  3.97850e-07
 Reference value :  4.71097e-07
 Reference value :  5.50646e-07
 Reference value :  6.29521e-07
 Reference value :  7.10358e-07
 Reference value :  7.90177e-07
 Reference value :  8.67112e-07
 Reference value :  9.42204e-07
No. of Data Rows : 10771
dlev0               =  -2.04280e-05
dlev1               =  -2.97388e-05
dlev2               =  -2.95026e-05
dlev3               =  -2.92367e-05
dlev4               =  -2.89403e-05
dlev5               =  -2.84830e-05
dlev6               =  -2.79670e-05
dlev7               =  -2.76082e-05
dlev8               =  -2.69553e-05
dlev9               =  -2.63745e-05
dlev10              =  -2.59002e-05
dlev11              =  -2.55125e-05
dlev12              =  -2.62350e-05
dlev13              =  -2.48501e-05
dlev14              =  -2.44894e-05
dlev15              =  9.99974e-01
dlev16              =  9.99984e-01
dlev17              =  9.99984e-01
dlev18              =  9.99985e-01
dlev19              =  9.99985e-01
dlev20              =  9.99985e-01
dlev21              =  9.99984e-01
dlev22              =  9.99983e-01
dlev23              =  9.99982e-01
dlev24              =  9.99981e-01
dlev25              =  9.99981e-01
dlev26              =  9.99980e-01
dlev27              =  9.99980e-01
dlev28              =  9.99980e-01
dlev29              =  9.99980e-01
dlev30              =  9.99980e-01
dlev31              =  9.99980e-01
dlev32              =  9.99980e-01
vos = -4.497807535e-03
lowcount = 1.5000730822e+01
vbias               =  3.01511e-01
Reset re-loads circuit * comparator-offset-transient-mc @ ff_mismatch_-40c_1.08v -- generated by sim/harness, do not edit

Circuit: * comparator-offset-transient-mc @ ff_mismatch_-40c_1.08v -- generated by sim/harness, do not edit

Doing analysis at TEMP = -40.000000 and TNOM = 27.000000

Using SPARSE 1.3 as Direct Linear Solver

Initial Transient Solution
--------------------------

Node                                   Voltage
----                                   -------
vdd                                       1.08
cm                                         0.6
vd                                      -0.048
ap                                       0.576
an                                       0.624
clk                                          0
ibn                                    0.30003
xa.x1.tmid                          2.0699e-07
xa.x1.tail                            0.564167
xa.x1.np                                  1.08
xa.x1.nn                                  1.08
xa.x1.ln                                  1.08
xa.x1.lp                                  1.08
xa.x1.lnb                          7.64471e-08
xa.x1.lpb                          8.05433e-08
xa.x1.na                                  1.08
doutb                               8.6757e-08
dout                                      1.08
xa.x1.nb                                  1.08
doutn                                        1
bdoutn#branch                                0
ean#branch                         1.04097e-12
eap#branch                         1.36716e-12
vclk#branch                        4.54554e-10
vd#branch                                    0
vcm#branch                         2.40813e-12
vsup#branch                       -2.00017e-05

 Reference value :  1.01471e-08
 Reference value :  8.57087e-08
 Reference value :  1.65534e-07
 Reference value :  2.45250e-07
 Reference value :  3.21408e-07
 Reference value :  4.00443e-07
 Reference value :  4.79208e-07
 Reference value :  5.55244e-07
 Reference value :  6.34650e-07
 Reference value :  7.13310e-07
 Reference value :  7.95135e-07
 Reference value :  8.75950e-07
 Reference value :  9.50350e-07
No. of Data Rows : 10766
dlev0               =  -3.92836e-05
dlev1               =  -3.42839e-05
dlev2               =  -3.44992e-05
dlev3               =  -3.44810e-05
dlev4               =  -3.45229e-05
dlev5               =  -3.40610e-05
dlev6               =  -3.35404e-05
dlev7               =  -3.29697e-05
dlev8               =  -3.23719e-05
dlev9               =  -3.17852e-05
dlev10              =  -3.12191e-05
dlev11              =  -3.07456e-05
dlev12              =  -3.05431e-05
dlev13              =  -3.14120e-05
dlev14              =  -2.99820e-05
dlev15              =  -2.91768e-05
dlev16              =  9.99984e-01
dlev17              =  9.99984e-01
dlev18              =  9.99983e-01
dlev19              =  9.99983e-01
dlev20              =  9.99983e-01
dlev21              =  9.99983e-01
dlev22              =  9.99982e-01
dlev23              =  9.99982e-01
dlev24              =  9.99982e-01
dlev25              =  9.99982e-01
dlev26              =  9.99982e-01
dlev27              =  9.99981e-01
dlev28              =  9.99981e-01
dlev29              =  9.99981e-01
dlev30              =  9.99981e-01
dlev31              =  9.99981e-01
dlev32              =  9.99981e-01
vos = -1.497513068e-03
lowcount = 1.6000828977e+01
vbias               =  3.00030e-01
Reset re-loads circuit * comparator-offset-transient-mc @ ff_mismatch_-40c_1.08v -- generated by sim/harness, do not edit

Circuit: * comparator-offset-transient-mc @ ff_mismatch_-40c_1.08v -- generated by sim/harness, do not edit

Doing analysis at TEMP = -40.000000 and TNOM = 27.000000

Using SPARSE 1.3 as Direct Linear Solver

Initial Transient Solution
--------------------------

Node                                   Voltage
----                                   -------
vdd                                       1.08
cm                                         0.6
vd                                      -0.048
ap                                       0.576
an                                       0.624
clk                                          0
ibn                                   0.298428
xa.x1.tmid                         1.98054e-07
xa.x1.tail                            0.564457
xa.x1.np                                  1.08
xa.x1.nn                                  1.08
xa.x1.ln                                  1.08
xa.x1.lp                                  1.08
xa.x1.lnb                          7.51328e-08
xa.x1.lpb                          7.59454e-08
xa.x1.na                               1.06896
doutb                                 0.560112
dout                                  0.556792
xa.x1.nb                               1.06884
doutn                                 0.515548
bdoutn#branch                                0
ean#branch                         1.04136e-12
eap#branch                         1.36741e-12
vclk#branch                         4.5674e-10
vd#branch                                    0
vcm#branch                         2.40877e-12
vsup#branch                       -7.15669e-05

 Reference value :  2.29083e-08
 Reference value :  1.05734e-07
 Reference value :  1.86050e-07
 Reference value :  2.61809e-07
 Reference value :  3.42139e-07
 Reference value :  4.27350e-07
 Reference value :  5.04612e-07
 Reference value :  5.82339e-07
 Reference value :  6.61150e-07
 Reference value :  7.39832e-07
 Reference value :  8.15850e-07
 Reference value :  8.90713e-07
 Reference value :  9.70073e-07
No. of Data Rows : 10764
dlev0               =  -3.19858e-05
dlev1               =  -3.03212e-05
dlev2               =  -2.98067e-05
dlev3               =  -2.93011e-05
dlev4               =  -2.88022e-05
dlev5               =  -2.83039e-05
dlev6               =  -2.78003e-05
dlev7               =  -2.72978e-05
dlev8               =  -2.68351e-05
dlev9               =  -2.65792e-05
dlev10              =  -2.67831e-05
dlev11              =  -2.68648e-05
dlev12              =  -2.62176e-05
dlev13              =  -2.44448e-05
dlev14              =  -2.33377e-05
dlev15              =  -2.43047e-05
dlev16              =  9.99990e-01
dlev17              =  9.99985e-01
dlev18              =  9.99986e-01
dlev19              =  9.99985e-01
dlev20              =  9.99984e-01
dlev21              =  9.99984e-01
dlev22              =  9.99984e-01
dlev23              =  9.99984e-01
dlev24              =  9.99984e-01
dlev25              =  9.99984e-01
dlev26              =  9.99984e-01
dlev27              =  9.99984e-01
dlev28              =  9.99983e-01
dlev29              =  9.99983e-01
dlev30              =  9.99983e-01
dlev31              =  9.99983e-01
dlev32              =  9.99983e-01
vos = -1.497882343e-03
lowcount = 1.6000705886e+01
vbias               =  2.98428e-01
Reset re-loads circuit * comparator-offset-transient-mc @ ff_mismatch_-40c_1.08v -- generated by sim/harness, do not edit

Circuit: * comparator-offset-transient-mc @ ff_mismatch_-40c_1.08v -- generated by sim/harness, do not edit

Doing analysis at TEMP = -40.000000 and TNOM = 27.000000

Using SPARSE 1.3 as Direct Linear Solver

Initial Transient Solution
--------------------------

Node                                   Voltage
----                                   -------
vdd                                       1.08
cm                                         0.6
vd                                      -0.048
ap                                       0.576
an                                       0.624
clk                                          0
ibn                                   0.300151
xa.x1.tmid                         2.18637e-07
xa.x1.tail                            0.563429
xa.x1.np                                  1.08
xa.x1.nn                                  1.08
xa.x1.ln                                  1.08
xa.x1.lp                                  1.08
xa.x1.lnb                          7.84794e-08
xa.x1.lpb                          7.94595e-08
xa.x1.na                                  1.08
doutb                                     1.08
dout                                8.8121e-08
xa.x1.nb                                  1.08
doutn                              8.15935e-08
bdoutn#branch                                0
ean#branch                         1.04058e-12
eap#branch                         1.36724e-12
vclk#branch                        4.57025e-10
vd#branch                                    0
vcm#branch                         2.40782e-12
vsup#branch                       -2.00017e-05

 Reference value :  3.79500e-08
 Reference value :  1.11616e-07
 Reference value :  1.90531e-07
 Reference value :  2.68817e-07
 Reference value :  3.44145e-07
 Reference value :  4.28550e-07
 Reference value :  5.07315e-07
 Reference value :  5.89746e-07
 Reference value :  6.70840e-07
 Reference value :  7.55850e-07
 Reference value :  8.38415e-07
 Reference value :  9.18223e-07
No. of Data Rows : 10771
dlev0               =  1.28103e-06
dlev1               =  -3.25844e-05
dlev2               =  -3.23473e-05
dlev3               =  -3.19514e-05
dlev4               =  -3.15042e-05
dlev5               =  -3.10012e-05
dlev6               =  -3.02720e-05
dlev7               =  -3.00089e-05
dlev8               =  -3.01004e-05
dlev9               =  -3.01345e-05
dlev10              =  -3.01089e-05
dlev11              =  -3.00595e-05
dlev12              =  -2.99973e-05
dlev13              =  -2.99568e-05
dlev14              =  -3.02931e-05
dlev15              =  -3.08711e-05
dlev16              =  -3.00199e-05
dlev17              =  -3.06655e-05
dlev18              =  9.99983e-01
dlev19              =  9.99981e-01
dlev20              =  9.99981e-01
dlev21              =  9.99982e-01
dlev22              =  9.99982e-01
dlev23              =  9.99982e-01
dlev24              =  9.99982e-01
dlev25              =  9.99982e-01
dlev26              =  9.99981e-01
dlev27              =  9.99981e-01
dlev28              =  9.99982e-01
dlev29              =  9.99982e-01
dlev30              =  9.99982e-01
dlev31              =  9.99981e-01
dlev32              =  9.99981e-01
vos = 4.5023900866e-03
lowcount = 1.8000796696e+01
vbias               =  3.00151e-01
Reset re-loads circuit * comparator-offset-transient-mc @ ff_mismatch_-40c_1.08v -- generated by sim/harness, do not edit

Circuit: * comparator-offset-transient-mc @ ff_mismatch_-40c_1.08v -- generated by sim/harness, do not edit

Doing analysis at TEMP = -40.000000 and TNOM = 27.000000

Using SPARSE 1.3 as Direct Linear Solver

Initial Transient Solution
--------------------------

Node                                   Voltage
----                                   -------
vdd                                       1.08
cm                                         0.6
vd                                      -0.048
ap                                       0.576
an                                       0.624
clk                                          0
ibn                                   0.300312
xa.x1.tmid                         2.16582e-07
xa.x1.tail                            0.562251
xa.x1.np                                  1.08
xa.x1.nn                                  1.08
xa.x1.ln                                  1.08
xa.x1.lp                                  1.08
xa.x1.lnb                          7.94775e-08
xa.x1.lpb                          7.82638e-08
xa.x1.na                                  1.08
doutb                                     1.08
dout                               8.49127e-08
xa.x1.nb                                  1.08
doutn                              7.86229e-08
bdoutn#branch                                0
ean#branch                         1.04017e-12
eap#branch                         1.36671e-12
vclk#branch                        4.52505e-10
vd#branch                                    0
vcm#branch                         2.40688e-12
vsup#branch                       -2.00017e-05

 Reference value :  0.00000e+00
 Reference value :  7.64346e-08
 Reference value :  1.55750e-07
 Reference value :  2.31416e-07
 Reference value :  3.10143e-07
 Reference value :  3.84515e-07
 Reference value :  4.61342e-07
 Reference value :  5.38094e-07
 Reference value :  6.14944e-07
 Reference value :  6.93450e-07
 Reference value :  7.75112e-07
 Reference value :  8.53241e-07
 Reference value :  9.29706e-07
No. of Data Rows : 10766
dlev0               =  -2.45171e-05
dlev1               =  -2.95516e-05
dlev2               =  -2.94280e-05
dlev3               =  -2.92972e-05
dlev4               =  -2.89618e-05
dlev5               =  -2.90491e-05
dlev6               =  -2.90697e-05
dlev7               =  -2.89832e-05
dlev8               =  -2.88390e-05
dlev9               =  -2.87113e-05
dlev10              =  -2.86027e-05
dlev11              =  -2.86436e-05
dlev12              =  -2.87807e-05
dlev13              =  -2.94445e-05
dlev14              =  -2.92021e-05
dlev15              =  -2.81176e-05
dlev16              =  -2.79889e-05
dlev17              =  9.99983e-01
dlev18              =  9.99987e-01
dlev19              =  9.99986e-01
dlev20              =  9.99986e-01
dlev21              =  9.99986e-01
dlev22              =  9.99986e-01
dlev23              =  9.99985e-01
dlev24              =  9.99985e-01
dlev25              =  9.99985e-01
dlev26              =  9.99985e-01
dlev27              =  9.99984e-01
dlev28              =  9.99984e-01
dlev29              =  9.99984e-01
dlev30              =  9.99984e-01
dlev31              =  9.99983e-01
dlev32              =  9.99983e-01
vos = 1.5021965646e-03
lowcount = 1.7000732188e+01
vbias               =  3.00312e-01
Reset re-loads circuit * comparator-offset-transient-mc @ ff_mismatch_-40c_1.08v -- generated by sim/harness, do not edit

Circuit: * comparator-offset-transient-mc @ ff_mismatch_-40c_1.08v -- generated by sim/harness, do not edit

Doing analysis at TEMP = -40.000000 and TNOM = 27.000000

Using SPARSE 1.3 as Direct Linear Solver

Initial Transient Solution
--------------------------

Node                                   Voltage
----                                   -------
vdd                                       1.08
cm                                         0.6
vd                                      -0.048
ap                                       0.576
an                                       0.624
clk                                          0
ibn                                   0.301716
xa.x1.tmid                         2.20796e-07
xa.x1.tail                            0.561323
xa.x1.np                                  1.08
xa.x1.nn                                  1.08
xa.x1.ln                                  1.08
xa.x1.lp                                  1.08
xa.x1.lnb                          8.29072e-08
xa.x1.lpb                          7.66369e-08
xa.x1.na                                  1.08
doutb                                     1.08
dout                               8.69821e-08
xa.x1.nb                                  1.08
doutn                               8.0539e-08
bdoutn#branch                                0
ean#branch                         1.04031e-12
eap#branch                         1.36624e-12
vclk#branch                        4.58559e-10
vd#branch                                    0
vcm#branch                         2.40655e-12
vsup#branch                       -2.00017e-05

 Reference value :  0.00000e+00
 Reference value :  7.60272e-08
 Reference value :  1.54150e-07
 Reference value :  2.31517e-07
 Reference value :  3.10941e-07
 Reference value :  3.89216e-07
 Reference value :  4.63247e-07
 Reference value :  5.39208e-07
 Reference value :  6.12642e-07
 Reference value :  6.87710e-07
 Reference value :  7.61538e-07
 Reference value :  8.37211e-07
 Reference value :  9.11821e-07
 Reference value :  9.87512e-07
No. of Data Rows : 10765
dlev0               =  -3.08949e-05
dlev1               =  -3.27547e-05
dlev2               =  -3.29685e-05
dlev3               =  -3.25606e-05
dlev4               =  -3.23358e-05
dlev5               =  -3.13876e-05
dlev6               =  -3.04016e-05
dlev7               =  -2.94163e-05
dlev8               =  -2.94622e-05
dlev9               =  -2.95229e-05
dlev10              =  -2.95854e-05
dlev11              =  -2.96870e-05
dlev12              =  -3.03037e-05
dlev13              =  -3.04787e-05
dlev14              =  -2.95844e-05
dlev15              =  -3.02106e-05
dlev16              =  9.99984e-01
dlev17              =  9.99981e-01
dlev18              =  9.99981e-01
dlev19              =  9.99981e-01
dlev20              =  9.99981e-01
dlev21              =  9.99981e-01
dlev22              =  9.99980e-01
dlev23              =  9.99980e-01
dlev24              =  9.99980e-01
dlev25              =  9.99980e-01
dlev26              =  9.99980e-01
dlev27              =  9.99980e-01
dlev28              =  9.99980e-01
dlev29              =  9.99980e-01
dlev30              =  9.99980e-01
dlev31              =  9.99980e-01
dlev32              =  9.99980e-01
vos = -1.497522435e-03
lowcount = 1.6000825855e+01
vbias               =  3.01716e-01
Reset re-loads circuit * comparator-offset-transient-mc @ ff_mismatch_-40c_1.08v -- generated by sim/harness, do not edit

Circuit: * comparator-offset-transient-mc @ ff_mismatch_-40c_1.08v -- generated by sim/harness, do not edit

Doing analysis at TEMP = -40.000000 and TNOM = 27.000000

Using SPARSE 1.3 as Direct Linear Solver

Initial Transient Solution
--------------------------

Node                                   Voltage
----                                   -------
vdd                                       1.08
cm                                         0.6
vd                                      -0.048
ap                                       0.576
an                                       0.624
clk                                          0
ibn                                   0.302133
xa.x1.tmid                         2.24123e-07
xa.x1.tail                            0.561968
xa.x1.np                                  1.08
xa.x1.nn                                  1.08
xa.x1.ln                                  1.08
xa.x1.lp                                  1.08
xa.x1.lnb                          7.95561e-08
xa.x1.lpb                          7.81137e-08
xa.x1.na                               1.06924
doutb                                 0.565239
dout                                  0.564999
xa.x1.nb                               1.06891
doutn                                 0.523148
bdoutn#branch                                0
ean#branch                         1.04061e-12
eap#branch                         1.36727e-12
vclk#branch                        4.59041e-10
vd#branch                                    0
vcm#branch                         2.40788e-12
vsup#branch                       -7.23789e-05

 Reference value :  5.50199e-08
 Reference value :  1.36226e-07
 Reference value :  2.19350e-07
 Reference value :  2.96718e-07
 Reference value :  3.73940e-07
 Reference value :  4.52650e-07
 Reference value :  5.28467e-07
 Reference value :  6.09050e-07
 Reference value :  6.86313e-07
 Reference value :  7.65637e-07
 Reference value :  8.45450e-07
 Reference value :  9.22215e-07
No. of Data Rows : 10765
dlev0               =  -2.54047e-05
dlev1               =  -2.59037e-05
dlev2               =  -2.60349e-05
dlev3               =  -2.61341e-05
dlev4               =  -2.62015e-05
dlev5               =  -2.62047e-05
dlev6               =  -2.62620e-05
dlev7               =  -2.60967e-05
dlev8               =  -2.60455e-05
dlev9               =  -2.58610e-05
dlev10              =  -2.56718e-05
dlev11              =  -2.54920e-05
dlev12              =  -2.53446e-05
dlev13              =  -2.53783e-05
dlev14              =  -2.62066e-05
dlev15              =  -2.50424e-05
dlev16              =  -2.56536e-05
dlev17              =  9.99985e-01
dlev18              =  9.99981e-01
dlev19              =  9.99981e-01
dlev20              =  9.99981e-01
dlev21              =  9.99981e-01
dlev22              =  9.99981e-01
dlev23              =  9.99981e-01
dlev24              =  9.99981e-01
dlev25              =  9.99981e-01
dlev26              =  9.99981e-01
dlev27              =  9.99981e-01
dlev28              =  9.99981e-01
dlev29              =  9.99981e-01
dlev30              =  9.99981e-01
dlev31              =  9.99981e-01
dlev32              =  9.99981e-01
vos = 1.5022216143e-03
lowcount = 1.7000740538e+01
vbias               =  3.02133e-01
Reset re-loads circuit * comparator-offset-transient-mc @ ff_mismatch_-40c_1.08v -- generated by sim/harness, do not edit

Circuit: * comparator-offset-transient-mc @ ff_mismatch_-40c_1.08v -- generated by sim/harness, do not edit

Doing analysis at TEMP = -40.000000 and TNOM = 27.000000

Using SPARSE 1.3 as Direct Linear Solver

Initial Transient Solution
--------------------------

Node                                   Voltage
----                                   -------
vdd                                       1.08
cm                                         0.6
vd                                      -0.048
ap                                       0.576
an                                       0.624
clk                                          0
ibn                                    0.29947
xa.x1.tmid                         2.18606e-07
xa.x1.tail                             0.56451
xa.x1.np                                  1.08
xa.x1.nn                                  1.08
xa.x1.ln                                  1.08
xa.x1.lp                                  1.08
xa.x1.lnb                          7.46137e-08
xa.x1.lpb                          7.95716e-08
xa.x1.na                               1.06984
doutb                                 0.563542
dout                                  0.563664
xa.x1.nb                               1.06916
doutn                                 0.521911
bdoutn#branch                                0
ean#branch                         1.04139e-12
eap#branch                         1.36757e-12
vclk#branch                         4.5791e-10
vd#branch                                    0
vcm#branch                         2.40896e-12
vsup#branch                       -6.92066e-05

 Reference value :  0.00000e+00
 Reference value :  8.03216e-08
 Reference value :  1.62640e-07
 Reference value :  2.45050e-07
 Reference value :  3.22418e-07
 Reference value :  4.00742e-07
 Reference value :  4.81050e-07
 Reference value :  5.58842e-07
 Reference value :  6.36450e-07
 Reference value :  7.10243e-07
 Reference value :  7.87650e-07
 Reference value :  8.62513e-07
 Reference value :  9.40100e-07
No. of Data Rows : 10770
dlev0               =  -3.79239e-06
dlev1               =  -3.52865e-05
dlev2               =  -3.49271e-05
dlev3               =  -3.45993e-05
dlev4               =  -3.41456e-05
dlev5               =  -3.34249e-05
dlev6               =  -3.27809e-05
dlev7               =  -3.21006e-05
dlev8               =  -3.16272e-05
dlev9               =  -3.11695e-05
dlev10              =  -3.08454e-05
dlev11              =  -3.16738e-05
dlev12              =  -3.43344e-05
dlev13              =  -3.24509e-05
dlev14              =  -3.10783e-05
dlev15              =  -3.19035e-05
dlev16              =  1.00000e+00
dlev17              =  9.99983e-01
dlev18              =  9.99983e-01
dlev19              =  9.99982e-01
dlev20              =  9.99982e-01
dlev21              =  9.99982e-01
dlev22              =  9.99983e-01
dlev23              =  9.99982e-01
dlev24              =  9.99982e-01
dlev25              =  9.99982e-01
dlev26              =  9.99982e-01
dlev27              =  9.99982e-01
dlev28              =  9.99982e-01
dlev29              =  9.99982e-01
dlev30              =  9.99982e-01
dlev31              =  9.99982e-01
dlev32              =  9.99982e-01
vos = -1.497664379e-03
lowcount = 1.6000778540e+01
vbias               =  2.99470e-01
Reset re-loads circuit * comparator-offset-transient-mc @ ff_mismatch_-40c_1.08v -- generated by sim/harness, do not edit

Circuit: * comparator-offset-transient-mc @ ff_mismatch_-40c_1.08v -- generated by sim/harness, do not edit

Doing analysis at TEMP = -40.000000 and TNOM = 27.000000

Using SPARSE 1.3 as Direct Linear Solver

Initial Transient Solution
--------------------------

Node                                   Voltage
----                                   -------
vdd                                       1.08
cm                                         0.6
vd                                      -0.048
ap                                       0.576
an                                       0.624
clk                                          0
ibn                                   0.302436
xa.x1.tmid                         2.30017e-07
xa.x1.tail                            0.561076
xa.x1.np                                  1.08
xa.x1.nn                                  1.08
xa.x1.ln                                  1.08
xa.x1.lp                                  1.08
xa.x1.lnb                          7.51882e-08
xa.x1.lpb                          7.70342e-08
xa.x1.na                                  1.08
doutb                               8.5385e-08
dout                                      1.08
xa.x1.nb                                  1.08
doutn                                        1
bdoutn#branch                                0
ean#branch                         1.04017e-12
eap#branch                         1.36646e-12
vclk#branch                         4.6002e-10
vd#branch                                    0
vcm#branch                         2.40663e-12
vsup#branch                       -2.00017e-05

 Reference value :  8.62800e-09
 Reference value :  8.16130e-08
 Reference value :  1.60120e-07
 Reference value :  2.35719e-07
 Reference value :  3.13545e-07
 Reference value :  3.90550e-07
 Reference value :  4.68248e-07
 Reference value :  5.45150e-07
 Reference value :  6.20511e-07
 Reference value :  7.00443e-07
 Reference value :  7.77311e-07
 Reference value :  8.56328e-07
 Reference value :  9.29810e-07
No. of Data Rows : 10767
dlev0               =  -2.14828e-05
dlev1               =  -3.45647e-05
dlev2               =  -3.37313e-05
dlev3               =  -3.28302e-05
dlev4               =  -3.16048e-05
dlev5               =  -2.99262e-05
dlev6               =  -2.91922e-05
dlev7               =  -2.83275e-05
dlev8               =  -2.75534e-05
dlev9               =  -2.68391e-05
dlev10              =  -2.62332e-05
dlev11              =  -2.58067e-05
dlev12              =  -2.60179e-05
dlev13              =  -2.78773e-05
dlev14              =  -2.66017e-05
dlev15              =  -2.68198e-05
dlev16              =  9.99982e-01
dlev17              =  9.99983e-01
dlev18              =  9.99982e-01
dlev19              =  9.99983e-01
dlev20              =  9.99983e-01
dlev21              =  9.99982e-01
dlev22              =  9.99982e-01
dlev23              =  9.99982e-01
dlev24              =  9.99982e-01
dlev25              =  9.99982e-01
dlev26              =  9.99982e-01
dlev27              =  9.99982e-01
dlev28              =  9.99982e-01
dlev29              =  9.99982e-01
dlev30              =  9.99982e-01
dlev31              =  9.99982e-01
dlev32              =  9.99982e-01
vos = -1.497715774e-03
lowcount = 1.6000761409e+01
vbias               =  3.02436e-01
Reset re-loads circuit * comparator-offset-transient-mc @ ff_mismatch_-40c_1.08v -- generated by sim/harness, do not edit

Circuit: * comparator-offset-transient-mc @ ff_mismatch_-40c_1.08v -- generated by sim/harness, do not edit

Doing analysis at TEMP = -40.000000 and TNOM = 27.000000

Using SPARSE 1.3 as Direct Linear Solver

Initial Transient Solution
--------------------------

Node                                   Voltage
----                                   -------
vdd                                       1.08
cm                                         0.6
vd                                      -0.048
ap                                       0.576
an                                       0.624
clk                                          0
ibn                                   0.298674
xa.x1.tmid                         2.22642e-07
xa.x1.tail                            0.559821
xa.x1.np                                  1.08
xa.x1.nn                                  1.08
xa.x1.ln                                  1.08
xa.x1.lp                                  1.08
xa.x1.lnb                          8.43181e-08
xa.x1.lpb                          7.87415e-08
xa.x1.na                                  1.08
doutb                                     1.08
dout                               8.15926e-08
xa.x1.nb                                  1.08
doutn                              7.55487e-08
bdoutn#branch                                0
ean#branch                         1.03931e-12
eap#branch                         1.36549e-12
vclk#branch                        4.56036e-10
vd#branch                                    0
vcm#branch                          2.4048e-12
vsup#branch                       -2.00017e-05

 Reference value :  0.00000e+00
 Reference value :  7.67193e-08
 Reference value :  1.60003e-07
 Reference value :  2.33012e-07
 Reference value :  3.10073e-07
 Reference value :  3.85412e-07
 Reference value :  4.62244e-07
 Reference value :  5.36612e-07
 Reference value :  6.11143e-07
 Reference value :  6.87112e-07
 Reference value :  7.64237e-07
 Reference value :  8.39935e-07
 Reference value :  9.14819e-07
 Reference value :  9.88811e-07
No. of Data Rows : 10763
dlev0               =  -2.97608e-05
dlev1               =  -3.03331e-05
dlev2               =  -3.02598e-05
dlev3               =  -3.01602e-05
dlev4               =  -3.00307e-05
dlev5               =  -2.98260e-05
dlev6               =  -2.95203e-05
dlev7               =  -2.93440e-05
dlev8               =  -2.89010e-05
dlev9               =  -2.84353e-05
dlev10              =  -2.80011e-05
dlev11              =  -2.76267e-05
dlev12              =  -2.73174e-05
dlev13              =  -2.78067e-05
dlev14              =  -2.76598e-05
dlev15              =  -2.65541e-05
dlev16              =  9.99987e-01
dlev17              =  9.99988e-01
dlev18              =  9.99988e-01
dlev19              =  9.99988e-01
dlev20              =  9.99988e-01
dlev21              =  9.99987e-01
dlev22              =  9.99987e-01
dlev23              =  9.99987e-01
dlev24              =  9.99986e-01
dlev25              =  9.99986e-01
dlev26              =  9.99986e-01
dlev27              =  9.99985e-01
dlev28              =  9.99985e-01
dlev29              =  9.99985e-01
dlev30              =  9.99985e-01
dlev31              =  9.99984e-01
dlev32              =  9.99984e-01
vos = -1.497916089e-03
lowcount = 1.6000694637e+01
vbias               =  2.98674e-01
Reset re-loads circuit * comparator-offset-transient-mc @ ff_mismatch_-40c_1.08v -- generated by sim/harness, do not edit

Circuit: * comparator-offset-transient-mc @ ff_mismatch_-40c_1.08v -- generated by sim/harness, do not edit

Doing analysis at TEMP = -40.000000 and TNOM = 27.000000

Using SPARSE 1.3 as Direct Linear Solver

Initial Transient Solution
--------------------------

Node                                   Voltage
----                                   -------
vdd                                       1.08
cm                                         0.6
vd                                      -0.048
ap                                       0.576
an                                       0.624
clk                                          0
ibn                                   0.301303
xa.x1.tmid                          2.3997e-07
xa.x1.tail                            0.560937
xa.x1.np                                  1.08
xa.x1.nn                                  1.08
xa.x1.ln                                  1.08
xa.x1.lp                                  1.08
xa.x1.lnb                          7.41156e-08
xa.x1.lpb                          7.84785e-08
xa.x1.na                               1.06847
doutb                                 0.570579
dout                                  0.561224
xa.x1.nb                               1.06922
doutn                                 0.519652
bdoutn#branch                                0
ean#branch                         1.04039e-12
eap#branch                         1.36655e-12
vclk#branch                        4.57583e-10
vd#branch                                    0
vcm#branch                         2.40694e-12
vsup#branch                       -7.20529e-05

 Reference value :  5.16125e-08
 Reference value :  1.29550e-07
 Reference value :  2.01311e-07
 Reference value :  2.78650e-07
 Reference value :  3.50911e-07
 Reference value :  4.27650e-07
 Reference value :  5.00809e-07
 Reference value :  5.79150e-07
 Reference value :  6.51813e-07
 Reference value :  7.30947e-07
 Reference value :  8.07113e-07
 Reference value :  8.84137e-07
 Reference value :  9.57814e-07
No. of Data Rows : 10767
dlev0               =  -3.70401e-05
dlev1               =  -3.42909e-05
dlev2               =  -3.44695e-05
dlev3               =  -3.45448e-05
dlev4               =  -3.46347e-05
dlev5               =  -3.44812e-05
dlev6               =  -3.42500e-05
dlev7               =  -3.41469e-05
dlev8               =  -3.38701e-05
dlev9               =  -3.35494e-05
dlev10              =  -3.32141e-05
dlev11              =  -3.29479e-05
dlev12              =  -3.27257e-05
dlev13              =  -3.30180e-05
dlev14              =  -3.35280e-05
dlev15              =  -3.18117e-05
dlev16              =  -3.24456e-05
dlev17              =  9.99984e-01
dlev18              =  9.99984e-01
dlev19              =  9.99983e-01
dlev20              =  9.99983e-01
dlev21              =  9.99983e-01
dlev22              =  9.99983e-01
dlev23              =  9.99983e-01
dlev24              =  9.99983e-01
dlev25              =  9.99983e-01
dlev26              =  9.99983e-01
dlev27              =  9.99983e-01
dlev28              =  9.99982e-01
dlev29              =  9.99982e-01
dlev30              =  9.99982e-01
dlev31              =  9.99982e-01
dlev32              =  9.99982e-01
vos = 1.5025424049e-03
lowcount = 1.7000847468e+01
vbias               =  3.01303e-01
Reset re-loads circuit * comparator-offset-transient-mc @ ff_mismatch_-40c_1.08v -- generated by sim/harness, do not edit

Circuit: * comparator-offset-transient-mc @ ff_mismatch_-40c_1.08v -- generated by sim/harness, do not edit

Doing analysis at TEMP = -40.000000 and TNOM = 27.000000

Using SPARSE 1.3 as Direct Linear Solver

Initial Transient Solution
--------------------------

Node                                   Voltage
----                                   -------
vdd                                       1.08
cm                                         0.6
vd                                      -0.048
ap                                       0.576
an                                       0.624
clk                                          0
ibn                                   0.298815
xa.x1.tmid                           2.244e-07
xa.x1.tail                            0.558967
xa.x1.np                                  1.08
xa.x1.nn                                  1.08
xa.x1.ln                                  1.08
xa.x1.lp                                  1.08
xa.x1.lnb                           8.1554e-08
xa.x1.lpb                          8.11855e-08
xa.x1.na                               1.06864
doutb                                 0.565458
dout                                   0.56879
xa.x1.nb                                1.0693
doutn                                 0.526658
bdoutn#branch                                0
ean#branch                         1.03872e-12
eap#branch                          1.3656e-12
vclk#branch                        4.54934e-10
vd#branch                                    0
vcm#branch                         2.40433e-12
vsup#branch                       -7.20618e-05

 Reference value :  2.04076e-08
 Reference value :  9.70500e-08
 Reference value :  1.70325e-07
 Reference value :  2.48950e-07
 Reference value :  3.22714e-07
 Reference value :  4.03145e-07
 Reference value :  4.83150e-07
 Reference value :  5.62011e-07
 Reference value :  6.42845e-07
 Reference value :  7.20150e-07
 Reference value :  8.00165e-07
 Reference value :  8.80100e-07
 Reference value :  9.59309e-07
No. of Data Rows : 10766
dlev0               =  -3.34204e-05
dlev1               =  -3.21263e-05
dlev2               =  -3.21841e-05
dlev3               =  -3.21685e-05
dlev4               =  -3.20810e-05
dlev5               =  -3.19308e-05
dlev6               =  -3.17092e-05
dlev7               =  -3.17165e-05
dlev8               =  -3.16106e-05
dlev9               =  -3.15422e-05
dlev10              =  -3.19389e-05
dlev11              =  -3.24504e-05
dlev12              =  -3.10918e-05
dlev13              =  -3.19939e-05
dlev14              =  9.99986e-01
dlev15              =  9.99988e-01
dlev16              =  9.99987e-01
dlev17              =  9.99987e-01
dlev18              =  9.99987e-01
dlev19              =  9.99987e-01
dlev20              =  9.99987e-01
dlev21              =  9.99986e-01
dlev22              =  9.99986e-01
dlev23              =  9.99985e-01
dlev24              =  9.99985e-01
dlev25              =  9.99985e-01
dlev26              =  9.99984e-01
dlev27              =  9.99984e-01
dlev28              =  9.99984e-01
dlev29              =  9.99984e-01
dlev30              =  9.99983e-01
dlev31              =  9.99983e-01
dlev32              =  9.99983e-01
vos = -7.497820006e-03
lowcount = 1.4000726665e+01
vbias               =  2.98815e-01
Reset re-loads circuit * comparator-offset-transient-mc @ ff_mismatch_-40c_1.08v -- generated by sim/harness, do not edit

Circuit: * comparator-offset-transient-mc @ ff_mismatch_-40c_1.08v -- generated by sim/harness, do not edit

Doing analysis at TEMP = -40.000000 and TNOM = 27.000000

Using SPARSE 1.3 as Direct Linear Solver

Initial Transient Solution
--------------------------

Node                                   Voltage
----                                   -------
vdd                                       1.08
cm                                         0.6
vd                                      -0.048
ap                                       0.576
an                                       0.624
clk                                          0
ibn                                   0.301242
xa.x1.tmid                         1.87183e-07
xa.x1.tail                            0.564592
xa.x1.np                                  1.08
xa.x1.nn                                  1.08
xa.x1.ln                                  1.08
xa.x1.lp                                  1.08
xa.x1.lnb                          7.72745e-08
xa.x1.lpb                          8.01681e-08
xa.x1.na                                  1.08
doutb                              8.97025e-08
dout                                      1.08
xa.x1.nb                                  1.08
doutn                                        1
bdoutn#branch                                0
ean#branch                         1.04075e-12
eap#branch                         1.36754e-12
vclk#branch                        4.55873e-10
vd#branch                                    0
vcm#branch                          2.4083e-12
vsup#branch                       -2.00016e-05

 Reference value :  2.65149e-08
 Reference value :  1.04219e-07
 Reference value :  1.84250e-07
 Reference value :  2.63015e-07
 Reference value :  3.42234e-07
 Reference value :  4.23550e-07
 Reference value :  5.00914e-07
 Reference value :  5.81034e-07
 Reference value :  6.59935e-07
 Reference value :  7.37332e-07
 Reference value :  8.16650e-07
 Reference value :  8.96516e-07
 Reference value :  9.74100e-07
No. of Data Rows : 10767
dlev0               =  -2.31640e-05
dlev1               =  -2.88761e-05
dlev2               =  -2.88284e-05
dlev3               =  -2.87533e-05
dlev4               =  -2.86506e-05
dlev5               =  -2.87173e-05
dlev6               =  -2.84267e-05
dlev7               =  -2.81174e-05
dlev8               =  -2.78117e-05
dlev9               =  -2.75258e-05
dlev10              =  -2.72557e-05
dlev11              =  -2.70818e-05
dlev12              =  -2.77683e-05
dlev13              =  -2.75887e-05
dlev14              =  -2.60954e-05
dlev15              =  9.99977e-01
dlev16              =  9.99985e-01
dlev17              =  9.99984e-01
dlev18              =  9.99984e-01
dlev19              =  9.99984e-01
dlev20              =  9.99984e-01
dlev21              =  9.99984e-01
dlev22              =  9.99984e-01
dlev23              =  9.99984e-01
dlev24              =  9.99984e-01
dlev25              =  9.99983e-01
dlev26              =  9.99984e-01
dlev27              =  9.99983e-01
dlev28              =  9.99983e-01
dlev29              =  9.99983e-01
dlev30              =  9.99983e-01
dlev31              =  9.99984e-01
dlev32              =  9.99984e-01
vos = -4.497860216e-03
lowcount = 1.5000713261e+01
vbias               =  3.01242e-01
Reset re-loads circuit * comparator-offset-transient-mc @ ff_mismatch_-40c_1.08v -- generated by sim/harness, do not edit

Circuit: * comparator-offset-transient-mc @ ff_mismatch_-40c_1.08v -- generated by sim/harness, do not edit

Doing analysis at TEMP = -40.000000 and TNOM = 27.000000

Using SPARSE 1.3 as Direct Linear Solver

Initial Transient Solution
--------------------------

Node                                   Voltage
----                                   -------
vdd                                       1.08
cm                                         0.6
vd                                      -0.048
ap                                       0.576
an                                       0.624
clk                                          0
ibn                                   0.300923
xa.x1.tmid                         2.19142e-07
xa.x1.tail                            0.561781
xa.x1.np                                  1.08
xa.x1.nn                                  1.08
xa.x1.ln                                  1.08
xa.x1.lp                                  1.08
xa.x1.lnb                          7.40885e-08
xa.x1.lpb                          7.53336e-08
xa.x1.na                               1.06909
doutb                                 0.565122
dout                                  0.566709
xa.x1.nb                               1.06897
doutn                                 0.524731
bdoutn#branch                                0
ean#branch                          1.0405e-12
eap#branch                         1.36627e-12
vclk#branch                        4.56271e-10
vd#branch                                    0
vcm#branch                         2.40677e-12
vsup#branch                       -7.19276e-05

 Reference value :  4.15324e-08
 Reference value :  1.25750e-07
 Reference value :  2.05015e-07
 Reference value :  2.85039e-07
 Reference value :  3.59314e-07
 Reference value :  4.34139e-07
 Reference value :  5.07373e-07
 Reference value :  5.84143e-07
 Reference value :  6.63750e-07
 Reference value :  7.38042e-07
 Reference value :  8.14950e-07
 Reference value :  8.88732e-07
 Reference value :  9.61250e-07
No. of Data Rows : 10766
dlev0               =  -2.01674e-05
dlev1               =  -3.05288e-05
dlev2               =  -3.05735e-05
dlev3               =  -3.05653e-05
dlev4               =  -3.05007e-05
dlev5               =  -3.05345e-05
dlev6               =  -3.04385e-05
dlev7               =  -3.02871e-05
dlev8               =  -3.01456e-05
dlev9               =  -3.00400e-05
dlev10              =  -2.99521e-05
dlev11              =  -3.01048e-05
dlev12              =  -3.08392e-05
dlev13              =  -3.03232e-05
dlev14              =  -2.92963e-05
dlev15              =  -2.90307e-05
dlev16              =  9.99987e-01
dlev17              =  9.99985e-01
dlev18              =  9.99982e-01
dlev19              =  9.99983e-01
dlev20              =  9.99984e-01
dlev21              =  9.99984e-01
dlev22              =  9.99984e-01
dlev23              =  9.99984e-01
dlev24              =  9.99983e-01
dlev25              =  9.99982e-01
dlev26              =  9.99981e-01
dlev27              =  9.99980e-01
dlev28              =  9.99979e-01
dlev29              =  9.99979e-01
dlev30              =  9.99980e-01
dlev31              =  9.99981e-01
dlev32              =  9.99981e-01
vos = -1.497675217e-03
lowcount = 1.6000774928e+01
vbias               =  3.00923e-01
Reset re-loads circuit * comparator-offset-transient-mc @ ff_mismatch_-40c_1.08v -- generated by sim/harness, do not edit

Circuit: * comparator-offset-transient-mc @ ff_mismatch_-40c_1.08v -- generated by sim/harness, do not edit

Doing analysis at TEMP = -40.000000 and TNOM = 27.000000

Using SPARSE 1.3 as Direct Linear Solver

Initial Transient Solution
--------------------------

Node                                   Voltage
----                                   -------
vdd                                       1.08
cm                                         0.6
vd                                      -0.048
ap                                       0.576
an                                       0.624
clk                                          0
ibn                                   0.299527
xa.x1.tmid                         2.11137e-07
xa.x1.tail                             0.56259
xa.x1.np                                  1.08
xa.x1.nn                                  1.08
xa.x1.ln                                  1.08
xa.x1.lp                                  1.08
xa.x1.lnb                          7.98991e-08
xa.x1.lpb                          7.78203e-08
xa.x1.na                                  1.08
doutb                              9.28399e-08
dout                                      1.08
xa.x1.nb                                  1.08
doutn                                        1
bdoutn#branch                                0
ean#branch                         1.04056e-12
eap#branch                         1.36574e-12
vclk#branch                        4.55917e-10
vd#branch                                    0
vcm#branch                          2.4063e-12
vsup#branch                       -2.00017e-05

 Reference value :  2.71006e-08
 Reference value :  1.01134e-07
 Reference value :  1.78920e-07
 Reference value :  2.57241e-07
 Reference value :  3.39250e-07
 Reference value :  4.17318e-07
 Reference value :  4.94543e-07
 Reference value :  5.75550e-07
 Reference value :  6.50622e-07
 Reference value :  7.28050e-07
 Reference value :  8.02522e-07
 Reference value :  8.80176e-07
 Reference value :  9.54920e-07
No. of Data Rows : 10767
dlev0               =  -4.55547e-05
dlev1               =  -2.65292e-05
dlev2               =  -2.71409e-05
dlev3               =  -2.65396e-05
dlev4               =  -2.67004e-05
dlev5               =  -2.68083e-05
dlev6               =  -2.68726e-05
dlev7               =  -2.69083e-05
dlev8               =  -2.69181e-05
dlev9               =  -2.69393e-05
dlev10              =  -2.70051e-05
dlev11              =  -2.75743e-05
dlev12              =  -2.79456e-05
dlev13              =  -2.69636e-05
dlev14              =  -2.77851e-05
dlev15              =  9.99989e-01
dlev16              =  9.99985e-01
dlev17              =  9.99984e-01
dlev18              =  9.99985e-01
dlev19              =  9.99985e-01
dlev20              =  9.99985e-01
dlev21              =  9.99985e-01
dlev22              =  9.99985e-01
dlev23              =  9.99985e-01
dlev24              =  9.99986e-01
dlev25              =  9.99986e-01
dlev26              =  9.99985e-01
dlev27              =  9.99984e-01
dlev28              =  9.99984e-01
dlev29              =  9.99985e-01
dlev30              =  9.99984e-01
dlev31              =  9.99984e-01
dlev32              =  9.99984e-01
vos = -4.497920745e-03
lowcount = 1.5000693085e+01
vbias               =  2.99527e-01
Reset re-loads circuit * comparator-offset-transient-mc @ ff_mismatch_-40c_1.08v -- generated by sim/harness, do not edit

Circuit: * comparator-offset-transient-mc @ ff_mismatch_-40c_1.08v -- generated by sim/harness, do not edit

Doing analysis at TEMP = -40.000000 and TNOM = 27.000000

Using SPARSE 1.3 as Direct Linear Solver

Initial Transient Solution
--------------------------

Node                                   Voltage
----                                   -------
vdd                                       1.08
cm                                         0.6
vd                                      -0.048
ap                                       0.576
an                                       0.624
clk                                          0
ibn                                   0.300653
xa.x1.tmid                         2.08259e-07
xa.x1.tail                             0.56413
xa.x1.np                                  1.08
xa.x1.nn                                  1.08
xa.x1.ln                                  1.08
xa.x1.lp                                  1.08
xa.x1.lnb                          7.77841e-08
xa.x1.lpb                          7.84455e-08
xa.x1.na                                1.0695
doutb                                 0.566659
dout                                  0.566951
xa.x1.nb                               1.06846
doutn                                 0.524955
bdoutn#branch                                0
ean#branch                         1.04133e-12
eap#branch                         1.36677e-12
vclk#branch                        4.55702e-10
vd#branch                                    0
vcm#branch                          2.4081e-12
vsup#branch                       -6.94122e-05

 Reference value :  2.01100e-08
 Reference value :  1.00003e-07
 Reference value :  1.77119e-07
 Reference value :  2.53441e-07
 Reference value :  3.31950e-07
 Reference value :  4.12917e-07
 Reference value :  4.93836e-07
 Reference value :  5.75450e-07
 Reference value :  6.55317e-07
 Reference value :  7.32337e-07
 Reference value :  8.10950e-07
 Reference value :  8.87436e-07
 Reference value :  9.62150e-07
No. of Data Rows : 10769
dlev0               =  -3.45490e-05
dlev1               =  -2.90893e-05
dlev2               =  -2.99339e-05
dlev3               =  -2.92404e-05
dlev4               =  -2.85049e-05
dlev5               =  -2.77134e-05
dlev6               =  -2.77688e-05
dlev7               =  -2.78575e-05
dlev8               =  -2.78779e-05
dlev9               =  -2.78826e-05
dlev10              =  -2.78835e-05
dlev11              =  -2.78725e-05
dlev12              =  -2.78750e-05
dlev13              =  -2.81922e-05
dlev14              =  -2.86190e-05
dlev15              =  -2.82631e-05
dlev16              =  -2.76467e-05
dlev17              =  -2.74902e-05
dlev18              =  9.99987e-01
dlev19              =  9.99985e-01
dlev20              =  9.99982e-01
dlev21              =  9.99983e-01
dlev22              =  9.99984e-01
dlev23              =  9.99984e-01
dlev24              =  9.99984e-01
dlev25              =  9.99984e-01
dlev26              =  9.99984e-01
dlev27              =  9.99983e-01
dlev28              =  9.99982e-01
dlev29              =  9.99981e-01
dlev30              =  9.99980e-01
dlev31              =  9.99979e-01
dlev32              =  9.99979e-01
vos = 4.5023263795e-03
lowcount = 1.8000775460e+01
vbias               =  3.00653e-01
Reset re-loads circuit * comparator-offset-transient-mc @ ff_mismatch_-40c_1.08v -- generated by sim/harness, do not edit

Circuit: * comparator-offset-transient-mc @ ff_mismatch_-40c_1.08v -- generated by sim/harness, do not edit

Doing analysis at TEMP = -40.000000 and TNOM = 27.000000

Using SPARSE 1.3 as Direct Linear Solver

Initial Transient Solution
--------------------------

Node                                   Voltage
----                                   -------
vdd                                       1.08
cm                                         0.6
vd                                      -0.048
ap                                       0.576
an                                       0.624
clk                                          0
ibn                                   0.303384
xa.x1.tmid                         1.98881e-07
xa.x1.tail                            0.564565
xa.x1.np                                  1.08
xa.x1.nn                                  1.08
xa.x1.ln                                  1.08
xa.x1.lp                                  1.08
xa.x1.lnb                          7.25677e-08
xa.x1.lpb                          7.71785e-08
xa.x1.na                               1.06969
doutb                                 0.564732
dout                                  0.563936
xa.x1.nb                               1.06864
doutn                                 0.522163
bdoutn#branch                                0
ean#branch                         1.04122e-12
eap#branch                         1.36696e-12
vclk#branch                        4.62373e-10
vd#branch                                    0
vcm#branch                         2.40818e-12
vsup#branch                       -6.97003e-05

 Reference value :  2.54612e-08
 Reference value :  1.01509e-07
 Reference value :  1.79017e-07
 Reference value :  2.52025e-07
 Reference value :  3.36550e-07
 Reference value :  4.15415e-07
 Reference value :  4.95181e-07
 Reference value :  5.77150e-07
 Reference value :  6.56315e-07
 Reference value :  7.31325e-07
 Reference value :  8.10010e-07
 Reference value :  8.88610e-07
 Reference value :  9.64450e-07
No. of Data Rows : 10767
dlev0               =  -9.53073e-06
dlev1               =  -2.83146e-05
dlev2               =  -2.84755e-05
dlev3               =  -2.86043e-05
dlev4               =  -2.86987e-05
dlev5               =  -2.87572e-05
dlev6               =  -2.87783e-05
dlev7               =  -2.87187e-05
dlev8               =  -2.87039e-05
dlev9               =  -2.85478e-05
dlev10              =  -2.83749e-05
dlev11              =  -2.82624e-05
dlev12              =  -2.81177e-05
dlev13              =  -2.80661e-05
dlev14              =  -2.89256e-05
dlev15              =  -2.76987e-05
dlev16              =  9.99981e-01
dlev17              =  9.99982e-01
dlev18              =  9.99982e-01
dlev19              =  9.99982e-01
dlev20              =  9.99982e-01
dlev21              =  9.99982e-01
dlev22              =  9.99982e-01
dlev23              =  9.99982e-01
dlev24              =  9.99982e-01
dlev25              =  9.99982e-01
dlev26              =  9.99982e-01
dlev27              =  9.99982e-01
dlev28              =  9.99982e-01
dlev29              =  9.99982e-01
dlev30              =  9.99982e-01
dlev31              =  9.99982e-01
dlev32              =  9.99982e-01
vos = -1.497774075e-03
lowcount = 1.6000741975e+01
vbias               =  3.03384e-01
Reset re-loads circuit * comparator-offset-transient-mc @ ff_mismatch_-40c_1.08v -- generated by sim/harness, do not edit

Circuit: * comparator-offset-transient-mc @ ff_mismatch_-40c_1.08v -- generated by sim/harness, do not edit

Doing analysis at TEMP = -40.000000 and TNOM = 27.000000

Using SPARSE 1.3 as Direct Linear Solver

Initial Transient Solution
--------------------------

Node                                   Voltage
----                                   -------
vdd                                       1.08
cm                                         0.6
vd                                      -0.048
ap                                       0.576
an                                       0.624
clk                                          0
ibn                                   0.300362
xa.x1.tmid                         2.29086e-07
xa.x1.tail                             0.55921
xa.x1.np                                  1.08
xa.x1.nn                                  1.08
xa.x1.ln                                  1.08
xa.x1.lp                                  1.08
xa.x1.lnb                          7.79837e-08
xa.x1.lpb                           7.7935e-08
xa.x1.na                               1.06868
doutb                                 0.566694
dout                                  0.559162
xa.x1.nb                               1.07009
doutn                                 0.517742
bdoutn#branch                                0
ean#branch                         1.03922e-12
eap#branch                          1.3653e-12
vclk#branch                        4.56546e-10
vd#branch                                    0
vcm#branch                         2.40452e-12
vsup#branch                       -7.01286e-05

 Reference value :  2.62884e-08
 Reference value :  1.08926e-07
 Reference value :  1.90046e-07
 Reference value :  2.65915e-07
 Reference value :  3.46443e-07
 Reference value :  4.30073e-07
 Reference value :  5.07814e-07
 Reference value :  5.87848e-07
 Reference value :  6.70178e-07
 Reference value :  7.52550e-07
 Reference value :  8.34111e-07
 Reference value :  9.18625e-07
No. of Data Rows : 10766
dlev0               =  -3.57177e-05
dlev1               =  -3.00886e-05
dlev2               =  -3.02505e-05
dlev3               =  -3.03930e-05
dlev4               =  -3.05023e-05
dlev5               =  -3.06932e-05
dlev6               =  -3.06134e-05
dlev7               =  -3.04575e-05
dlev8               =  -3.04215e-05
dlev9               =  -3.02454e-05
dlev10              =  -3.00776e-05
dlev11              =  -2.99321e-05
dlev12              =  -2.98659e-05
dlev13              =  -3.04997e-05
dlev14              =  -3.07150e-05
dlev15              =  -2.93193e-05
dlev16              =  -2.94582e-05
dlev17              =  9.99985e-01
dlev18              =  9.99987e-01
dlev19              =  9.99986e-01
dlev20              =  9.99986e-01
dlev21              =  9.99986e-01
dlev22              =  9.99986e-01
dlev23              =  9.99985e-01
dlev24              =  9.99985e-01
dlev25              =  9.99985e-01
dlev26              =  9.99984e-01
dlev27              =  9.99984e-01
dlev28              =  9.99984e-01
dlev29              =  9.99984e-01
dlev30              =  9.99983e-01
dlev31              =  9.99983e-01
dlev32              =  9.99983e-01
vos = 1.5022912531e-03
lowcount = 1.7000763751e+01
vbias               =  3.00362e-01
Reset re-loads circuit * comparator-offset-transient-mc @ ff_mismatch_-40c_1.08v -- generated by sim/harness, do not edit

Circuit: * comparator-offset-transient-mc @ ff_mismatch_-40c_1.08v -- generated by sim/harness, do not edit

Doing analysis at TEMP = -40.000000 and TNOM = 27.000000

Using SPARSE 1.3 as Direct Linear Solver

Initial Transient Solution
--------------------------

Node                                   Voltage
----                                   -------
vdd                                       1.08
cm                                         0.6
vd                                      -0.048
ap                                       0.576
an                                       0.624
clk                                          0
ibn                                   0.301132
xa.x1.tmid                          2.1393e-07
xa.x1.tail                             0.56225
xa.x1.np                                  1.08
xa.x1.nn                                  1.08
xa.x1.ln                                  1.08
xa.x1.lp                                  1.08
xa.x1.lnb                          8.10306e-08
xa.x1.lpb                          7.80323e-08
xa.x1.na                                  1.08
doutb                              8.10253e-08
dout                                      1.08
xa.x1.nb                                  1.08
doutn                                        1
bdoutn#branch                                0
ean#branch                         1.04025e-12
eap#branch                         1.36691e-12
vclk#branch                        4.54392e-10
vd#branch                                    0
vcm#branch                         2.40716e-12
vsup#branch                       -2.00017e-05

 Reference value :  0.00000e+00
 Reference value :  8.02201e-08
 Reference value :  1.61620e-07
 Reference value :  2.45450e-07
 Reference value :  3.26011e-07
 Reference value :  4.04338e-07
 Reference value :  4.78511e-07
 Reference value :  5.55748e-07
 Reference value :  6.32450e-07
 Reference value :  7.10019e-07
 Reference value :  7.86850e-07
 Reference value :  8.60914e-07
 Reference value :  9.37750e-07
No. of Data Rows : 10770
dlev0               =  -2.22694e-05
dlev1               =  -3.09732e-05
dlev2               =  -3.08057e-05
dlev3               =  -3.06100e-05
dlev4               =  -3.03835e-05
dlev5               =  -3.01248e-05
dlev6               =  -2.98329e-05
dlev7               =  -2.94373e-05
dlev8               =  -2.89376e-05
dlev9               =  -2.84024e-05
dlev10              =  -2.79782e-05
dlev11              =  -2.73956e-05
dlev12              =  -2.69183e-05
dlev13              =  -2.65367e-05
dlev14              =  -2.73249e-05
dlev15              =  -2.55980e-05
dlev16              =  9.99989e-01
dlev17              =  9.99989e-01
dlev18              =  9.99988e-01
dlev19              =  9.99989e-01
dlev20              =  9.99988e-01
dlev21              =  9.99988e-01
dlev22              =  9.99988e-01
dlev23              =  9.99987e-01
dlev24              =  9.99987e-01
dlev25              =  9.99987e-01
dlev26              =  9.99986e-01
dlev27              =  9.99986e-01
dlev28              =  9.99986e-01
dlev29              =  9.99986e-01
dlev30              =  9.99985e-01
dlev31              =  9.99985e-01
dlev32              =  9.99985e-01
vos = -1.497978215e-03
lowcount = 1.6000673928e+01
vbias               =  3.01132e-01
Reset re-loads circuit * comparator-offset-transient-mc @ ff_mismatch_-40c_1.08v -- generated by sim/harness, do not edit

Circuit: * comparator-offset-transient-mc @ ff_mismatch_-40c_1.08v -- generated by sim/harness, do not edit

Doing analysis at TEMP = -40.000000 and TNOM = 27.000000

Using SPARSE 1.3 as Direct Linear Solver

Initial Transient Solution
--------------------------

Node                                   Voltage
----                                   -------
vdd                                       1.08
cm                                         0.6
vd                                      -0.048
ap                                       0.576
an                                       0.624
clk                                          0
ibn                                   0.304531
xa.x1.tmid                         2.10503e-07
xa.x1.tail                            0.562257
xa.x1.np                                  1.08
xa.x1.nn                                  1.08
xa.x1.ln                                  1.08
xa.x1.lp                                  1.08
xa.x1.lnb                          7.90642e-08
xa.x1.lpb                          7.71817e-08
xa.x1.na                                  1.08
doutb                              7.87034e-08
dout                                      1.08
xa.x1.nb                                  1.08
doutn                                        1
bdoutn#branch                                0
ean#branch                         1.04061e-12
eap#branch                         1.36657e-12
vclk#branch                        4.53934e-10
vd#branch                                    0
vcm#branch                         2.40719e-12
vsup#branch                       -2.00017e-05

 Reference value :  4.02800e-09
 Reference value :  7.99068e-08
 Reference value :  1.55950e-07
 Reference value :  2.29720e-07
 Reference value :  3.03950e-07
 Reference value :  3.78532e-07
 Reference value :  4.53150e-07
 Reference value :  5.26850e-07
 Reference value :  6.01150e-07
 Reference value :  6.79331e-07
 Reference value :  7.55650e-07
 Reference value :  8.38017e-07
 Reference value :  9.20130e-07
No. of Data Rows : 10766
dlev0               =  -1.04792e-05
dlev1               =  -2.92919e-05
dlev2               =  -2.93090e-05
dlev3               =  -2.92888e-05
dlev4               =  -2.92284e-05
dlev5               =  -2.91142e-05
dlev6               =  -2.90437e-05
dlev7               =  -2.88449e-05
dlev8               =  -2.85817e-05
dlev9               =  -2.82418e-05
dlev10              =  -2.78226e-05
dlev11              =  -2.73719e-05
dlev12              =  -2.69891e-05
dlev13              =  -2.66811e-05
dlev14              =  -2.65300e-05
dlev15              =  -2.70420e-05
dlev16              =  9.99979e-01
dlev17              =  9.99985e-01
dlev18              =  9.99986e-01
dlev19              =  9.99986e-01
dlev20              =  9.99986e-01
dlev21              =  9.99986e-01
dlev22              =  9.99986e-01
dlev23              =  9.99986e-01
dlev24              =  9.99985e-01
dlev25              =  9.99985e-01
dlev26              =  9.99984e-01
dlev27              =  9.99983e-01
dlev28              =  9.99981e-01
dlev29              =  9.99980e-01
dlev30              =  9.99980e-01
dlev31              =  9.99979e-01
dlev32              =  9.99978e-01
vos = -1.497842219e-03
lowcount = 1.6000719260e+01
vbias               =  3.04531e-01
Reset re-loads circuit * comparator-offset-transient-mc @ ff_mismatch_-40c_1.08v -- generated by sim/harness, do not edit

Circuit: * comparator-offset-transient-mc @ ff_mismatch_-40c_1.08v -- generated by sim/harness, do not edit

Doing analysis at TEMP = -40.000000 and TNOM = 27.000000

Using SPARSE 1.3 as Direct Linear Solver

Initial Transient Solution
--------------------------

Node                                   Voltage
----                                   -------
vdd                                       1.08
cm                                         0.6
vd                                      -0.048
ap                                       0.576
an                                       0.624
clk                                          0
ibn                                   0.302286
xa.x1.tmid                         1.91273e-07
xa.x1.tail                            0.562498
xa.x1.np                                  1.08
xa.x1.nn                                  1.08
xa.x1.ln                                  1.08
xa.x1.lp                                  1.08
xa.x1.lnb                          7.91185e-08
xa.x1.lpb                          7.93742e-08
xa.x1.na                               1.06883
doutb                                 0.567018
dout                                  0.563955
xa.x1.nb                               1.06969
doutn                                 0.522181
bdoutn#branch                                0
ean#branch                         1.04006e-12
eap#branch                          1.3668e-12
vclk#branch                        4.52731e-10
vd#branch                                    0
vcm#branch                         2.40685e-12
vsup#branch                       -6.97209e-05

 Reference value :  0.00000e+00
 Reference value :  7.97055e-08
 Reference value :  1.60418e-07
 Reference value :  2.35316e-07
 Reference value :  3.10631e-07
 Reference value :  3.84716e-07
 Reference value :  4.60846e-07
 Reference value :  5.40030e-07
 Reference value :  6.22513e-07
 Reference value :  7.07629e-07
 Reference value :  7.90120e-07
 Reference value :  8.66612e-07
 Reference value :  9.43904e-07
No. of Data Rows : 10766
dlev0               =  -1.33881e-05
dlev1               =  -2.97993e-05
dlev2               =  -2.99506e-05
dlev3               =  -3.00981e-05
dlev4               =  -3.02134e-05
dlev5               =  -3.02837e-05
dlev6               =  -3.03085e-05
dlev7               =  -3.02453e-05
dlev8               =  -3.00470e-05
dlev9               =  -2.99944e-05
dlev10              =  -2.97616e-05
dlev11              =  -2.95986e-05
dlev12              =  -2.93740e-05
dlev13              =  -2.92274e-05
dlev14              =  -2.96670e-05
dlev15              =  -2.91703e-05
dlev16              =  9.99982e-01
dlev17              =  9.99988e-01
dlev18              =  9.99988e-01
dlev19              =  9.99988e-01
dlev20              =  9.99987e-01
dlev21              =  9.99987e-01
dlev22              =  9.99986e-01
dlev23              =  9.99986e-01
dlev24              =  9.99986e-01
dlev25              =  9.99985e-01
dlev26              =  9.99985e-01
dlev27              =  9.99985e-01
dlev28              =  9.99985e-01
dlev29              =  9.99984e-01
dlev30              =  9.99984e-01
dlev31              =  9.99984e-01
dlev32              =  9.99984e-01
vos = -1.497880118e-03
lowcount = 1.6000706627e+01
vbias               =  3.02286e-01
Reset re-loads circuit * comparator-offset-transient-mc @ ff_mismatch_-40c_1.08v -- generated by sim/harness, do not edit

Circuit: * comparator-offset-transient-mc @ ff_mismatch_-40c_1.08v -- generated by sim/harness, do not edit

Doing analysis at TEMP = -40.000000 and TNOM = 27.000000

Using SPARSE 1.3 as Direct Linear Solver

Initial Transient Solution
--------------------------

Node                                   Voltage
----                                   -------
vdd                                       1.08
cm                                         0.6
vd                                      -0.048
ap                                       0.576
an                                       0.624
clk                                          0
ibn                                   0.301006
xa.x1.tmid                         2.02708e-07
xa.x1.tail                            0.564261
xa.x1.np                                  1.08
xa.x1.nn                                  1.08
xa.x1.ln                                  1.08
xa.x1.lp                                  1.08
xa.x1.lnb                          7.64462e-08
xa.x1.lpb                          7.74346e-08
xa.x1.na                               1.06949
doutb                                 0.573564
dout                                  0.562624
xa.x1.nb                                1.0707
doutn                                 0.520948
bdoutn#branch                                0
ean#branch                         1.04108e-12
eap#branch                         1.36824e-12
vclk#branch                        4.53733e-10
vd#branch                                    0
vcm#branch                         2.40932e-12
vsup#branch                       -6.80645e-05

 Reference value :  1.00110e-08
 Reference value :  8.73182e-08
 Reference value :  1.64433e-07
 Reference value :  2.44250e-07
 Reference value :  3.22818e-07
 Reference value :  4.00744e-07
 Reference value :  4.79810e-07
 Reference value :  5.54944e-07
 Reference value :  6.31050e-07
 Reference value :  7.10220e-07
 Reference value :  7.89750e-07
 Reference value :  8.64315e-07
 Reference value :  9.44619e-07
No. of Data Rows : 10767
dlev0               =  -2.67850e-05
dlev1               =  -2.95528e-05
dlev2               =  -2.90680e-05
dlev3               =  -2.86875e-05
dlev4               =  -2.82505e-05
dlev5               =  -2.85273e-05
dlev6               =  -2.80010e-05
dlev7               =  -2.81014e-05
dlev8               =  -2.81348e-05
dlev9               =  -2.81149e-05
dlev10              =  -2.80392e-05
dlev11              =  -2.79853e-05
dlev12              =  -2.79674e-05
dlev13              =  -2.82213e-05
dlev14              =  -2.89547e-05
dlev15              =  -2.80719e-05
dlev16              =  -2.87535e-05
dlev17              =  9.99988e-01
dlev18              =  9.99984e-01
dlev19              =  9.99983e-01
dlev20              =  9.99984e-01
dlev21              =  9.99984e-01
dlev22              =  9.99983e-01
dlev23              =  9.99983e-01
dlev24              =  9.99983e-01
dlev25              =  9.99983e-01
dlev26              =  9.99983e-01
dlev27              =  9.99983e-01
dlev28              =  9.99983e-01
dlev29              =  9.99983e-01
dlev30              =  9.99983e-01
dlev31              =  9.99983e-01
dlev32              =  9.99983e-01
vos = 1.5022452498e-03
lowcount = 1.7000748417e+01
vbias               =  3.01006e-01
Reset re-loads circuit * comparator-offset-transient-mc @ ff_mismatch_-40c_1.08v -- generated by sim/harness, do not edit

Circuit: * comparator-offset-transient-mc @ ff_mismatch_-40c_1.08v -- generated by sim/harness, do not edit

Doing analysis at TEMP = -40.000000 and TNOM = 27.000000

Using SPARSE 1.3 as Direct Linear Solver

Initial Transient Solution
--------------------------

Node                                   Voltage
----                                   -------
vdd                                       1.08
cm                                         0.6
vd                                      -0.048
ap                                       0.576
an                                       0.624
clk                                          0
ibn                                    0.30009
xa.x1.tmid                         2.23787e-07
xa.x1.tail                            0.562252
xa.x1.np                                  1.08
xa.x1.nn                                  1.08
xa.x1.ln                                  1.08
xa.x1.lp                                  1.08
xa.x1.lnb                          7.57487e-08
xa.x1.lpb                          7.71955e-08
xa.x1.na                               1.06901
doutb                                 0.567179
dout                                  0.560488
xa.x1.nb                               1.06925
doutn                                 0.518971
bdoutn#branch                                0
ean#branch                         1.04061e-12
eap#branch                         1.36605e-12
vclk#branch                         4.5548e-10
vd#branch                                    0
vcm#branch                         2.40666e-12
vsup#branch                       -7.14756e-05

 Reference value :  1.42893e-08
 Reference value :  9.73500e-08
 Reference value :  1.78410e-07
 Reference value :  2.60243e-07
 Reference value :  3.37650e-07
 Reference value :  4.11109e-07
 Reference value :  4.88850e-07
 Reference value :  5.62210e-07
 Reference value :  6.40103e-07
 Reference value :  7.15511e-07
 Reference value :  7.90841e-07
 Reference value :  8.65011e-07
 Reference value :  9.40120e-07
No. of Data Rows : 10765
dlev0               =  -2.15493e-05
dlev1               =  -3.53590e-05
dlev2               =  -3.54040e-05
dlev3               =  -3.56366e-05
dlev4               =  -3.54502e-05
dlev5               =  -3.52117e-05
dlev6               =  -3.49237e-05
dlev7               =  -3.45987e-05
dlev8               =  -3.42571e-05
dlev9               =  -3.39078e-05
dlev10              =  -3.35833e-05
dlev11              =  -3.32983e-05
dlev12              =  -3.33771e-05
dlev13              =  -3.41089e-05
dlev14              =  -3.27298e-05
dlev15              =  -3.22653e-05
dlev16              =  9.99983e-01
dlev17              =  9.99985e-01
dlev18              =  9.99985e-01
dlev19              =  9.99984e-01
dlev20              =  9.99985e-01
dlev21              =  9.99984e-01
dlev22              =  9.99984e-01
dlev23              =  9.99984e-01
dlev24              =  9.99984e-01
dlev25              =  9.99983e-01
dlev26              =  9.99983e-01
dlev27              =  9.99983e-01
dlev28              =  9.99982e-01
dlev29              =  9.99982e-01
dlev30              =  9.99982e-01
dlev31              =  9.99982e-01
dlev32              =  9.99982e-01
vos = -1.497548218e-03
lowcount = 1.6000817261e+01
vbias               =  3.00089e-01
Reset re-loads circuit * comparator-offset-transient-mc @ ff_mismatch_-40c_1.08v -- generated by sim/harness, do not edit

Circuit: * comparator-offset-transient-mc @ ff_mismatch_-40c_1.08v -- generated by sim/harness, do not edit

Doing analysis at TEMP = -40.000000 and TNOM = 27.000000

Using SPARSE 1.3 as Direct Linear Solver

Initial Transient Solution
--------------------------

Node                                   Voltage
----                                   -------
vdd                                       1.08
cm                                         0.6
vd                                      -0.048
ap                                       0.576
an                                       0.624
clk                                          0
ibn                                    0.29836
xa.x1.tmid                         2.22731e-07
xa.x1.tail                            0.561865
xa.x1.np                                  1.08
xa.x1.nn                                  1.08
xa.x1.ln                                  1.08
xa.x1.lp                                  1.08
xa.x1.lnb                          7.83159e-08
xa.x1.lpb                          7.67534e-08
xa.x1.na                                  1.08
doutb                                     1.08
dout                               9.02388e-08
xa.x1.nb                                  1.08
doutn                              8.35544e-08
bdoutn#branch                                0
ean#branch                         1.04028e-12
eap#branch                         1.36596e-12
vclk#branch                        4.55422e-10
vd#branch                                    0
vcm#branch                         2.40624e-12
vsup#branch                       -2.00017e-05

 Reference value :  7.52800e-09
 Reference value :  8.02088e-08
 Reference value :  1.59350e-07
 Reference value :  2.34012e-07
 Reference value :  3.13035e-07
 Reference value :  3.93950e-07
 Reference value :  4.74213e-07
 Reference value :  5.55837e-07
 Reference value :  6.37450e-07
 Reference value :  7.10911e-07
 Reference value :  7.90003e-07
 Reference value :  8.68711e-07
 Reference value :  9.49135e-07
No. of Data Rows : 10765
dlev0               =  -2.84396e-05
dlev1               =  -2.83885e-05
dlev2               =  -2.79419e-05
dlev3               =  -2.74731e-05
dlev4               =  -2.69691e-05
dlev5               =  -2.63776e-05
dlev6               =  -2.58109e-05
dlev7               =  -2.52843e-05
dlev8               =  -2.47827e-05
dlev9               =  -2.42927e-05
dlev10              =  -2.38361e-05
dlev11              =  -2.36523e-05
dlev12              =  -2.40573e-05
dlev13              =  -2.38810e-05
dlev14              =  -2.20634e-05
dlev15              =  -2.11724e-05
dlev16              =  -2.05140e-05
dlev17              =  9.99981e-01
dlev18              =  9.99985e-01
dlev19              =  9.99984e-01
dlev20              =  9.99983e-01
dlev21              =  9.99983e-01
dlev22              =  9.99984e-01
dlev23              =  9.99983e-01
dlev24              =  9.99983e-01
dlev25              =  9.99983e-01
dlev26              =  9.99983e-01
dlev27              =  9.99983e-01
dlev28              =  9.99982e-01
dlev29              =  9.99982e-01
dlev30              =  9.99982e-01
dlev31              =  9.99982e-01
dlev32              =  9.99982e-01
vos = 1.5021013107e-03
lowcount = 1.7000700437e+01
vbias               =  2.98359e-01
Reset re-loads circuit * comparator-offset-transient-mc @ ff_mismatch_-40c_1.08v -- generated by sim/harness, do not edit

Circuit: * comparator-offset-transient-mc @ ff_mismatch_-40c_1.08v -- generated by sim/harness, do not edit

Doing analysis at TEMP = -40.000000 and TNOM = 27.000000

Using SPARSE 1.3 as Direct Linear Solver

Initial Transient Solution
--------------------------

Node                                   Voltage
----                                   -------
vdd                                       1.08
cm                                         0.6
vd                                      -0.048
ap                                       0.576
an                                       0.624
clk                                          0
ibn                                   0.301564
xa.x1.tmid                         2.06216e-07
xa.x1.tail                            0.564294
xa.x1.np                                  1.08
xa.x1.nn                                  1.08
xa.x1.ln                                  1.08
xa.x1.lp                                  1.08
xa.x1.lnb                          7.73154e-08
xa.x1.lpb                          8.20904e-08
xa.x1.na                                  1.08
doutb                              8.27347e-08
dout                                      1.08
xa.x1.nb                                  1.08
doutn                                        1
bdoutn#branch                                0
ean#branch                         1.04103e-12
eap#branch                          1.3673e-12
vclk#branch                        4.58661e-10
vd#branch                                    0
vcm#branch                         2.40832e-12
vsup#branch                       -2.00017e-05

 Reference value :  2.12719e-08
 Reference value :  1.05215e-07
 Reference value :  1.90100e-07
 Reference value :  2.75450e-07
 Reference value :  3.56514e-07
 Reference value :  4.35542e-07
 Reference value :  5.16650e-07
 Reference value :  5.91118e-07
 Reference value :  6.71342e-07
 Reference value :  7.49419e-07
 Reference value :  8.28026e-07
 Reference value :  9.07350e-07
 Reference value :  9.84120e-07
No. of Data Rows : 10765
dlev0               =  -1.96982e-05
dlev1               =  -3.12271e-05
dlev2               =  -3.11566e-05
dlev3               =  -3.12992e-05
dlev4               =  -3.14031e-05
dlev5               =  -3.14669e-05
dlev6               =  -3.14892e-05
dlev7               =  -3.14065e-05
dlev8               =  -3.13980e-05
dlev9               =  -3.12653e-05
dlev10              =  -3.10101e-05
dlev11              =  -3.07737e-05
dlev12              =  -3.05868e-05
dlev13              =  -3.04477e-05
dlev14              =  -3.10578e-05
dlev15              =  -3.06308e-05
dlev16              =  -3.08127e-05
dlev17              =  9.99979e-01
dlev18              =  9.99984e-01
dlev19              =  9.99984e-01
dlev20              =  9.99985e-01
dlev21              =  9.99985e-01
dlev22              =  9.99985e-01
dlev23              =  9.99985e-01
dlev24              =  9.99984e-01
dlev25              =  9.99984e-01
dlev26              =  9.99985e-01
dlev27              =  9.99985e-01
dlev28              =  9.99985e-01
dlev29              =  9.99985e-01
dlev30              =  9.99985e-01
dlev31              =  9.99985e-01
dlev32              =  9.99985e-01
vos = 1.5023085892e-03
lowcount = 1.7000769530e+01
vbias               =  3.01564e-01
Reset re-loads circuit * comparator-offset-transient-mc @ ff_mismatch_-40c_1.08v -- generated by sim/harness, do not edit

Circuit: * comparator-offset-transient-mc @ ff_mismatch_-40c_1.08v -- generated by sim/harness, do not edit

Doing analysis at TEMP = -40.000000 and TNOM = 27.000000

Using SPARSE 1.3 as Direct Linear Solver

Initial Transient Solution
--------------------------

Node                                   Voltage
----                                   -------
vdd                                       1.08
cm                                         0.6
vd                                      -0.048
ap                                       0.576
an                                       0.624
clk                                          0
ibn                                   0.301455
xa.x1.tmid                         2.23773e-07
xa.x1.tail                            0.559967
xa.x1.np                                  1.08
xa.x1.nn                                  1.08
xa.x1.ln                                  1.08
xa.x1.lp                                  1.08
xa.x1.lnb                           7.7067e-08
xa.x1.lpb                          8.06531e-08
xa.x1.na                                  1.08
doutb                              8.52368e-08
dout                                      1.08
xa.x1.nb                                  1.08
doutn                                        1
bdoutn#branch                                0
ean#branch                         1.03961e-12
eap#branch                         1.36585e-12
vclk#branch                        4.59153e-10
vd#branch                                    0
vcm#branch                         2.40546e-12
vsup#branch                       -2.00017e-05

 Reference value :  5.21196e-08
 Reference value :  1.34236e-07
 Reference value :  2.16650e-07
 Reference value :  2.97518e-07
 Reference value :  3.77639e-07
 Reference value :  4.57550e-07
 Reference value :  5.30203e-07
 Reference value :  6.06250e-07
 Reference value :  6.81417e-07
 Reference value :  7.59650e-07
 Reference value :  8.34707e-07
 Reference value :  9.12326e-07
 Reference value :  9.86607e-07
No. of Data Rows : 10767
dlev0               =  -3.33136e-05
dlev1               =  -2.73638e-05
dlev2               =  -2.69197e-05
dlev3               =  -2.70630e-05
dlev4               =  -2.70261e-05
dlev5               =  -2.71419e-05
dlev6               =  -2.71990e-05
dlev7               =  -2.72013e-05
dlev8               =  -2.71611e-05
dlev9               =  -2.70777e-05
dlev10              =  -2.70012e-05
dlev11              =  -2.69446e-05
dlev12              =  -2.71299e-05
dlev13              =  -2.77472e-05
dlev14              =  -2.75756e-05
dlev15              =  -2.67356e-05
dlev16              =  -2.65734e-05
dlev17              =  9.99984e-01
dlev18              =  9.99982e-01
dlev19              =  9.99981e-01
dlev20              =  9.99984e-01
dlev21              =  9.99984e-01
dlev22              =  9.99983e-01
dlev23              =  9.99982e-01
dlev24              =  9.99981e-01
dlev25              =  9.99980e-01
dlev26              =  9.99979e-01
dlev27              =  9.99978e-01
dlev28              =  9.99978e-01
dlev29              =  9.99978e-01
dlev30              =  9.99978e-01
dlev31              =  9.99978e-01
dlev32              =  9.99978e-01
vos = 1.5023345240e-03
lowcount = 1.7000778175e+01
vbias               =  3.01455e-01
Reset re-loads circuit * comparator-offset-transient-mc @ ff_mismatch_-40c_1.08v -- generated by sim/harness, do not edit

Circuit: * comparator-offset-transient-mc @ ff_mismatch_-40c_1.08v -- generated by sim/harness, do not edit

Doing analysis at TEMP = -40.000000 and TNOM = 27.000000

Using SPARSE 1.3 as Direct Linear Solver

Initial Transient Solution
--------------------------

Node                                   Voltage
----                                   -------
vdd                                       1.08
cm                                         0.6
vd                                      -0.048
ap                                       0.576
an                                       0.624
clk                                          0
ibn                                   0.301466
xa.x1.tmid                         2.13538e-07
xa.x1.tail                            0.564409
xa.x1.np                                  1.08
xa.x1.nn                                  1.08
xa.x1.ln                                  1.08
xa.x1.lp                                  1.08
xa.x1.lnb                          7.55708e-08
xa.x1.lpb                          7.87503e-08
xa.x1.na                               1.06959
doutb                                 0.566188
dout                                  0.565799
xa.x1.nb                               1.06967
doutn                                 0.523888
bdoutn#branch                                0
ean#branch                         1.04117e-12
eap#branch                         1.36682e-12
vclk#branch                        4.54592e-10
vd#branch                                    0
vcm#branch                         2.40799e-12
vsup#branch                       -6.86201e-05

 Reference value :  4.59119e-08
 Reference value :  1.22850e-07
 Reference value :  1.97834e-07
 Reference value :  2.74450e-07
 Reference value :  3.52616e-07
 Reference value :  4.30073e-07
 Reference value :  5.03515e-07
 Reference value :  5.79850e-07
 Reference value :  6.51011e-07
 Reference value :  7.28450e-07
 Reference value :  8.00243e-07
 Reference value :  8.76050e-07
 Reference value :  9.47523e-07
No. of Data Rows : 10773
dlev0               =  -3.32864e-05
dlev1               =  -2.79905e-05
dlev2               =  -2.81585e-05
dlev3               =  -2.83269e-05
dlev4               =  -2.84638e-05
dlev5               =  -2.85675e-05
dlev6               =  -2.88255e-05
dlev7               =  -2.87736e-05
dlev8               =  -2.86512e-05
dlev9               =  -2.84666e-05
dlev10              =  -2.83816e-05
dlev11              =  -2.82227e-05
dlev12              =  -2.80807e-05
dlev13              =  -2.79944e-05
dlev14              =  -2.84174e-05
dlev15              =  -2.88630e-05
dlev16              =  -2.74882e-05
dlev17              =  -2.72537e-05
dlev18              =  9.99996e-01
dlev19              =  9.99983e-01
dlev20              =  9.99982e-01
dlev21              =  9.99983e-01
dlev22              =  9.99983e-01
dlev23              =  9.99983e-01
dlev24              =  9.99982e-01
dlev25              =  9.99982e-01
dlev26              =  9.99982e-01
dlev27              =  9.99982e-01
dlev28              =  9.99982e-01
dlev29              =  9.99981e-01
dlev30              =  9.99981e-01
dlev31              =  9.99981e-01
dlev32              =  9.99981e-01
vos = 4.5023070370e-03
lowcount = 1.8000769012e+01
vbias               =  3.01466e-01
Reset re-loads circuit * comparator-offset-transient-mc @ ff_mismatch_-40c_1.08v -- generated by sim/harness, do not edit

Circuit: * comparator-offset-transient-mc @ ff_mismatch_-40c_1.08v -- generated by sim/harness, do not edit

Doing analysis at TEMP = -40.000000 and TNOM = 27.000000

Using SPARSE 1.3 as Direct Linear Solver

Initial Transient Solution
--------------------------

Node                                   Voltage
----                                   -------
vdd                                       1.08
cm                                         0.6
vd                                      -0.048
ap                                       0.576
an                                       0.624
clk                                          0
ibn                                   0.299555
xa.x1.tmid                          2.1159e-07
xa.x1.tail                            0.564088
xa.x1.np                                  1.08
xa.x1.nn                                  1.08
xa.x1.ln                                  1.08
xa.x1.lp                                  1.08
xa.x1.lnb                          8.31701e-08
xa.x1.lpb                          7.33033e-08
xa.x1.na                                  1.08
doutb                                     1.08
dout                               8.25825e-08
xa.x1.nb                                  1.08
doutn                              7.64653e-08
bdoutn#branch                                0
ean#branch                         1.04095e-12
eap#branch                          1.3673e-12
vclk#branch                        4.57234e-10
vd#branch                                    0
vcm#branch                         2.40824e-12
vsup#branch                       -2.00017e-05

 Reference value :  1.32944e-08
 Reference value :  9.28500e-08
 Reference value :  1.70110e-07
 Reference value :  2.50143e-07
 Reference value :  3.32450e-07
 Reference value :  4.13311e-07
 Reference value :  4.90546e-07
 Reference value :  5.65705e-07
 Reference value :  6.44338e-07
 Reference value :  7.24650e-07
 Reference value :  8.00622e-07
 Reference value :  8.82227e-07
 Reference value :  9.60000e-07
No. of Data Rows : 10768
dlev0               =  -3.48164e-05
dlev1               =  -3.28146e-05
dlev2               =  -3.29917e-05
dlev3               =  -3.31443e-05
dlev4               =  -3.31584e-05
dlev5               =  -3.33924e-05
dlev6               =  -3.32389e-05
dlev7               =  -3.30371e-05
dlev8               =  -3.27913e-05
dlev9               =  -3.25150e-05
dlev10              =  -3.22275e-05
dlev11              =  -3.19270e-05
dlev12              =  -3.16839e-05
dlev13              =  -3.15993e-05
dlev14              =  -3.24140e-05
dlev15              =  -3.19757e-05
dlev16              =  -3.05750e-05
dlev17              =  -3.16305e-05
dlev18              =  9.99976e-01
dlev19              =  9.99985e-01
dlev20              =  9.99984e-01
dlev21              =  9.99985e-01
dlev22              =  9.99985e-01
dlev23              =  9.99985e-01
dlev24              =  9.99985e-01
dlev25              =  9.99985e-01
dlev26              =  9.99985e-01
dlev27              =  9.99985e-01
dlev28              =  9.99984e-01
dlev29              =  9.99985e-01
dlev30              =  9.99985e-01
dlev31              =  9.99985e-01
dlev32              =  9.99984e-01
vos = 4.5024666992e-03
lowcount = 1.8000822233e+01
vbias               =  2.99555e-01
Reset re-loads circuit * comparator-offset-transient-mc @ ff_mismatch_-40c_1.08v -- generated by sim/harness, do not edit

Circuit: * comparator-offset-transient-mc @ ff_mismatch_-40c_1.08v -- generated by sim/harness, do not edit

Doing analysis at TEMP = -40.000000 and TNOM = 27.000000

Using SPARSE 1.3 as Direct Linear Solver

Initial Transient Solution
--------------------------

Node                                   Voltage
----                                   -------
vdd                                       1.08
cm                                         0.6
vd                                      -0.048
ap                                       0.576
an                                       0.624
clk                                          0
ibn                                   0.299128
xa.x1.tmid                         2.04361e-07
xa.x1.tail                            0.567433
xa.x1.np                                  1.08
xa.x1.nn                                  1.08
xa.x1.ln                                  1.08
xa.x1.lp                                  1.08
xa.x1.lnb                          8.06704e-08
xa.x1.lpb                          7.86719e-08
xa.x1.na                                  1.08
doutb                               8.1079e-08
dout                                      1.08
xa.x1.nb                                  1.08
doutn                                        1
bdoutn#branch                                0
ean#branch                          1.0425e-12
eap#branch                         1.36779e-12
vclk#branch                        4.60169e-10
vd#branch                                    0
vcm#branch                         2.41029e-12
vsup#branch                       -2.00016e-05

 Reference value :  2.75997e-08
 Reference value :  1.03430e-07
 Reference value :  1.79830e-07
 Reference value :  2.55339e-07
 Reference value :  3.30000e-07
 Reference value :  4.03940e-07
 Reference value :  4.77316e-07
 Reference value :  5.51435e-07
 Reference value :  6.28314e-07
 Reference value :  7.03734e-07
 Reference value :  7.81950e-07
 Reference value :  8.61716e-07
 Reference value :  9.40073e-07
No. of Data Rows : 10768
dlev0               =  -4.59037e-05
dlev1               =  -2.70569e-05
dlev2               =  -2.75717e-05
dlev3               =  -2.76872e-05
dlev4               =  -2.78136e-05
dlev5               =  -2.78870e-05
dlev6               =  -2.79060e-05
dlev7               =  -2.78756e-05
dlev8               =  -2.77876e-05
dlev9               =  -2.76797e-05
dlev10              =  -2.77464e-05
dlev11              =  -2.77220e-05
dlev12              =  -2.78097e-05
dlev13              =  -2.84615e-05
dlev14              =  -2.86262e-05
dlev15              =  -2.73957e-05
dlev16              =  -2.83271e-05
dlev17              =  9.99985e-01
dlev18              =  9.99983e-01
dlev19              =  9.99983e-01
dlev20              =  9.99983e-01
dlev21              =  9.99983e-01
dlev22              =  9.99983e-01
dlev23              =  9.99983e-01
dlev24              =  9.99983e-01
dlev25              =  9.99983e-01
dlev26              =  9.99983e-01
dlev27              =  9.99983e-01
dlev28              =  9.99983e-01
dlev29              =  9.99983e-01
dlev30              =  9.99983e-01
dlev31              =  9.99983e-01
dlev32              =  9.99983e-01
vos = 1.5022876726e-03
lowcount = 1.7000762558e+01
vbias               =  2.99128e-01
Reset re-loads circuit * comparator-offset-transient-mc @ ff_mismatch_-40c_1.08v -- generated by sim/harness, do not edit

Circuit: * comparator-offset-transient-mc @ ff_mismatch_-40c_1.08v -- generated by sim/harness, do not edit

Doing analysis at TEMP = -40.000000 and TNOM = 27.000000

Using SPARSE 1.3 as Direct Linear Solver

Initial Transient Solution
--------------------------

Node                                   Voltage
----                                   -------
vdd                                       1.08
cm                                         0.6
vd                                      -0.048
ap                                       0.576
an                                       0.624
clk                                          0
ibn                                   0.299441
xa.x1.tmid                         2.25799e-07
xa.x1.tail                            0.561673
xa.x1.np                                  1.08
xa.x1.nn                                  1.08
xa.x1.ln                                  1.08
xa.x1.lp                                  1.08
xa.x1.lnb                          7.72551e-08
xa.x1.lpb                          7.58694e-08
xa.x1.na                                  1.08
doutb                              8.09521e-08
dout                                      1.08
xa.x1.nb                                  1.08
doutn                                        1
bdoutn#branch                                0
ean#branch                         1.04053e-12
eap#branch                         1.36677e-12
vclk#branch                        4.55858e-10
vd#branch                                    0
vcm#branch                          2.4073e-12
vsup#branch                       -2.00017e-05

 Reference value :  7.92800e-09
 Reference value :  8.39121e-08
 Reference value :  1.62644e-07
 Reference value :  2.43050e-07
 Reference value :  3.17739e-07
 Reference value :  3.94250e-07
 Reference value :  4.72410e-07
 Reference value :  5.51945e-07
 Reference value :  6.28319e-07
 Reference value :  7.04543e-07
 Reference value :  7.84750e-07
 Reference value :  8.61019e-07
 Reference value :  9.36450e-07
No. of Data Rows : 10768
dlev0               =  7.95040e-07
dlev1               =  -3.18855e-05
dlev2               =  -3.17231e-05
dlev3               =  -3.16093e-05
dlev4               =  -3.13357e-05
dlev5               =  -3.09938e-05
dlev6               =  -3.06559e-05
dlev7               =  -3.03522e-05
dlev8               =  -3.00779e-05
dlev9               =  -2.98164e-05
dlev10              =  -2.96536e-05
dlev11              =  -3.01093e-05
dlev12              =  -3.03755e-05
dlev13              =  -2.88508e-05
dlev14              =  -2.84597e-05
dlev15              =  9.99980e-01
dlev16              =  9.99984e-01
dlev17              =  9.99984e-01
dlev18              =  9.99984e-01
dlev19              =  9.99984e-01
dlev20              =  9.99984e-01
dlev21              =  9.99985e-01
dlev22              =  9.99985e-01
dlev23              =  9.99985e-01
dlev24              =  9.99985e-01
dlev25              =  9.99985e-01
dlev26              =  9.99985e-01
dlev27              =  9.99984e-01
dlev28              =  9.99984e-01
dlev29              =  9.99984e-01
dlev30              =  9.99983e-01
dlev31              =  9.99983e-01
dlev32              =  9.99982e-01
vos = -4.497853189e-03
lowcount = 1.5000715604e+01
vbias               =  2.99441e-01
Reset re-loads circuit * comparator-offset-transient-mc @ ff_mismatch_-40c_1.08v -- generated by sim/harness, do not edit

Circuit: * comparator-offset-transient-mc @ ff_mismatch_-40c_1.08v -- generated by sim/harness, do not edit

Doing analysis at TEMP = -40.000000 and TNOM = 27.000000

Using SPARSE 1.3 as Direct Linear Solver

Initial Transient Solution
--------------------------

Node                                   Voltage
----                                   -------
vdd                                       1.08
cm                                         0.6
vd                                      -0.048
ap                                       0.576
an                                       0.624
clk                                          0
ibn                                   0.302059
xa.x1.tmid                         1.97347e-07
xa.x1.tail                            0.565782
xa.x1.np                                  1.08
xa.x1.nn                                  1.08
xa.x1.ln                                  1.08
xa.x1.lp                                  1.08
xa.x1.lnb                          8.17913e-08
xa.x1.lpb                          7.48922e-08
xa.x1.na                                  1.08
doutb                                     1.08
dout                               8.71612e-08
xa.x1.nb                                  1.08
doutn                              8.07048e-08
bdoutn#branch                                0
ean#branch                         1.04103e-12
eap#branch                         1.36716e-12
vclk#branch                        4.59046e-10
vd#branch                                    0
vcm#branch                         2.40818e-12
vsup#branch                       -2.00016e-05

 Reference value :  1.60000e-11
 Reference value :  7.22108e-08
 Reference value :  1.46414e-07
 Reference value :  2.25933e-07
 Reference value :  3.07950e-07
 Reference value :  3.84613e-07
 Reference value :  4.60843e-07
 Reference value :  5.35612e-07
 Reference value :  6.11243e-07
 Reference value :  6.84315e-07
 Reference value :  7.60103e-07
 Reference value :  8.32915e-07
 Reference value :  9.09350e-07
 Reference value :  9.80291e-07
No. of Data Rows : 10765
dlev0               =  -2.95959e-05
dlev1               =  -3.00077e-05
dlev2               =  -3.01766e-05
dlev3               =  -3.01465e-05
dlev4               =  -3.00908e-05
dlev5               =  -3.00089e-05
dlev6               =  -2.98972e-05
dlev7               =  -2.99640e-05
dlev8               =  -2.96639e-05
dlev9               =  -2.93311e-05
dlev10              =  -2.89873e-05
dlev11              =  -2.86536e-05
dlev12              =  -2.83336e-05
dlev13              =  -2.80518e-05
dlev14              =  -2.81960e-05
dlev15              =  -2.88768e-05
dlev16              =  -2.70792e-05
dlev17              =  -2.74912e-05
dlev18              =  9.99990e-01
dlev19              =  9.99986e-01
dlev20              =  9.99985e-01
dlev21              =  9.99985e-01
dlev22              =  9.99985e-01
dlev23              =  9.99985e-01
dlev24              =  9.99985e-01
dlev25              =  9.99985e-01
dlev26              =  9.99985e-01
dlev27              =  9.99984e-01
dlev28              =  9.99984e-01
dlev29              =  9.99984e-01
dlev30              =  9.99984e-01
dlev31              =  9.99984e-01
dlev32              =  9.99984e-01
vos = 4.5022447568e-03
lowcount = 1.8000748252e+01
vbias               =  3.02059e-01
Reset re-loads circuit * comparator-offset-transient-mc @ ff_mismatch_-40c_1.08v -- generated by sim/harness, do not edit

Circuit: * comparator-offset-transient-mc @ ff_mismatch_-40c_1.08v -- generated by sim/harness, do not edit

Doing analysis at TEMP = -40.000000 and TNOM = 27.000000

Using SPARSE 1.3 as Direct Linear Solver

Initial Transient Solution
--------------------------

Node                                   Voltage
----                                   -------
vdd                                       1.08
cm                                         0.6
vd                                      -0.048
ap                                       0.576
an                                       0.624
clk                                          0
ibn                                   0.300077
xa.x1.tmid                         2.13034e-07
xa.x1.tail                            0.561319
xa.x1.np                                  1.08
xa.x1.nn                                  1.08
xa.x1.ln                                  1.08
xa.x1.lp                                  1.08
xa.x1.lnb                           7.9533e-08
xa.x1.lpb                          8.45692e-08
xa.x1.na                                  1.08
doutb                              8.22957e-08
dout                                      1.08
xa.x1.nb                                  1.08
doutn                                        1
bdoutn#branch                                0
ean#branch                         1.04028e-12
eap#branch                         1.36596e-12
vclk#branch                        4.57675e-10
vd#branch                                    0
vcm#branch                         2.40624e-12
vsup#branch                       -2.00017e-05

 Reference value :  4.48370e-08
 Reference value :  1.18516e-07
 Reference value :  1.92639e-07
 Reference value :  2.68115e-07
 Reference value :  3.45443e-07
 Reference value :  4.26250e-07
 Reference value :  5.00243e-07
 Reference value :  5.77750e-07
 Reference value :  6.49939e-07
 Reference value :  7.25350e-07
 Reference value :  7.98539e-07
 Reference value :  8.74550e-07
 Reference value :  9.50200e-07
No. of Data Rows : 10768
dlev0               =  -3.84708e-05
dlev1               =  -2.85064e-05
dlev2               =  -2.85448e-05
dlev3               =  -2.85268e-05
dlev4               =  -2.83927e-05
dlev5               =  -2.82453e-05
dlev6               =  -2.81204e-05
dlev7               =  -2.80104e-05
dlev8               =  -2.80283e-05
dlev9               =  -2.80926e-05
dlev10              =  -2.87120e-05
dlev11              =  -2.87866e-05
dlev12              =  -2.74861e-05
dlev13              =  -2.84436e-05
dlev14              =  9.99988e-01
dlev15              =  9.99983e-01
dlev16              =  9.99982e-01
dlev17              =  9.99982e-01
dlev18              =  9.99982e-01
dlev19              =  9.99982e-01
dlev20              =  9.99982e-01
dlev21              =  9.99982e-01
dlev22              =  9.99982e-01
dlev23              =  9.99982e-01
dlev24              =  9.99982e-01
dlev25              =  9.99982e-01
dlev26              =  9.99982e-01
dlev27              =  9.99982e-01
dlev28              =  9.99982e-01
dlev29              =  9.99982e-01
dlev30              =  9.99982e-01
dlev31              =  9.99982e-01
dlev32              =  9.99982e-01
vos = -7.497775300e-03
lowcount = 1.4000741567e+01
vbias               =  3.00077e-01
Reset re-loads circuit * comparator-offset-transient-mc @ ff_mismatch_-40c_1.08v -- generated by sim/harness, do not edit

Circuit: * comparator-offset-transient-mc @ ff_mismatch_-40c_1.08v -- generated by sim/harness, do not edit

Doing analysis at TEMP = -40.000000 and TNOM = 27.000000

Using SPARSE 1.3 as Direct Linear Solver

Initial Transient Solution
--------------------------

Node                                   Voltage
----                                   -------
vdd                                       1.08
cm                                         0.6
vd                                      -0.048
ap                                       0.576
an                                       0.624
clk                                          0
ibn                                   0.304254
xa.x1.tmid                         2.22666e-07
xa.x1.tail                            0.560684
xa.x1.np                                  1.08
xa.x1.nn                                  1.08
xa.x1.ln                                  1.08
xa.x1.lp                                  1.08
xa.x1.lnb                          7.82589e-08
xa.x1.lpb                          7.62547e-08
xa.x1.na                               1.06778
doutb                                 0.558749
dout                                  0.554606
xa.x1.nb                               1.06865
doutn                                 0.513524
bdoutn#branch                                0
ean#branch                          1.0397e-12
eap#branch                         1.36605e-12
vclk#branch                        4.58794e-10
vd#branch                                    0
vcm#branch                         2.40574e-12
vsup#branch                       -7.40312e-05

 Reference value :  1.87223e-08
 Reference value :  9.60500e-08
 Reference value :  1.71012e-07
 Reference value :  2.49250e-07
 Reference value :  3.21818e-07
 Reference value :  4.00750e-07
 Reference value :  4.76218e-07
 Reference value :  5.48650e-07
 Reference value :  6.20020e-07
 Reference value :  6.92950e-07
 Reference value :  7.69830e-07
 Reference value :  8.45450e-07
 Reference value :  9.20100e-07
No. of Data Rows : 10765
dlev0               =  -3.32711e-05
dlev1               =  -3.68089e-05
dlev2               =  -3.69138e-05
dlev3               =  -3.70134e-05
dlev4               =  -3.64522e-05
dlev5               =  -3.47537e-05
dlev6               =  -3.26232e-05
dlev7               =  -3.14766e-05
dlev8               =  -3.05710e-05
dlev9               =  -3.01187e-05
dlev10              =  -2.87498e-05
dlev11              =  -2.75441e-05
dlev12              =  -2.76919e-05
dlev13              =  -2.78672e-05
dlev14              =  -2.84173e-05
dlev15              =  -2.84425e-05
dlev16              =  -2.81628e-05
dlev17              =  9.99986e-01
dlev18              =  9.99983e-01
dlev19              =  9.99983e-01
dlev20              =  9.99983e-01
dlev21              =  9.99983e-01
dlev22              =  9.99983e-01
dlev23              =  9.99982e-01
dlev24              =  9.99982e-01
dlev25              =  9.99982e-01
dlev26              =  9.99982e-01
dlev27              =  9.99981e-01
dlev28              =  9.99981e-01
dlev29              =  9.99981e-01
dlev30              =  9.99981e-01
dlev31              =  9.99981e-01
dlev32              =  9.99981e-01
vos = 1.5024641344e-03
lowcount = 1.7000821378e+01
vbias               =  3.04253e-01
Reset re-loads circuit * comparator-offset-transient-mc @ ff_mismatch_-40c_1.08v -- generated by sim/harness, do not edit

Circuit: * comparator-offset-transient-mc @ ff_mismatch_-40c_1.08v -- generated by sim/harness, do not edit

Doing analysis at TEMP = -40.000000 and TNOM = 27.000000

Using SPARSE 1.3 as Direct Linear Solver

Initial Transient Solution
--------------------------

Node                                   Voltage
----                                   -------
vdd                                       1.08
cm                                         0.6
vd                                      -0.048
ap                                       0.576
an                                       0.624
clk                                          0
ibn                                   0.300476
xa.x1.tmid                         2.27809e-07
xa.x1.tail                            0.560034
xa.x1.np                                  1.08
xa.x1.nn                                  1.08
xa.x1.ln                                  1.08
xa.x1.lp                                  1.08
xa.x1.lnb                          8.48261e-08
xa.x1.lpb                          7.99652e-08
xa.x1.na                                  1.08
doutb                                     1.08
dout                               8.28886e-08
xa.x1.nb                                  1.08
doutn                              7.67487e-08
bdoutn#branch                                0
ean#branch                         1.03972e-12
eap#branch                         1.36666e-12
vclk#branch                        4.56398e-10
vd#branch                                    0
vcm#branch                         2.40638e-12
vsup#branch                       -2.00017e-05

 Reference value :  0.00000e+00
 Reference value :  8.05186e-08
 Reference value :  1.60838e-07
 Reference value :  2.39517e-07
 Reference value :  3.17638e-07
 Reference value :  3.97250e-07
 Reference value :  4.70293e-07
 Reference value :  5.45850e-07
 Reference value :  6.23414e-07
 Reference value :  7.07244e-07
 Reference value :  7.84750e-07
 Reference value :  8.59435e-07
 Reference value :  9.32250e-07
No. of Data Rows : 10768
dlev0               =  -2.10644e-05
dlev1               =  -2.77590e-05
dlev2               =  -2.81023e-05
dlev3               =  -2.81423e-05
dlev4               =  -2.81218e-05
dlev5               =  -2.80365e-05
dlev6               =  -2.78883e-05
dlev7               =  -2.78997e-05
dlev8               =  -2.77354e-05
dlev9               =  -2.76005e-05
dlev10              =  -2.75090e-05
dlev11              =  -2.75116e-05
dlev12              =  -2.81965e-05
dlev13              =  -2.82834e-05
dlev14              =  -2.69538e-05
dlev15              =  -2.67486e-05
dlev16              =  9.99996e-01
dlev17              =  9.99988e-01
dlev18              =  9.99987e-01
dlev19              =  9.99987e-01
dlev20              =  9.99987e-01
dlev21              =  9.99987e-01
dlev22              =  9.99986e-01
dlev23              =  9.99986e-01
dlev24              =  9.99986e-01
dlev25              =  9.99985e-01
dlev26              =  9.99985e-01
dlev27              =  9.99985e-01
dlev28              =  9.99984e-01
dlev29              =  9.99984e-01
dlev30              =  9.99984e-01
dlev31              =  9.99984e-01
dlev32              =  9.99984e-01
vos = -1.497975440e-03
lowcount = 1.6000674853e+01
vbias               =  3.00476e-01
Reset re-loads circuit * comparator-offset-transient-mc @ ff_mismatch_-40c_1.08v -- generated by sim/harness, do not edit

Circuit: * comparator-offset-transient-mc @ ff_mismatch_-40c_1.08v -- generated by sim/harness, do not edit

Doing analysis at TEMP = -40.000000 and TNOM = 27.000000

Using SPARSE 1.3 as Direct Linear Solver

Initial Transient Solution
--------------------------

Node                                   Voltage
----                                   -------
vdd                                       1.08
cm                                         0.6
vd                                      -0.048
ap                                       0.576
an                                       0.624
clk                                          0
ibn                                   0.298907
xa.x1.tmid                         1.98971e-07
xa.x1.tail                            0.562837
xa.x1.np                                  1.08
xa.x1.nn                                  1.08
xa.x1.ln                                  1.08
xa.x1.lp                                  1.08
xa.x1.lnb                          8.38271e-08
xa.x1.lpb                          7.77378e-08
xa.x1.na                               1.06959
doutb                                 0.558649
dout                                  0.563726
xa.x1.nb                               1.06864
doutn                                 0.521969
bdoutn#branch                                0
ean#branch                         1.04053e-12
eap#branch                         1.36635e-12
vclk#branch                        4.59275e-10
vd#branch                                    0
vcm#branch                         2.40688e-12
vsup#branch                       -7.09184e-05

 Reference value :  0.00000e+00
 Reference value :  7.18364e-08
 Reference value :  1.49810e-07
 Reference value :  2.22933e-07
 Reference value :  2.98113e-07
 Reference value :  3.74740e-07
 Reference value :  4.50850e-07
 Reference value :  5.24336e-07
 Reference value :  5.98911e-07
 Reference value :  6.77032e-07
 Reference value :  7.51750e-07
 Reference value :  8.29538e-07
 Reference value :  9.06250e-07
 Reference value :  9.79830e-07
No. of Data Rows : 10766
dlev0               =  -3.97387e-05
dlev1               =  -2.89795e-05
dlev2               =  -2.87402e-05
dlev3               =  -2.84394e-05
dlev4               =  -2.80820e-05
dlev5               =  -2.77373e-05
dlev6               =  -2.74163e-05
dlev7               =  -2.71086e-05
dlev8               =  -2.68036e-05
dlev9               =  -2.65322e-05
dlev10              =  -2.65472e-05
dlev11              =  -2.70502e-05
dlev12              =  -2.69932e-05
dlev13              =  -2.55147e-05
dlev14              =  -2.46011e-05
dlev15              =  -2.44362e-05
dlev16              =  9.99982e-01
dlev17              =  9.99986e-01
dlev18              =  9.99986e-01
dlev19              =  9.99985e-01
dlev20              =  9.99985e-01
dlev21              =  9.99985e-01
dlev22              =  9.99985e-01
dlev23              =  9.99985e-01
dlev24              =  9.99984e-01
dlev25              =  9.99984e-01
dlev26              =  9.99984e-01
dlev27              =  9.99984e-01
dlev28              =  9.99983e-01
dlev29              =  9.99983e-01
dlev30              =  9.99983e-01
dlev31              =  9.99983e-01
dlev32              =  9.99983e-01
vos = -1.497854639e-03
lowcount = 1.6000715120e+01
vbias               =  2.98907e-01
Reset re-loads circuit * comparator-offset-transient-mc @ ff_mismatch_-40c_1.08v -- generated by sim/harness, do not edit

Circuit: * comparator-offset-transient-mc @ ff_mismatch_-40c_1.08v -- generated by sim/harness, do not edit

Doing analysis at TEMP = -40.000000 and TNOM = 27.000000

Using SPARSE 1.3 as Direct Linear Solver

Initial Transient Solution
--------------------------

Node                                   Voltage
----                                   -------
vdd                                       1.08
cm                                         0.6
vd                                      -0.048
ap                                       0.576
an                                       0.624
clk                                          0
ibn                                   0.301082
xa.x1.tmid                         2.12279e-07
xa.x1.tail                            0.565399
xa.x1.np                                  1.08
xa.x1.nn                                  1.08
xa.x1.ln                                  1.08
xa.x1.lp                                  1.08
xa.x1.lnb                          7.71971e-08
xa.x1.lpb                          7.63687e-08
xa.x1.na                                  1.08
doutb                                     1.08
dout                               8.48311e-08
xa.x1.nb                                  1.08
doutn                              7.85473e-08
bdoutn#branch                                0
ean#branch                         1.04175e-12
eap#branch                         1.36624e-12
vclk#branch                        4.60442e-10
vd#branch                                    0
vcm#branch                         2.40799e-12
vsup#branch                       -2.00017e-05

 Reference value :  4.24133e-08
 Reference value :  1.17509e-07
 Reference value :  1.94231e-07
 Reference value :  2.67315e-07
 Reference value :  3.41845e-07
 Reference value :  4.19870e-07
 Reference value :  4.92842e-07
 Reference value :  5.64411e-07
 Reference value :  6.40003e-07
 Reference value :  7.11711e-07
 Reference value :  7.89550e-07
 Reference value :  8.61011e-07
 Reference value :  9.37450e-07
No. of Data Rows : 10769
dlev0               =  -8.97478e-06
dlev1               =  -3.83838e-05
dlev2               =  -3.78178e-05
dlev3               =  -3.69668e-05
dlev4               =  -3.62786e-05
dlev5               =  -3.55057e-05
dlev6               =  -3.46137e-05
dlev7               =  -3.40916e-05
dlev8               =  -3.21310e-05
dlev9               =  -3.01121e-05
dlev10              =  -2.81519e-05
dlev11              =  -2.67751e-05
dlev12              =  -2.64086e-05
dlev13              =  -2.62488e-05
dlev14              =  -2.79568e-05
dlev15              =  -2.99177e-05
dlev16              =  -2.52356e-05
dlev17              =  9.99986e-01
dlev18              =  9.99985e-01
dlev19              =  9.99984e-01
dlev20              =  9.99984e-01
dlev21              =  9.99984e-01
dlev22              =  9.99984e-01
dlev23              =  9.99984e-01
dlev24              =  9.99983e-01
dlev25              =  9.99983e-01
dlev26              =  9.99983e-01
dlev27              =  9.99983e-01
dlev28              =  9.99983e-01
dlev29              =  9.99982e-01
dlev30              =  9.99982e-01
dlev31              =  9.99982e-01
dlev32              =  9.99982e-01
vos = 1.5023459109e-03
lowcount = 1.7000781970e+01
vbias               =  3.01082e-01
Reset re-loads circuit * comparator-offset-transient-mc @ ff_mismatch_-40c_1.08v -- generated by sim/harness, do not edit

Circuit: * comparator-offset-transient-mc @ ff_mismatch_-40c_1.08v -- generated by sim/harness, do not edit

Doing analysis at TEMP = -40.000000 and TNOM = 27.000000

Using SPARSE 1.3 as Direct Linear Solver

Initial Transient Solution
--------------------------

Node                                   Voltage
----                                   -------
vdd                                       1.08
cm                                         0.6
vd                                      -0.048
ap                                       0.576
an                                       0.624
clk                                          0
ibn                                   0.296959
xa.x1.tmid                         2.22351e-07
xa.x1.tail                            0.563079
xa.x1.np                                  1.08
xa.x1.nn                                  1.08
xa.x1.ln                                  1.08
xa.x1.lp                                  1.08
xa.x1.lnb                          7.96521e-08
xa.x1.lpb                          7.68353e-08
xa.x1.na                               1.07001
doutb                                 0.562086
dout                                  0.565471
xa.x1.nb                               1.06811
doutn                                 0.523584
bdoutn#branch                                0
ean#branch                         1.04083e-12
eap#branch                         1.36685e-12
vclk#branch                        4.60349e-10
vd#branch                                    0
vcm#branch                         2.40769e-12
vsup#branch                       -7.19456e-05

 Reference value :  1.22800e-09
 Reference value :  7.75369e-08
 Reference value :  1.54050e-07
 Reference value :  2.30130e-07
 Reference value :  3.10144e-07
 Reference value :  3.88814e-07
 Reference value :  4.67441e-07
 Reference value :  5.48850e-07
 Reference value :  6.28019e-07
 Reference value :  7.03535e-07
 Reference value :  7.79830e-07
 Reference value :  8.53536e-07
 Reference value :  9.28519e-07
No. of Data Rows : 10766
dlev0               =  -1.92100e-05
dlev1               =  -3.41150e-05
dlev2               =  -3.39104e-05
dlev3               =  -3.27834e-05
dlev4               =  -3.16674e-05
dlev5               =  -3.09158e-05
dlev6               =  -3.07517e-05
dlev7               =  -3.05674e-05
dlev8               =  -3.04282e-05
dlev9               =  -3.06588e-05
dlev10              =  -3.18369e-05
dlev11              =  -3.38750e-05
dlev12              =  -3.35983e-05
dlev13              =  -2.98491e-05
dlev14              =  -2.89112e-05
dlev15              =  -2.94957e-05
dlev16              =  -2.92667e-05
dlev17              =  9.99974e-01
dlev18              =  9.99983e-01
dlev19              =  9.99983e-01
dlev20              =  9.99982e-01
dlev21              =  9.99981e-01
dlev22              =  9.99981e-01
dlev23              =  9.99983e-01
dlev24              =  9.99983e-01
dlev25              =  9.99983e-01
dlev26              =  9.99983e-01
dlev27              =  9.99983e-01
dlev28              =  9.99983e-01
dlev29              =  9.99983e-01
dlev30              =  9.99983e-01
dlev31              =  9.99982e-01
dlev32              =  9.99981e-01
vos = 1.5024343226e-03
lowcount = 1.7000811441e+01
vbias               =  2.96959e-01
Reset re-loads circuit * comparator-offset-transient-mc @ ff_mismatch_-40c_1.08v -- generated by sim/harness, do not edit

Circuit: * comparator-offset-transient-mc @ ff_mismatch_-40c_1.08v -- generated by sim/harness, do not edit

Doing analysis at TEMP = -40.000000 and TNOM = 27.000000

Using SPARSE 1.3 as Direct Linear Solver

Initial Transient Solution
--------------------------

Node                                   Voltage
----                                   -------
vdd                                       1.08
cm                                         0.6
vd                                      -0.048
ap                                       0.576
an                                       0.624
clk                                          0
ibn                                   0.300522
xa.x1.tmid                         2.01637e-07
xa.x1.tail                            0.564249
xa.x1.np                                  1.08
xa.x1.nn                                  1.08
xa.x1.ln                                  1.08
xa.x1.lp                                  1.08
xa.x1.lnb                          7.72918e-08
xa.x1.lpb                          7.55971e-08
xa.x1.na                               1.07039
doutb                                 0.563355
dout                                   0.56838
xa.x1.nb                               1.06898
doutn                                 0.526278
bdoutn#branch                                0
ean#branch                         1.04106e-12
eap#branch                         1.36657e-12
vclk#branch                        4.57278e-10
vd#branch                                    0
vcm#branch                         2.40763e-12
vsup#branch                       -6.89587e-05

 Reference value :  0.00000e+00
 Reference value :  7.15183e-08
 Reference value :  1.45811e-07
 Reference value :  2.21037e-07
 Reference value :  2.98511e-07
 Reference value :  3.73542e-07
 Reference value :  4.47311e-07
 Reference value :  5.20100e-07
 Reference value :  5.91017e-07
 Reference value :  6.69150e-07
 Reference value :  7.44718e-07
 Reference value :  8.20720e-07
 Reference value :  8.98320e-07
 Reference value :  9.70604e-07
No. of Data Rows : 10769
dlev0               =  -7.38064e-06
dlev1               =  -3.00667e-05
dlev2               =  -2.97891e-05
dlev3               =  -2.94870e-05
dlev4               =  -2.91590e-05
dlev5               =  -2.89433e-05
dlev6               =  -2.83875e-05
dlev7               =  -2.78067e-05
dlev8               =  -2.72319e-05
dlev9               =  -2.66929e-05
dlev10              =  -2.61943e-05
dlev11              =  -2.57952e-05
dlev12              =  -2.63559e-05
dlev13              =  -2.59250e-05
dlev14              =  -2.43740e-05
dlev15              =  9.99990e-01
dlev16              =  9.99983e-01
dlev17              =  9.99982e-01
dlev18              =  9.99983e-01
dlev19              =  9.99983e-01
dlev20              =  9.99983e-01
dlev21              =  9.99983e-01
dlev22              =  9.99983e-01
dlev23              =  9.99983e-01
dlev24              =  9.99983e-01
dlev25              =  9.99983e-01
dlev26              =  9.99983e-01
dlev27              =  9.99983e-01
dlev28              =  9.99983e-01
dlev29              =  9.99984e-01
dlev30              =  9.99983e-01
dlev31              =  9.99983e-01
dlev32              =  9.99983e-01
vos = -4.497925233e-03
lowcount = 1.5000691589e+01
vbias               =  3.00522e-01
Reset re-loads circuit * comparator-offset-transient-mc @ ff_mismatch_-40c_1.08v -- generated by sim/harness, do not edit

Circuit: * comparator-offset-transient-mc @ ff_mismatch_-40c_1.08v -- generated by sim/harness, do not edit

Doing analysis at TEMP = -40.000000 and TNOM = 27.000000

Using SPARSE 1.3 as Direct Linear Solver

Initial Transient Solution
--------------------------

Node                                   Voltage
----                                   -------
vdd                                       1.08
cm                                         0.6
vd                                      -0.048
ap                                       0.576
an                                       0.624
clk                                          0
ibn                                   0.300987
xa.x1.tmid                         1.98102e-07
xa.x1.tail                            0.564119
xa.x1.np                                  1.08
xa.x1.nn                                  1.08
xa.x1.ln                                  1.08
xa.x1.lp                                  1.08
xa.x1.lnb                          8.03912e-08
xa.x1.lpb                          8.00418e-08
xa.x1.na                                  1.08
doutb                                     1.08
dout                               8.79197e-08
xa.x1.nb                                  1.08
doutn                              8.14071e-08
bdoutn#branch                                0
ean#branch                         1.04114e-12
eap#branch                         1.36666e-12
vclk#branch                        4.59383e-10
vd#branch                                    0
vcm#branch                          2.4078e-12
vsup#branch                       -2.00016e-05

 Reference value :  3.35500e-08
 Reference value :  1.07120e-07
 Reference value :  1.83450e-07
 Reference value :  2.58738e-07
 Reference value :  3.37850e-07
 Reference value :  4.15520e-07
 Reference value :  4.96844e-07
 Reference value :  5.75950e-07
 Reference value :  6.53820e-07
 Reference value :  7.33040e-07
 Reference value :  8.14150e-07
 Reference value :  8.88022e-07
 Reference value :  9.58413e-07
No. of Data Rows : 10768
dlev0               =  -2.82184e-05
dlev1               =  -3.04601e-05
dlev2               =  -2.95233e-05
dlev3               =  -2.85326e-05
dlev4               =  -2.80172e-05
dlev5               =  -2.87787e-05
dlev6               =  -2.80098e-05
dlev7               =  -2.71563e-05
dlev8               =  -2.61172e-05
dlev9               =  -2.54154e-05
dlev10              =  -2.56264e-05
dlev11              =  -2.58126e-05
dlev12              =  -2.60062e-05
dlev13              =  -2.63391e-05
dlev14              =  -2.68691e-05
dlev15              =  -2.64516e-05
dlev16              =  -2.71157e-05
dlev17              =  9.99975e-01
dlev18              =  9.99984e-01
dlev19              =  9.99982e-01
dlev20              =  9.99984e-01
dlev21              =  9.99984e-01
dlev22              =  9.99984e-01
dlev23              =  9.99983e-01
dlev24              =  9.99983e-01
dlev25              =  9.99982e-01
dlev26              =  9.99982e-01
dlev27              =  9.99981e-01
dlev28              =  9.99981e-01
dlev29              =  9.99981e-01
dlev30              =  9.99980e-01
dlev31              =  9.99980e-01
dlev32              =  9.99981e-01
vos = 1.5022726495e-03
lowcount = 1.7000757550e+01
vbias               =  3.00987e-01
Reset re-loads circuit * comparator-offset-transient-mc @ ff_mismatch_-40c_1.08v -- generated by sim/harness, do not edit

Circuit: * comparator-offset-transient-mc @ ff_mismatch_-40c_1.08v -- generated by sim/harness, do not edit

Doing analysis at TEMP = -40.000000 and TNOM = 27.000000

Using SPARSE 1.3 as Direct Linear Solver

Initial Transient Solution
--------------------------

Node                                   Voltage
----                                   -------
vdd                                       1.08
cm                                         0.6
vd                                      -0.048
ap                                       0.576
an                                       0.624
clk                                          0
ibn                                   0.303531
xa.x1.tmid                         2.04654e-07
xa.x1.tail                            0.566041
xa.x1.np                                  1.08
xa.x1.nn                                  1.08
xa.x1.ln                                  1.08
xa.x1.lp                                  1.08
xa.x1.lnb                           7.5701e-08
xa.x1.lpb                          7.82497e-08
xa.x1.na                               1.06907
doutb                                 0.566071
dout                                  0.566345
xa.x1.nb                               1.07008
doutn                                 0.524393
bdoutn#branch                                0
ean#branch                         1.04169e-12
eap#branch                         1.36774e-12
vclk#branch                        4.58797e-10
vd#branch                                    0
vcm#branch                         2.40943e-12
vsup#branch                       -6.78274e-05

 Reference value :  2.02436e-08
 Reference value :  9.72500e-08
 Reference value :  1.72320e-07
 Reference value :  2.48350e-07
 Reference value :  3.20719e-07
 Reference value :  3.97150e-07
 Reference value :  4.71018e-07
 Reference value :  5.48850e-07
 Reference value :  6.25718e-07
 Reference value :  7.01439e-07
 Reference value :  7.78919e-07
 Reference value :  8.57421e-07
 Reference value :  9.34750e-07
No. of Data Rows : 10768
dlev0               =  -2.71507e-05
dlev1               =  -2.92013e-05
dlev2               =  -2.89484e-05
dlev3               =  -2.84863e-05
dlev4               =  -2.81060e-05
dlev5               =  -2.76686e-05
dlev6               =  -2.71653e-05
dlev7               =  -2.73433e-05
dlev8               =  -2.74608e-05
dlev9               =  -2.75199e-05
dlev10              =  -2.75539e-05
dlev11              =  -2.75971e-05
dlev12              =  -2.76528e-05
dlev13              =  -2.79321e-05
dlev14              =  -2.87322e-05
dlev15              =  -2.76573e-05
dlev16              =  -2.77522e-05
dlev17              =  9.99979e-01
dlev18              =  9.99984e-01
dlev19              =  9.99984e-01
dlev20              =  9.99984e-01
dlev21              =  9.99984e-01
dlev22              =  9.99984e-01
dlev23              =  9.99984e-01
dlev24              =  9.99984e-01
dlev25              =  9.99984e-01
dlev26              =  9.99985e-01
dlev27              =  9.99984e-01
dlev28              =  9.99984e-01
dlev29              =  9.99984e-01
dlev30              =  9.99984e-01
dlev31              =  9.99983e-01
dlev32              =  9.99983e-01
vos = 1.5021984848e-03
lowcount = 1.7000732828e+01
vbias               =  3.03531e-01
Reset re-loads circuit * comparator-offset-transient-mc @ ff_mismatch_-40c_1.08v -- generated by sim/harness, do not edit

Circuit: * comparator-offset-transient-mc @ ff_mismatch_-40c_1.08v -- generated by sim/harness, do not edit

Doing analysis at TEMP = -40.000000 and TNOM = 27.000000

Using SPARSE 1.3 as Direct Linear Solver

Initial Transient Solution
--------------------------

Node                                   Voltage
----                                   -------
vdd                                       1.08
cm                                         0.6
vd                                      -0.048
ap                                       0.576
an                                       0.624
clk                                          0
ibn                                   0.298318
xa.x1.tmid                         1.92333e-07
xa.x1.tail                            0.564996
xa.x1.np                                  1.08
xa.x1.nn                                  1.08
xa.x1.ln                                  1.08
xa.x1.lp                                  1.08
xa.x1.lnb                          7.62292e-08
xa.x1.lpb                          7.93745e-08
xa.x1.na                               1.07035
doutb                                 0.564248
dout                                  0.571685
xa.x1.nb                                1.0691
doutn                                 0.529338
bdoutn#branch                                0
ean#branch                         1.04111e-12
eap#branch                         1.36641e-12
vclk#branch                         4.5358e-10
vd#branch                                    0
vcm#branch                         2.40752e-12
vsup#branch                       -6.87734e-05

 Reference value :  0.00000e+00
 Reference value :  7.18338e-08
 Reference value :  1.47613e-07
 Reference value :  2.21332e-07
 Reference value :  2.96113e-07
 Reference value :  3.71838e-07
 Reference value :  4.47912e-07
 Reference value :  5.24582e-07
 Reference value :  5.97213e-07
 Reference value :  6.71835e-07
 Reference value :  7.52450e-07
 Reference value :  8.33612e-07
 Reference value :  9.16734e-07
No. of Data Rows : 10766
dlev0               =  -3.03224e-05
dlev1               =  -3.05137e-05
dlev2               =  -3.01589e-05
dlev3               =  -2.97359e-05
dlev4               =  -2.93174e-05
dlev5               =  -2.89075e-05
dlev6               =  -2.85029e-05
dlev7               =  -2.80958e-05
dlev8               =  -2.76858e-05
dlev9               =  -2.72863e-05
dlev10              =  -2.70122e-05
dlev11              =  -2.71800e-05
dlev12              =  -2.75115e-05
dlev13              =  -2.69588e-05
dlev14              =  -2.51055e-05
dlev15              =  -2.44389e-05
dlev16              =  -2.38282e-05
dlev17              =  9.99986e-01
dlev18              =  9.99989e-01
dlev19              =  9.99988e-01
dlev20              =  9.99987e-01
dlev21              =  9.99987e-01
dlev22              =  9.99987e-01
dlev23              =  9.99987e-01
dlev24              =  9.99987e-01
dlev25              =  9.99986e-01
dlev26              =  9.99986e-01
dlev27              =  9.99986e-01
dlev28              =  9.99985e-01
dlev29              =  9.99985e-01
dlev30              =  9.99985e-01
dlev31              =  9.99984e-01
dlev32              =  9.99984e-01
vos = 1.5020758853e-03
lowcount = 1.7000691962e+01
vbias               =  2.98318e-01
Reset re-loads circuit * comparator-offset-transient-mc @ ff_mismatch_-40c_1.08v -- generated by sim/harness, do not edit

Circuit: * comparator-offset-transient-mc @ ff_mismatch_-40c_1.08v -- generated by sim/harness, do not edit

Doing analysis at TEMP = -40.000000 and TNOM = 27.000000

Using SPARSE 1.3 as Direct Linear Solver

Initial Transient Solution
--------------------------

Node                                   Voltage
----                                   -------
vdd                                       1.08
cm                                         0.6
vd                                      -0.048
ap                                       0.576
an                                       0.624
clk                                          0
ibn                                    0.30046
xa.x1.tmid                         2.13252e-07
xa.x1.tail                            0.561696
xa.x1.np                                  1.08
xa.x1.nn                                  1.08
xa.x1.ln                                  1.08
xa.x1.lp                                  1.08
xa.x1.lnb                          7.38987e-08
xa.x1.lpb                          7.69984e-08
xa.x1.na                               1.06873
doutb                                 0.568406
dout                                  0.555624
xa.x1.nb                               1.06882
doutn                                 0.514467
bdoutn#branch                                0
ean#branch                         1.03997e-12
eap#branch                         1.36632e-12
vclk#branch                        4.59371e-10
vd#branch                                    0
vcm#branch                          2.4063e-12
vsup#branch                       -7.16795e-05

 Reference value :  0.00000e+00
 Reference value :  7.18224e-08
 Reference value :  1.47915e-07
 Reference value :  2.23940e-07
 Reference value :  2.99830e-07
 Reference value :  3.79340e-07
 Reference value :  4.60045e-07
 Reference value :  5.35616e-07
 Reference value :  6.17339e-07
 Reference value :  7.00021e-07
 Reference value :  7.81550e-07
 Reference value :  8.61418e-07
 Reference value :  9.41320e-07
No. of Data Rows : 10770
dlev0               =  -2.14051e-05
dlev1               =  -3.34467e-05
dlev2               =  -3.27392e-05
dlev3               =  -3.19705e-05
dlev4               =  -3.25736e-05
dlev5               =  -3.08582e-05
dlev6               =  -2.90898e-05
dlev7               =  -2.73433e-05
dlev8               =  -2.66281e-05
dlev9               =  -2.62399e-05
dlev10              =  -2.58917e-05
dlev11              =  -2.56319e-05
dlev12              =  -2.63319e-05
dlev13              =  -2.97109e-05
dlev14              =  -2.55065e-05
dlev15              =  -2.57385e-05
dlev16              =  9.99986e-01
dlev17              =  9.99983e-01
dlev18              =  9.99983e-01
dlev19              =  9.99983e-01
dlev20              =  9.99983e-01
dlev21              =  9.99983e-01
dlev22              =  9.99983e-01
dlev23              =  9.99983e-01
dlev24              =  9.99983e-01
dlev25              =  9.99983e-01
dlev26              =  9.99983e-01
dlev27              =  9.99983e-01
dlev28              =  9.99983e-01
dlev29              =  9.99983e-01
dlev30              =  9.99983e-01
dlev31              =  9.99983e-01
dlev32              =  9.99983e-01
vos = -1.497790183e-03
lowcount = 1.6000736606e+01
vbias               =  3.00460e-01
Reset re-loads circuit * comparator-offset-transient-mc @ ff_mismatch_-40c_1.08v -- generated by sim/harness, do not edit

Circuit: * comparator-offset-transient-mc @ ff_mismatch_-40c_1.08v -- generated by sim/harness, do not edit

Doing analysis at TEMP = -40.000000 and TNOM = 27.000000

Using SPARSE 1.3 as Direct Linear Solver

Initial Transient Solution
--------------------------

Node                                   Voltage
----                                   -------
vdd                                       1.08
cm                                         0.6
vd                                      -0.048
ap                                       0.576
an                                       0.624
clk                                          0
ibn                                   0.302976
xa.x1.tmid                         2.18985e-07
xa.x1.tail                            0.559491
xa.x1.np                                  1.08
xa.x1.nn                                  1.08
xa.x1.ln                                  1.08
xa.x1.lp                                  1.08
xa.x1.lnb                          8.17166e-08
xa.x1.lpb                          7.66508e-08
xa.x1.na                               1.06947
doutb                                 0.568991
dout                                  0.561769
xa.x1.nb                               1.06908
doutn                                 0.520157
bdoutn#branch                                0
ean#branch                         1.03934e-12
eap#branch                         1.36596e-12
vclk#branch                           4.56e-10
vd#branch                                    0
vcm#branch                          2.4053e-12
vsup#branch                       -6.93933e-05

 Reference value :  1.11739e-08
 Reference value :  9.32500e-08
 Reference value :  1.73711e-07
 Reference value :  2.56834e-07
 Reference value :  3.33950e-07
 Reference value :  4.08142e-07
 Reference value :  4.80950e-07
 Reference value :  5.51545e-07
 Reference value :  6.27211e-07
 Reference value :  7.03235e-07
 Reference value :  7.80550e-07
 Reference value :  8.61210e-07
 Reference value :  9.41013e-07
No. of Data Rows : 10770
dlev0               =  -9.67715e-06
dlev1               =  -3.37650e-05
dlev2               =  -3.37450e-05
dlev3               =  -3.36875e-05
dlev4               =  -3.35536e-05
dlev5               =  -3.35200e-05
dlev6               =  -3.33176e-05
dlev7               =  -3.30569e-05
dlev8               =  -3.27304e-05
dlev9               =  -3.25604e-05
dlev10              =  -3.20285e-05
dlev11              =  -3.15071e-05
dlev12              =  -3.11098e-05
dlev13              =  -3.07963e-05
dlev14              =  -3.15151e-05
dlev15              =  -3.00824e-05
dlev16              =  9.99987e-01
dlev17              =  9.99986e-01
dlev18              =  9.99986e-01
dlev19              =  9.99985e-01
dlev20              =  9.99985e-01
dlev21              =  9.99985e-01
dlev22              =  9.99984e-01
dlev23              =  9.99984e-01
dlev24              =  9.99984e-01
dlev25              =  9.99983e-01
dlev26              =  9.99983e-01
dlev27              =  9.99983e-01
dlev28              =  9.99983e-01
dlev29              =  9.99982e-01
dlev30              =  9.99982e-01
dlev31              =  9.99982e-01
dlev32              =  9.99982e-01
vos = -1.497690441e-03
lowcount = 1.6000769853e+01
vbias               =  3.02976e-01
Reset re-loads circuit * comparator-offset-transient-mc @ ff_mismatch_-40c_1.08v -- generated by sim/harness, do not edit

Circuit: * comparator-offset-transient-mc @ ff_mismatch_-40c_1.08v -- generated by sim/harness, do not edit

Doing analysis at TEMP = -40.000000 and TNOM = 27.000000

Using SPARSE 1.3 as Direct Linear Solver

Initial Transient Solution
--------------------------

Node                                   Voltage
----                                   -------
vdd                                       1.08
cm                                         0.6
vd                                      -0.048
ap                                       0.576
an                                       0.624
clk                                          0
ibn                                   0.303495
xa.x1.tmid                         1.96215e-07
xa.x1.tail                            0.564464
xa.x1.np                                  1.08
xa.x1.nn                                  1.08
xa.x1.ln                                  1.08
xa.x1.lp                                  1.08
xa.x1.lnb                          7.57899e-08
xa.x1.lpb                          8.54154e-08
xa.x1.na                               1.06803
doutb                                 0.564904
dout                                   0.55976
xa.x1.nb                               1.06932
doutn                                 0.518297
bdoutn#branch                                0
ean#branch                         1.04089e-12
eap#branch                          1.3661e-12
vclk#branch                        4.59716e-10
vd#branch                                    0
vcm#branch                         2.40699e-12
vsup#branch                       -7.16263e-05

 Reference value :  1.01033e-08
 Reference value :  8.71150e-08
 Reference value :  1.68910e-07
 Reference value :  2.50247e-07
 Reference value :  3.29935e-07
 Reference value :  4.05630e-07
 Reference value :  4.76913e-07
 Reference value :  5.51731e-07
 Reference value :  6.27210e-07
 Reference value :  7.03820e-07
 Reference value :  7.81950e-07
 Reference value :  8.55707e-07
 Reference value :  9.29411e-07
No. of Data Rows : 10770
dlev0               =  -1.53251e-05
dlev1               =  -1.98970e-05
dlev2               =  -3.27277e-05
dlev3               =  -3.17936e-05
dlev4               =  -3.14919e-05
dlev5               =  -3.15821e-05
dlev6               =  -3.16010e-05
dlev7               =  -3.15277e-05
dlev8               =  -3.13665e-05
dlev9               =  -3.12540e-05
dlev10              =  -3.09307e-05
dlev11              =  -3.05299e-05
dlev12              =  -3.02171e-05
dlev13              =  -3.00152e-05
dlev14              =  -2.99978e-05
dlev15              =  -3.04596e-05
dlev16              =  9.99984e-01
dlev17              =  9.99983e-01
dlev18              =  9.99983e-01
dlev19              =  9.99983e-01
dlev20              =  9.99983e-01
dlev21              =  9.99983e-01
dlev22              =  9.99982e-01
dlev23              =  9.99982e-01
dlev24              =  9.99982e-01
dlev25              =  9.99982e-01
dlev26              =  9.99981e-01
dlev27              =  9.99981e-01
dlev28              =  9.99981e-01
dlev29              =  9.99981e-01
dlev30              =  9.99981e-01
dlev31              =  9.99990e-01
dlev32              =  9.99988e-01
vos = -1.497722349e-03
lowcount = 1.6000759217e+01
vbias               =  3.03495e-01
Reset re-loads circuit * comparator-offset-transient-mc @ ff_mismatch_-40c_1.08v -- generated by sim/harness, do not edit

Circuit: * comparator-offset-transient-mc @ ff_mismatch_-40c_1.08v -- generated by sim/harness, do not edit

Doing analysis at TEMP = -40.000000 and TNOM = 27.000000

Using SPARSE 1.3 as Direct Linear Solver

Initial Transient Solution
--------------------------

Node                                   Voltage
----                                   -------
vdd                                       1.08
cm                                         0.6
vd                                      -0.048
ap                                       0.576
an                                       0.624
clk                                          0
ibn                                   0.302116
xa.x1.tmid                         2.19595e-07
xa.x1.tail                            0.562182
xa.x1.np                                  1.08
xa.x1.nn                                  1.08
xa.x1.ln                                  1.08
xa.x1.lp                                  1.08
xa.x1.lnb                          7.78086e-08
xa.x1.lpb                          8.02821e-08
xa.x1.na                                  1.08
doutb                                     1.08
dout                               8.32956e-08
xa.x1.nb                                  1.08
doutn                              7.71255e-08
bdoutn#branch                                0
ean#branch                          1.0402e-12
eap#branch                         1.36693e-12
vclk#branch                         4.5574e-10
vd#branch                                    0
vcm#branch                         2.40713e-12
vsup#branch                       -2.00017e-05

 Reference value :  0.00000e+00
 Reference value :  7.40133e-08
 Reference value :  1.49308e-07
 Reference value :  2.24127e-07
 Reference value :  3.00850e-07
 Reference value :  3.75343e-07
 Reference value :  4.50250e-07
 Reference value :  5.25177e-07
 Reference value :  5.99709e-07
 Reference value :  6.72841e-07
 Reference value :  7.48309e-07
 Reference value :  8.25224e-07
 Reference value :  9.05350e-07
 Reference value :  9.80008e-07
No. of Data Rows : 10764
dlev0               =  -3.04189e-05
dlev1               =  -3.06019e-05
dlev2               =  -3.01886e-05
dlev3               =  -2.97535e-05
dlev4               =  -2.92972e-05
dlev5               =  -2.87615e-05
dlev6               =  -2.81432e-05
dlev7               =  -2.74798e-05
dlev8               =  -2.67691e-05
dlev9               =  -2.60060e-05
dlev10              =  -2.54514e-05
dlev11              =  -2.45023e-05
dlev12              =  -2.36669e-05
dlev13              =  -2.30045e-05
dlev14              =  -2.25788e-05
dlev15              =  -2.35564e-05
dlev16              =  -2.15031e-05
dlev17              =  9.99982e-01
dlev18              =  9.99983e-01
dlev19              =  9.99984e-01
dlev20              =  9.99984e-01
dlev21              =  9.99983e-01
dlev22              =  9.99983e-01
dlev23              =  9.99983e-01
dlev24              =  9.99982e-01
dlev25              =  9.99982e-01
dlev26              =  9.99982e-01
dlev27              =  9.99982e-01
dlev28              =  9.99981e-01
dlev29              =  9.99981e-01
dlev30              =  9.99981e-01
dlev31              =  9.99981e-01
dlev32              =  9.99981e-01
vos = 1.5022064492e-03
lowcount = 1.7000735483e+01
vbias               =  3.02116e-01
Reset re-loads circuit * comparator-offset-transient-mc @ ff_mismatch_-40c_1.08v -- generated by sim/harness, do not edit

Circuit: * comparator-offset-transient-mc @ ff_mismatch_-40c_1.08v -- generated by sim/harness, do not edit

Doing analysis at TEMP = -40.000000 and TNOM = 27.000000

Using SPARSE 1.3 as Direct Linear Solver

Initial Transient Solution
--------------------------

Node                                   Voltage
----                                   -------
vdd                                       1.08
cm                                         0.6
vd                                      -0.048
ap                                       0.576
an                                       0.624
clk                                          0
ibn                                   0.299065
xa.x1.tmid                          1.8805e-07
xa.x1.tail                            0.565847
xa.x1.np                                  1.08
xa.x1.nn                                  1.08
xa.x1.ln                                  1.08
xa.x1.lp                                  1.08
xa.x1.lnb                          7.85779e-08
xa.x1.lpb                          8.07063e-08
xa.x1.na                                  1.08
doutb                                     1.08
dout                               8.16871e-08
xa.x1.nb                                  1.08
doutn                              7.56362e-08
bdoutn#branch                                0
ean#branch                         1.04181e-12
eap#branch                         1.36768e-12
vclk#branch                        4.57392e-10
vd#branch                                    0
vcm#branch                         2.40949e-12
vsup#branch                       -2.00016e-05

 Reference value :  4.34278e-08
 Reference value :  1.19935e-07
 Reference value :  2.00019e-07
 Reference value :  2.78350e-07
 Reference value :  3.55116e-07
 Reference value :  4.35139e-07
 Reference value :  5.16650e-07
 Reference value :  5.97615e-07
 Reference value :  6.80110e-07
 Reference value :  7.60637e-07
 Reference value :  8.42350e-07
 Reference value :  9.17927e-07
No. of Data Rows : 10766
dlev0               =  -2.79296e-05
dlev1               =  -2.85124e-05
dlev2               =  -2.84382e-05
dlev3               =  -2.84947e-05
dlev4               =  -2.83928e-05
dlev5               =  -2.82531e-05
dlev6               =  -2.80779e-05
dlev7               =  -2.78287e-05
dlev8               =  -2.76203e-05
dlev9               =  -2.74426e-05
dlev10              =  -2.72818e-05
dlev11              =  -2.72807e-05
dlev12              =  -2.79168e-05
dlev13              =  -2.80824e-05
dlev14              =  -2.65272e-05
dlev15              =  -2.66299e-05
dlev16              =  9.99983e-01
dlev17              =  9.99983e-01
dlev18              =  9.99983e-01
dlev19              =  9.99983e-01
dlev20              =  9.99983e-01
dlev21              =  9.99983e-01
dlev22              =  9.99983e-01
dlev23              =  9.99983e-01
dlev24              =  9.99983e-01
dlev25              =  9.99983e-01
dlev26              =  9.99983e-01
dlev27              =  9.99983e-01
dlev28              =  9.99983e-01
dlev29              =  9.99983e-01
dlev30              =  9.99983e-01
dlev31              =  9.99984e-01
dlev32              =  9.99984e-01
vos = -1.497808773e-03
lowcount = 1.6000730409e+01
vbias               =  2.99065e-01
Reset re-loads circuit * comparator-offset-transient-mc @ ff_mismatch_-40c_1.08v -- generated by sim/harness, do not edit

Circuit: * comparator-offset-transient-mc @ ff_mismatch_-40c_1.08v -- generated by sim/harness, do not edit

Doing analysis at TEMP = -40.000000 and TNOM = 27.000000

Using SPARSE 1.3 as Direct Linear Solver

Initial Transient Solution
--------------------------

Node                                   Voltage
----                                   -------
vdd                                       1.08
cm                                         0.6
vd                                      -0.048
ap                                       0.576
an                                       0.624
clk                                          0
ibn                                   0.298323
xa.x1.tmid                         2.24079e-07
xa.x1.tail                            0.561822
xa.x1.np                                  1.08
xa.x1.nn                                  1.08
xa.x1.ln                                  1.08
xa.x1.lp                                  1.08
xa.x1.lnb                          7.95976e-08
xa.x1.lpb                          7.67058e-08
xa.x1.na                               1.06913
doutb                                  0.56569
dout                                  0.564392
xa.x1.nb                               1.06856
doutn                                 0.522586
bdoutn#branch                                0
ean#branch                         1.04053e-12
eap#branch                         1.36699e-12
vclk#branch                        4.57293e-10
vd#branch                                    0
vcm#branch                         2.40752e-12
vsup#branch                       -7.00009e-05

 Reference value :  0.00000e+00
 Reference value :  6.99250e-08
 Reference value :  1.42011e-07
 Reference value :  2.19750e-07
 Reference value :  2.90349e-07
 Reference value :  3.64650e-07
 Reference value :  4.39742e-07
 Reference value :  5.11950e-07
 Reference value :  5.84242e-07
 Reference value :  6.58420e-07
 Reference value :  7.31135e-07
 Reference value :  8.02819e-07
 Reference value :  8.78650e-07
 Reference value :  9.50165e-07
No. of Data Rows : 10767
dlev0               =  -2.85988e-05
dlev1               =  -2.86457e-05
dlev2               =  -2.82203e-05
dlev3               =  -2.77869e-05
dlev4               =  -2.73613e-05
dlev5               =  -2.69536e-05
dlev6               =  -2.65535e-05
dlev7               =  -2.61546e-05
dlev8               =  -2.57655e-05
dlev9               =  -2.55078e-05
dlev10              =  -2.57444e-05
dlev11              =  -2.59597e-05
dlev12              =  -2.49937e-05
dlev13              =  -2.34630e-05
dlev14              =  -2.43576e-05
dlev15              =  9.99993e-01
dlev16              =  9.99984e-01
dlev17              =  9.99985e-01
dlev18              =  9.99984e-01
dlev19              =  9.99982e-01
dlev20              =  9.99983e-01
dlev21              =  9.99984e-01
dlev22              =  9.99984e-01
dlev23              =  9.99984e-01
dlev24              =  9.99984e-01
dlev25              =  9.99984e-01
dlev26              =  9.99983e-01
dlev27              =  9.99983e-01
dlev28              =  9.99982e-01
dlev29              =  9.99981e-01
dlev30              =  9.99980e-01
dlev31              =  9.99980e-01
dlev32              =  9.99980e-01
vos = -4.497909701e-03
lowcount = 1.5000696766e+01
vbias               =  2.98323e-01
m_n_samples = 6.0000000000e+01
m_n_out_of_range = 0.0000000000e+00
m_sig_vos_raw_mv = 2.7857283031e+00
m_sig_vos_mv = 2.6476937471e+00
m_vos_3sig_mv = 7.9430812413e+00
m_mean_vos_uv = -6.977626921e+02
m_mean_vos_sem = -1.940191571e+00
m_vbias_anchor_mv = 2.9832270000e+02
Note: Simulation executed from .control section 

