
Note: No compatibility mode selected!


Circuit: * comparator-offset-transient-mc @ ff_mismatch_-40c_1.20v -- generated by sim/harness, do not edit

Reset re-loads circuit * comparator-offset-transient-mc @ ff_mismatch_-40c_1.20v -- generated by sim/harness, do not edit

Circuit: * comparator-offset-transient-mc @ ff_mismatch_-40c_1.20v -- generated by sim/harness, do not edit

Doing analysis at TEMP = -40.000000 and TNOM = 27.000000

Using SPARSE 1.3 as Direct Linear Solver

Initial Transient Solution
--------------------------

Node                                   Voltage
----                                   -------
vdd                                        1.2
cm                                         0.6
vd                                      -0.048
ap                                       0.576
an                                       0.624
clk                                          0
ibn                                   0.302077
xa.x1.tmid                         2.16069e-07
xa.x1.tail                            0.563846
xa.x1.np                                   1.2
xa.x1.nn                                   1.2
xa.x1.ln                                   1.2
xa.x1.lp                                   1.2
xa.x1.lnb                          9.84781e-08
xa.x1.lpb                          9.55931e-08
xa.x1.na                                   1.2
doutb                              1.03573e-07
dout                                       1.2
xa.x1.nb                                   1.2
doutn                                        1
bdoutn#branch                                0
ean#branch                         1.95718e-12
eap#branch                         2.48215e-12
vclk#branch                        6.44231e-10
vd#branch                                    0
vcm#branch                         4.43934e-12
vsup#branch                       -2.00022e-05

 Reference value :  1.08266e-08
 Reference value :  8.45757e-08
 Reference value :  1.60205e-07
 Reference value :  2.35701e-07
 Reference value :  3.16593e-07
 Reference value :  3.95350e-07
 Reference value :  4.69378e-07
 Reference value :  5.50066e-07
 Reference value :  6.27599e-07
 Reference value :  7.09184e-07
 Reference value :  7.87150e-07
 Reference value :  8.65076e-07
 Reference value :  9.41148e-07
No. of Data Rows : 10860
dlev0               =  8.86700e-06
dlev1               =  1.40907e-05
dlev2               =  1.45870e-05
dlev3               =  1.51042e-05
dlev4               =  1.56594e-05
dlev5               =  1.62584e-05
dlev6               =  3.66595e-05
dlev7               =  3.77029e-05
dlev8               =  3.70838e-05
dlev9               =  3.60691e-05
dlev10              =  3.49369e-05
dlev11              =  3.43294e-05
dlev12              =  2.87248e-05
dlev13              =  3.09128e-05
dlev14              =  3.17252e-05
dlev15              =  9.99995e-01
dlev16              =  1.00002e+00
dlev17              =  1.00002e+00
dlev18              =  1.00002e+00
dlev19              =  1.00002e+00
dlev20              =  1.00002e+00
dlev21              =  1.00002e+00
dlev22              =  1.00002e+00
dlev23              =  1.00002e+00
dlev24              =  1.00002e+00
dlev25              =  1.00002e+00
dlev26              =  1.00001e+00
dlev27              =  1.00001e+00
dlev28              =  1.00001e+00
dlev29              =  1.00001e+00
dlev30              =  1.00001e+00
dlev31              =  1.00001e+00
dlev32              =  1.00001e+00
vos = -4.501940733e-03
lowcount = 1.4999353089e+01
vbias               =  3.02077e-01
Reset re-loads circuit * comparator-offset-transient-mc @ ff_mismatch_-40c_1.20v -- generated by sim/harness, do not edit

Circuit: * comparator-offset-transient-mc @ ff_mismatch_-40c_1.20v -- generated by sim/harness, do not edit

Doing analysis at TEMP = -40.000000 and TNOM = 27.000000

Using SPARSE 1.3 as Direct Linear Solver

Initial Transient Solution
--------------------------

Node                                   Voltage
----                                   -------
vdd                                        1.2
cm                                         0.6
vd                                      -0.048
ap                                       0.576
an                                       0.624
clk                                          0
ibn                                   0.301958
xa.x1.tmid                         2.16684e-07
xa.x1.tail                            0.563741
xa.x1.np                                   1.2
xa.x1.nn                                   1.2
xa.x1.ln                                   1.2
xa.x1.lp                                   1.2
xa.x1.lnb                          9.93004e-08
xa.x1.lpb                          9.86205e-08
xa.x1.na                               1.18159
doutb                                 0.614005
dout                                  0.621765
xa.x1.nb                               1.18137
doutn                                 0.518138
bdoutn#branch                                0
ean#branch                          1.9578e-12
eap#branch                         2.48357e-12
vclk#branch                        6.45589e-10
vd#branch                                    0
vcm#branch                         4.44136e-12
vsup#branch                       -0.000117569

 Reference value :  8.12646e-09
 Reference value :  8.17644e-08
 Reference value :  1.60003e-07
 Reference value :  2.31203e-07
 Reference value :  3.10904e-07
 Reference value :  3.92750e-07
 Reference value :  4.70241e-07
 Reference value :  5.47550e-07
 Reference value :  6.25401e-07
 Reference value :  7.03601e-07
 Reference value :  7.80850e-07
 Reference value :  8.59179e-07
 Reference value :  9.35550e-07
No. of Data Rows : 10853
dlev0               =  -2.00031e-06
dlev1               =  3.72745e-06
dlev2               =  4.45711e-06
dlev3               =  2.80381e-05
dlev4               =  2.59212e-05
dlev5               =  2.37458e-05
dlev6               =  3.11981e-05
dlev7               =  3.85503e-05
dlev8               =  8.00573e-06
dlev9               =  9.04794e-06
dlev10              =  1.01202e-05
dlev11              =  1.11391e-05
dlev12              =  3.40493e-05
dlev13              =  3.48115e-05
dlev14              =  3.33773e-05
dlev15              =  3.66360e-05
dlev16              =  1.00001e+00
dlev17              =  1.00002e+00
dlev18              =  1.00002e+00
dlev19              =  1.00001e+00
dlev20              =  1.00002e+00
dlev21              =  1.00001e+00
dlev22              =  1.00001e+00
dlev23              =  1.00001e+00
dlev24              =  1.00002e+00
dlev25              =  1.00002e+00
dlev26              =  1.00002e+00
dlev27              =  1.00002e+00
dlev28              =  1.00002e+00
dlev29              =  1.00000e+00
dlev30              =  1.00000e+00
dlev31              =  1.00000e+00
dlev32              =  1.00000e+00
vos = -1.501670474e-03
lowcount = 1.5999443175e+01
vbias               =  3.01958e-01
Reset re-loads circuit * comparator-offset-transient-mc @ ff_mismatch_-40c_1.20v -- generated by sim/harness, do not edit

Circuit: * comparator-offset-transient-mc @ ff_mismatch_-40c_1.20v -- generated by sim/harness, do not edit

Doing analysis at TEMP = -40.000000 and TNOM = 27.000000

Using SPARSE 1.3 as Direct Linear Solver

Initial Transient Solution
--------------------------

Node                                   Voltage
----                                   -------
vdd                                        1.2
cm                                         0.6
vd                                      -0.048
ap                                       0.576
an                                       0.624
clk                                          0
ibn                                   0.301813
xa.x1.tmid                         2.20496e-07
xa.x1.tail                            0.562112
xa.x1.np                                   1.2
xa.x1.nn                                   1.2
xa.x1.ln                                   1.2
xa.x1.lp                                   1.2
xa.x1.lnb                          9.65562e-08
xa.x1.lpb                          9.77781e-08
xa.x1.na                               1.18176
doutb                                 0.623383
dout                                  0.622539
xa.x1.nb                                1.1813
doutn                                 0.518783
bdoutn#branch                                0
ean#branch                         1.95627e-12
eap#branch                          2.4829e-12
vclk#branch                        6.49043e-10
vd#branch                                    0
vcm#branch                         4.43917e-12
vsup#branch                       -0.000116992

 Reference value :  5.10739e-09
 Reference value :  8.61741e-08
 Reference value :  1.70224e-07
 Reference value :  2.52690e-07
 Reference value :  3.35350e-07
 Reference value :  4.13502e-07
 Reference value :  4.92170e-07
 Reference value :  5.65906e-07
 Reference value :  6.45194e-07
 Reference value :  7.25950e-07
 Reference value :  8.04973e-07
 Reference value :  8.87457e-07
 Reference value :  9.70008e-07
No. of Data Rows : 10859
dlev0               =  1.34498e-05
dlev1               =  1.26890e-05
dlev2               =  1.31407e-05
dlev3               =  1.36190e-05
dlev4               =  1.41303e-05
dlev5               =  3.74843e-05
dlev6               =  3.69621e-05
dlev7               =  3.31230e-05
dlev8               =  3.23102e-05
dlev9               =  3.29543e-05
dlev10              =  3.60034e-05
dlev11              =  3.01347e-05
dlev12              =  2.55706e-05
dlev13              =  3.38383e-05
dlev14              =  3.32875e-05
dlev15              =  3.30607e-05
dlev16              =  1.00002e+00
dlev17              =  1.00002e+00
dlev18              =  1.00002e+00
dlev19              =  1.00002e+00
dlev20              =  1.00002e+00
dlev21              =  1.00002e+00
dlev22              =  1.00002e+00
dlev23              =  1.00002e+00
dlev24              =  1.00002e+00
dlev25              =  1.00001e+00
dlev26              =  1.00001e+00
dlev27              =  1.00001e+00
dlev28              =  1.00000e+00
dlev29              =  1.00000e+00
dlev30              =  1.00000e+00
dlev31              =  1.00000e+00
dlev32              =  1.00000e+00
vos = -1.501928274e-03
lowcount = 1.5999357242e+01
vbias               =  3.01813e-01
Reset re-loads circuit * comparator-offset-transient-mc @ ff_mismatch_-40c_1.20v -- generated by sim/harness, do not edit

Circuit: * comparator-offset-transient-mc @ ff_mismatch_-40c_1.20v -- generated by sim/harness, do not edit

Doing analysis at TEMP = -40.000000 and TNOM = 27.000000

Using SPARSE 1.3 as Direct Linear Solver

Initial Transient Solution
--------------------------

Node                                   Voltage
----                                   -------
vdd                                        1.2
cm                                         0.6
vd                                      -0.048
ap                                       0.576
an                                       0.624
clk                                          0
ibn                                   0.302763
xa.x1.tmid                         2.39349e-07
xa.x1.tail                            0.562057
xa.x1.np                                   1.2
xa.x1.nn                                   1.2
xa.x1.ln                                   1.2
xa.x1.lp                                   1.2
xa.x1.lnb                          9.52172e-08
xa.x1.lpb                          1.01665e-07
xa.x1.na                                   1.2
doutb                                      1.2
dout                                1.0086e-07
xa.x1.nb                                   1.2
doutn                              8.40501e-08
bdoutn#branch                                0
ean#branch                         1.95677e-12
eap#branch                         2.48207e-12
vclk#branch                        6.51108e-10
vd#branch                                    0
vcm#branch                         4.43884e-12
vsup#branch                       -2.00023e-05

 Reference value :  4.07640e-08
 Reference value :  1.24350e-07
 Reference value :  2.05085e-07
 Reference value :  2.85398e-07
 Reference value :  3.68450e-07
 Reference value :  4.47997e-07
 Reference value :  5.25779e-07
 Reference value :  6.00010e-07
 Reference value :  6.80212e-07
 Reference value :  7.59450e-07
 Reference value :  8.30989e-07
 Reference value :  9.10671e-07
No. of Data Rows : 10857
dlev0               =  1.88443e-06
dlev1               =  1.77199e-06
dlev2               =  2.00679e-06
dlev3               =  2.35475e-06
dlev4               =  2.70800e-05
dlev5               =  2.53953e-05
dlev6               =  2.22353e-05
dlev7               =  1.96560e-05
dlev8               =  2.24866e-05
dlev9               =  3.21574e-05
dlev10              =  6.45115e-06
dlev11              =  7.35751e-06
dlev12              =  1.47247e-05
dlev13              =  3.13023e-05
dlev14              =  3.24458e-05
dlev15              =  2.99004e-05
dlev16              =  9.99999e-01
dlev17              =  1.00002e+00
dlev18              =  1.00002e+00
dlev19              =  1.00002e+00
dlev20              =  1.00000e+00
dlev21              =  1.00000e+00
dlev22              =  1.00002e+00
dlev23              =  1.00002e+00
dlev24              =  1.00001e+00
dlev25              =  1.00001e+00
dlev26              =  1.00001e+00
dlev27              =  1.00002e+00
dlev28              =  1.00000e+00
dlev29              =  1.00000e+00
dlev30              =  1.00000e+00
dlev31              =  1.00000e+00
dlev32              =  1.00000e+00
vos = -1.501311632e-03
lowcount = 1.5999562789e+01
vbias               =  3.02763e-01
Reset re-loads circuit * comparator-offset-transient-mc @ ff_mismatch_-40c_1.20v -- generated by sim/harness, do not edit

Circuit: * comparator-offset-transient-mc @ ff_mismatch_-40c_1.20v -- generated by sim/harness, do not edit

Doing analysis at TEMP = -40.000000 and TNOM = 27.000000

Using SPARSE 1.3 as Direct Linear Solver

Initial Transient Solution
--------------------------

Node                                   Voltage
----                                   -------
vdd                                        1.2
cm                                         0.6
vd                                      -0.048
ap                                       0.576
an                                       0.624
clk                                          0
ibn                                   0.301274
xa.x1.tmid                         1.97675e-07
xa.x1.tail                            0.568463
xa.x1.np                                   1.2
xa.x1.nn                                   1.2
xa.x1.ln                                   1.2
xa.x1.lp                                   1.2
xa.x1.lnb                          1.00363e-07
xa.x1.lpb                          9.98876e-08
xa.x1.na                                   1.2
doutb                              1.06629e-07
dout                                       1.2
xa.x1.nb                                   1.2
doutn                                        1
bdoutn#branch                                0
ean#branch                         1.95952e-12
eap#branch                         2.48565e-12
vclk#branch                        6.50897e-10
vd#branch                                    0
vcm#branch                         4.44517e-12
vsup#branch                       -2.00022e-05

 Reference value :  0.00000e+00
 Reference value :  8.02384e-08
 Reference value :  1.61980e-07
 Reference value :  2.49150e-07
 Reference value :  3.29705e-07
 Reference value :  4.06593e-07
 Reference value :  4.83450e-07
 Reference value :  5.58178e-07
 Reference value :  6.33450e-07
 Reference value :  7.09298e-07
 Reference value :  7.85350e-07
 Reference value :  8.61074e-07
 Reference value :  9.41763e-07
No. of Data Rows : 10850
dlev0               =  5.21796e-08
dlev1               =  1.60279e-06
dlev2               =  1.78708e-06
dlev3               =  1.97454e-06
dlev4               =  2.16697e-06
dlev5               =  2.82568e-05
dlev6               =  2.59548e-05
dlev7               =  2.45562e-05
dlev8               =  2.37923e-05
dlev9               =  2.45411e-05
dlev10              =  3.10211e-05
dlev11              =  2.65867e-05
dlev12              =  7.18880e-06
dlev13              =  2.95748e-05
dlev14              =  1.53353e-05
dlev15              =  3.43557e-05
dlev16              =  9.99995e-01
dlev17              =  1.00002e+00
dlev18              =  1.00001e+00
dlev19              =  1.00002e+00
dlev20              =  1.00001e+00
dlev21              =  1.00001e+00
dlev22              =  1.00001e+00
dlev23              =  1.00002e+00
dlev24              =  1.00002e+00
dlev25              =  1.00002e+00
dlev26              =  1.00002e+00
dlev27              =  1.00002e+00
dlev28              =  1.00001e+00
dlev29              =  1.00001e+00
dlev30              =  1.00001e+00
dlev31              =  1.00000e+00
dlev32              =  1.00000e+00
vos = -1.501500441e-03
lowcount = 1.5999499853e+01
vbias               =  3.01274e-01
Reset re-loads circuit * comparator-offset-transient-mc @ ff_mismatch_-40c_1.20v -- generated by sim/harness, do not edit

Circuit: * comparator-offset-transient-mc @ ff_mismatch_-40c_1.20v -- generated by sim/harness, do not edit

Doing analysis at TEMP = -40.000000 and TNOM = 27.000000

Using SPARSE 1.3 as Direct Linear Solver

Initial Transient Solution
--------------------------

Node                                   Voltage
----                                   -------
vdd                                        1.2
cm                                         0.6
vd                                      -0.048
ap                                       0.576
an                                       0.624
clk                                          0
ibn                                   0.297628
xa.x1.tmid                         2.34486e-07
xa.x1.tail                            0.564837
xa.x1.np                                   1.2
xa.x1.nn                                   1.2
xa.x1.ln                                   1.2
xa.x1.lp                                   1.2
xa.x1.lnb                          9.54612e-08
xa.x1.lpb                          9.82656e-08
xa.x1.na                                   1.2
doutb                              1.06369e-07
dout                                       1.2
xa.x1.nb                                   1.2
doutn                                        1
bdoutn#branch                                0
ean#branch                          1.9578e-12
eap#branch                         2.48307e-12
vclk#branch                        6.46548e-10
vd#branch                                    0
vcm#branch                         4.44086e-12
vsup#branch                       -2.00022e-05

 Reference value :  1.22911e-08
 Reference value :  9.14500e-08
 Reference value :  1.70603e-07
 Reference value :  2.50019e-07
 Reference value :  3.27599e-07
 Reference value :  4.01886e-07
 Reference value :  4.77103e-07
 Reference value :  5.56703e-07
 Reference value :  6.40000e-07
 Reference value :  7.19317e-07
 Reference value :  8.00130e-07
 Reference value :  8.80404e-07
 Reference value :  9.60450e-07
No. of Data Rows : 10842
dlev0               =  2.95769e-05
dlev1               =  1.20571e-05
dlev2               =  1.27238e-05
dlev3               =  1.34888e-05
dlev4               =  1.43415e-05
dlev5               =  3.49361e-05
dlev6               =  3.39970e-05
dlev7               =  3.31906e-05
dlev8               =  1.44519e-05
dlev9               =  2.53841e-05
dlev10              =  3.33233e-05
dlev11              =  3.42590e-05
dlev12              =  3.47026e-05
dlev13              =  3.46885e-05
dlev14              =  3.60490e-05
dlev15              =  3.37738e-05
dlev16              =  3.27805e-05
dlev17              =  9.99999e-01
dlev18              =  1.00002e+00
dlev19              =  1.00002e+00
dlev20              =  1.00002e+00
dlev21              =  1.00002e+00
dlev22              =  1.00002e+00
dlev23              =  1.00001e+00
dlev24              =  1.00001e+00
dlev25              =  1.00001e+00
dlev26              =  1.00001e+00
dlev27              =  1.00000e+00
dlev28              =  1.00000e+00
dlev29              =  1.00000e+00
dlev30              =  1.00000e+00
dlev31              =  1.00000e+00
dlev32              =  1.00000e+00
vos = 1.4981504268e-03
lowcount = 1.6999383476e+01
vbias               =  2.97628e-01
Reset re-loads circuit * comparator-offset-transient-mc @ ff_mismatch_-40c_1.20v -- generated by sim/harness, do not edit

Circuit: * comparator-offset-transient-mc @ ff_mismatch_-40c_1.20v -- generated by sim/harness, do not edit

Doing analysis at TEMP = -40.000000 and TNOM = 27.000000

Using SPARSE 1.3 as Direct Linear Solver

Initial Transient Solution
--------------------------

Node                                   Voltage
----                                   -------
vdd                                        1.2
cm                                         0.6
vd                                      -0.048
ap                                       0.576
an                                       0.624
clk                                          0
ibn                                   0.299975
xa.x1.tmid                         2.12512e-07
xa.x1.tail                            0.566563
xa.x1.np                                   1.2
xa.x1.nn                                   1.2
xa.x1.ln                                   1.2
xa.x1.lp                                   1.2
xa.x1.lnb                          9.47015e-08
xa.x1.lpb                          9.58288e-08
xa.x1.na                               1.18172
doutb                                 0.629292
dout                                  0.628488
xa.x1.nb                               1.18295
doutn                                  0.52374
bdoutn#branch                                0
ean#branch                         1.95799e-12
eap#branch                         2.48485e-12
vclk#branch                        6.47866e-10
vd#branch                                    0
vcm#branch                         4.44283e-12
vsup#branch                        -0.00011388

 Reference value :  3.11500e-08
 Reference value :  1.10100e-07
 Reference value :  1.89850e-07
 Reference value :  2.68373e-07
 Reference value :  3.51278e-07
 Reference value :  4.31478e-07
 Reference value :  5.09935e-07
 Reference value :  5.84777e-07
 Reference value :  6.61150e-07
 Reference value :  7.37503e-07
 Reference value :  8.15550e-07
 Reference value :  8.89388e-07
 Reference value :  9.63050e-07
No. of Data Rows : 10855
dlev0               =  7.22632e-07
dlev1               =  8.19613e-06
dlev2               =  3.58381e-05
dlev3               =  3.35374e-05
dlev4               =  3.11646e-05
dlev5               =  2.86762e-05
dlev6               =  3.74491e-05
dlev7               =  3.59966e-05
dlev8               =  1.15092e-05
dlev9               =  1.23262e-05
dlev10              =  1.33247e-05
dlev11              =  1.43931e-05
dlev12              =  3.51391e-05
dlev13              =  3.36677e-05
dlev14              =  3.59628e-05
dlev15              =  3.61881e-05
dlev16              =  3.78583e-05
dlev17              =  9.99993e-01
dlev18              =  1.00002e+00
dlev19              =  1.00002e+00
dlev20              =  1.00002e+00
dlev21              =  1.00002e+00
dlev22              =  1.00002e+00
dlev23              =  1.00002e+00
dlev24              =  1.00001e+00
dlev25              =  1.00001e+00
dlev26              =  1.00001e+00
dlev27              =  1.00002e+00
dlev28              =  1.00002e+00
dlev29              =  1.00002e+00
dlev30              =  1.00002e+00
dlev31              =  1.00002e+00
dlev32              =  1.00001e+00
vos = 1.4979406503e-03
lowcount = 1.6999313550e+01
vbias               =  2.99975e-01
Reset re-loads circuit * comparator-offset-transient-mc @ ff_mismatch_-40c_1.20v -- generated by sim/harness, do not edit

Circuit: * comparator-offset-transient-mc @ ff_mismatch_-40c_1.20v -- generated by sim/harness, do not edit

Doing analysis at TEMP = -40.000000 and TNOM = 27.000000

Using SPARSE 1.3 as Direct Linear Solver

Initial Transient Solution
--------------------------

Node                                   Voltage
----                                   -------
vdd                                        1.2
cm                                         0.6
vd                                      -0.048
ap                                       0.576
an                                       0.624
clk                                          0
ibn                                   0.301072
xa.x1.tmid                         2.10077e-07
xa.x1.tail                            0.566842
xa.x1.np                                   1.2
xa.x1.nn                                   1.2
xa.x1.ln                                   1.2
xa.x1.lp                                   1.2
xa.x1.lnb                          9.32479e-08
xa.x1.lpb                          9.53503e-08
xa.x1.na                               1.18246
doutb                                 0.627309
dout                                  0.627051
xa.x1.nb                               1.18194
doutn                                 0.522543
bdoutn#branch                                0
ean#branch                         1.95957e-12
eap#branch                         2.48265e-12
vclk#branch                        6.47884e-10
vd#branch                                    0
vcm#branch                         4.44222e-12
vsup#branch                       -0.000112563

 Reference value :  3.00100e-08
 Reference value :  1.11270e-07
 Reference value :  1.90686e-07
 Reference value :  2.68794e-07
 Reference value :  3.43400e-07
 Reference value :  4.22850e-07
 Reference value :  4.98677e-07
 Reference value :  5.76750e-07
 Reference value :  6.53698e-07
 Reference value :  7.31499e-07
 Reference value :  8.08184e-07
 Reference value :  8.83981e-07
 Reference value :  9.60250e-07
No. of Data Rows : 10862
dlev0               =  -5.06919e-06
dlev1               =  9.02696e-06
dlev2               =  9.74820e-06
dlev3               =  1.03509e-05
dlev4               =  1.09149e-05
dlev5               =  1.15064e-05
dlev6               =  3.48398e-05
dlev7               =  3.39510e-05
dlev8               =  3.43325e-05
dlev9               =  3.77071e-05
dlev10              =  3.68201e-05
dlev11              =  3.80654e-05
dlev12              =  3.91404e-05
dlev13              =  3.69928e-05
dlev14              =  3.48676e-05
dlev15              =  3.47874e-05
dlev16              =  3.38651e-05
dlev17              =  2.40407e-05
dlev18              =  1.00000e+00
dlev19              =  1.00002e+00
dlev20              =  1.00002e+00
dlev21              =  1.00002e+00
dlev22              =  1.00000e+00
dlev23              =  1.00000e+00
dlev24              =  1.00002e+00
dlev25              =  1.00002e+00
dlev26              =  1.00001e+00
dlev27              =  1.00001e+00
dlev28              =  1.00001e+00
dlev29              =  1.00002e+00
dlev30              =  1.00002e+00
dlev31              =  1.00000e+00
dlev32              =  1.00000e+00
vos = 4.4980533360e-03
lowcount = 1.7999351112e+01
vbias               =  3.01072e-01
Reset re-loads circuit * comparator-offset-transient-mc @ ff_mismatch_-40c_1.20v -- generated by sim/harness, do not edit

Circuit: * comparator-offset-transient-mc @ ff_mismatch_-40c_1.20v -- generated by sim/harness, do not edit

Doing analysis at TEMP = -40.000000 and TNOM = 27.000000

Using SPARSE 1.3 as Direct Linear Solver

Initial Transient Solution
--------------------------

Node                                   Voltage
----                                   -------
vdd                                        1.2
cm                                         0.6
vd                                      -0.048
ap                                       0.576
an                                       0.624
clk                                          0
ibn                                   0.299967
xa.x1.tmid                         2.21196e-07
xa.x1.tail                             0.56549
xa.x1.np                                   1.2
xa.x1.nn                                   1.2
xa.x1.ln                                   1.2
xa.x1.lp                                   1.2
xa.x1.lnb                          9.99903e-08
xa.x1.lpb                          9.68493e-08
xa.x1.na                                   1.2
doutb                              1.01325e-07
dout                                       1.2
xa.x1.nb                                   1.2
doutn                                        1
bdoutn#branch                                0
ean#branch                         1.95799e-12
eap#branch                          2.4841e-12
vclk#branch                        6.42626e-10
vd#branch                                    0
vcm#branch                         4.44209e-12
vsup#branch                       -2.00022e-05

 Reference value :  2.83524e-08
 Reference value :  1.02894e-07
 Reference value :  1.78510e-07
 Reference value :  2.54204e-07
 Reference value :  3.29800e-07
 Reference value :  4.04880e-07
 Reference value :  4.81050e-07
 Reference value :  5.55486e-07
 Reference value :  6.35950e-07
 Reference value :  7.14606e-07
 Reference value :  7.90704e-07
 Reference value :  8.66976e-07
 Reference value :  9.40788e-07
No. of Data Rows : 10852
dlev0               =  7.73246e-07
dlev1               =  2.55956e-05
dlev2               =  2.38655e-05
dlev3               =  3.25846e-05
dlev4               =  3.81088e-05
dlev5               =  3.29822e-05
dlev6               =  8.79402e-06
dlev7               =  9.54275e-06
dlev8               =  1.04546e-05
dlev9               =  1.14748e-05
dlev10              =  1.24573e-05
dlev11              =  2.35453e-05
dlev12              =  3.31341e-05
dlev13              =  3.50591e-05
dlev14              =  3.56350e-05
dlev15              =  3.80689e-05
dlev16              =  2.70259e-05
dlev17              =  1.00000e+00
dlev18              =  1.00002e+00
dlev19              =  1.00002e+00
dlev20              =  1.00002e+00
dlev21              =  1.00001e+00
dlev22              =  1.00002e+00
dlev23              =  1.00002e+00
dlev24              =  1.00002e+00
dlev25              =  1.00002e+00
dlev26              =  1.00002e+00
dlev27              =  1.00002e+00
dlev28              =  1.00001e+00
dlev29              =  1.00002e+00
dlev30              =  1.00002e+00
dlev31              =  1.00002e+00
dlev32              =  1.00002e+00
vos = 1.4978876942e-03
lowcount = 1.6999295898e+01
vbias               =  2.99967e-01
Reset re-loads circuit * comparator-offset-transient-mc @ ff_mismatch_-40c_1.20v -- generated by sim/harness, do not edit

Circuit: * comparator-offset-transient-mc @ ff_mismatch_-40c_1.20v -- generated by sim/harness, do not edit

Doing analysis at TEMP = -40.000000 and TNOM = 27.000000

Using SPARSE 1.3 as Direct Linear Solver

Initial Transient Solution
--------------------------

Node                                   Voltage
----                                   -------
vdd                                        1.2
cm                                         0.6
vd                                      -0.048
ap                                       0.576
an                                       0.624
clk                                          0
ibn                                   0.299236
xa.x1.tmid                          2.0043e-07
xa.x1.tail                            0.567972
xa.x1.np                                   1.2
xa.x1.nn                                   1.2
xa.x1.ln                                   1.2
xa.x1.lp                                   1.2
xa.x1.lnb                          9.36974e-08
xa.x1.lpb                          9.72509e-08
xa.x1.na                                1.1822
doutb                                 0.631173
dout                                  0.627232
xa.x1.nb                               1.18354
doutn                                 0.522694
bdoutn#branch                                0
ean#branch                         1.95755e-12
eap#branch                         2.48473e-12
vclk#branch                        6.43596e-10
vd#branch                                    0
vcm#branch                         4.44228e-12
vsup#branch                       -0.000109849

 Reference value :  5.62681e-09
 Reference value :  7.93817e-08
 Reference value :  1.55050e-07
 Reference value :  2.28798e-07
 Reference value :  3.05150e-07
 Reference value :  3.80108e-07
 Reference value :  4.56350e-07
 Reference value :  5.30130e-07
 Reference value :  6.06750e-07
 Reference value :  6.81480e-07
 Reference value :  7.60000e-07
 Reference value :  8.33995e-07
 Reference value :  9.10395e-07
 Reference value :  9.83370e-07
No. of Data Rows : 10859
dlev0               =  1.66058e-06
dlev1               =  3.27601e-05
dlev2               =  3.05806e-05
dlev3               =  2.87195e-05
dlev4               =  2.72029e-05
dlev5               =  2.81317e-05
dlev6               =  3.63916e-05
dlev7               =  3.48484e-05
dlev8               =  1.08561e-05
dlev9               =  1.17982e-05
dlev10              =  1.28728e-05
dlev11              =  1.38196e-05
dlev12              =  3.33751e-05
dlev13              =  3.50051e-05
dlev14              =  3.50602e-05
dlev15              =  3.28380e-05
dlev16              =  3.48214e-05
dlev17              =  1.00000e+00
dlev18              =  1.00002e+00
dlev19              =  1.00002e+00
dlev20              =  1.00002e+00
dlev21              =  1.00002e+00
dlev22              =  1.00001e+00
dlev23              =  1.00001e+00
dlev24              =  1.00001e+00
dlev25              =  1.00002e+00
dlev26              =  1.00002e+00
dlev27              =  1.00002e+00
dlev28              =  1.00002e+00
dlev29              =  1.00002e+00
dlev30              =  1.00002e+00
dlev31              =  1.00002e+00
dlev32              =  1.00000e+00
vos = 1.4979187749e-03
lowcount = 1.6999306258e+01
vbias               =  2.99236e-01
Reset re-loads circuit * comparator-offset-transient-mc @ ff_mismatch_-40c_1.20v -- generated by sim/harness, do not edit

Circuit: * comparator-offset-transient-mc @ ff_mismatch_-40c_1.20v -- generated by sim/harness, do not edit

Doing analysis at TEMP = -40.000000 and TNOM = 27.000000

Using SPARSE 1.3 as Direct Linear Solver

Initial Transient Solution
--------------------------

Node                                   Voltage
----                                   -------
vdd                                        1.2
cm                                         0.6
vd                                      -0.048
ap                                       0.576
an                                       0.624
clk                                          0
ibn                                   0.301864
xa.x1.tmid                         2.02638e-07
xa.x1.tail                            0.565938
xa.x1.np                                   1.2
xa.x1.nn                                   1.2
xa.x1.ln                                   1.2
xa.x1.lp                                   1.2
xa.x1.lnb                          9.93617e-08
xa.x1.lpb                          9.79031e-08
xa.x1.na                                   1.2
doutb                              1.03108e-07
dout                                       1.2
xa.x1.nb                                   1.2
doutn                                        1
bdoutn#branch                                0
ean#branch                         1.95816e-12
eap#branch                         2.48498e-12
vclk#branch                        6.46392e-10
vd#branch                                    0
vcm#branch                         4.44314e-12
vsup#branch                       -2.00022e-05

 Reference value :  5.06673e-08
 Reference value :  1.29150e-07
 Reference value :  2.02089e-07
 Reference value :  2.80124e-07
 Reference value :  3.57677e-07
 Reference value :  4.34179e-07
 Reference value :  5.12050e-07
 Reference value :  5.88500e-07
 Reference value :  6.65650e-07
 Reference value :  7.40241e-07
 Reference value :  8.18750e-07
 Reference value :  8.90771e-07
 Reference value :  9.68850e-07
No. of Data Rows : 10854
dlev0               =  2.61965e-07
dlev1               =  6.40828e-06
dlev2               =  6.80845e-06
dlev3               =  7.23799e-06
dlev4               =  3.46004e-05
dlev5               =  3.13445e-05
dlev6               =  2.84087e-05
dlev7               =  2.89966e-05
dlev8               =  3.91370e-05
dlev9               =  3.32975e-05
dlev10              =  1.18127e-05
dlev11              =  1.31175e-05
dlev12              =  2.90044e-05
dlev13              =  3.54727e-05
dlev14              =  3.58017e-05
dlev15              =  3.52058e-05
dlev16              =  1.00001e+00
dlev17              =  1.00002e+00
dlev18              =  1.00002e+00
dlev19              =  1.00002e+00
dlev20              =  1.00002e+00
dlev21              =  1.00002e+00
dlev22              =  1.00001e+00
dlev23              =  1.00002e+00
dlev24              =  1.00002e+00
dlev25              =  1.00002e+00
dlev26              =  1.00002e+00
dlev27              =  1.00002e+00
dlev28              =  1.00002e+00
dlev29              =  1.00001e+00
dlev30              =  1.00001e+00
dlev31              =  1.00001e+00
dlev32              =  1.00000e+00
vos = -1.501961749e-03
lowcount = 1.5999346084e+01
vbias               =  3.01863e-01
Reset re-loads circuit * comparator-offset-transient-mc @ ff_mismatch_-40c_1.20v -- generated by sim/harness, do not edit

Circuit: * comparator-offset-transient-mc @ ff_mismatch_-40c_1.20v -- generated by sim/harness, do not edit

Doing analysis at TEMP = -40.000000 and TNOM = 27.000000

Using SPARSE 1.3 as Direct Linear Solver

Initial Transient Solution
--------------------------

Node                                   Voltage
----                                   -------
vdd                                        1.2
cm                                         0.6
vd                                      -0.048
ap                                       0.576
an                                       0.624
clk                                          0
ibn                                   0.303149
xa.x1.tmid                          2.0282e-07
xa.x1.tail                            0.564978
xa.x1.np                                   1.2
xa.x1.nn                                   1.2
xa.x1.ln                                   1.2
xa.x1.lp                                   1.2
xa.x1.lnb                          9.60429e-08
xa.x1.lpb                          9.32207e-08
xa.x1.na                               1.18277
doutb                                 0.625196
dout                                  0.626207
xa.x1.nb                               1.18222
doutn                                 0.521839
bdoutn#branch                                0
ean#branch                         1.95821e-12
eap#branch                         2.48199e-12
vclk#branch                        6.54154e-10
vd#branch                                    0
vcm#branch                          4.4402e-12
vsup#branch                       -0.000114776

 Reference value :  3.49500e-08
 Reference value :  1.10208e-07
 Reference value :  1.90206e-07
 Reference value :  2.69271e-07
 Reference value :  3.44391e-07
 Reference value :  4.19800e-07
 Reference value :  4.93679e-07
 Reference value :  5.66904e-07
 Reference value :  6.41891e-07
 Reference value :  7.17179e-07
 Reference value :  7.93862e-07
 Reference value :  8.72350e-07
 Reference value :  9.50237e-07
No. of Data Rows : 10847
dlev0               =  5.11464e-06
dlev1               =  5.26033e-06
dlev2               =  5.51788e-06
dlev3               =  5.77782e-06
dlev4               =  5.71398e-06
dlev5               =  6.22530e-06
dlev6               =  6.78071e-06
dlev7               =  7.38676e-06
dlev8               =  8.05171e-06
dlev9               =  8.49248e-06
dlev10              =  3.13998e-05
dlev11              =  2.87068e-05
dlev12              =  2.84324e-05
dlev13              =  3.55486e-05
dlev14              =  3.03496e-05
dlev15              =  3.45126e-05
dlev16              =  3.54083e-05
dlev17              =  1.00000e+00
dlev18              =  1.00002e+00
dlev19              =  1.00002e+00
dlev20              =  1.00002e+00
dlev21              =  1.00002e+00
dlev22              =  1.00002e+00
dlev23              =  1.00001e+00
dlev24              =  1.00001e+00
dlev25              =  1.00000e+00
dlev26              =  1.00000e+00
dlev27              =  1.00000e+00
dlev28              =  1.00000e+00
dlev29              =  1.00000e+00
dlev30              =  1.00000e+00
dlev31              =  1.00000e+00
dlev32              =  1.00000e+00
vos = 1.4987529606e-03
lowcount = 1.6999584320e+01
vbias               =  3.03149e-01
Reset re-loads circuit * comparator-offset-transient-mc @ ff_mismatch_-40c_1.20v -- generated by sim/harness, do not edit

Circuit: * comparator-offset-transient-mc @ ff_mismatch_-40c_1.20v -- generated by sim/harness, do not edit

Doing analysis at TEMP = -40.000000 and TNOM = 27.000000

Using SPARSE 1.3 as Direct Linear Solver

Initial Transient Solution
--------------------------

Node                                   Voltage
----                                   -------
vdd                                        1.2
cm                                         0.6
vd                                      -0.048
ap                                       0.576
an                                       0.624
clk                                          0
ibn                                   0.299585
xa.x1.tmid                         2.08248e-07
xa.x1.tail                            0.564894
xa.x1.np                                   1.2
xa.x1.nn                                   1.2
xa.x1.ln                                   1.2
xa.x1.lp                                   1.2
xa.x1.lnb                          9.77387e-08
xa.x1.lpb                          1.02311e-07
xa.x1.na                                   1.2
doutb                              1.02199e-07
dout                                       1.2
xa.x1.nb                                   1.2
doutn                                        1
bdoutn#branch                                0
ean#branch                          1.9581e-12
eap#branch                          2.4824e-12
vclk#branch                        6.45177e-10
vd#branch                                    0
vcm#branch                          4.4405e-12
vsup#branch                       -2.00022e-05

 Reference value :  1.95406e-08
 Reference value :  9.50500e-08
 Reference value :  1.68294e-07
 Reference value :  2.45050e-07
 Reference value :  3.19903e-07
 Reference value :  3.95150e-07
 Reference value :  4.68374e-07
 Reference value :  5.40950e-07
 Reference value :  6.20004e-07
 Reference value :  6.97450e-07
 Reference value :  7.70706e-07
 Reference value :  8.50008e-07
 Reference value :  9.26273e-07
No. of Data Rows : 10856
dlev0               =  4.21891e-07
dlev1               =  3.07689e-05
dlev2               =  2.94538e-05
dlev3               =  2.74282e-05
dlev4               =  2.53059e-05
dlev5               =  2.79291e-05
dlev6               =  3.67190e-05
dlev7               =  3.34674e-05
dlev8               =  9.17351e-06
dlev9               =  1.02101e-05
dlev10              =  1.11576e-05
dlev11              =  3.08817e-05
dlev12              =  3.43297e-05
dlev13              =  3.47133e-05
dlev14              =  1.18504e-05
dlev15              =  9.99993e-01
dlev16              =  1.00002e+00
dlev17              =  1.00002e+00
dlev18              =  1.00002e+00
dlev19              =  1.00002e+00
dlev20              =  1.00002e+00
dlev21              =  1.00002e+00
dlev22              =  1.00002e+00
dlev23              =  1.00002e+00
dlev24              =  1.00002e+00
dlev25              =  1.00002e+00
dlev26              =  1.00002e+00
dlev27              =  1.00002e+00
dlev28              =  1.00002e+00
dlev29              =  1.00002e+00
dlev30              =  1.00001e+00
dlev31              =  1.00001e+00
dlev32              =  1.00001e+00
vos = -4.501949732e-03
lowcount = 1.4999350089e+01
vbias               =  2.99585e-01
Reset re-loads circuit * comparator-offset-transient-mc @ ff_mismatch_-40c_1.20v -- generated by sim/harness, do not edit

Circuit: * comparator-offset-transient-mc @ ff_mismatch_-40c_1.20v -- generated by sim/harness, do not edit

Doing analysis at TEMP = -40.000000 and TNOM = 27.000000

Using SPARSE 1.3 as Direct Linear Solver

Initial Transient Solution
--------------------------

Node                                   Voltage
----                                   -------
vdd                                        1.2
cm                                         0.6
vd                                      -0.048
ap                                       0.576
an                                       0.624
clk                                          0
ibn                                   0.298254
xa.x1.tmid                         2.02047e-07
xa.x1.tail                            0.568342
xa.x1.np                                   1.2
xa.x1.nn                                   1.2
xa.x1.ln                                   1.2
xa.x1.lp                                   1.2
xa.x1.lnb                          9.35193e-08
xa.x1.lpb                          9.81603e-08
xa.x1.na                               1.18292
doutb                                 0.622828
dout                                  0.626703
xa.x1.nb                               1.18221
doutn                                 0.522253
bdoutn#branch                                0
ean#branch                         1.95968e-12
eap#branch                         2.48379e-12
vclk#branch                        6.52187e-10
vd#branch                                    0
vcm#branch                         4.44347e-12
vsup#branch                       -0.000114465

 Reference value :  0.00000e+00
 Reference value :  7.68837e-08
 Reference value :  1.53650e-07
 Reference value :  2.31304e-07
 Reference value :  3.10803e-07
 Reference value :  3.89427e-07
 Reference value :  4.63478e-07
 Reference value :  5.39810e-07
 Reference value :  6.15379e-07
 Reference value :  6.93350e-07
 Reference value :  7.70203e-07
 Reference value :  8.50401e-07
 Reference value :  9.32050e-07
No. of Data Rows : 10851
dlev0               =  3.77212e-05
dlev1               =  3.90349e-05
dlev2               =  3.92394e-05
dlev3               =  3.72916e-05
dlev4               =  3.92729e-05
dlev5               =  3.20117e-05
dlev6               =  2.50646e-05
dlev7               =  3.63283e-05
dlev8               =  3.55845e-05
dlev9               =  3.44990e-05
dlev10              =  3.29012e-05
dlev11              =  3.12663e-05
dlev12              =  1.71852e-05
dlev13              =  3.37784e-05
dlev14              =  3.22680e-05
dlev15              =  3.30835e-05
dlev16              =  1.78884e-05
dlev17              =  3.17688e-05
dlev18              =  9.99999e-01
dlev19              =  1.00002e+00
dlev20              =  1.00002e+00
dlev21              =  1.00002e+00
dlev22              =  1.00002e+00
dlev23              =  1.00002e+00
dlev24              =  1.00000e+00
dlev25              =  1.00000e+00
dlev26              =  1.00000e+00
dlev27              =  1.00000e+00
dlev28              =  1.00001e+00
dlev29              =  1.00002e+00
dlev30              =  1.00002e+00
dlev31              =  1.00001e+00
dlev32              =  1.00002e+00
vos = 4.4976465356e-03
lowcount = 1.7999215512e+01
vbias               =  2.98253e-01
Reset re-loads circuit * comparator-offset-transient-mc @ ff_mismatch_-40c_1.20v -- generated by sim/harness, do not edit

Circuit: * comparator-offset-transient-mc @ ff_mismatch_-40c_1.20v -- generated by sim/harness, do not edit

Doing analysis at TEMP = -40.000000 and TNOM = 27.000000

Using SPARSE 1.3 as Direct Linear Solver

Initial Transient Solution
--------------------------

Node                                   Voltage
----                                   -------
vdd                                        1.2
cm                                         0.6
vd                                      -0.048
ap                                       0.576
an                                       0.624
clk                                          0
ibn                                   0.298853
xa.x1.tmid                         2.13589e-07
xa.x1.tail                            0.562885
xa.x1.np                                   1.2
xa.x1.nn                                   1.2
xa.x1.ln                                   1.2
xa.x1.lp                                   1.2
xa.x1.lnb                          9.38549e-08
xa.x1.lpb                          9.81596e-08
xa.x1.na                               1.18005
doutb                                  0.62648
dout                                  0.624062
xa.x1.nb                               1.18112
doutn                                 0.520052
bdoutn#branch                                0
ean#branch                         1.95682e-12
eap#branch                         2.48226e-12
vclk#branch                        6.47242e-10
vd#branch                                    0
vcm#branch                         4.43909e-12
vsup#branch                       -0.000121861

 Reference value :  4.00000e-12
 Reference value :  7.37820e-08
 Reference value :  1.47693e-07
 Reference value :  2.21601e-07
 Reference value :  3.00030e-07
 Reference value :  3.77979e-07
 Reference value :  4.52150e-07
 Reference value :  5.27177e-07
 Reference value :  6.01050e-07
 Reference value :  6.75202e-07
 Reference value :  7.49800e-07
 Reference value :  8.25586e-07
 Reference value :  9.05050e-07
 Reference value :  9.81275e-07
No. of Data Rows : 10863
dlev0               =  -6.30902e-06
dlev1               =  3.67591e-05
dlev2               =  3.42740e-05
dlev3               =  3.16678e-05
dlev4               =  3.20593e-05
dlev5               =  3.58959e-05
dlev6               =  2.99528e-05
dlev7               =  3.88082e-05
dlev8               =  3.78037e-05
dlev9               =  3.63626e-05
dlev10              =  3.49017e-05
dlev11              =  2.97318e-05
dlev12              =  3.59870e-05
dlev13              =  3.69074e-05
dlev14              =  3.87531e-05
dlev15              =  9.99997e-01
dlev16              =  1.00002e+00
dlev17              =  1.00002e+00
dlev18              =  1.00002e+00
dlev19              =  1.00001e+00
dlev20              =  1.00002e+00
dlev21              =  1.00002e+00
dlev22              =  1.00002e+00
dlev23              =  1.00002e+00
dlev24              =  1.00002e+00
dlev25              =  1.00002e+00
dlev26              =  1.00002e+00
dlev27              =  1.00002e+00
dlev28              =  1.00002e+00
dlev29              =  1.00002e+00
dlev30              =  1.00001e+00
dlev31              =  1.00001e+00
dlev32              =  1.00001e+00
vos = -4.502353966e-03
lowcount = 1.4999215345e+01
vbias               =  2.98853e-01
Reset re-loads circuit * comparator-offset-transient-mc @ ff_mismatch_-40c_1.20v -- generated by sim/harness, do not edit

Circuit: * comparator-offset-transient-mc @ ff_mismatch_-40c_1.20v -- generated by sim/harness, do not edit

Doing analysis at TEMP = -40.000000 and TNOM = 27.000000

Using SPARSE 1.3 as Direct Linear Solver

Initial Transient Solution
--------------------------

Node                                   Voltage
----                                   -------
vdd                                        1.2
cm                                         0.6
vd                                      -0.048
ap                                       0.576
an                                       0.624
clk                                          0
ibn                                   0.300492
xa.x1.tmid                         2.06497e-07
xa.x1.tail                            0.566281
xa.x1.np                                   1.2
xa.x1.nn                                   1.2
xa.x1.ln                                   1.2
xa.x1.lp                                   1.2
xa.x1.lnb                          1.01225e-07
xa.x1.lpb                           1.0065e-07
xa.x1.na                               1.18027
doutb                                 0.620486
dout                                  0.620404
xa.x1.nb                               1.18189
doutn                                 0.517003
bdoutn#branch                                0
ean#branch                         1.95857e-12
eap#branch                         2.48412e-12
vclk#branch                        6.45646e-10
vd#branch                                    0
vcm#branch                          4.4427e-12
vsup#branch                       -0.000120608

 Reference value :  5.28757e-08
 Reference value :  1.37181e-07
 Reference value :  2.14850e-07
 Reference value :  2.90280e-07
 Reference value :  3.66950e-07
 Reference value :  4.40202e-07
 Reference value :  5.14950e-07
 Reference value :  5.89302e-07
 Reference value :  6.64850e-07
 Reference value :  7.40240e-07
 Reference value :  8.20019e-07
 Reference value :  8.92476e-07
 Reference value :  9.70100e-07
No. of Data Rows : 10852
dlev0               =  3.63473e-05
dlev1               =  1.35490e-05
dlev2               =  1.39992e-05
dlev3               =  1.43941e-05
dlev4               =  3.73435e-05
dlev5               =  3.83432e-05
dlev6               =  3.66513e-05
dlev7               =  3.59652e-05
dlev8               =  2.98115e-05
dlev9               =  3.41617e-05
dlev10              =  3.25957e-05
dlev11              =  3.08848e-05
dlev12              =  3.11577e-05
dlev13              =  3.04246e-05
dlev14              =  2.97332e-05
dlev15              =  9.99996e-01
dlev16              =  1.00002e+00
dlev17              =  1.00002e+00
dlev18              =  1.00002e+00
dlev19              =  1.00002e+00
dlev20              =  1.00002e+00
dlev21              =  1.00002e+00
dlev22              =  1.00002e+00
dlev23              =  1.00002e+00
dlev24              =  1.00002e+00
dlev25              =  1.00002e+00
dlev26              =  1.00002e+00
dlev27              =  1.00001e+00
dlev28              =  1.00001e+00
dlev29              =  1.00001e+00
dlev30              =  1.00001e+00
dlev31              =  1.00001e+00
dlev32              =  1.00001e+00
vos = -4.502169486e-03
lowcount = 1.4999276838e+01
vbias               =  3.00492e-01
Reset re-loads circuit * comparator-offset-transient-mc @ ff_mismatch_-40c_1.20v -- generated by sim/harness, do not edit

Circuit: * comparator-offset-transient-mc @ ff_mismatch_-40c_1.20v -- generated by sim/harness, do not edit

Doing analysis at TEMP = -40.000000 and TNOM = 27.000000

Using SPARSE 1.3 as Direct Linear Solver

Initial Transient Solution
--------------------------

Node                                   Voltage
----                                   -------
vdd                                        1.2
cm                                         0.6
vd                                      -0.048
ap                                       0.576
an                                       0.624
clk                                          0
ibn                                   0.305104
xa.x1.tmid                         1.88736e-07
xa.x1.tail                            0.565551
xa.x1.np                                   1.2
xa.x1.nn                                   1.2
xa.x1.ln                                   1.2
xa.x1.lp                                   1.2
xa.x1.lnb                          9.33009e-08
xa.x1.lpb                          1.01221e-07
xa.x1.na                                   1.2
doutb                                      1.2
dout                               1.04447e-07
xa.x1.nb                                   1.2
doutn                              8.70391e-08
bdoutn#branch                                0
ean#branch                         1.95996e-12
eap#branch                         2.48368e-12
vclk#branch                        6.50729e-10
vd#branch                                    0
vcm#branch                         4.44364e-12
vsup#branch                       -2.00022e-05

 Reference value :  3.71500e-08
 Reference value :  1.10237e-07
 Reference value :  1.85850e-07
 Reference value :  2.60240e-07
 Reference value :  3.38250e-07
 Reference value :  4.11699e-07
 Reference value :  4.89925e-07
 Reference value :  5.63496e-07
 Reference value :  6.45476e-07
 Reference value :  7.25550e-07
 Reference value :  8.00237e-07
 Reference value :  8.78650e-07
 Reference value :  9.50672e-07
No. of Data Rows : 10849
dlev0               =  1.65024e-05
dlev1               =  1.67102e-05
dlev2               =  1.70992e-05
dlev3               =  1.75054e-05
dlev4               =  1.79133e-05
dlev5               =  1.83278e-05
dlev6               =  3.54204e-05
dlev7               =  3.57241e-05
dlev8               =  3.60104e-05
dlev9               =  3.72760e-05
dlev10              =  3.72414e-05
dlev11              =  3.70462e-05
dlev12              =  3.71882e-05
dlev13              =  3.64716e-05
dlev14              =  3.59249e-05
dlev15              =  3.14583e-05
dlev16              =  3.58182e-05
dlev17              =  9.99996e-01
dlev18              =  1.00002e+00
dlev19              =  1.00002e+00
dlev20              =  1.00002e+00
dlev21              =  1.00001e+00
dlev22              =  1.00001e+00
dlev23              =  1.00000e+00
dlev24              =  1.00000e+00
dlev25              =  1.00000e+00
dlev26              =  1.00000e+00
dlev27              =  1.00000e+00
dlev28              =  1.00000e+00
dlev29              =  1.00000e+00
dlev30              =  1.00000e+00
dlev31              =  1.00000e+00
dlev32              =  1.00000e+00
vos = 1.4981992858e-03
lowcount = 1.6999399762e+01
vbias               =  3.05104e-01
Reset re-loads circuit * comparator-offset-transient-mc @ ff_mismatch_-40c_1.20v -- generated by sim/harness, do not edit

Circuit: * comparator-offset-transient-mc @ ff_mismatch_-40c_1.20v -- generated by sim/harness, do not edit

Doing analysis at TEMP = -40.000000 and TNOM = 27.000000

Using SPARSE 1.3 as Direct Linear Solver

Initial Transient Solution
--------------------------

Node                                   Voltage
----                                   -------
vdd                                        1.2
cm                                         0.6
vd                                      -0.048
ap                                       0.576
an                                       0.624
clk                                          0
ibn                                     0.3028
xa.x1.tmid                         1.89616e-07
xa.x1.tail                            0.569449
xa.x1.np                                   1.2
xa.x1.nn                                   1.2
xa.x1.ln                                   1.2
xa.x1.lp                                   1.2
xa.x1.lnb                          9.85692e-08
xa.x1.lpb                          9.31988e-08
xa.x1.na                               1.18099
doutb                                 0.629136
dout                                  0.628854
xa.x1.nb                               1.18291
doutn                                 0.524045
bdoutn#branch                                0
ean#branch                         1.96046e-12
eap#branch                         2.48507e-12
vclk#branch                        6.47113e-10
vd#branch                                    0
vcm#branch                         4.44553e-12
vsup#branch                       -0.000116269

 Reference value :  1.72770e-08
 Reference value :  9.49500e-08
 Reference value :  1.70872e-07
 Reference value :  2.50103e-07
 Reference value :  3.29195e-07
 Reference value :  4.08698e-07
 Reference value :  4.85650e-07
 Reference value :  5.60125e-07
 Reference value :  6.38750e-07
 Reference value :  7.16901e-07
 Reference value :  7.93366e-07
 Reference value :  8.69737e-07
 Reference value :  9.41238e-07
No. of Data Rows : 10853
dlev0               =  -2.28128e-06
dlev1               =  1.11824e-05
dlev2               =  1.18463e-05
dlev3               =  1.23400e-05
dlev4               =  1.28668e-05
dlev5               =  1.34311e-05
dlev6               =  1.40423e-05
dlev7               =  1.47070e-05
dlev8               =  1.54340e-05
dlev9               =  3.61275e-05
dlev10              =  3.54797e-05
dlev11              =  3.48372e-05
dlev12              =  3.45763e-05
dlev13              =  3.57688e-05
dlev14              =  3.51763e-05
dlev15              =  3.60131e-05
dlev16              =  3.83370e-05
dlev17              =  1.00001e+00
dlev18              =  1.00002e+00
dlev19              =  1.00002e+00
dlev20              =  1.00002e+00
dlev21              =  1.00002e+00
dlev22              =  1.00002e+00
dlev23              =  1.00002e+00
dlev24              =  1.00001e+00
dlev25              =  1.00001e+00
dlev26              =  1.00001e+00
dlev27              =  1.00001e+00
dlev28              =  1.00001e+00
dlev29              =  1.00001e+00
dlev30              =  1.00001e+00
dlev31              =  1.00001e+00
dlev32              =  1.00001e+00
vos = 1.4982213467e-03
lowcount = 1.6999407116e+01
vbias               =  3.02800e-01
Reset re-loads circuit * comparator-offset-transient-mc @ ff_mismatch_-40c_1.20v -- generated by sim/harness, do not edit

Circuit: * comparator-offset-transient-mc @ ff_mismatch_-40c_1.20v -- generated by sim/harness, do not edit

Doing analysis at TEMP = -40.000000 and TNOM = 27.000000

Using SPARSE 1.3 as Direct Linear Solver

Initial Transient Solution
--------------------------

Node                                   Voltage
----                                   -------
vdd                                        1.2
cm                                         0.6
vd                                      -0.048
ap                                       0.576
an                                       0.624
clk                                          0
ibn                                    0.30179
xa.x1.tmid                         2.15553e-07
xa.x1.tail                             0.56573
xa.x1.np                                   1.2
xa.x1.nn                                   1.2
xa.x1.ln                                   1.2
xa.x1.lp                                   1.2
xa.x1.lnb                          9.91595e-08
xa.x1.lpb                          9.89107e-08
xa.x1.na                               1.18129
doutb                                 0.631805
dout                                   0.61976
xa.x1.nb                                1.1834
doutn                                 0.516466
bdoutn#branch                                0
ean#branch                         1.95916e-12
eap#branch                         2.48529e-12
vclk#branch                        6.48956e-10
vd#branch                                    0
vcm#branch                         4.44444e-12
vsup#branch                       -0.000114753

 Reference value :  1.07698e-08
 Reference value :  9.43500e-08
 Reference value :  1.73986e-07
 Reference value :  2.55497e-07
 Reference value :  3.33250e-07
 Reference value :  4.10809e-07
 Reference value :  4.89925e-07
 Reference value :  5.63798e-07
 Reference value :  6.40502e-07
 Reference value :  7.20030e-07
 Reference value :  7.97484e-07
 Reference value :  8.73550e-07
 Reference value :  9.50203e-07
No. of Data Rows : 10848
dlev0               =  4.15691e-06
dlev1               =  3.74322e-06
dlev2               =  4.18846e-06
dlev3               =  4.65435e-06
dlev4               =  2.64988e-05
dlev5               =  2.40698e-05
dlev6               =  2.21576e-05
dlev7               =  3.36754e-05
dlev8               =  3.71359e-05
dlev9               =  3.08995e-05
dlev10              =  1.25853e-05
dlev11              =  1.31948e-05
dlev12              =  2.41509e-05
dlev13              =  3.11309e-05
dlev14              =  3.03700e-05
dlev15              =  1.38426e-05
dlev16              =  1.00000e+00
dlev17              =  1.00002e+00
dlev18              =  1.00002e+00
dlev19              =  1.00001e+00
dlev20              =  1.00001e+00
dlev21              =  1.00000e+00
dlev22              =  1.00000e+00
dlev23              =  1.00002e+00
dlev24              =  1.00002e+00
dlev25              =  1.00001e+00
dlev26              =  1.00002e+00
dlev27              =  1.00002e+00
dlev28              =  1.00000e+00
dlev29              =  1.00000e+00
dlev30              =  1.00000e+00
dlev31              =  1.00000e+00
dlev32              =  1.00000e+00
vos = -1.501420364e-03
lowcount = 1.5999526545e+01
vbias               =  3.01790e-01
Reset re-loads circuit * comparator-offset-transient-mc @ ff_mismatch_-40c_1.20v -- generated by sim/harness, do not edit

Circuit: * comparator-offset-transient-mc @ ff_mismatch_-40c_1.20v -- generated by sim/harness, do not edit

Doing analysis at TEMP = -40.000000 and TNOM = 27.000000

Using SPARSE 1.3 as Direct Linear Solver

Initial Transient Solution
--------------------------

Node                                   Voltage
----                                   -------
vdd                                        1.2
cm                                         0.6
vd                                      -0.048
ap                                       0.576
an                                       0.624
clk                                          0
ibn                                   0.301927
xa.x1.tmid                         1.87401e-07
xa.x1.tail                            0.567438
xa.x1.np                                   1.2
xa.x1.nn                                   1.2
xa.x1.ln                                   1.2
xa.x1.lp                                   1.2
xa.x1.lnb                           9.8963e-08
xa.x1.lpb                          1.03901e-07
xa.x1.na                                   1.2
doutb                                      1.2
dout                                1.0076e-07
xa.x1.nb                                   1.2
doutn                              8.39665e-08
bdoutn#branch                                0
ean#branch                         1.95949e-12
eap#branch                          2.4839e-12
vclk#branch                        6.51854e-10
vd#branch                                    0
vcm#branch                         4.44339e-12
vsup#branch                       -2.00022e-05

 Reference value :  2.02366e-08
 Reference value :  1.00960e-07
 Reference value :  1.83450e-07
 Reference value :  2.61298e-07
 Reference value :  3.40396e-07
 Reference value :  4.12901e-07
 Reference value :  4.88550e-07
 Reference value :  5.59280e-07
 Reference value :  6.35550e-07
 Reference value :  7.10241e-07
 Reference value :  7.87850e-07
 Reference value :  8.61072e-07
 Reference value :  9.39650e-07
No. of Data Rows : 10850
dlev0               =  1.20239e-05
dlev1               =  9.60100e-06
dlev2               =  1.02295e-05
dlev3               =  1.09090e-05
dlev4               =  1.16510e-05
dlev5               =  1.22749e-05
dlev6               =  1.28579e-05
dlev7               =  1.34978e-05
dlev8               =  4.10876e-05
dlev9               =  4.03581e-05
dlev10              =  3.96388e-05
dlev11              =  3.88696e-05
dlev12              =  3.87465e-05
dlev13              =  3.85851e-05
dlev14              =  2.17204e-05
dlev15              =  2.22140e-05
dlev16              =  2.16053e-05
dlev17              =  1.00001e+00
dlev18              =  1.00002e+00
dlev19              =  1.00002e+00
dlev20              =  1.00002e+00
dlev21              =  1.00002e+00
dlev22              =  1.00002e+00
dlev23              =  1.00002e+00
dlev24              =  1.00002e+00
dlev25              =  1.00001e+00
dlev26              =  1.00001e+00
dlev27              =  1.00001e+00
dlev28              =  1.00001e+00
dlev29              =  1.00001e+00
dlev30              =  1.00001e+00
dlev31              =  1.00001e+00
dlev32              =  1.00000e+00
vos = 1.4981883891e-03
lowcount = 1.6999396130e+01
vbias               =  3.01927e-01
Reset re-loads circuit * comparator-offset-transient-mc @ ff_mismatch_-40c_1.20v -- generated by sim/harness, do not edit

Circuit: * comparator-offset-transient-mc @ ff_mismatch_-40c_1.20v -- generated by sim/harness, do not edit

Doing analysis at TEMP = -40.000000 and TNOM = 27.000000

Using SPARSE 1.3 as Direct Linear Solver

Initial Transient Solution
--------------------------

Node                                   Voltage
----                                   -------
vdd                                        1.2
cm                                         0.6
vd                                      -0.048
ap                                       0.576
an                                       0.624
clk                                          0
ibn                                   0.301873
xa.x1.tmid                         2.00119e-07
xa.x1.tail                            0.567085
xa.x1.np                                   1.2
xa.x1.nn                                   1.2
xa.x1.ln                                   1.2
xa.x1.lp                                   1.2
xa.x1.lnb                          9.56763e-08
xa.x1.lpb                          9.73751e-08
xa.x1.na                                   1.2
doutb                                      1.2
dout                               9.94586e-08
xa.x1.nb                                   1.2
doutn                              8.28821e-08
bdoutn#branch                                0
ean#branch                         1.95827e-12
eap#branch                         2.48429e-12
vclk#branch                        6.47361e-10
vd#branch                                    0
vcm#branch                         4.44256e-12
vsup#branch                       -2.00021e-05

 Reference value :  5.22800e-09
 Reference value :  8.02555e-08
 Reference value :  1.59650e-07
 Reference value :  2.35771e-07
 Reference value :  3.10591e-07
 Reference value :  3.84803e-07
 Reference value :  4.61174e-07
 Reference value :  5.32561e-07
 Reference value :  6.09750e-07
 Reference value :  6.83305e-07
 Reference value :  7.59650e-07
 Reference value :  8.30325e-07
 Reference value :  9.10003e-07
 Reference value :  9.87575e-07
No. of Data Rows : 10856
dlev0               =  8.35604e-06
dlev1               =  7.12633e-06
dlev2               =  7.52279e-06
dlev3               =  7.94873e-06
dlev4               =  8.40724e-06
dlev5               =  8.90462e-06
dlev6               =  9.45243e-06
dlev7               =  1.00465e-05
dlev8               =  3.63636e-05
dlev9               =  3.39348e-05
dlev10              =  3.25938e-05
dlev11              =  3.32589e-05
dlev12              =  3.77988e-05
dlev13              =  3.31080e-05
dlev14              =  3.56059e-05
dlev15              =  3.60017e-05
dlev16              =  3.83595e-05
dlev17              =  1.00001e+00
dlev18              =  1.00002e+00
dlev19              =  1.00002e+00
dlev20              =  1.00002e+00
dlev21              =  1.00002e+00
dlev22              =  1.00002e+00
dlev23              =  1.00002e+00
dlev24              =  1.00002e+00
dlev25              =  1.00002e+00
dlev26              =  1.00002e+00
dlev27              =  1.00001e+00
dlev28              =  1.00001e+00
dlev29              =  1.00001e+00
dlev30              =  1.00001e+00
dlev31              =  1.00001e+00
dlev32              =  1.00001e+00
vos = 1.4981556310e-03
lowcount = 1.6999385210e+01
vbias               =  3.01873e-01
Reset re-loads circuit * comparator-offset-transient-mc @ ff_mismatch_-40c_1.20v -- generated by sim/harness, do not edit

Circuit: * comparator-offset-transient-mc @ ff_mismatch_-40c_1.20v -- generated by sim/harness, do not edit

Doing analysis at TEMP = -40.000000 and TNOM = 27.000000

Using SPARSE 1.3 as Direct Linear Solver

Initial Transient Solution
--------------------------

Node                                   Voltage
----                                   -------
vdd                                        1.2
cm                                         0.6
vd                                      -0.048
ap                                       0.576
an                                       0.624
clk                                          0
ibn                                   0.299662
xa.x1.tmid                         2.29891e-07
xa.x1.tail                            0.566559
xa.x1.np                                   1.2
xa.x1.nn                                   1.2
xa.x1.ln                                   1.2
xa.x1.lp                                   1.2
xa.x1.lnb                          1.00872e-07
xa.x1.lpb                          9.99567e-08
xa.x1.na                                   1.2
doutb                                      1.2
dout                               1.06587e-07
xa.x1.nb                                   1.2
doutn                              8.88222e-08
bdoutn#branch                                0
ean#branch                         1.95841e-12
eap#branch                         2.48523e-12
vclk#branch                        6.48582e-10
vd#branch                                    0
vcm#branch                         4.44364e-12
vsup#branch                       -2.00023e-05

 Reference value :  5.78758e-08
 Reference value :  1.34466e-07
 Reference value :  2.12250e-07
 Reference value :  2.90124e-07
 Reference value :  3.71701e-07
 Reference value :  4.55750e-07
 Reference value :  5.33394e-07
 Reference value :  6.17901e-07
 Reference value :  7.00124e-07
 Reference value :  7.82250e-07
 Reference value :  8.62973e-07
 Reference value :  9.41561e-07
No. of Data Rows : 10850
dlev0               =  1.30552e-05
dlev1               =  1.38267e-05
dlev2               =  1.41844e-05
dlev3               =  1.39605e-05
dlev4               =  1.44052e-05
dlev5               =  1.48759e-05
dlev6               =  3.38207e-05
dlev7               =  3.63372e-05
dlev8               =  3.52789e-05
dlev9               =  3.65573e-05
dlev10              =  2.84009e-05
dlev11              =  3.34015e-05
dlev12              =  3.16070e-05
dlev13              =  2.92672e-05
dlev14              =  3.18723e-05
dlev15              =  2.94929e-05
dlev16              =  2.85356e-05
dlev17              =  1.00002e+00
dlev18              =  1.00001e+00
dlev19              =  1.00002e+00
dlev20              =  1.00001e+00
dlev21              =  1.00001e+00
dlev22              =  1.00002e+00
dlev23              =  1.00002e+00
dlev24              =  1.00002e+00
dlev25              =  1.00002e+00
dlev26              =  1.00002e+00
dlev27              =  1.00002e+00
dlev28              =  1.00000e+00
dlev29              =  1.00000e+00
dlev30              =  1.00000e+00
dlev31              =  1.00000e+00
dlev32              =  1.00000e+00
vos = 1.4980713623e-03
lowcount = 1.6999357121e+01
vbias               =  2.99662e-01
Reset re-loads circuit * comparator-offset-transient-mc @ ff_mismatch_-40c_1.20v -- generated by sim/harness, do not edit

Circuit: * comparator-offset-transient-mc @ ff_mismatch_-40c_1.20v -- generated by sim/harness, do not edit

Doing analysis at TEMP = -40.000000 and TNOM = 27.000000

Using SPARSE 1.3 as Direct Linear Solver

Initial Transient Solution
--------------------------

Node                                   Voltage
----                                   -------
vdd                                        1.2
cm                                         0.6
vd                                      -0.048
ap                                       0.576
an                                       0.624
clk                                          0
ibn                                   0.298595
xa.x1.tmid                          1.9154e-07
xa.x1.tail                            0.568983
xa.x1.np                                   1.2
xa.x1.nn                                   1.2
xa.x1.ln                                   1.2
xa.x1.lp                                   1.2
xa.x1.lnb                          1.00705e-07
xa.x1.lpb                          9.45132e-08
xa.x1.na                               1.18173
doutb                                 0.624404
dout                                  0.622005
xa.x1.nb                               1.18209
doutn                                 0.518338
bdoutn#branch                                0
ean#branch                         1.95896e-12
eap#branch                         2.48543e-12
vclk#branch                        6.48001e-10
vd#branch                                    0
vcm#branch                         4.44439e-12
vsup#branch                        -0.00011624

 Reference value :  1.06459e-08
 Reference value :  8.91963e-08
 Reference value :  1.69895e-07
 Reference value :  2.50150e-07
 Reference value :  3.35550e-07
 Reference value :  4.11780e-07
 Reference value :  4.90986e-07
 Reference value :  5.66903e-07
 Reference value :  6.46403e-07
 Reference value :  7.26850e-07
 Reference value :  8.01602e-07
 Reference value :  8.80123e-07
 Reference value :  9.51198e-07
No. of Data Rows : 10851
dlev0               =  1.19119e-05
dlev1               =  4.06204e-05
dlev2               =  3.89613e-05
dlev3               =  3.69645e-05
dlev4               =  3.44025e-05
dlev5               =  4.01563e-05
dlev6               =  3.87949e-05
dlev7               =  1.28493e-05
dlev8               =  1.38454e-05
dlev9               =  1.50119e-05
dlev10              =  1.62311e-05
dlev11              =  2.91136e-05
dlev12              =  3.89400e-05
dlev13              =  1.84266e-05
dlev14              =  3.96475e-05
dlev15              =  1.70987e-05
dlev16              =  1.00002e+00
dlev17              =  1.00002e+00
dlev18              =  1.00002e+00
dlev19              =  1.00002e+00
dlev20              =  1.00002e+00
dlev21              =  1.00001e+00
dlev22              =  1.00001e+00
dlev23              =  1.00001e+00
dlev24              =  1.00001e+00
dlev25              =  1.00002e+00
dlev26              =  1.00002e+00
dlev27              =  1.00002e+00
dlev28              =  1.00002e+00
dlev29              =  1.00002e+00
dlev30              =  1.00002e+00
dlev31              =  1.00002e+00
dlev32              =  1.00000e+00
vos = -1.502135927e-03
lowcount = 1.5999288024e+01
vbias               =  2.98595e-01
Reset re-loads circuit * comparator-offset-transient-mc @ ff_mismatch_-40c_1.20v -- generated by sim/harness, do not edit

Circuit: * comparator-offset-transient-mc @ ff_mismatch_-40c_1.20v -- generated by sim/harness, do not edit

Doing analysis at TEMP = -40.000000 and TNOM = 27.000000

Using SPARSE 1.3 as Direct Linear Solver

Initial Transient Solution
--------------------------

Node                                   Voltage
----                                   -------
vdd                                        1.2
cm                                         0.6
vd                                      -0.048
ap                                       0.576
an                                       0.624
clk                                          0
ibn                                   0.299181
xa.x1.tmid                         2.22901e-07
xa.x1.tail                            0.564069
xa.x1.np                                   1.2
xa.x1.nn                                   1.2
xa.x1.ln                                   1.2
xa.x1.lp                                   1.2
xa.x1.lnb                          9.42524e-08
xa.x1.lpb                          1.00877e-07
xa.x1.na                                1.1805
doutb                                 0.619262
dout                                  0.619351
xa.x1.nb                               1.18083
doutn                                 0.516126
bdoutn#branch                                0
ean#branch                         1.95646e-12
eap#branch                         2.48351e-12
vclk#branch                        6.48275e-10
vd#branch                                    0
vcm#branch                         4.43998e-12
vsup#branch                       -0.000122753

 Reference value :  1.86045e-08
 Reference value :  9.14500e-08
 Reference value :  1.65196e-07
 Reference value :  2.41550e-07
 Reference value :  3.16905e-07
 Reference value :  3.95250e-07
 Reference value :  4.69601e-07
 Reference value :  5.44250e-07
 Reference value :  6.22278e-07
 Reference value :  7.03602e-07
 Reference value :  7.85650e-07
 Reference value :  8.61490e-07
 Reference value :  9.38450e-07
No. of Data Rows : 10852
dlev0               =  2.05871e-07
dlev1               =  2.62130e-05
dlev2               =  2.44199e-05
dlev3               =  2.25915e-05
dlev4               =  2.01717e-05
dlev5               =  3.84106e-05
dlev6               =  3.47627e-05
dlev7               =  4.15258e-06
dlev8               =  4.99626e-06
dlev9               =  6.54393e-06
dlev10              =  7.33057e-06
dlev11              =  2.34577e-05
dlev12              =  2.99337e-05
dlev13              =  3.29455e-05
dlev14              =  3.07848e-05
dlev15              =  1.43921e-05
dlev16              =  1.00001e+00
dlev17              =  1.00002e+00
dlev18              =  1.00002e+00
dlev19              =  1.00002e+00
dlev20              =  1.00001e+00
dlev21              =  1.00001e+00
dlev22              =  1.00001e+00
dlev23              =  1.00001e+00
dlev24              =  1.00001e+00
dlev25              =  1.00002e+00
dlev26              =  1.00002e+00
dlev27              =  1.00002e+00
dlev28              =  1.00002e+00
dlev29              =  1.00002e+00
dlev30              =  1.00002e+00
dlev31              =  1.00000e+00
dlev32              =  1.00000e+00
vos = -1.501641937e-03
lowcount = 1.5999452688e+01
vbias               =  2.99181e-01
Reset re-loads circuit * comparator-offset-transient-mc @ ff_mismatch_-40c_1.20v -- generated by sim/harness, do not edit

Circuit: * comparator-offset-transient-mc @ ff_mismatch_-40c_1.20v -- generated by sim/harness, do not edit

Doing analysis at TEMP = -40.000000 and TNOM = 27.000000

Using SPARSE 1.3 as Direct Linear Solver

Initial Transient Solution
--------------------------

Node                                   Voltage
----                                   -------
vdd                                        1.2
cm                                         0.6
vd                                      -0.048
ap                                       0.576
an                                       0.624
clk                                          0
ibn                                   0.300699
xa.x1.tmid                         2.20326e-07
xa.x1.tail                            0.565094
xa.x1.np                                   1.2
xa.x1.nn                                   1.2
xa.x1.ln                                   1.2
xa.x1.lp                                   1.2
xa.x1.lnb                          1.02751e-07
xa.x1.lpb                          9.97996e-08
xa.x1.na                                   1.2
doutb                                      1.2
dout                               1.03382e-07
xa.x1.nb                                   1.2
doutn                              8.61514e-08
bdoutn#branch                                0
ean#branch                         1.95827e-12
eap#branch                         2.48515e-12
vclk#branch                         6.4868e-10
vd#branch                                    0
vcm#branch                         4.44342e-12
vsup#branch                       -2.00022e-05

 Reference value :  5.32800e-09
 Reference value :  7.95671e-08
 Reference value :  1.60019e-07
 Reference value :  2.36293e-07
 Reference value :  3.16400e-07
 Reference value :  3.99650e-07
 Reference value :  4.73606e-07
 Reference value :  5.50019e-07
 Reference value :  6.27682e-07
 Reference value :  7.06194e-07
 Reference value :  7.87350e-07
 Reference value :  8.65767e-07
 Reference value :  9.49057e-07
No. of Data Rows : 10850
dlev0               =  1.00164e-05
dlev1               =  9.48862e-06
dlev2               =  9.84501e-06
dlev3               =  1.02192e-05
dlev4               =  1.07361e-05
dlev5               =  3.49731e-05
dlev6               =  3.34461e-05
dlev7               =  3.09656e-05
dlev8               =  3.59663e-05
dlev9               =  3.01736e-05
dlev10              =  3.61708e-05
dlev11              =  3.37882e-05
dlev12              =  2.38059e-05
dlev13              =  3.16732e-05
dlev14              =  3.18532e-05
dlev15              =  3.10327e-05
dlev16              =  1.00001e+00
dlev17              =  1.00001e+00
dlev18              =  1.00002e+00
dlev19              =  1.00001e+00
dlev20              =  1.00001e+00
dlev21              =  1.00001e+00
dlev22              =  1.00002e+00
dlev23              =  1.00002e+00
dlev24              =  1.00001e+00
dlev25              =  1.00001e+00
dlev26              =  1.00002e+00
dlev27              =  1.00000e+00
dlev28              =  1.00000e+00
dlev29              =  1.00000e+00
dlev30              =  1.00000e+00
dlev31              =  1.00000e+00
dlev32              =  1.00000e+00
vos = -1.501671462e-03
lowcount = 1.5999442846e+01
vbias               =  3.00699e-01
Reset re-loads circuit * comparator-offset-transient-mc @ ff_mismatch_-40c_1.20v -- generated by sim/harness, do not edit

Circuit: * comparator-offset-transient-mc @ ff_mismatch_-40c_1.20v -- generated by sim/harness, do not edit

Doing analysis at TEMP = -40.000000 and TNOM = 27.000000

Using SPARSE 1.3 as Direct Linear Solver

Initial Transient Solution
--------------------------

Node                                   Voltage
----                                   -------
vdd                                        1.2
cm                                         0.6
vd                                      -0.048
ap                                       0.576
an                                       0.624
clk                                          0
ibn                                   0.300528
xa.x1.tmid                         2.17652e-07
xa.x1.tail                            0.567517
xa.x1.np                                   1.2
xa.x1.nn                                   1.2
xa.x1.ln                                   1.2
xa.x1.lp                                   1.2
xa.x1.lnb                          9.65311e-08
xa.x1.lpb                          9.42493e-08
xa.x1.na                               1.18157
doutb                                  0.63061
dout                                  0.624134
xa.x1.nb                               1.18161
doutn                                 0.520112
bdoutn#branch                                0
ean#branch                         1.95832e-12
eap#branch                         2.48424e-12
vclk#branch                         6.4971e-10
vd#branch                                    0
vcm#branch                         4.44256e-12
vsup#branch                       -0.000116283

 Reference value :  1.84937e-08
 Reference value :  9.23500e-08
 Reference value :  1.67578e-07
 Reference value :  2.41150e-07
 Reference value :  3.17197e-07
 Reference value :  3.95650e-07
 Reference value :  4.72399e-07
 Reference value :  5.50103e-07
 Reference value :  6.28477e-07
 Reference value :  7.08896e-07
 Reference value :  7.85650e-07
 Reference value :  8.60203e-07
 Reference value :  9.37050e-07
No. of Data Rows : 10861
dlev0               =  -2.39910e-06
dlev1               =  7.10351e-06
dlev2               =  7.54072e-06
dlev3               =  8.00716e-06
dlev4               =  8.51133e-06
dlev5               =  3.63960e-05
dlev6               =  3.33466e-05
dlev7               =  3.15205e-05
dlev8               =  3.06556e-05
dlev9               =  3.29477e-05
dlev10              =  3.80986e-05
dlev11              =  3.32668e-05
dlev12              =  1.50545e-05
dlev13              =  3.65332e-05
dlev14              =  1.66761e-05
dlev15              =  3.66068e-05
dlev16              =  3.63950e-05
dlev17              =  1.00001e+00
dlev18              =  1.00000e+00
dlev19              =  1.00001e+00
dlev20              =  1.00000e+00
dlev21              =  1.00000e+00
dlev22              =  1.00002e+00
dlev23              =  1.00002e+00
dlev24              =  1.00001e+00
dlev25              =  1.00001e+00
dlev26              =  1.00001e+00
dlev27              =  1.00002e+00
dlev28              =  1.00000e+00
dlev29              =  1.00000e+00
dlev30              =  1.00000e+00
dlev31              =  1.00000e+00
dlev32              =  1.00000e+00
vos = 1.4983912172e-03
lowcount = 1.6999463739e+01
vbias               =  3.00528e-01
Reset re-loads circuit * comparator-offset-transient-mc @ ff_mismatch_-40c_1.20v -- generated by sim/harness, do not edit

Circuit: * comparator-offset-transient-mc @ ff_mismatch_-40c_1.20v -- generated by sim/harness, do not edit

Doing analysis at TEMP = -40.000000 and TNOM = 27.000000

Using SPARSE 1.3 as Direct Linear Solver

Initial Transient Solution
--------------------------

Node                                   Voltage
----                                   -------
vdd                                        1.2
cm                                         0.6
vd                                      -0.048
ap                                       0.576
an                                       0.624
clk                                          0
ibn                                   0.302031
xa.x1.tmid                         1.93691e-07
xa.x1.tail                             0.57059
xa.x1.np                                   1.2
xa.x1.nn                                   1.2
xa.x1.ln                                   1.2
xa.x1.lp                                   1.2
xa.x1.lnb                          9.58509e-08
xa.x1.lpb                          9.96553e-08
xa.x1.na                               1.17937
doutb                                 0.627298
dout                                  0.614054
xa.x1.nb                               1.18331
doutn                                 0.511711
bdoutn#branch                                0
ean#branch                         1.95949e-12
eap#branch                         2.48396e-12
vclk#branch                         6.4826e-10
vd#branch                                    0
vcm#branch                         4.44345e-12
vsup#branch                       -0.000117651

 Reference value :  4.70742e-09
 Reference value :  7.82387e-08
 Reference value :  1.53250e-07
 Reference value :  2.30237e-07
 Reference value :  3.11381e-07
 Reference value :  3.90070e-07
 Reference value :  4.69900e-07
 Reference value :  5.50066e-07
 Reference value :  6.23405e-07
 Reference value :  7.00151e-07
 Reference value :  7.74995e-07
 Reference value :  8.51672e-07
 Reference value :  9.29935e-07
No. of Data Rows : 10856
dlev0               =  4.41713e-06
dlev1               =  4.12263e-06
dlev2               =  4.35466e-06
dlev3               =  4.59880e-06
dlev4               =  4.84066e-06
dlev5               =  4.67566e-06
dlev6               =  4.98230e-06
dlev7               =  6.32614e-06
dlev8               =  6.70344e-06
dlev9               =  7.02048e-06
dlev10              =  3.26832e-05
dlev11              =  2.92746e-05
dlev12              =  2.77075e-05
dlev13              =  3.21454e-05
dlev14              =  3.77894e-05
dlev15              =  3.26638e-05
dlev16              =  3.59192e-05
dlev17              =  1.28076e-05
dlev18              =  9.99997e-01
dlev19              =  1.00002e+00
dlev20              =  1.00002e+00
dlev21              =  1.00001e+00
dlev22              =  1.00002e+00
dlev23              =  1.00002e+00
dlev24              =  1.00002e+00
dlev25              =  1.00002e+00
dlev26              =  1.00002e+00
dlev27              =  1.00002e+00
dlev28              =  1.00002e+00
dlev29              =  1.00002e+00
dlev30              =  1.00001e+00
dlev31              =  1.00001e+00
dlev32              =  1.00001e+00
vos = 4.4984003018e-03
lowcount = 1.7999466767e+01
vbias               =  3.02031e-01
Reset re-loads circuit * comparator-offset-transient-mc @ ff_mismatch_-40c_1.20v -- generated by sim/harness, do not edit

Circuit: * comparator-offset-transient-mc @ ff_mismatch_-40c_1.20v -- generated by sim/harness, do not edit

Doing analysis at TEMP = -40.000000 and TNOM = 27.000000

Using SPARSE 1.3 as Direct Linear Solver

Initial Transient Solution
--------------------------

Node                                   Voltage
----                                   -------
vdd                                        1.2
cm                                         0.6
vd                                      -0.048
ap                                       0.576
an                                       0.624
clk                                          0
ibn                                   0.299929
xa.x1.tmid                         2.22474e-07
xa.x1.tail                            0.567031
xa.x1.np                                   1.2
xa.x1.nn                                   1.2
xa.x1.ln                                   1.2
xa.x1.lp                                   1.2
xa.x1.lnb                          9.50296e-08
xa.x1.lpb                          9.98423e-08
xa.x1.na                               1.18117
doutb                                 0.615374
dout                                  0.624787
xa.x1.nb                               1.18103
doutn                                 0.520656
bdoutn#branch                                0
ean#branch                         1.95921e-12
eap#branch                         2.48332e-12
vclk#branch                        6.45386e-10
vd#branch                                    0
vcm#branch                         4.44253e-12
vsup#branch                       -0.000120311

 Reference value :  0.00000e+00
 Reference value :  7.51947e-08
 Reference value :  1.56450e-07
 Reference value :  2.35372e-07
 Reference value :  3.14000e-07
 Reference value :  3.93550e-07
 Reference value :  4.69704e-07
 Reference value :  5.50205e-07
 Reference value :  6.30150e-07
 Reference value :  7.09805e-07
 Reference value :  7.84050e-07
 Reference value :  8.60573e-07
 Reference value :  9.39250e-07
No. of Data Rows : 10840
dlev0               =  7.11461e-06
dlev1               =  2.61255e-05
dlev2               =  3.78248e-05
dlev3               =  3.52389e-05
dlev4               =  8.00804e-06
dlev5               =  8.68246e-06
dlev6               =  9.60597e-06
dlev7               =  1.05567e-05
dlev8               =  1.17173e-05
dlev9               =  1.28621e-05
dlev10              =  1.37673e-05
dlev11              =  3.38220e-05
dlev12              =  3.63117e-05
dlev13              =  3.66465e-05
dlev14              =  3.27400e-05
dlev15              =  3.73345e-05
dlev16              =  9.99996e-01
dlev17              =  1.00002e+00
dlev18              =  1.00002e+00
dlev19              =  1.00002e+00
dlev20              =  1.00002e+00
dlev21              =  1.00001e+00
dlev22              =  1.00002e+00
dlev23              =  1.00002e+00
dlev24              =  1.00002e+00
dlev25              =  1.00001e+00
dlev26              =  1.00001e+00
dlev27              =  1.00001e+00
dlev28              =  1.00001e+00
dlev29              =  1.00001e+00
dlev30              =  1.00002e+00
dlev31              =  1.00002e+00
dlev32              =  1.00002e+00
vos = -1.501789375e-03
lowcount = 1.5999403542e+01
vbias               =  2.99929e-01
Reset re-loads circuit * comparator-offset-transient-mc @ ff_mismatch_-40c_1.20v -- generated by sim/harness, do not edit

Circuit: * comparator-offset-transient-mc @ ff_mismatch_-40c_1.20v -- generated by sim/harness, do not edit

Doing analysis at TEMP = -40.000000 and TNOM = 27.000000

Using SPARSE 1.3 as Direct Linear Solver

Initial Transient Solution
--------------------------

Node                                   Voltage
----                                   -------
vdd                                        1.2
cm                                         0.6
vd                                      -0.048
ap                                       0.576
an                                       0.624
clk                                          0
ibn                                   0.301184
xa.x1.tmid                         2.16818e-07
xa.x1.tail                            0.564486
xa.x1.np                                   1.2
xa.x1.nn                                   1.2
xa.x1.ln                                   1.2
xa.x1.lp                                   1.2
xa.x1.lnb                          1.01098e-07
xa.x1.lpb                          9.95255e-08
xa.x1.na                                   1.2
doutb                              1.05028e-07
dout                                       1.2
xa.x1.nb                                   1.2
doutn                                        1
bdoutn#branch                                0
ean#branch                         1.95802e-12
eap#branch                         2.48399e-12
vclk#branch                        6.51085e-10
vd#branch                                    0
vcm#branch                           4.442e-12
vsup#branch                       -2.00022e-05

 Reference value :  3.42800e-09
 Reference value :  7.92654e-08
 Reference value :  1.55750e-07
 Reference value :  2.30260e-07
 Reference value :  3.10083e-07
 Reference value :  3.90000e-07
 Reference value :  4.66783e-07
 Reference value :  5.39388e-07
 Reference value :  6.11800e-07
 Reference value :  6.88291e-07
 Reference value :  7.63882e-07
 Reference value :  8.41150e-07
 Reference value :  9.16860e-07
No. of Data Rows : 10859
dlev0               =  1.92267e-06
dlev1               =  2.15913e-06
dlev2               =  2.39589e-06
dlev3               =  2.78615e-06
dlev4               =  3.20973e-06
dlev5               =  3.67306e-06
dlev6               =  2.64229e-05
dlev7               =  2.44834e-05
dlev8               =  2.31324e-05
dlev9               =  2.23945e-05
dlev10              =  2.80963e-05
dlev11              =  3.66932e-05
dlev12              =  2.33381e-05
dlev13              =  2.66796e-05
dlev14              =  1.68597e-05
dlev15              =  3.03145e-05
dlev16              =  1.00000e+00
dlev17              =  1.00001e+00
dlev18              =  1.00002e+00
dlev19              =  1.00002e+00
dlev20              =  1.00000e+00
dlev21              =  1.00002e+00
dlev22              =  1.00002e+00
dlev23              =  1.00001e+00
dlev24              =  1.00001e+00
dlev25              =  1.00002e+00
dlev26              =  1.00000e+00
dlev27              =  1.00000e+00
dlev28              =  1.00000e+00
dlev29              =  1.00000e+00
dlev30              =  1.00000e+00
dlev31              =  1.00000e+00
dlev32              =  1.00000e+00
vos = -1.501267684e-03
lowcount = 1.5999577439e+01
vbias               =  3.01184e-01
Reset re-loads circuit * comparator-offset-transient-mc @ ff_mismatch_-40c_1.20v -- generated by sim/harness, do not edit

Circuit: * comparator-offset-transient-mc @ ff_mismatch_-40c_1.20v -- generated by sim/harness, do not edit

Doing analysis at TEMP = -40.000000 and TNOM = 27.000000

Using SPARSE 1.3 as Direct Linear Solver

Initial Transient Solution
--------------------------

Node                                   Voltage
----                                   -------
vdd                                        1.2
cm                                         0.6
vd                                      -0.048
ap                                       0.576
an                                       0.624
clk                                          0
ibn                                   0.302034
xa.x1.tmid                         1.91928e-07
xa.x1.tail                            0.569702
xa.x1.np                                   1.2
xa.x1.nn                                   1.2
xa.x1.ln                                   1.2
xa.x1.lp                                   1.2
xa.x1.lnb                          9.76998e-08
xa.x1.lpb                          9.88261e-08
xa.x1.na                               1.18156
doutb                                 0.625554
dout                                  0.624002
xa.x1.nb                               1.18152
doutn                                 0.520002
bdoutn#branch                                0
ean#branch                          1.9599e-12
eap#branch                         2.48526e-12
vclk#branch                         6.5397e-10
vd#branch                                    0
vcm#branch                         4.44517e-12
vsup#branch                       -0.000118735

 Reference value :  0.00000e+00
 Reference value :  7.02876e-08
 Reference value :  1.49071e-07
 Reference value :  2.28262e-07
 Reference value :  3.03450e-07
 Reference value :  3.78789e-07
 Reference value :  4.51450e-07
 Reference value :  5.25999e-07
 Reference value :  6.05850e-07
 Reference value :  6.81500e-07
 Reference value :  7.57450e-07
 Reference value :  8.28960e-07
 Reference value :  9.02050e-07
 Reference value :  9.76832e-07
No. of Data Rows : 10855
dlev0               =  2.30894e-06
dlev1               =  7.45652e-06
dlev2               =  7.77167e-06
dlev3               =  8.11076e-06
dlev4               =  8.45693e-06
dlev5               =  8.24335e-06
dlev6               =  8.70602e-06
dlev7               =  9.21502e-06
dlev8               =  9.77995e-06
dlev9               =  1.03823e-05
dlev10              =  1.07942e-05
dlev11              =  3.67889e-05
dlev12              =  3.52933e-05
dlev13              =  3.47192e-05
dlev14              =  3.59752e-05
dlev15              =  3.57481e-05
dlev16              =  3.42637e-05
dlev17              =  3.47434e-05
dlev18              =  1.00002e+00
dlev19              =  1.00002e+00
dlev20              =  1.00002e+00
dlev21              =  1.00002e+00
dlev22              =  1.00002e+00
dlev23              =  1.00002e+00
dlev24              =  1.00001e+00
dlev25              =  1.00001e+00
dlev26              =  1.00001e+00
dlev27              =  1.00001e+00
dlev28              =  1.00001e+00
dlev29              =  1.00001e+00
dlev30              =  1.00001e+00
dlev31              =  1.00001e+00
dlev32              =  1.00001e+00
vos = 4.4984017274e-03
lowcount = 1.7999467242e+01
vbias               =  3.02034e-01
Reset re-loads circuit * comparator-offset-transient-mc @ ff_mismatch_-40c_1.20v -- generated by sim/harness, do not edit

Circuit: * comparator-offset-transient-mc @ ff_mismatch_-40c_1.20v -- generated by sim/harness, do not edit

Doing analysis at TEMP = -40.000000 and TNOM = 27.000000

Using SPARSE 1.3 as Direct Linear Solver

Initial Transient Solution
--------------------------

Node                                   Voltage
----                                   -------
vdd                                        1.2
cm                                         0.6
vd                                      -0.048
ap                                       0.576
an                                       0.624
clk                                          0
ibn                                   0.299649
xa.x1.tmid                         2.26131e-07
xa.x1.tail                            0.566172
xa.x1.np                                   1.2
xa.x1.nn                                   1.2
xa.x1.ln                                   1.2
xa.x1.lp                                   1.2
xa.x1.lnb                          1.02794e-07
xa.x1.lpb                          9.30058e-08
xa.x1.na                               1.18213
doutb                                 0.616095
dout                                  0.621296
xa.x1.nb                               1.17992
doutn                                 0.517746
bdoutn#branch                                0
ean#branch                         1.95943e-12
eap#branch                         2.48443e-12
vclk#branch                        6.53262e-10
vd#branch                                    0
vcm#branch                         4.44386e-12
vsup#branch                       -0.000121014

 Reference value :  3.94500e-08
 Reference value :  1.13292e-07
 Reference value :  1.90893e-07
 Reference value :  2.68507e-07
 Reference value :  3.48103e-07
 Reference value :  4.24150e-07
 Reference value :  5.00202e-07
 Reference value :  5.75350e-07
 Reference value :  6.50300e-07
 Reference value :  7.30019e-07
 Reference value :  8.04686e-07
 Reference value :  8.80585e-07
 Reference value :  9.53566e-07
No. of Data Rows : 10864
dlev0               =  7.13307e-07
dlev1               =  7.45231e-06
dlev2               =  3.50019e-05
dlev3               =  3.31843e-05
dlev4               =  3.08569e-05
dlev5               =  2.86208e-05
dlev6               =  3.12270e-05
dlev7               =  4.03648e-05
dlev8               =  3.57468e-05
dlev9               =  1.23858e-05
dlev10              =  1.36173e-05
dlev11              =  1.48153e-05
dlev12              =  2.91206e-05
dlev13              =  3.62125e-05
dlev14              =  3.74213e-05
dlev15              =  3.45004e-05
dlev16              =  3.23446e-05
dlev17              =  1.00001e+00
dlev18              =  1.00002e+00
dlev19              =  1.00002e+00
dlev20              =  1.00001e+00
dlev21              =  1.00000e+00
dlev22              =  1.00000e+00
dlev23              =  1.00002e+00
dlev24              =  1.00002e+00
dlev25              =  1.00001e+00
dlev26              =  1.00001e+00
dlev27              =  1.00001e+00
dlev28              =  1.00002e+00
dlev29              =  1.00002e+00
dlev30              =  1.00000e+00
dlev31              =  1.00000e+00
dlev32              =  1.00000e+00
vos = 1.4980992422e-03
lowcount = 1.6999366414e+01
vbias               =  2.99649e-01
Reset re-loads circuit * comparator-offset-transient-mc @ ff_mismatch_-40c_1.20v -- generated by sim/harness, do not edit

Circuit: * comparator-offset-transient-mc @ ff_mismatch_-40c_1.20v -- generated by sim/harness, do not edit

Doing analysis at TEMP = -40.000000 and TNOM = 27.000000

Using SPARSE 1.3 as Direct Linear Solver

Initial Transient Solution
--------------------------

Node                                   Voltage
----                                   -------
vdd                                        1.2
cm                                         0.6
vd                                      -0.048
ap                                       0.576
an                                       0.624
clk                                          0
ibn                                   0.299834
xa.x1.tmid                         2.24651e-07
xa.x1.tail                            0.564987
xa.x1.np                                   1.2
xa.x1.nn                                   1.2
xa.x1.ln                                   1.2
xa.x1.lp                                   1.2
xa.x1.lnb                          9.84874e-08
xa.x1.lpb                          9.10245e-08
xa.x1.na                                1.1806
doutb                                 0.619981
dout                                  0.619783
xa.x1.nb                               1.18092
doutn                                 0.516486
bdoutn#branch                                0
ean#branch                          1.9578e-12
eap#branch                         2.48396e-12
vclk#branch                        6.50617e-10
vd#branch                                    0
vcm#branch                         4.44175e-12
vsup#branch                       -0.000123331

 Reference value :  1.70920e-08
 Reference value :  9.03500e-08
 Reference value :  1.62797e-07
 Reference value :  2.36870e-07
 Reference value :  3.10605e-07
 Reference value :  3.83501e-07
 Reference value :  4.60041e-07
 Reference value :  5.30211e-07
 Reference value :  6.05350e-07
 Reference value :  6.78605e-07
 Reference value :  7.55350e-07
 Reference value :  8.30272e-07
 Reference value :  9.10593e-07
No. of Data Rows : 10857
dlev0               =  -1.04721e-05
dlev1               =  3.28340e-05
dlev2               =  3.02136e-05
dlev3               =  2.80510e-05
dlev4               =  2.95392e-05
dlev5               =  4.07921e-05
dlev6               =  3.38932e-05
dlev7               =  9.72739e-06
dlev8               =  1.05718e-05
dlev9               =  1.15712e-05
dlev10              =  1.28169e-05
dlev11              =  3.88824e-05
dlev12              =  3.81180e-05
dlev13              =  3.53358e-05
dlev14              =  3.67760e-05
dlev15              =  3.70998e-05
dlev16              =  3.87035e-05
dlev17              =  1.00002e+00
dlev18              =  1.00002e+00
dlev19              =  1.00002e+00
dlev20              =  1.00002e+00
dlev21              =  1.00002e+00
dlev22              =  1.00001e+00
dlev23              =  1.00001e+00
dlev24              =  1.00001e+00
dlev25              =  1.00000e+00
dlev26              =  1.00000e+00
dlev27              =  1.00000e+00
dlev28              =  1.00002e+00
dlev29              =  1.00001e+00
dlev30              =  1.00001e+00
dlev31              =  1.00002e+00
dlev32              =  1.00002e+00
vos = 1.4979916388e-03
lowcount = 1.6999330546e+01
vbias               =  2.99834e-01
Reset re-loads circuit * comparator-offset-transient-mc @ ff_mismatch_-40c_1.20v -- generated by sim/harness, do not edit

Circuit: * comparator-offset-transient-mc @ ff_mismatch_-40c_1.20v -- generated by sim/harness, do not edit

Doing analysis at TEMP = -40.000000 and TNOM = 27.000000

Using SPARSE 1.3 as Direct Linear Solver

Initial Transient Solution
--------------------------

Node                                   Voltage
----                                   -------
vdd                                        1.2
cm                                         0.6
vd                                      -0.048
ap                                       0.576
an                                       0.624
clk                                          0
ibn                                   0.298701
xa.x1.tmid                         2.06775e-07
xa.x1.tail                            0.567503
xa.x1.np                                   1.2
xa.x1.nn                                   1.2
xa.x1.ln                                   1.2
xa.x1.lp                                   1.2
xa.x1.lnb                          9.41438e-08
xa.x1.lpb                          9.58778e-08
xa.x1.na                               1.18221
doutb                                 0.617859
dout                                  0.622561
xa.x1.nb                               1.18049
doutn                                 0.518801
bdoutn#branch                                0
ean#branch                         1.95854e-12
eap#branch                         2.48279e-12
vclk#branch                        6.48496e-10
vd#branch                                    0
vcm#branch                         4.44134e-12
vsup#branch                       -0.000118373

 Reference value :  0.00000e+00
 Reference value :  7.74931e-08
 Reference value :  1.59650e-07
 Reference value :  2.36972e-07
 Reference value :  3.11800e-07
 Reference value :  3.83898e-07
 Reference value :  4.58750e-07
 Reference value :  5.30224e-07
 Reference value :  6.07350e-07
 Reference value :  6.82620e-07
 Reference value :  7.63504e-07
 Reference value :  8.43950e-07
 Reference value :  9.19195e-07
No. of Data Rows : 10848
dlev0               =  3.68758e-05
dlev1               =  2.69077e-05
dlev2               =  2.95727e-05
dlev3               =  3.88686e-05
dlev4               =  3.74935e-05
dlev5               =  7.83604e-06
dlev6               =  8.83102e-06
dlev7               =  9.77709e-06
dlev8               =  1.07563e-05
dlev9               =  1.17638e-05
dlev10              =  1.25752e-05
dlev11              =  3.39792e-05
dlev12              =  3.43746e-05
dlev13              =  3.54007e-05
dlev14              =  3.54669e-05
dlev15              =  2.07743e-05
dlev16              =  3.15299e-05
dlev17              =  1.00000e+00
dlev18              =  1.00001e+00
dlev19              =  1.00002e+00
dlev20              =  1.00002e+00
dlev21              =  1.00002e+00
dlev22              =  1.00001e+00
dlev23              =  1.00001e+00
dlev24              =  1.00001e+00
dlev25              =  1.00001e+00
dlev26              =  1.00000e+00
dlev27              =  1.00000e+00
dlev28              =  1.00002e+00
dlev29              =  1.00002e+00
dlev30              =  1.00002e+00
dlev31              =  1.00001e+00
dlev32              =  1.00002e+00
vos = 1.4980896498e-03
lowcount = 1.6999363217e+01
vbias               =  2.98701e-01
Reset re-loads circuit * comparator-offset-transient-mc @ ff_mismatch_-40c_1.20v -- generated by sim/harness, do not edit

Circuit: * comparator-offset-transient-mc @ ff_mismatch_-40c_1.20v -- generated by sim/harness, do not edit

Doing analysis at TEMP = -40.000000 and TNOM = 27.000000

Using SPARSE 1.3 as Direct Linear Solver

Initial Transient Solution
--------------------------

Node                                   Voltage
----                                   -------
vdd                                        1.2
cm                                         0.6
vd                                      -0.048
ap                                       0.576
an                                       0.624
clk                                          0
ibn                                   0.300058
xa.x1.tmid                         2.17984e-07
xa.x1.tail                            0.570256
xa.x1.np                                   1.2
xa.x1.nn                                   1.2
xa.x1.ln                                   1.2
xa.x1.lp                                   1.2
xa.x1.lnb                          1.00511e-07
xa.x1.lpb                          1.01449e-07
xa.x1.na                                   1.2
doutb                              9.92805e-08
dout                                       1.2
xa.x1.nb                                   1.2
doutn                                        1
bdoutn#branch                                0
ean#branch                         1.95874e-12
eap#branch                         2.48551e-12
vclk#branch                        6.48519e-10
vd#branch                                    0
vcm#branch                         4.44425e-12
vsup#branch                       -2.00022e-05

 Reference value :  0.00000e+00
 Reference value :  7.22775e-08
 Reference value :  1.46790e-07
 Reference value :  2.20996e-07
 Reference value :  2.93774e-07
 Reference value :  3.70123e-07
 Reference value :  4.49830e-07
 Reference value :  5.28201e-07
 Reference value :  6.09550e-07
 Reference value :  6.83389e-07
 Reference value :  7.60103e-07
 Reference value :  8.31196e-07
 Reference value :  9.10083e-07
 Reference value :  9.83172e-07
No. of Data Rows : 10849
dlev0               =  1.51413e-07
dlev1               =  3.10999e-06
dlev2               =  3.18118e-05
dlev3               =  3.04536e-05
dlev4               =  2.83331e-05
dlev5               =  2.61145e-05
dlev6               =  2.49473e-05
dlev7               =  3.15638e-05
dlev8               =  3.63606e-05
dlev9               =  8.39960e-06
dlev10              =  9.36407e-06
dlev11              =  1.03008e-05
dlev12              =  2.05017e-05
dlev13              =  3.43119e-05
dlev14              =  1.80860e-05
dlev15              =  1.61706e-05
dlev16              =  1.00002e+00
dlev17              =  1.00002e+00
dlev18              =  1.00002e+00
dlev19              =  1.00002e+00
dlev20              =  1.00002e+00
dlev21              =  1.00001e+00
dlev22              =  1.00001e+00
dlev23              =  1.00001e+00
dlev24              =  1.00001e+00
dlev25              =  1.00002e+00
dlev26              =  1.00002e+00
dlev27              =  1.00002e+00
dlev28              =  1.00002e+00
dlev29              =  1.00002e+00
dlev30              =  1.00001e+00
dlev31              =  1.00001e+00
dlev32              =  1.00001e+00
vos = -1.501790942e-03
lowcount = 1.5999403019e+01
vbias               =  3.00058e-01
Reset re-loads circuit * comparator-offset-transient-mc @ ff_mismatch_-40c_1.20v -- generated by sim/harness, do not edit

Circuit: * comparator-offset-transient-mc @ ff_mismatch_-40c_1.20v -- generated by sim/harness, do not edit

Doing analysis at TEMP = -40.000000 and TNOM = 27.000000

Using SPARSE 1.3 as Direct Linear Solver

Initial Transient Solution
--------------------------

Node                                   Voltage
----                                   -------
vdd                                        1.2
cm                                         0.6
vd                                      -0.048
ap                                       0.576
an                                       0.624
clk                                          0
ibn                                   0.301566
xa.x1.tmid                         2.07835e-07
xa.x1.tail                            0.566351
xa.x1.np                                   1.2
xa.x1.nn                                   1.2
xa.x1.ln                                   1.2
xa.x1.lp                                   1.2
xa.x1.lnb                          9.96512e-08
xa.x1.lpb                           9.4068e-08
xa.x1.na                                   1.2
doutb                                      1.2
dout                               1.07255e-07
xa.x1.nb                                   1.2
doutn                              8.93793e-08
bdoutn#branch                                0
ean#branch                         1.95821e-12
eap#branch                         2.48424e-12
vclk#branch                        6.51802e-10
vd#branch                                    0
vcm#branch                         4.44245e-12
vsup#branch                       -2.00022e-05

 Reference value :  4.80507e-08
 Reference value :  1.20150e-07
 Reference value :  1.92872e-07
 Reference value :  2.67491e-07
 Reference value :  3.41195e-07
 Reference value :  4.14405e-07
 Reference value :  4.89350e-07
 Reference value :  5.59074e-07
 Reference value :  6.32650e-07
 Reference value :  7.07394e-07
 Reference value :  7.83950e-07
 Reference value :  8.59470e-07
 Reference value :  9.39250e-07
No. of Data Rows : 10856
dlev0               =  2.98762e-06
dlev1               =  2.87901e-06
dlev2               =  3.11343e-06
dlev3               =  3.38617e-06
dlev4               =  3.73624e-06
dlev5               =  4.25608e-06
dlev6               =  4.83253e-06
dlev7               =  6.78726e-06
dlev8               =  3.36584e-05
dlev9               =  3.00457e-05
dlev10              =  2.89293e-05
dlev11              =  3.07658e-05
dlev12              =  4.16075e-05
dlev13              =  3.75291e-05
dlev14              =  3.74039e-05
dlev15              =  1.43528e-05
dlev16              =  3.61978e-05
dlev17              =  1.00000e+00
dlev18              =  1.00001e+00
dlev19              =  1.00002e+00
dlev20              =  1.00001e+00
dlev21              =  1.00002e+00
dlev22              =  1.00002e+00
dlev23              =  1.00002e+00
dlev24              =  1.00002e+00
dlev25              =  1.00002e+00
dlev26              =  1.00002e+00
dlev27              =  1.00000e+00
dlev28              =  1.00000e+00
dlev29              =  1.00000e+00
dlev30              =  1.00000e+00
dlev31              =  1.00000e+00
dlev32              =  1.00000e+00
vos = 1.4985195943e-03
lowcount = 1.6999506531e+01
vbias               =  3.01566e-01
Reset re-loads circuit * comparator-offset-transient-mc @ ff_mismatch_-40c_1.20v -- generated by sim/harness, do not edit

Circuit: * comparator-offset-transient-mc @ ff_mismatch_-40c_1.20v -- generated by sim/harness, do not edit

Doing analysis at TEMP = -40.000000 and TNOM = 27.000000

Using SPARSE 1.3 as Direct Linear Solver

Initial Transient Solution
--------------------------

Node                                   Voltage
----                                   -------
vdd                                        1.2
cm                                         0.6
vd                                      -0.048
ap                                       0.576
an                                       0.624
clk                                          0
ibn                                   0.304592
xa.x1.tmid                          2.2203e-07
xa.x1.tail                            0.563732
xa.x1.np                                   1.2
xa.x1.nn                                   1.2
xa.x1.ln                                   1.2
xa.x1.lp                                   1.2
xa.x1.lnb                          9.77479e-08
xa.x1.lpb                          1.04474e-07
xa.x1.na                               1.18093
doutb                                 0.619573
dout                                  0.626272
xa.x1.nb                               1.18149
doutn                                 0.521893
bdoutn#branch                                0
ean#branch                         1.95877e-12
eap#branch                         2.48357e-12
vclk#branch                         6.5268e-10
vd#branch                                    0
vcm#branch                         4.44234e-12
vsup#branch                       -0.000119447

 Reference value :  1.92800e-09
 Reference value :  7.41273e-08
 Reference value :  1.47271e-07
 Reference value :  2.20760e-07
 Reference value :  2.94572e-07
 Reference value :  3.70207e-07
 Reference value :  4.45003e-07
 Reference value :  5.20690e-07
 Reference value :  5.94381e-07
 Reference value :  6.73859e-07
 Reference value :  7.48270e-07
 Reference value :  8.24427e-07
 Reference value :  8.97766e-07
 Reference value :  9.70443e-07
No. of Data Rows : 10843
dlev0               =  7.37538e-06
dlev1               =  7.38496e-06
dlev2               =  7.62583e-06
dlev3               =  7.87674e-06
dlev4               =  8.14262e-06
dlev5               =  8.42789e-06
dlev6               =  8.08332e-06
dlev7               =  8.52985e-06
dlev8               =  9.06016e-06
dlev9               =  9.59829e-06
dlev10              =  1.00190e-05
dlev11              =  3.33507e-05
dlev12              =  3.29255e-05
dlev13              =  3.25193e-05
dlev14              =  3.46009e-05
dlev15              =  9.99999e-01
dlev16              =  1.00002e+00
dlev17              =  1.00002e+00
dlev18              =  1.00002e+00
dlev19              =  1.00001e+00
dlev20              =  1.00000e+00
dlev21              =  1.00000e+00
dlev22              =  1.00000e+00
dlev23              =  1.00000e+00
dlev24              =  1.00000e+00
dlev25              =  1.00000e+00
dlev26              =  1.00000e+00
dlev27              =  1.00000e+00
dlev28              =  1.00000e+00
dlev29              =  1.00000e+00
dlev30              =  1.00000e+00
dlev31              =  1.00000e+00
dlev32              =  1.00000e+00
vos = -4.500956161e-03
lowcount = 1.4999681280e+01
vbias               =  3.04592e-01
Reset re-loads circuit * comparator-offset-transient-mc @ ff_mismatch_-40c_1.20v -- generated by sim/harness, do not edit

Circuit: * comparator-offset-transient-mc @ ff_mismatch_-40c_1.20v -- generated by sim/harness, do not edit

Doing analysis at TEMP = -40.000000 and TNOM = 27.000000

Using SPARSE 1.3 as Direct Linear Solver

Initial Transient Solution
--------------------------

Node                                   Voltage
----                                   -------
vdd                                        1.2
cm                                         0.6
vd                                      -0.048
ap                                       0.576
an                                       0.624
clk                                          0
ibn                                    0.29991
xa.x1.tmid                         2.24981e-07
xa.x1.tail                            0.565305
xa.x1.np                                   1.2
xa.x1.nn                                   1.2
xa.x1.ln                                   1.2
xa.x1.lp                                   1.2
xa.x1.lnb                           9.7728e-08
xa.x1.lpb                          9.79242e-08
xa.x1.na                                   1.2
doutb                              9.89163e-08
dout                                       1.2
xa.x1.nb                                   1.2
doutn                                        1
bdoutn#branch                                0
ean#branch                         1.95821e-12
eap#branch                         2.48504e-12
vclk#branch                        6.48771e-10
vd#branch                                    0
vcm#branch                         4.44325e-12
vsup#branch                       -2.00022e-05

 Reference value :  3.56500e-08
 Reference value :  1.08395e-07
 Reference value :  1.80650e-07
 Reference value :  2.54804e-07
 Reference value :  3.30250e-07
 Reference value :  4.03480e-07
 Reference value :  4.75722e-07
 Reference value :  5.47350e-07
 Reference value :  6.20240e-07
 Reference value :  7.01303e-07
 Reference value :  7.82850e-07
 Reference value :  8.60307e-07
 Reference value :  9.40205e-07
No. of Data Rows : 10848
dlev0               =  -4.14629e-06
dlev1               =  3.38834e-05
dlev2               =  3.17414e-05
dlev3               =  3.73778e-05
dlev4               =  3.26692e-05
dlev5               =  1.35625e-05
dlev6               =  1.43555e-05
dlev7               =  1.53820e-05
dlev8               =  1.65676e-05
dlev9               =  3.39692e-05
dlev10              =  3.28972e-05
dlev11              =  3.46694e-05
dlev12              =  3.41547e-05
dlev13              =  3.50162e-05
dlev14              =  3.72765e-05
dlev15              =  2.18567e-05
dlev16              =  1.00001e+00
dlev17              =  1.00002e+00
dlev18              =  1.00002e+00
dlev19              =  1.00001e+00
dlev20              =  1.00001e+00
dlev21              =  1.00001e+00
dlev22              =  1.00001e+00
dlev23              =  1.00000e+00
dlev24              =  1.00000e+00
dlev25              =  1.00000e+00
dlev26              =  1.00002e+00
dlev27              =  1.00001e+00
dlev28              =  1.00001e+00
dlev29              =  1.00001e+00
dlev30              =  1.00001e+00
dlev31              =  1.00000e+00
dlev32              =  1.00000e+00
vos = -1.501737699e-03
lowcount = 1.5999420767e+01
vbias               =  2.99910e-01
Reset re-loads circuit * comparator-offset-transient-mc @ ff_mismatch_-40c_1.20v -- generated by sim/harness, do not edit

Circuit: * comparator-offset-transient-mc @ ff_mismatch_-40c_1.20v -- generated by sim/harness, do not edit

Doing analysis at TEMP = -40.000000 and TNOM = 27.000000

Using SPARSE 1.3 as Direct Linear Solver

Initial Transient Solution
--------------------------

Node                                   Voltage
----                                   -------
vdd                                        1.2
cm                                         0.6
vd                                      -0.048
ap                                       0.576
an                                       0.624
clk                                          0
ibn                                   0.302693
xa.x1.tmid                         1.93939e-07
xa.x1.tail                            0.566298
xa.x1.np                                   1.2
xa.x1.nn                                   1.2
xa.x1.ln                                   1.2
xa.x1.lp                                   1.2
xa.x1.lnb                          1.01033e-07
xa.x1.lpb                          9.78921e-08
xa.x1.na                               1.18181
doutb                                 0.626425
dout                                  0.626011
xa.x1.nb                               1.18248
doutn                                 0.521676
bdoutn#branch                                0
ean#branch                         1.95896e-12
eap#branch                         2.48307e-12
vclk#branch                        6.45238e-10
vd#branch                                    0
vcm#branch                         4.44203e-12
vsup#branch                       -0.000113973

 Reference value :  6.72522e-09
 Reference value :  8.03704e-08
 Reference value :  1.58850e-07
 Reference value :  2.32494e-07
 Reference value :  3.10298e-07
 Reference value :  3.86303e-07
 Reference value :  4.60303e-07
 Reference value :  5.32408e-07
 Reference value :  6.09550e-07
 Reference value :  6.82399e-07
 Reference value :  7.59350e-07
 Reference value :  8.30676e-07
 Reference value :  9.08250e-07
 Reference value :  9.80323e-07
No. of Data Rows : 10857
dlev0               =  2.78531e-07
dlev1               =  7.28602e-06
dlev2               =  7.71279e-06
dlev3               =  8.36580e-06
dlev4               =  9.03434e-06
dlev5               =  9.60018e-06
dlev6               =  3.49514e-05
dlev7               =  3.24389e-05
dlev8               =  3.13593e-05
dlev9               =  3.11456e-05
dlev10              =  3.60271e-05
dlev11              =  3.18270e-05
dlev12              =  3.34141e-05
dlev13              =  2.29570e-05
dlev14              =  3.50054e-05
dlev15              =  9.99998e-01
dlev16              =  1.00002e+00
dlev17              =  1.00002e+00
dlev18              =  1.00001e+00
dlev19              =  1.00001e+00
dlev20              =  1.00002e+00
dlev21              =  1.00002e+00
dlev22              =  1.00002e+00
dlev23              =  1.00002e+00
dlev24              =  1.00002e+00
dlev25              =  1.00001e+00
dlev26              =  1.00001e+00
dlev27              =  1.00001e+00
dlev28              =  1.00001e+00
dlev29              =  1.00001e+00
dlev30              =  1.00001e+00
dlev31              =  1.00001e+00
dlev32              =  1.00001e+00
vos = -4.501660211e-03
lowcount = 1.4999446596e+01
vbias               =  3.02693e-01
Reset re-loads circuit * comparator-offset-transient-mc @ ff_mismatch_-40c_1.20v -- generated by sim/harness, do not edit

Circuit: * comparator-offset-transient-mc @ ff_mismatch_-40c_1.20v -- generated by sim/harness, do not edit

Doing analysis at TEMP = -40.000000 and TNOM = 27.000000

Using SPARSE 1.3 as Direct Linear Solver

Initial Transient Solution
--------------------------

Node                                   Voltage
----                                   -------
vdd                                        1.2
cm                                         0.6
vd                                      -0.048
ap                                       0.576
an                                       0.624
clk                                          0
ibn                                   0.304706
xa.x1.tmid                         1.95826e-07
xa.x1.tail                            0.568212
xa.x1.np                                   1.2
xa.x1.nn                                   1.2
xa.x1.ln                                   1.2
xa.x1.lp                                   1.2
xa.x1.lnb                          9.50511e-08
xa.x1.lpb                          9.65377e-08
xa.x1.na                               1.18151
doutb                                 0.624813
dout                                  0.617096
xa.x1.nb                               1.18057
doutn                                 0.514246
bdoutn#branch                                0
ean#branch                         1.95918e-12
eap#branch                         2.48634e-12
vclk#branch                        6.47961e-10
vd#branch                                    0
vcm#branch                         4.44553e-12
vsup#branch                       -0.000120831

 Reference value :  4.53080e-08
 Reference value :  1.22250e-07
 Reference value :  1.96327e-07
 Reference value :  2.68473e-07
 Reference value :  3.41362e-07
 Reference value :  4.12677e-07
 Reference value :  4.90100e-07
 Reference value :  5.62245e-07
 Reference value :  6.43372e-07
 Reference value :  7.22950e-07
 Reference value :  8.00877e-07
 Reference value :  8.80363e-07
 Reference value :  9.52976e-07
No. of Data Rows : 10842
dlev0               =  9.62389e-06
dlev1               =  1.01847e-05
dlev2               =  1.04343e-05
dlev3               =  1.06951e-05
dlev4               =  1.09686e-05
dlev5               =  1.12557e-05
dlev6               =  1.15593e-05
dlev7               =  1.13714e-05
dlev8               =  1.17164e-05
dlev9               =  1.21579e-05
dlev10              =  1.28502e-05
dlev11              =  1.36653e-05
dlev12              =  1.46108e-05
dlev13              =  1.57549e-05
dlev14              =  3.83626e-05
dlev15              =  3.71247e-05
dlev16              =  3.37028e-05
dlev17              =  3.68734e-05
dlev18              =  9.99998e-01
dlev19              =  1.00002e+00
dlev20              =  1.00002e+00
dlev21              =  1.00002e+00
dlev22              =  1.00002e+00
dlev23              =  1.00002e+00
dlev24              =  1.00001e+00
dlev25              =  1.00001e+00
dlev26              =  1.00001e+00
dlev27              =  1.00001e+00
dlev28              =  1.00001e+00
dlev29              =  1.00001e+00
dlev30              =  1.00001e+00
dlev31              =  1.00001e+00
dlev32              =  1.00001e+00
vos = 4.4985404643e-03
lowcount = 1.7999513488e+01
vbias               =  3.04706e-01
Reset re-loads circuit * comparator-offset-transient-mc @ ff_mismatch_-40c_1.20v -- generated by sim/harness, do not edit

Circuit: * comparator-offset-transient-mc @ ff_mismatch_-40c_1.20v -- generated by sim/harness, do not edit

Doing analysis at TEMP = -40.000000 and TNOM = 27.000000

Using SPARSE 1.3 as Direct Linear Solver

Initial Transient Solution
--------------------------

Node                                   Voltage
----                                   -------
vdd                                        1.2
cm                                         0.6
vd                                      -0.048
ap                                       0.576
an                                       0.624
clk                                          0
ibn                                   0.302022
xa.x1.tmid                         2.20132e-07
xa.x1.tail                            0.565252
xa.x1.np                                   1.2
xa.x1.nn                                   1.2
xa.x1.ln                                   1.2
xa.x1.lp                                   1.2
xa.x1.lnb                          9.98499e-08
xa.x1.lpb                          9.63243e-08
xa.x1.na                               1.18208
doutb                                 0.627699
dout                                  0.626056
xa.x1.nb                               1.18156
doutn                                 0.521713
bdoutn#branch                                0
ean#branch                         1.95866e-12
eap#branch                         2.48379e-12
vclk#branch                        6.54423e-10
vd#branch                                    0
vcm#branch                         4.44245e-12
vsup#branch                       -0.000118109

 Reference value :  1.84693e-08
 Reference value :  9.39500e-08
 Reference value :  1.70680e-07
 Reference value :  2.49650e-07
 Reference value :  3.21197e-07
 Reference value :  4.00103e-07
 Reference value :  4.74182e-07
 Reference value :  5.50066e-07
 Reference value :  6.25703e-07
 Reference value :  7.02084e-07
 Reference value :  7.76866e-07
 Reference value :  8.53359e-07
 Reference value :  9.32250e-07
No. of Data Rows : 10849
dlev0               =  5.90511e-06
dlev1               =  5.87598e-06
dlev2               =  6.31388e-06
dlev3               =  1.22810e-05
dlev4               =  1.22648e-05
dlev5               =  1.22843e-05
dlev6               =  1.23434e-05
dlev7               =  3.27807e-05
dlev8               =  3.68044e-05
dlev9               =  3.64932e-05
dlev10              =  3.41085e-05
dlev11              =  3.33612e-05
dlev12              =  2.73011e-05
dlev13              =  3.34691e-05
dlev14              =  1.49272e-05
dlev15              =  1.51016e-05
dlev16              =  1.00001e+00
dlev17              =  1.00002e+00
dlev18              =  1.00002e+00
dlev19              =  1.00002e+00
dlev20              =  1.00002e+00
dlev21              =  1.00001e+00
dlev22              =  1.00001e+00
dlev23              =  1.00002e+00
dlev24              =  1.00000e+00
dlev25              =  1.00000e+00
dlev26              =  1.00000e+00
dlev27              =  1.00000e+00
dlev28              =  1.00000e+00
dlev29              =  1.00000e+00
dlev30              =  1.00000e+00
dlev31              =  1.00000e+00
dlev32              =  1.00000e+00
vos = -1.501402846e-03
lowcount = 1.5999532385e+01
vbias               =  3.02022e-01
Reset re-loads circuit * comparator-offset-transient-mc @ ff_mismatch_-40c_1.20v -- generated by sim/harness, do not edit

Circuit: * comparator-offset-transient-mc @ ff_mismatch_-40c_1.20v -- generated by sim/harness, do not edit

Doing analysis at TEMP = -40.000000 and TNOM = 27.000000

Using SPARSE 1.3 as Direct Linear Solver

Initial Transient Solution
--------------------------

Node                                   Voltage
----                                   -------
vdd                                        1.2
cm                                         0.6
vd                                      -0.048
ap                                       0.576
an                                       0.624
clk                                          0
ibn                                   0.300029
xa.x1.tmid                          2.2093e-07
xa.x1.tail                            0.564617
xa.x1.np                                   1.2
xa.x1.nn                                   1.2
xa.x1.ln                                   1.2
xa.x1.lp                                   1.2
xa.x1.lnb                          1.03812e-07
xa.x1.lpb                          1.03736e-07
xa.x1.na                                   1.2
doutb                                      1.2
dout                               1.11608e-07
xa.x1.nb                                   1.2
doutn                              9.30067e-08
bdoutn#branch                                0
ean#branch                         1.95846e-12
eap#branch                         2.48379e-12
vclk#branch                        6.48473e-10
vd#branch                                    0
vcm#branch                         4.44225e-12
vsup#branch                       -2.00022e-05

 Reference value :  2.82800e-09
 Reference value :  7.88812e-08
 Reference value :  1.55150e-07
 Reference value :  2.30200e-07
 Reference value :  3.06850e-07
 Reference value :  3.80202e-07
 Reference value :  4.54850e-07
 Reference value :  5.27009e-07
 Reference value :  5.99704e-07
 Reference value :  6.73503e-07
 Reference value :  7.48277e-07
 Reference value :  8.20019e-07
 Reference value :  8.92392e-07
 Reference value :  9.70019e-07
No. of Data Rows : 10855
dlev0               =  1.58463e-05
dlev1               =  3.69593e-05
dlev2               =  3.77812e-05
dlev3               =  3.72389e-05
dlev4               =  3.45673e-05
dlev5               =  3.62432e-05
dlev6               =  3.15573e-05
dlev7               =  2.50059e-05
dlev8               =  3.47164e-05
dlev9               =  3.37220e-05
dlev10              =  3.24766e-05
dlev11              =  3.11954e-05
dlev12              =  2.30932e-05
dlev13              =  3.28005e-05
dlev14              =  3.16163e-05
dlev15              =  3.58177e-05
dlev16              =  3.19031e-05
dlev17              =  9.99998e-01
dlev18              =  1.00002e+00
dlev19              =  1.00002e+00
dlev20              =  1.00002e+00
dlev21              =  1.00002e+00
dlev22              =  1.00001e+00
dlev23              =  1.00001e+00
dlev24              =  1.00001e+00
dlev25              =  1.00001e+00
dlev26              =  1.00002e+00
dlev27              =  1.00002e+00
dlev28              =  1.00002e+00
dlev29              =  1.00002e+00
dlev30              =  1.00002e+00
dlev31              =  1.00002e+00
dlev32              =  1.00002e+00
vos = 1.4975794779e-03
lowcount = 1.6999193159e+01
vbias               =  3.00029e-01
Reset re-loads circuit * comparator-offset-transient-mc @ ff_mismatch_-40c_1.20v -- generated by sim/harness, do not edit

Circuit: * comparator-offset-transient-mc @ ff_mismatch_-40c_1.20v -- generated by sim/harness, do not edit

Doing analysis at TEMP = -40.000000 and TNOM = 27.000000

Using SPARSE 1.3 as Direct Linear Solver

Initial Transient Solution
--------------------------

Node                                   Voltage
----                                   -------
vdd                                        1.2
cm                                         0.6
vd                                      -0.048
ap                                       0.576
an                                       0.624
clk                                          0
ibn                                   0.302238
xa.x1.tmid                         2.07576e-07
xa.x1.tail                             0.56347
xa.x1.np                                   1.2
xa.x1.nn                                   1.2
xa.x1.ln                                   1.2
xa.x1.lp                                   1.2
xa.x1.lnb                          9.91926e-08
xa.x1.lpb                          9.50049e-08
xa.x1.na                               1.18078
doutb                                  0.63074
dout                                  0.626131
xa.x1.nb                                1.1823
doutn                                 0.521776
bdoutn#branch                                0
ean#branch                         1.95785e-12
eap#branch                         2.48224e-12
vclk#branch                        6.44496e-10
vd#branch                                    0
vcm#branch                         4.44009e-12
vsup#branch                       -0.000114775

 Reference value :  3.27500e-08
 Reference value :  1.09356e-07
 Reference value :  1.85950e-07
 Reference value :  2.60240e-07
 Reference value :  3.40000e-07
 Reference value :  4.12603e-07
 Reference value :  4.90110e-07
 Reference value :  5.67790e-07
 Reference value :  6.43873e-07
 Reference value :  7.18872e-07
 Reference value :  7.92139e-07
 Reference value :  8.66472e-07
 Reference value :  9.40003e-07
No. of Data Rows : 10855
dlev0               =  2.75079e-06
dlev1               =  1.06040e-05
dlev2               =  1.09049e-05
dlev3               =  1.07644e-05
dlev4               =  1.11661e-05
dlev5               =  1.16053e-05
dlev6               =  1.20906e-05
dlev7               =  3.94747e-05
dlev8               =  3.46585e-05
dlev9               =  3.25496e-05
dlev10              =  3.36249e-05
dlev11              =  3.61910e-05
dlev12              =  3.50898e-05
dlev13              =  3.55369e-05
dlev14              =  9.99999e-01
dlev15              =  1.00002e+00
dlev16              =  1.00002e+00
dlev17              =  1.00002e+00
dlev18              =  1.00002e+00
dlev19              =  1.00002e+00
dlev20              =  1.00002e+00
dlev21              =  1.00002e+00
dlev22              =  1.00001e+00
dlev23              =  1.00001e+00
dlev24              =  1.00001e+00
dlev25              =  1.00001e+00
dlev26              =  1.00001e+00
dlev27              =  1.00000e+00
dlev28              =  1.00000e+00
dlev29              =  1.00000e+00
dlev30              =  1.00000e+00
dlev31              =  1.00000e+00
dlev32              =  1.00000e+00
vos = -7.501512934e-03
lowcount = 1.3999495689e+01
vbias               =  3.02238e-01
Reset re-loads circuit * comparator-offset-transient-mc @ ff_mismatch_-40c_1.20v -- generated by sim/harness, do not edit

Circuit: * comparator-offset-transient-mc @ ff_mismatch_-40c_1.20v -- generated by sim/harness, do not edit

Doing analysis at TEMP = -40.000000 and TNOM = 27.000000

Using SPARSE 1.3 as Direct Linear Solver

Initial Transient Solution
--------------------------

Node                                   Voltage
----                                   -------
vdd                                        1.2
cm                                         0.6
vd                                      -0.048
ap                                       0.576
an                                       0.624
clk                                          0
ibn                                   0.300971
xa.x1.tmid                          2.2696e-07
xa.x1.tail                            0.562522
xa.x1.np                                   1.2
xa.x1.nn                                   1.2
xa.x1.ln                                   1.2
xa.x1.lp                                   1.2
xa.x1.lnb                          9.38162e-08
xa.x1.lpb                          9.63339e-08
xa.x1.na                               1.18161
doutb                                 0.620811
dout                                  0.627165
xa.x1.nb                               1.18215
doutn                                 0.522638
bdoutn#branch                                0
ean#branch                         1.95755e-12
eap#branch                         2.48387e-12
vclk#branch                        6.41861e-10
vd#branch                                    0
vcm#branch                         4.44142e-12
vsup#branch                       -0.000115998

 Reference value :  5.22800e-09
 Reference value :  7.73801e-08
 Reference value :  1.51950e-07
 Reference value :  2.28101e-07
 Reference value :  3.09850e-07
 Reference value :  3.87603e-07
 Reference value :  4.65879e-07
 Reference value :  5.44250e-07
 Reference value :  6.21497e-07
 Reference value :  7.01394e-07
 Reference value :  7.79800e-07
 Reference value :  8.54871e-07
 Reference value :  9.26068e-07
No. of Data Rows : 10857
dlev0               =  -1.31122e-06
dlev1               =  1.12871e-05
dlev2               =  3.87340e-05
dlev3               =  3.62071e-05
dlev4               =  3.25327e-05
dlev5               =  3.96307e-05
dlev6               =  3.38123e-05
dlev7               =  1.46276e-05
dlev8               =  3.68705e-05
dlev9               =  3.50499e-05
dlev10              =  3.36296e-05
dlev11              =  3.56526e-05
dlev12              =  3.49878e-05
dlev13              =  3.84598e-05
dlev14              =  1.00000e+00
dlev15              =  1.00002e+00
dlev16              =  1.00002e+00
dlev17              =  1.00002e+00
dlev18              =  1.00002e+00
dlev19              =  1.00002e+00
dlev20              =  1.00002e+00
dlev21              =  1.00001e+00
dlev22              =  1.00002e+00
dlev23              =  1.00002e+00
dlev24              =  1.00002e+00
dlev25              =  1.00002e+00
dlev26              =  1.00002e+00
dlev27              =  1.00000e+00
dlev28              =  1.00000e+00
dlev29              =  1.00000e+00
dlev30              =  1.00000e+00
dlev31              =  1.00000e+00
dlev32              =  1.00000e+00
vos = -7.501953511e-03
lowcount = 1.3999348830e+01
vbias               =  3.00971e-01
Reset re-loads circuit * comparator-offset-transient-mc @ ff_mismatch_-40c_1.20v -- generated by sim/harness, do not edit

Circuit: * comparator-offset-transient-mc @ ff_mismatch_-40c_1.20v -- generated by sim/harness, do not edit

Doing analysis at TEMP = -40.000000 and TNOM = 27.000000

Using SPARSE 1.3 as Direct Linear Solver

Initial Transient Solution
--------------------------

Node                                   Voltage
----                                   -------
vdd                                        1.2
cm                                         0.6
vd                                      -0.048
ap                                       0.576
an                                       0.624
clk                                          0
ibn                                   0.302033
xa.x1.tmid                         2.27449e-07
xa.x1.tail                            0.565906
xa.x1.np                                   1.2
xa.x1.nn                                   1.2
xa.x1.ln                                   1.2
xa.x1.lp                                   1.2
xa.x1.lnb                          9.47655e-08
xa.x1.lpb                          9.34206e-08
xa.x1.na                               1.18369
doutb                                 0.629716
dout                                  0.630117
xa.x1.nb                               1.18204
doutn                                 0.525097
bdoutn#branch                                0
ean#branch                         1.95893e-12
eap#branch                         2.48443e-12
vclk#branch                         6.4212e-10
vd#branch                                    0
vcm#branch                         4.44336e-12
vsup#branch                        -0.00011191

 Reference value :  0.00000e+00
 Reference value :  7.86684e-08
 Reference value :  1.60100e-07
 Reference value :  2.37184e-07
 Reference value :  3.15700e-07
 Reference value :  3.96150e-07
 Reference value :  4.70539e-07
 Reference value :  5.50083e-07
 Reference value :  6.26608e-07
 Reference value :  7.04296e-07
 Reference value :  7.82650e-07
 Reference value :  8.59373e-07
 Reference value :  9.30950e-07
No. of Data Rows : 10856
dlev0               =  2.93584e-05
dlev1               =  2.05754e-06
dlev2               =  2.16305e-06
dlev3               =  2.42423e-06
dlev4               =  2.79697e-06
dlev5               =  2.85777e-05
dlev6               =  2.57456e-05
dlev7               =  2.30097e-05
dlev8               =  2.32217e-05
dlev9               =  3.36192e-05
dlev10              =  7.32397e-06
dlev11              =  8.32169e-06
dlev12              =  2.80338e-05
dlev13              =  3.50711e-05
dlev14              =  3.44300e-05
dlev15              =  9.99995e-01
dlev16              =  1.00002e+00
dlev17              =  1.00002e+00
dlev18              =  1.00002e+00
dlev19              =  1.00002e+00
dlev20              =  1.00002e+00
dlev21              =  1.00002e+00
dlev22              =  1.00002e+00
dlev23              =  1.00002e+00
dlev24              =  1.00002e+00
dlev25              =  1.00002e+00
dlev26              =  1.00002e+00
dlev27              =  1.00001e+00
dlev28              =  1.00001e+00
dlev29              =  1.00001e+00
dlev30              =  1.00001e+00
dlev31              =  1.00001e+00
dlev32              =  1.00001e+00
vos = -4.501670264e-03
lowcount = 1.4999443245e+01
vbias               =  3.02033e-01
Reset re-loads circuit * comparator-offset-transient-mc @ ff_mismatch_-40c_1.20v -- generated by sim/harness, do not edit

Circuit: * comparator-offset-transient-mc @ ff_mismatch_-40c_1.20v -- generated by sim/harness, do not edit

Doing analysis at TEMP = -40.000000 and TNOM = 27.000000

Using SPARSE 1.3 as Direct Linear Solver

Initial Transient Solution
--------------------------

Node                                   Voltage
----                                   -------
vdd                                        1.2
cm                                         0.6
vd                                      -0.048
ap                                       0.576
an                                       0.624
clk                                          0
ibn                                   0.299683
xa.x1.tmid                         2.41697e-07
xa.x1.tail                            0.564283
xa.x1.np                                   1.2
xa.x1.nn                                   1.2
xa.x1.ln                                   1.2
xa.x1.lp                                   1.2
xa.x1.lnb                          9.90474e-08
xa.x1.lpb                          9.85091e-08
xa.x1.na                                   1.2
doutb                              1.06022e-07
dout                                       1.2
xa.x1.nb                                   1.2
doutn                                        1
bdoutn#branch                                0
ean#branch                         1.95871e-12
eap#branch                         2.48254e-12
vclk#branch                        6.45693e-10
vd#branch                                    0
vcm#branch                         4.44125e-12
vsup#branch                       -2.00022e-05

 Reference value :  0.00000e+00
 Reference value :  7.07848e-08
 Reference value :  1.49195e-07
 Reference value :  2.28804e-07
 Reference value :  3.09450e-07
 Reference value :  3.84505e-07
 Reference value :  4.60305e-07
 Reference value :  5.30303e-07
 Reference value :  6.08650e-07
 Reference value :  6.81005e-07
 Reference value :  7.58450e-07
 Reference value :  8.31399e-07
 Reference value :  9.10066e-07
 Reference value :  9.81493e-07
No. of Data Rows : 10858
dlev0               =  -1.32073e-05
dlev1               =  3.31958e-05
dlev2               =  3.06189e-05
dlev3               =  2.81120e-05
dlev4               =  3.60076e-05
dlev5               =  3.43355e-05
dlev6               =  8.17664e-06
dlev7               =  8.95062e-06
dlev8               =  1.00161e-05
dlev9               =  1.09252e-05
dlev10              =  1.20383e-05
dlev11              =  1.31284e-05
dlev12              =  3.49796e-05
dlev13              =  3.35838e-05
dlev14              =  3.70639e-05
dlev15              =  3.51379e-05
dlev16              =  4.01706e-05
dlev17              =  1.00000e+00
dlev18              =  1.00002e+00
dlev19              =  1.00002e+00
dlev20              =  1.00002e+00
dlev21              =  1.00001e+00
dlev22              =  1.00002e+00
dlev23              =  1.00002e+00
dlev24              =  1.00002e+00
dlev25              =  1.00002e+00
dlev26              =  1.00002e+00
dlev27              =  1.00002e+00
dlev28              =  1.00002e+00
dlev29              =  1.00002e+00
dlev30              =  1.00002e+00
dlev31              =  1.00002e+00
dlev32              =  1.00002e+00
vos = 1.4979352991e-03
lowcount = 1.6999311766e+01
vbias               =  2.99683e-01
Reset re-loads circuit * comparator-offset-transient-mc @ ff_mismatch_-40c_1.20v -- generated by sim/harness, do not edit

Circuit: * comparator-offset-transient-mc @ ff_mismatch_-40c_1.20v -- generated by sim/harness, do not edit

Doing analysis at TEMP = -40.000000 and TNOM = 27.000000

Using SPARSE 1.3 as Direct Linear Solver

Initial Transient Solution
--------------------------

Node                                   Voltage
----                                   -------
vdd                                        1.2
cm                                         0.6
vd                                      -0.048
ap                                       0.576
an                                       0.624
clk                                          0
ibn                                   0.298511
xa.x1.tmid                         2.12861e-07
xa.x1.tail                             0.56948
xa.x1.np                                   1.2
xa.x1.nn                                   1.2
xa.x1.ln                                   1.2
xa.x1.lp                                   1.2
xa.x1.lnb                          9.94267e-08
xa.x1.lpb                          9.82804e-08
xa.x1.na                                   1.2
doutb                              9.69144e-08
dout                                       1.2
xa.x1.nb                                   1.2
doutn                                        1
bdoutn#branch                                0
ean#branch                         1.95813e-12
eap#branch                         2.48396e-12
vclk#branch                        6.46246e-10
vd#branch                                    0
vcm#branch                         4.44209e-12
vsup#branch                       -2.00021e-05

 Reference value :  5.01805e-08
 Reference value :  1.28950e-07
 Reference value :  2.03114e-07
 Reference value :  2.81203e-07
 Reference value :  3.59305e-07
 Reference value :  4.40202e-07
 Reference value :  5.20404e-07
 Reference value :  5.92403e-07
 Reference value :  6.68250e-07
 Reference value :  7.42707e-07
 Reference value :  8.23503e-07
 Reference value :  9.04250e-07
 Reference value :  9.82596e-07
No. of Data Rows : 10858
dlev0               =  1.58311e-05
dlev1               =  3.50947e-05
dlev2               =  3.28791e-05
dlev3               =  3.06360e-05
dlev4               =  3.62729e-05
dlev5               =  3.41855e-05
dlev6               =  2.91856e-05
dlev7               =  3.69636e-05
dlev8               =  3.65433e-05
dlev9               =  3.58137e-05
dlev10              =  3.46436e-05
dlev11              =  3.32161e-05
dlev12              =  3.21950e-05
dlev13              =  2.75440e-05
dlev14              =  3.38461e-05
dlev15              =  3.35952e-05
dlev16              =  3.50226e-05
dlev17              =  3.54007e-05
dlev18              =  1.00002e+00
dlev19              =  1.00002e+00
dlev20              =  1.00002e+00
dlev21              =  1.00002e+00
dlev22              =  1.00002e+00
dlev23              =  1.00001e+00
dlev24              =  1.00002e+00
dlev25              =  1.00002e+00
dlev26              =  1.00002e+00
dlev27              =  1.00002e+00
dlev28              =  1.00001e+00
dlev29              =  1.00002e+00
dlev30              =  1.00002e+00
dlev31              =  1.00002e+00
dlev32              =  1.00002e+00
vos = 4.4974233931e-03
lowcount = 1.7999141131e+01
vbias               =  2.98511e-01
Reset re-loads circuit * comparator-offset-transient-mc @ ff_mismatch_-40c_1.20v -- generated by sim/harness, do not edit

Circuit: * comparator-offset-transient-mc @ ff_mismatch_-40c_1.20v -- generated by sim/harness, do not edit

Doing analysis at TEMP = -40.000000 and TNOM = 27.000000

Using SPARSE 1.3 as Direct Linear Solver

Initial Transient Solution
--------------------------

Node                                   Voltage
----                                   -------
vdd                                        1.2
cm                                         0.6
vd                                      -0.048
ap                                       0.576
an                                       0.624
clk                                          0
ibn                                   0.302033
xa.x1.tmid                         2.24857e-07
xa.x1.tail                            0.564213
xa.x1.np                                   1.2
xa.x1.nn                                   1.2
xa.x1.ln                                   1.2
xa.x1.lp                                   1.2
xa.x1.lnb                          9.72794e-08
xa.x1.lpb                          9.04182e-08
xa.x1.na                                1.1822
doutb                                 0.622093
dout                                  0.624442
xa.x1.nb                               1.18216
doutn                                 0.520368
bdoutn#branch                                0
ean#branch                         1.95774e-12
eap#branch                         2.48376e-12
vclk#branch                        6.48254e-10
vd#branch                                    0
vcm#branch                          4.4415e-12
vsup#branch                       -0.000114766

 Reference value :  4.99692e-08
 Reference value :  1.22950e-07
 Reference value :  1.95290e-07
 Reference value :  2.71350e-07
 Reference value :  3.45804e-07
 Reference value :  4.18901e-07
 Reference value :  4.90986e-07
 Reference value :  5.65470e-07
 Reference value :  6.40405e-07
 Reference value :  7.16971e-07
 Reference value :  7.91896e-07
 Reference value :  8.63284e-07
 Reference value :  9.37850e-07
No. of Data Rows : 10858
dlev0               =  1.93989e-05
dlev1               =  4.65512e-06
dlev2               =  5.09463e-06
dlev3               =  2.77143e-05
dlev4               =  2.53425e-05
dlev5               =  2.31227e-05
dlev6               =  2.17435e-05
dlev7               =  3.20146e-05
dlev8               =  2.84890e-05
dlev9               =  1.42563e-05
dlev10              =  1.45498e-05
dlev11              =  1.50841e-05
dlev12              =  3.75281e-05
dlev13              =  3.66636e-05
dlev14              =  1.74621e-05
dlev15              =  3.03867e-05
dlev16              =  3.66087e-05
dlev17              =  1.50156e-05
dlev18              =  1.00001e+00
dlev19              =  1.00002e+00
dlev20              =  1.00002e+00
dlev21              =  1.00001e+00
dlev22              =  1.00000e+00
dlev23              =  1.00000e+00
dlev24              =  1.00000e+00
dlev25              =  1.00002e+00
dlev26              =  1.00002e+00
dlev27              =  1.00001e+00
dlev28              =  1.00001e+00
dlev29              =  1.00001e+00
dlev30              =  1.00002e+00
dlev31              =  1.00000e+00
dlev32              =  1.00000e+00
vos = 4.4983376090e-03
lowcount = 1.7999445870e+01
vbias               =  3.02033e-01
Reset re-loads circuit * comparator-offset-transient-mc @ ff_mismatch_-40c_1.20v -- generated by sim/harness, do not edit

Circuit: * comparator-offset-transient-mc @ ff_mismatch_-40c_1.20v -- generated by sim/harness, do not edit

Doing analysis at TEMP = -40.000000 and TNOM = 27.000000

Using SPARSE 1.3 as Direct Linear Solver

Initial Transient Solution
--------------------------

Node                                   Voltage
----                                   -------
vdd                                        1.2
cm                                         0.6
vd                                      -0.048
ap                                       0.576
an                                       0.624
clk                                          0
ibn                                   0.301083
xa.x1.tmid                         2.05904e-07
xa.x1.tail                            0.566542
xa.x1.np                                   1.2
xa.x1.nn                                   1.2
xa.x1.ln                                   1.2
xa.x1.lp                                   1.2
xa.x1.lnb                          1.00798e-07
xa.x1.lpb                          1.01183e-07
xa.x1.na                               1.18113
doutb                                 0.626804
dout                                  0.624753
xa.x1.nb                               1.18135
doutn                                 0.520627
bdoutn#branch                                0
ean#branch                         1.95735e-12
eap#branch                         2.48243e-12
vclk#branch                        6.50045e-10
vd#branch                                    0
vcm#branch                         4.43978e-12
vsup#branch                       -0.000118819

 Reference value :  7.28000e-10
 Reference value :  7.41501e-08
 Reference value :  1.48070e-07
 Reference value :  2.20396e-07
 Reference value :  2.92791e-07
 Reference value :  3.68450e-07
 Reference value :  4.40183e-07
 Reference value :  5.12750e-07
 Reference value :  5.85100e-07
 Reference value :  6.61250e-07
 Reference value :  7.40211e-07
 Reference value :  8.20293e-07
 Reference value :  8.98569e-07
 Reference value :  9.70459e-07
No. of Data Rows : 10850
dlev0               =  1.01337e-05
dlev1               =  9.54184e-06
dlev2               =  9.88854e-06
dlev3               =  9.55502e-06
dlev4               =  1.00546e-05
dlev5               =  1.04773e-05
dlev6               =  1.13907e-05
dlev7               =  3.60651e-05
dlev8               =  3.29313e-05
dlev9               =  3.07021e-05
dlev10              =  3.89656e-05
dlev11              =  3.29661e-05
dlev12              =  3.70818e-05
dlev13              =  3.52462e-05
dlev14              =  3.53432e-05
dlev15              =  3.35673e-05
dlev16              =  1.00001e+00
dlev17              =  1.00001e+00
dlev18              =  1.00002e+00
dlev19              =  1.00001e+00
dlev20              =  1.00002e+00
dlev21              =  1.00002e+00
dlev22              =  1.00002e+00
dlev23              =  1.00002e+00
dlev24              =  1.00002e+00
dlev25              =  1.00000e+00
dlev26              =  1.00000e+00
dlev27              =  1.00000e+00
dlev28              =  1.00000e+00
dlev29              =  1.00000e+00
dlev30              =  1.00000e+00
dlev31              =  1.00000e+00
dlev32              =  1.00000e+00
vos = -1.501703731e-03
lowcount = 1.5999432090e+01
vbias               =  3.01082e-01
Reset re-loads circuit * comparator-offset-transient-mc @ ff_mismatch_-40c_1.20v -- generated by sim/harness, do not edit

Circuit: * comparator-offset-transient-mc @ ff_mismatch_-40c_1.20v -- generated by sim/harness, do not edit

Doing analysis at TEMP = -40.000000 and TNOM = 27.000000

Using SPARSE 1.3 as Direct Linear Solver

Initial Transient Solution
--------------------------

Node                                   Voltage
----                                   -------
vdd                                        1.2
cm                                         0.6
vd                                      -0.048
ap                                       0.576
an                                       0.624
clk                                          0
ibn                                   0.298245
xa.x1.tmid                         2.25116e-07
xa.x1.tail                            0.564312
xa.x1.np                                   1.2
xa.x1.nn                                   1.2
xa.x1.ln                                   1.2
xa.x1.lp                                   1.2
xa.x1.lnb                          9.17163e-08
xa.x1.lpb                          9.70155e-08
xa.x1.na                               1.18254
doutb                                 0.623592
dout                                  0.622499
xa.x1.nb                               1.18129
doutn                                  0.51875
bdoutn#branch                                0
ean#branch                         1.95796e-12
eap#branch                         2.48304e-12
vclk#branch                        6.47545e-10
vd#branch                                    0
vcm#branch                           4.441e-12
vsup#branch                       -0.000116591

 Reference value :  3.24500e-08
 Reference value :  1.05802e-07
 Reference value :  1.82950e-07
 Reference value :  2.58382e-07
 Reference value :  3.31750e-07
 Reference value :  4.07902e-07
 Reference value :  4.82950e-07
 Reference value :  5.57094e-07
 Reference value :  6.38550e-07
 Reference value :  7.14512e-07
 Reference value :  7.93802e-07
 Reference value :  8.67775e-07
 Reference value :  9.40500e-07
No. of Data Rows : 10837
dlev0               =  1.05880e-05
dlev1               =  9.77255e-06
dlev2               =  1.04695e-05
dlev3               =  1.12101e-05
dlev4               =  1.19402e-05
dlev5               =  1.25945e-05
dlev6               =  2.62526e-05
dlev7               =  3.23184e-05
dlev8               =  3.51730e-05
dlev9               =  3.47311e-05
dlev10              =  3.50927e-05
dlev11              =  3.78217e-05
dlev12              =  2.50025e-05
dlev13              =  1.68350e-05
dlev14              =  3.42711e-05
dlev15              =  1.00002e+00
dlev16              =  1.00002e+00
dlev17              =  1.00002e+00
dlev18              =  1.00002e+00
dlev19              =  1.00002e+00
dlev20              =  1.00002e+00
dlev21              =  1.00002e+00
dlev22              =  1.00002e+00
dlev23              =  1.00002e+00
dlev24              =  1.00001e+00
dlev25              =  1.00001e+00
dlev26              =  1.00001e+00
dlev27              =  1.00001e+00
dlev28              =  1.00001e+00
dlev29              =  1.00001e+00
dlev30              =  1.00001e+00
dlev31              =  1.00002e+00
dlev32              =  1.00002e+00
vos = -4.501863219e-03
lowcount = 1.4999378927e+01
vbias               =  2.98245e-01
Reset re-loads circuit * comparator-offset-transient-mc @ ff_mismatch_-40c_1.20v -- generated by sim/harness, do not edit

Circuit: * comparator-offset-transient-mc @ ff_mismatch_-40c_1.20v -- generated by sim/harness, do not edit

Doing analysis at TEMP = -40.000000 and TNOM = 27.000000

Using SPARSE 1.3 as Direct Linear Solver

Initial Transient Solution
--------------------------

Node                                   Voltage
----                                   -------
vdd                                        1.2
cm                                         0.6
vd                                      -0.048
ap                                       0.576
an                                       0.624
clk                                          0
ibn                                    0.30004
xa.x1.tmid                         2.02061e-07
xa.x1.tail                            0.567997
xa.x1.np                                   1.2
xa.x1.nn                                   1.2
xa.x1.ln                                   1.2
xa.x1.lp                                   1.2
xa.x1.lnb                          1.02225e-07
xa.x1.lpb                          9.40444e-08
xa.x1.na                                   1.2
doutb                                      1.2
dout                               1.06296e-07
xa.x1.nb                                   1.2
doutn                              8.85796e-08
bdoutn#branch                                0
ean#branch                         1.95899e-12
eap#branch                         2.48507e-12
vclk#branch                         6.4469e-10
vd#branch                                    0
vcm#branch                         4.44406e-12
vsup#branch                       -2.00022e-05

 Reference value :  6.42800e-09
 Reference value :  8.22007e-08
 Reference value :  1.62090e-07
 Reference value :  2.42050e-07
 Reference value :  3.19302e-07
 Reference value :  3.96550e-07
 Reference value :  4.68701e-07
 Reference value :  5.40250e-07
 Reference value :  6.12801e-07
 Reference value :  6.85309e-07
 Reference value :  7.60103e-07
 Reference value :  8.31499e-07
 Reference value :  9.10041e-07
 Reference value :  9.80220e-07
No. of Data Rows : 10854
dlev0               =  1.28249e-05
dlev1               =  1.10419e-05
dlev2               =  3.85142e-05
dlev3               =  3.74439e-05
dlev4               =  3.47185e-05
dlev5               =  3.19714e-05
dlev6               =  3.25488e-05
dlev7               =  3.58089e-05
dlev8               =  2.95932e-05
dlev9               =  3.51356e-05
dlev10              =  3.39466e-05
dlev11              =  3.24769e-05
dlev12              =  3.14883e-05
dlev13              =  3.35829e-05
dlev14              =  3.29842e-05
dlev15              =  3.69809e-05
dlev16              =  1.00002e+00
dlev17              =  1.00002e+00
dlev18              =  1.00002e+00
dlev19              =  1.00002e+00
dlev20              =  1.00002e+00
dlev21              =  1.00002e+00
dlev22              =  1.00002e+00
dlev23              =  1.00002e+00
dlev24              =  1.00001e+00
dlev25              =  1.00002e+00
dlev26              =  1.00002e+00
dlev27              =  1.00002e+00
dlev28              =  1.00002e+00
dlev29              =  1.00002e+00
dlev30              =  1.00001e+00
dlev31              =  1.00001e+00
dlev32              =  1.00001e+00
vos = -1.502415184e-03
lowcount = 1.5999194939e+01
vbias               =  3.00040e-01
Reset re-loads circuit * comparator-offset-transient-mc @ ff_mismatch_-40c_1.20v -- generated by sim/harness, do not edit

Circuit: * comparator-offset-transient-mc @ ff_mismatch_-40c_1.20v -- generated by sim/harness, do not edit

Doing analysis at TEMP = -40.000000 and TNOM = 27.000000

Using SPARSE 1.3 as Direct Linear Solver

Initial Transient Solution
--------------------------

Node                                   Voltage
----                                   -------
vdd                                        1.2
cm                                         0.6
vd                                      -0.048
ap                                       0.576
an                                       0.624
clk                                          0
ibn                                   0.300594
xa.x1.tmid                         2.35015e-07
xa.x1.tail                            0.563038
xa.x1.np                                   1.2
xa.x1.nn                                   1.2
xa.x1.ln                                   1.2
xa.x1.lp                                   1.2
xa.x1.lnb                          9.61591e-08
xa.x1.lpb                          9.88495e-08
xa.x1.na                               1.18176
doutb                                 0.620854
dout                                  0.619544
xa.x1.nb                               1.18155
doutn                                 0.516287
bdoutn#branch                                0
ean#branch                         1.95732e-12
eap#branch                         2.48329e-12
vclk#branch                        6.53508e-10
vd#branch                                    0
vcm#branch                         4.44061e-12
vsup#branch                       -0.000118272

 Reference value :  4.00658e-08
 Reference value :  1.10583e-07
 Reference value :  1.84850e-07
 Reference value :  2.61081e-07
 Reference value :  3.39250e-07
 Reference value :  4.10224e-07
 Reference value :  4.85250e-07
 Reference value :  5.57280e-07
 Reference value :  6.35550e-07
 Reference value :  7.11473e-07
 Reference value :  7.90066e-07
 Reference value :  8.63990e-07
 Reference value :  9.39925e-07
No. of Data Rows : 10853
dlev0               =  3.68013e-05
dlev1               =  1.77394e-05
dlev2               =  1.61535e-05
dlev3               =  2.04268e-05
dlev4               =  3.54727e-05
dlev5               =  2.64033e-06
dlev6               =  3.10571e-06
dlev7               =  4.22880e-06
dlev8               =  9.74553e-06
dlev9               =  1.03117e-05
dlev10              =  1.07336e-05
dlev11              =  2.54574e-05
dlev12              =  3.29517e-05
dlev13              =  2.74732e-05
dlev14              =  3.15366e-05
dlev15              =  1.16602e-05
dlev16              =  9.99995e-01
dlev17              =  1.00001e+00
dlev18              =  1.00002e+00
dlev19              =  1.00002e+00
dlev20              =  1.00001e+00
dlev21              =  1.00000e+00
dlev22              =  1.00000e+00
dlev23              =  1.00000e+00
dlev24              =  1.00000e+00
dlev25              =  1.00000e+00
dlev26              =  1.00000e+00
dlev27              =  1.00002e+00
dlev28              =  1.00002e+00
dlev29              =  1.00001e+00
dlev30              =  1.00001e+00
dlev31              =  1.00001e+00
dlev32              =  1.00001e+00
vos = -1.501323116e-03
lowcount = 1.5999558961e+01
vbias               =  3.00594e-01
Reset re-loads circuit * comparator-offset-transient-mc @ ff_mismatch_-40c_1.20v -- generated by sim/harness, do not edit

Circuit: * comparator-offset-transient-mc @ ff_mismatch_-40c_1.20v -- generated by sim/harness, do not edit

Doing analysis at TEMP = -40.000000 and TNOM = 27.000000

Using SPARSE 1.3 as Direct Linear Solver

Initial Transient Solution
--------------------------

Node                                   Voltage
----                                   -------
vdd                                        1.2
cm                                         0.6
vd                                      -0.048
ap                                       0.576
an                                       0.624
clk                                          0
ibn                                   0.299234
xa.x1.tmid                         1.89227e-07
xa.x1.tail                            0.568265
xa.x1.np                                   1.2
xa.x1.nn                                   1.2
xa.x1.ln                                   1.2
xa.x1.lp                                   1.2
xa.x1.lnb                            1.026e-07
xa.x1.lpb                           9.9531e-08
xa.x1.na                                   1.2
doutb                                      1.2
dout                               1.02746e-07
xa.x1.nb                                   1.2
doutn                               8.5622e-08
bdoutn#branch                                0
ean#branch                         1.95946e-12
eap#branch                          2.4831e-12
vclk#branch                        6.41925e-10
vd#branch                                    0
vcm#branch                         4.44256e-12
vsup#branch                       -2.00021e-05

 Reference value :  6.28000e-10
 Reference value :  7.88640e-08
 Reference value :  1.60100e-07
 Reference value :  2.36795e-07
 Reference value :  3.11399e-07
 Reference value :  3.93250e-07
 Reference value :  4.74501e-07
 Reference value :  5.53726e-07
 Reference value :  6.29504e-07
 Reference value :  7.03400e-07
 Reference value :  7.82150e-07
 Reference value :  8.57679e-07
 Reference value :  9.30850e-07
No. of Data Rows : 10856
dlev0               =  1.42339e-05
dlev1               =  1.20743e-05
dlev2               =  1.24678e-05
dlev3               =  3.81596e-05
dlev4               =  3.81630e-05
dlev5               =  3.74080e-05
dlev6               =  3.50208e-05
dlev7               =  3.26108e-05
dlev8               =  3.00759e-05
dlev9               =  3.49335e-05
dlev10              =  2.87251e-05
dlev11              =  3.63509e-05
dlev12              =  3.62389e-05
dlev13              =  3.46574e-05
dlev14              =  3.34828e-05
dlev15              =  3.34693e-05
dlev16              =  3.32281e-05
dlev17              =  3.59367e-05
dlev18              =  1.00002e+00
dlev19              =  1.00002e+00
dlev20              =  1.00002e+00
dlev21              =  1.00001e+00
dlev22              =  1.00002e+00
dlev23              =  1.00001e+00
dlev24              =  1.00002e+00
dlev25              =  1.00002e+00
dlev26              =  1.00002e+00
dlev27              =  1.00002e+00
dlev28              =  1.00002e+00
dlev29              =  1.00001e+00
dlev30              =  1.00001e+00
dlev31              =  1.00001e+00
dlev32              =  1.00001e+00
vos = 4.4976652897e-03
lowcount = 1.7999221763e+01
vbias               =  2.99234e-01
Reset re-loads circuit * comparator-offset-transient-mc @ ff_mismatch_-40c_1.20v -- generated by sim/harness, do not edit

Circuit: * comparator-offset-transient-mc @ ff_mismatch_-40c_1.20v -- generated by sim/harness, do not edit

Doing analysis at TEMP = -40.000000 and TNOM = 27.000000

Using SPARSE 1.3 as Direct Linear Solver

Initial Transient Solution
--------------------------

Node                                   Voltage
----                                   -------
vdd                                        1.2
cm                                         0.6
vd                                      -0.048
ap                                       0.576
an                                       0.624
clk                                          0
ibn                                   0.301179
xa.x1.tmid                         2.34545e-07
xa.x1.tail                            0.566438
xa.x1.np                                   1.2
xa.x1.nn                                   1.2
xa.x1.ln                                   1.2
xa.x1.lp                                   1.2
xa.x1.lnb                          9.98851e-08
xa.x1.lpb                          9.48246e-08
xa.x1.na                                   1.2
doutb                                      1.2
dout                               1.11054e-07
xa.x1.nb                                   1.2
doutn                              9.25453e-08
bdoutn#branch                                0
ean#branch                         1.95791e-12
eap#branch                         2.48446e-12
vclk#branch                        6.50459e-10
vd#branch                                    0
vcm#branch                         4.44236e-12
vsup#branch                       -2.00022e-05

 Reference value :  0.00000e+00
 Reference value :  7.54775e-08
 Reference value :  1.46685e-07
 Reference value :  2.20300e-07
 Reference value :  2.92172e-07
 Reference value :  3.69050e-07
 Reference value :  4.40202e-07
 Reference value :  5.14950e-07
 Reference value :  5.84979e-07
 Reference value :  6.57075e-07
 Reference value :  7.30804e-07
 Reference value :  8.09800e-07
 Reference value :  8.90205e-07
 Reference value :  9.70100e-07
No. of Data Rows : 10855
dlev0               =  3.53338e-06
dlev1               =  2.65175e-06
dlev2               =  2.64991e-05
dlev3               =  2.50903e-05
dlev4               =  2.31567e-05
dlev5               =  2.06198e-05
dlev6               =  2.87229e-05
dlev7               =  3.77228e-05
dlev8               =  6.72593e-06
dlev9               =  7.39195e-06
dlev10              =  8.21291e-06
dlev11              =  1.58096e-05
dlev12              =  1.60915e-05
dlev13              =  1.14892e-05
dlev14              =  3.08769e-05
dlev15              =  3.26995e-05
dlev16              =  3.54596e-05
dlev17              =  9.99994e-01
dlev18              =  1.00002e+00
dlev19              =  1.00002e+00
dlev20              =  1.00001e+00
dlev21              =  1.00000e+00
dlev22              =  1.00000e+00
dlev23              =  1.00000e+00
dlev24              =  1.00000e+00
dlev25              =  1.00000e+00
dlev26              =  1.00000e+00
dlev27              =  1.00002e+00
dlev28              =  1.00001e+00
dlev29              =  1.00001e+00
dlev30              =  1.00001e+00
dlev31              =  1.00001e+00
dlev32              =  1.00001e+00
vos = 1.4985847387e-03
lowcount = 1.6999528246e+01
vbias               =  3.01179e-01
Reset re-loads circuit * comparator-offset-transient-mc @ ff_mismatch_-40c_1.20v -- generated by sim/harness, do not edit

Circuit: * comparator-offset-transient-mc @ ff_mismatch_-40c_1.20v -- generated by sim/harness, do not edit

Doing analysis at TEMP = -40.000000 and TNOM = 27.000000

Using SPARSE 1.3 as Direct Linear Solver

Initial Transient Solution
--------------------------

Node                                   Voltage
----                                   -------
vdd                                        1.2
cm                                         0.6
vd                                      -0.048
ap                                       0.576
an                                       0.624
clk                                          0
ibn                                    0.30061
xa.x1.tmid                         2.08703e-07
xa.x1.tail                            0.566866
xa.x1.np                                   1.2
xa.x1.nn                                   1.2
xa.x1.ln                                   1.2
xa.x1.lp                                   1.2
xa.x1.lnb                           9.7155e-08
xa.x1.lpb                          1.02725e-07
xa.x1.na                               1.18037
doutb                                 0.623653
dout                                  0.614573
xa.x1.nb                               1.18075
doutn                                 0.512144
bdoutn#branch                                0
ean#branch                         1.95807e-12
eap#branch                         2.48393e-12
vclk#branch                        6.42365e-10
vd#branch                                    0
vcm#branch                           4.442e-12
vsup#branch                       -0.000120008

 Reference value :  3.27500e-08
 Reference value :  1.10773e-07
 Reference value :  1.91387e-07
 Reference value :  2.72550e-07
 Reference value :  3.50259e-07
 Reference value :  4.30793e-07
 Reference value :  5.10550e-07
 Reference value :  5.88976e-07
 Reference value :  6.67050e-07
 Reference value :  7.45103e-07
 Reference value :  8.22495e-07
 Reference value :  8.95496e-07
 Reference value :  9.70041e-07
No. of Data Rows : 10865
dlev0               =  1.04229e-05
dlev1               =  1.10735e-05
dlev2               =  1.14621e-05
dlev3               =  1.26128e-05
dlev4               =  1.28950e-05
dlev5               =  3.61379e-05
dlev6               =  3.37794e-05
dlev7               =  3.31524e-05
dlev8               =  3.49426e-05
dlev9               =  3.95832e-05
dlev10              =  3.96830e-05
dlev11              =  3.88505e-05
dlev12              =  3.72810e-05
dlev13              =  3.59505e-05
dlev14              =  3.57586e-05
dlev15              =  3.59474e-05
dlev16              =  3.57467e-05
dlev17              =  3.74859e-05
dlev18              =  1.00002e+00
dlev19              =  1.00002e+00
dlev20              =  1.00002e+00
dlev21              =  1.00001e+00
dlev22              =  1.00002e+00
dlev23              =  1.00002e+00
dlev24              =  1.00002e+00
dlev25              =  1.00002e+00
dlev26              =  1.00002e+00
dlev27              =  1.00002e+00
dlev28              =  1.00002e+00
dlev29              =  1.00002e+00
dlev30              =  1.00002e+00
dlev31              =  1.00002e+00
dlev32              =  1.00001e+00
vos = 4.4975347037e-03
lowcount = 1.7999178235e+01
vbias               =  3.00610e-01
Reset re-loads circuit * comparator-offset-transient-mc @ ff_mismatch_-40c_1.20v -- generated by sim/harness, do not edit

Circuit: * comparator-offset-transient-mc @ ff_mismatch_-40c_1.20v -- generated by sim/harness, do not edit

Doing analysis at TEMP = -40.000000 and TNOM = 27.000000

Using SPARSE 1.3 as Direct Linear Solver

Initial Transient Solution
--------------------------

Node                                   Voltage
----                                   -------
vdd                                        1.2
cm                                         0.6
vd                                      -0.048
ap                                       0.576
an                                       0.624
clk                                          0
ibn                                   0.299529
xa.x1.tmid                         2.20006e-07
xa.x1.tail                            0.566931
xa.x1.np                                   1.2
xa.x1.nn                                   1.2
xa.x1.ln                                   1.2
xa.x1.lp                                   1.2
xa.x1.lnb                          9.96485e-08
xa.x1.lpb                          1.03663e-07
xa.x1.na                                   1.2
doutb                                      1.2
dout                               1.02754e-07
xa.x1.nb                                   1.2
doutn                              8.56283e-08
bdoutn#branch                                0
ean#branch                         1.95877e-12
eap#branch                         2.48443e-12
vclk#branch                        6.49798e-10
vd#branch                                    0
vcm#branch                          4.4432e-12
vsup#branch                       -2.00022e-05

 Reference value :  3.50500e-08
 Reference value :  1.10039e-07
 Reference value :  1.84950e-07
 Reference value :  2.59299e-07
 Reference value :  3.34350e-07
 Reference value :  4.10225e-07
 Reference value :  4.85150e-07
 Reference value :  5.55681e-07
 Reference value :  6.27502e-07
 Reference value :  7.04202e-07
 Reference value :  7.77107e-07
 Reference value :  8.51290e-07
 Reference value :  9.23595e-07
No. of Data Rows : 10851
dlev0               =  5.08164e-06
dlev1               =  4.06490e-06
dlev2               =  5.25244e-06
dlev3               =  3.16288e-05
dlev4               =  2.94633e-05
dlev5               =  2.66753e-05
dlev6               =  2.52077e-05
dlev7               =  3.63721e-05
dlev8               =  3.05926e-05
dlev9               =  1.29591e-05
dlev10              =  1.35035e-05
dlev11              =  1.41500e-05
dlev12              =  1.46117e-05
dlev13              =  2.84202e-05
dlev14              =  2.67972e-05
dlev15              =  2.96190e-05
dlev16              =  1.49763e-05
dlev17              =  1.00001e+00
dlev18              =  1.00002e+00
dlev19              =  1.00002e+00
dlev20              =  1.00002e+00
dlev21              =  1.00001e+00
dlev22              =  1.00001e+00
dlev23              =  1.00001e+00
dlev24              =  1.00001e+00
dlev25              =  1.00002e+00
dlev26              =  1.00002e+00
dlev27              =  1.00002e+00
dlev28              =  1.00002e+00
dlev29              =  1.00002e+00
dlev30              =  1.00002e+00
dlev31              =  1.00002e+00
dlev32              =  1.00000e+00
vos = 1.4981898721e-03
lowcount = 1.6999396624e+01
vbias               =  2.99529e-01
Reset re-loads circuit * comparator-offset-transient-mc @ ff_mismatch_-40c_1.20v -- generated by sim/harness, do not edit

Circuit: * comparator-offset-transient-mc @ ff_mismatch_-40c_1.20v -- generated by sim/harness, do not edit

Doing analysis at TEMP = -40.000000 and TNOM = 27.000000

Using SPARSE 1.3 as Direct Linear Solver

Initial Transient Solution
--------------------------

Node                                   Voltage
----                                   -------
vdd                                        1.2
cm                                         0.6
vd                                      -0.048
ap                                       0.576
an                                       0.624
clk                                          0
ibn                                   0.297711
xa.x1.tmid                         2.17081e-07
xa.x1.tail                            0.566322
xa.x1.np                                   1.2
xa.x1.nn                                   1.2
xa.x1.ln                                   1.2
xa.x1.lp                                   1.2
xa.x1.lnb                          1.06771e-07
xa.x1.lpb                          1.02232e-07
xa.x1.na                                   1.2
doutb                                      1.2
dout                               1.03189e-07
xa.x1.nb                                   1.2
doutn                              8.59905e-08
bdoutn#branch                                0
ean#branch                         1.95946e-12
eap#branch                         2.48182e-12
vclk#branch                        6.45787e-10
vd#branch                                    0
vcm#branch                         4.44128e-12
vsup#branch                       -2.00022e-05

 Reference value :  0.00000e+00
 Reference value :  7.20991e-08
 Reference value :  1.49076e-07
 Reference value :  2.21701e-07
 Reference value :  2.99202e-07
 Reference value :  3.75177e-07
 Reference value :  4.49870e-07
 Reference value :  5.20149e-07
 Reference value :  5.91283e-07
 Reference value :  6.69250e-07
 Reference value :  7.41479e-07
 Reference value :  8.19750e-07
 Reference value :  8.94522e-07
 Reference value :  9.70008e-07
No. of Data Rows : 10839
dlev0               =  1.40655e-05
dlev1               =  3.72350e-05
dlev2               =  3.27722e-05
dlev3               =  1.38012e-05
dlev4               =  1.46499e-05
dlev5               =  1.58806e-05
dlev6               =  1.71932e-05
dlev7               =  1.84008e-05
dlev8               =  3.03858e-05
dlev9               =  3.52980e-05
dlev10              =  3.46720e-05
dlev11              =  3.21584e-05
dlev12              =  3.55583e-05
dlev13              =  2.98884e-05
dlev14              =  3.37591e-05
dlev15              =  3.44601e-05
dlev16              =  9.99999e-01
dlev17              =  1.00002e+00
dlev18              =  1.00002e+00
dlev19              =  1.00001e+00
dlev20              =  1.00002e+00
dlev21              =  1.00002e+00
dlev22              =  1.00002e+00
dlev23              =  1.00001e+00
dlev24              =  1.00001e+00
dlev25              =  1.00001e+00
dlev26              =  1.00001e+00
dlev27              =  1.00001e+00
dlev28              =  1.00002e+00
dlev29              =  1.00001e+00
dlev30              =  1.00002e+00
dlev31              =  1.00002e+00
dlev32              =  1.00002e+00
vos = -1.501969735e-03
lowcount = 1.5999343422e+01
vbias               =  2.97711e-01
Reset re-loads circuit * comparator-offset-transient-mc @ ff_mismatch_-40c_1.20v -- generated by sim/harness, do not edit

Circuit: * comparator-offset-transient-mc @ ff_mismatch_-40c_1.20v -- generated by sim/harness, do not edit

Doing analysis at TEMP = -40.000000 and TNOM = 27.000000

Using SPARSE 1.3 as Direct Linear Solver

Initial Transient Solution
--------------------------

Node                                   Voltage
----                                   -------
vdd                                        1.2
cm                                         0.6
vd                                      -0.048
ap                                       0.576
an                                       0.624
clk                                          0
ibn                                   0.299222
xa.x1.tmid                         1.98972e-07
xa.x1.tail                             0.57109
xa.x1.np                                   1.2
xa.x1.nn                                   1.2
xa.x1.ln                                   1.2
xa.x1.lp                                   1.2
xa.x1.lnb                          9.95311e-08
xa.x1.lpb                          9.52778e-08
xa.x1.na                               1.18183
doutb                                 0.616078
dout                                  0.619223
xa.x1.nb                               1.18137
doutn                                 0.516019
bdoutn#branch                                0
ean#branch                          1.9596e-12
eap#branch                         2.48496e-12
vclk#branch                          6.503e-10
vd#branch                                    0
vcm#branch                         4.44456e-12
vsup#branch                       -0.000120152

 Reference value :  2.97219e-08
 Reference value :  1.02185e-07
 Reference value :  1.72283e-07
 Reference value :  2.49750e-07
 Reference value :  3.25273e-07
 Reference value :  4.01595e-07
 Reference value :  4.74998e-07
 Reference value :  5.49350e-07
 Reference value :  6.18079e-07
 Reference value :  6.90350e-07
 Reference value :  7.64702e-07
 Reference value :  8.37110e-07
 Reference value :  9.10204e-07
 Reference value :  9.84497e-07
No. of Data Rows : 10858
dlev0               =  -3.79055e-06
dlev1               =  2.87446e-05
dlev2               =  2.70496e-05
dlev3               =  2.45294e-05
dlev4               =  2.26047e-05
dlev5               =  2.18203e-05
dlev6               =  2.80550e-05
dlev7               =  3.65103e-05
dlev8               =  6.48300e-06
dlev9               =  7.32409e-06
dlev10              =  8.11940e-06
dlev11              =  8.93649e-06
dlev12              =  9.64484e-06
dlev13              =  2.78747e-05
dlev14              =  3.44139e-05
dlev15              =  3.56039e-05
dlev16              =  2.73600e-05
dlev17              =  3.12090e-05
dlev18              =  1.00000e+00
dlev19              =  1.00002e+00
dlev20              =  1.00002e+00
dlev21              =  1.00002e+00
dlev22              =  1.00001e+00
dlev23              =  1.00001e+00
dlev24              =  1.00001e+00
dlev25              =  1.00001e+00
dlev26              =  1.00001e+00
dlev27              =  1.00002e+00
dlev28              =  1.00002e+00
dlev29              =  1.00002e+00
dlev30              =  1.00002e+00
dlev31              =  1.00002e+00
dlev32              =  1.00002e+00
vos = 4.4981865217e-03
lowcount = 1.7999395507e+01
vbias               =  2.99222e-01
Reset re-loads circuit * comparator-offset-transient-mc @ ff_mismatch_-40c_1.20v -- generated by sim/harness, do not edit

Circuit: * comparator-offset-transient-mc @ ff_mismatch_-40c_1.20v -- generated by sim/harness, do not edit

Doing analysis at TEMP = -40.000000 and TNOM = 27.000000

Using SPARSE 1.3 as Direct Linear Solver

Initial Transient Solution
--------------------------

Node                                   Voltage
----                                   -------
vdd                                        1.2
cm                                         0.6
vd                                      -0.048
ap                                       0.576
an                                       0.624
clk                                          0
ibn                                   0.300443
xa.x1.tmid                         2.08738e-07
xa.x1.tail                            0.566429
xa.x1.np                                   1.2
xa.x1.nn                                   1.2
xa.x1.ln                                   1.2
xa.x1.lp                                   1.2
xa.x1.lnb                          9.15672e-08
xa.x1.lpb                          9.64231e-08
xa.x1.na                               1.18208
doutb                                 0.619482
dout                                  0.630508
xa.x1.nb                               1.18277
doutn                                 0.525423
bdoutn#branch                                0
ean#branch                         1.95829e-12
eap#branch                         2.48312e-12
vclk#branch                        6.50145e-10
vd#branch                                    0
vcm#branch                         4.44142e-12
vsup#branch                       -0.000113592

 Reference value :  4.59579e-08
 Reference value :  1.19830e-07
 Reference value :  1.93579e-07
 Reference value :  2.67896e-07
 Reference value :  3.41499e-07
 Reference value :  4.15205e-07
 Reference value :  4.90066e-07
 Reference value :  5.61944e-07
 Reference value :  6.38550e-07
 Reference value :  7.10280e-07
 Reference value :  7.83650e-07
 Reference value :  8.55983e-07
 Reference value :  9.30950e-07
No. of Data Rows : 10858
dlev0               =  4.51408e-06
dlev1               =  1.24515e-05
dlev2               =  1.29085e-05
dlev3               =  1.33887e-05
dlev4               =  1.38879e-05
dlev5               =  1.44123e-05
dlev6               =  3.97948e-05
dlev7               =  3.89139e-05
dlev8               =  3.63322e-05
dlev9               =  3.49121e-05
dlev10              =  3.74778e-05
dlev11              =  2.97655e-05
dlev12              =  3.64545e-05
dlev13              =  3.45904e-05
dlev14              =  3.27230e-05
dlev15              =  3.52286e-05
dlev16              =  3.24716e-05
dlev17              =  3.85552e-05
dlev18              =  9.99997e-01
dlev19              =  1.00002e+00
dlev20              =  1.00002e+00
dlev21              =  1.00002e+00
dlev22              =  1.00002e+00
dlev23              =  1.00002e+00
dlev24              =  1.00002e+00
dlev25              =  1.00002e+00
dlev26              =  1.00002e+00
dlev27              =  1.00002e+00
dlev28              =  1.00002e+00
dlev29              =  1.00001e+00
dlev30              =  1.00001e+00
dlev31              =  1.00001e+00
dlev32              =  1.00001e+00
vos = 4.4978400525e-03
lowcount = 1.7999280017e+01
vbias               =  3.00443e-01
Reset re-loads circuit * comparator-offset-transient-mc @ ff_mismatch_-40c_1.20v -- generated by sim/harness, do not edit

Circuit: * comparator-offset-transient-mc @ ff_mismatch_-40c_1.20v -- generated by sim/harness, do not edit

Doing analysis at TEMP = -40.000000 and TNOM = 27.000000

Using SPARSE 1.3 as Direct Linear Solver

Initial Transient Solution
--------------------------

Node                                   Voltage
----                                   -------
vdd                                        1.2
cm                                         0.6
vd                                      -0.048
ap                                       0.576
an                                       0.624
clk                                          0
ibn                                   0.301529
xa.x1.tmid                         2.10744e-07
xa.x1.tail                             0.56397
xa.x1.np                                   1.2
xa.x1.nn                                   1.2
xa.x1.ln                                   1.2
xa.x1.lp                                   1.2
xa.x1.lnb                          9.63152e-08
xa.x1.lpb                          9.97305e-08
xa.x1.na                               1.18205
doutb                                 0.629426
dout                                  0.619937
xa.x1.nb                               1.18234
doutn                                 0.516614
bdoutn#branch                                0
ean#branch                         1.95693e-12
eap#branch                         2.48329e-12
vclk#branch                        6.52032e-10
vd#branch                                    0
vcm#branch                         4.44023e-12
vsup#branch                       -0.000115764

 Reference value :  0.00000e+00
 Reference value :  7.02052e-08
 Reference value :  1.46871e-07
 Reference value :  2.20205e-07
 Reference value :  2.94106e-07
 Reference value :  3.70903e-07
 Reference value :  4.49870e-07
 Reference value :  5.26331e-07
 Reference value :  6.04050e-07
 Reference value :  6.82074e-07
 Reference value :  7.62094e-07
 Reference value :  8.42150e-07
 Reference value :  9.18470e-07
No. of Data Rows : 10855
dlev0               =  3.04487e-05
dlev1               =  5.41813e-06
dlev2               =  5.93937e-06
dlev3               =  6.49414e-06
dlev4               =  7.06125e-06
dlev5               =  3.14626e-05
dlev6               =  2.87992e-05
dlev7               =  2.60574e-05
dlev8               =  3.23977e-05
dlev9               =  3.40657e-05
dlev10              =  1.06953e-05
dlev11              =  1.94171e-05
dlev12              =  1.99939e-05
dlev13              =  2.47855e-05
dlev14              =  3.23470e-05
dlev15              =  3.27272e-05
dlev16              =  3.17665e-05
dlev17              =  1.00001e+00
dlev18              =  1.00002e+00
dlev19              =  1.00002e+00
dlev20              =  1.00000e+00
dlev21              =  1.00000e+00
dlev22              =  1.00000e+00
dlev23              =  1.00002e+00
dlev24              =  1.00002e+00
dlev25              =  1.00001e+00
dlev26              =  1.00001e+00
dlev27              =  1.00002e+00
dlev28              =  1.00002e+00
dlev29              =  1.00000e+00
dlev30              =  1.00000e+00
dlev31              =  1.00000e+00
dlev32              =  1.00000e+00
vos = 1.4983833697e-03
lowcount = 1.6999461123e+01
vbias               =  3.01529e-01
Reset re-loads circuit * comparator-offset-transient-mc @ ff_mismatch_-40c_1.20v -- generated by sim/harness, do not edit

Circuit: * comparator-offset-transient-mc @ ff_mismatch_-40c_1.20v -- generated by sim/harness, do not edit

Doing analysis at TEMP = -40.000000 and TNOM = 27.000000

Using SPARSE 1.3 as Direct Linear Solver

Initial Transient Solution
--------------------------

Node                                   Voltage
----                                   -------
vdd                                        1.2
cm                                         0.6
vd                                      -0.048
ap                                       0.576
an                                       0.624
clk                                          0
ibn                                   0.299937
xa.x1.tmid                         1.98157e-07
xa.x1.tail                            0.566781
xa.x1.np                                   1.2
xa.x1.nn                                   1.2
xa.x1.ln                                   1.2
xa.x1.lp                                   1.2
xa.x1.lnb                          9.87731e-08
xa.x1.lpb                          9.38114e-08
xa.x1.na                               1.18048
doutb                                 0.621153
dout                                  0.611414
xa.x1.nb                               1.18105
doutn                                 0.509512
bdoutn#branch                                0
ean#branch                         1.95835e-12
eap#branch                         2.48385e-12
vclk#branch                        6.45641e-10
vd#branch                                    0
vcm#branch                          4.4422e-12
vsup#branch                       -0.000121882

 Reference value :  0.00000e+00
 Reference value :  7.39731e-08
 Reference value :  1.54550e-07
 Reference value :  2.34799e-07
 Reference value :  3.14901e-07
 Reference value :  3.97750e-07
 Reference value :  4.74000e-07
 Reference value :  5.51677e-07
 Reference value :  6.31850e-07
 Reference value :  7.03998e-07
 Reference value :  7.77000e-07
 Reference value :  8.50067e-07
 Reference value :  9.20978e-07
No. of Data Rows : 10856
dlev0               =  -7.22437e-06
dlev1               =  1.56374e-05
dlev2               =  1.62187e-05
dlev3               =  1.68270e-05
dlev4               =  3.89733e-05
dlev5               =  3.93020e-05
dlev6               =  3.68678e-05
dlev7               =  3.82263e-05
dlev8               =  3.41951e-05
dlev9               =  2.49242e-05
dlev10              =  3.45982e-05
dlev11              =  3.27805e-05
dlev12              =  3.12395e-05
dlev13              =  3.44716e-05
dlev14              =  3.08793e-05
dlev15              =  3.70898e-05
dlev16              =  3.39284e-05
dlev17              =  1.00002e+00
dlev18              =  1.00002e+00
dlev19              =  1.00002e+00
dlev20              =  1.00001e+00
dlev21              =  1.00002e+00
dlev22              =  1.00001e+00
dlev23              =  1.00002e+00
dlev24              =  1.00002e+00
dlev25              =  1.00002e+00
dlev26              =  1.00002e+00
dlev27              =  1.00002e+00
dlev28              =  1.00002e+00
dlev29              =  1.00001e+00
dlev30              =  1.00001e+00
dlev31              =  1.00001e+00
dlev32              =  1.00001e+00
vos = 1.4977591952e-03
lowcount = 1.6999253065e+01
vbias               =  2.99937e-01
m_n_samples = 6.0000000000e+01
m_n_out_of_range = 0.0000000000e+00
m_sig_vos_raw_mv = 3.1220219602e+00
m_sig_vos_mv = 2.9995034789e+00
m_vos_3sig_mv = 8.9985104367e+00
m_mean_vos_uv = 4.8172782707e+01
m_mean_vos_sem = 1.1952022602e-01
m_vbias_anchor_mv = 2.9993700000e+02
Note: Simulation executed from .control section 

