
Note: No compatibility mode selected!


Circuit: * comparator-offset-transient-mc @ tt_mismatch_125c_1.32v -- generated by sim/harness, do not edit

Reset re-loads circuit * comparator-offset-transient-mc @ tt_mismatch_125c_1.32v -- generated by sim/harness, do not edit

Circuit: * comparator-offset-transient-mc @ tt_mismatch_125c_1.32v -- generated by sim/harness, do not edit

Doing analysis at TEMP = 125.000000 and TNOM = 27.000000

Using SPARSE 1.3 as Direct Linear Solver

Initial Transient Solution
--------------------------

Node                                   Voltage
----                                   -------
vdd                                       1.32
cm                                         0.6
vd                                      -0.048
ap                                       0.576
an                                       0.624
clk                                          0
ibn                                   0.248381
xa.x1.tmid                         8.14111e-05
xa.x1.tail                            0.589822
xa.x1.np                               1.31998
xa.x1.nn                               1.31993
xa.x1.ln                                  1.32
xa.x1.lp                                  1.32
xa.x1.lnb                           3.9611e-06
xa.x1.lpb                           3.4398e-06
xa.x1.na                               1.27842
doutb                                 0.668023
dout                                  0.670543
xa.x1.nb                               1.28149
doutn                                 0.507987
bdoutn#branch                                0
ean#branch                         3.77018e-12
eap#branch                         4.72036e-12
vclk#branch                        6.81028e-10
vd#branch                                    0
vcm#branch                         8.49054e-12
vsup#branch                       -0.000179793

 Reference value :  1.08415e-08
 Reference value :  8.60986e-08
 Reference value :  1.63902e-07
 Reference value :  2.42750e-07
 Reference value :  3.19094e-07
 Reference value :  3.97850e-07
 Reference value :  4.75896e-07
 Reference value :  5.59202e-07
 Reference value :  6.37450e-07
 Reference value :  7.10267e-07
 Reference value :  7.90018e-07
 Reference value :  8.64596e-07
 Reference value :  9.42302e-07
No. of Data Rows : 10865
dlev0               =  2.08642e-06
dlev1               =  4.52545e-06
dlev2               =  4.62053e-06
dlev3               =  4.71581e-06
dlev4               =  4.81171e-06
dlev5               =  4.90881e-06
dlev6               =  5.00762e-06
dlev7               =  5.10845e-06
dlev8               =  1.23100e-05
dlev9               =  1.29772e-05
dlev10              =  1.39115e-05
dlev11              =  1.39796e-05
dlev12              =  1.43295e-05
dlev13              =  1.16397e-05
dlev14              =  5.81752e-06
dlev15              =  5.98732e-06
dlev16              =  1.21011e-05
dlev17              =  9.99994e-01
dlev18              =  9.99996e-01
dlev19              =  9.99996e-01
dlev20              =  1.00000e+00
dlev21              =  1.00000e+00
dlev22              =  1.00000e+00
dlev23              =  1.00000e+00
dlev24              =  1.00000e+00
dlev25              =  1.00000e+00
dlev26              =  9.99995e-01
dlev27              =  9.99995e-01
dlev28              =  9.99995e-01
dlev29              =  9.99995e-01
dlev30              =  9.99995e-01
dlev31              =  9.99995e-01
dlev32              =  9.99995e-01
vos = 1.4997349858e-03
lowcount = 1.6999911662e+01
vbias               =  2.48381e-01
Reset re-loads circuit * comparator-offset-transient-mc @ tt_mismatch_125c_1.32v -- generated by sim/harness, do not edit

Circuit: * comparator-offset-transient-mc @ tt_mismatch_125c_1.32v -- generated by sim/harness, do not edit

Doing analysis at TEMP = 125.000000 and TNOM = 27.000000

Using SPARSE 1.3 as Direct Linear Solver

Initial Transient Solution
--------------------------

Node                                   Voltage
----                                   -------
vdd                                       1.32
cm                                         0.6
vd                                      -0.048
ap                                       0.576
an                                       0.624
clk                                          0
ibn                                   0.250209
xa.x1.tmid                         8.56336e-05
xa.x1.tail                            0.586093
xa.x1.np                               1.31998
xa.x1.nn                               1.31993
xa.x1.ln                                  1.32
xa.x1.lp                                  1.32
xa.x1.lnb                          3.68878e-06
xa.x1.lpb                          4.23306e-06
xa.x1.na                               1.28176
doutb                                 0.672718
dout                                  0.675775
xa.x1.nb                                1.2796
doutn                                 0.511951
bdoutn#branch                                0
ean#branch                          3.7661e-12
eap#branch                         4.71656e-12
vclk#branch                        6.73503e-10
vd#branch                                    0
vcm#branch                         8.48266e-12
vsup#branch                       -0.000178451

 Reference value :  1.11271e-08
 Reference value :  9.12500e-08
 Reference value :  1.70798e-07
 Reference value :  2.50803e-07
 Reference value :  3.27215e-07
 Reference value :  4.06903e-07
 Reference value :  4.86350e-07
 Reference value :  5.63033e-07
 Reference value :  6.41094e-07
 Reference value :  7.17900e-07
 Reference value :  7.94503e-07
 Reference value :  8.70250e-07
 Reference value :  9.48303e-07
No. of Data Rows : 10854
dlev0               =  8.75851e-06
dlev1               =  8.71070e-06
dlev2               =  8.75183e-06
dlev3               =  8.79328e-06
dlev4               =  8.83384e-06
dlev5               =  8.87385e-06
dlev6               =  8.91434e-06
dlev7               =  8.95634e-06
dlev8               =  9.00054e-06
dlev9               =  1.34619e-05
dlev10              =  1.45308e-05
dlev11              =  1.47778e-05
dlev12              =  1.45052e-05
dlev13              =  9.17359e-06
dlev14              =  9.31485e-06
dlev15              =  1.37939e-05
dlev16              =  9.99994e-01
dlev17              =  9.99997e-01
dlev18              =  9.99998e-01
dlev19              =  1.00000e+00
dlev20              =  1.00000e+00
dlev21              =  1.00000e+00
dlev22              =  9.99999e-01
dlev23              =  9.99997e-01
dlev24              =  9.99997e-01
dlev25              =  9.99997e-01
dlev26              =  9.99997e-01
dlev27              =  9.99997e-01
dlev28              =  9.99997e-01
dlev29              =  9.99997e-01
dlev30              =  9.99997e-01
dlev31              =  9.99997e-01
dlev32              =  9.99997e-01
vos = -1.500384754e-03
lowcount = 1.5999871749e+01
vbias               =  2.50209e-01
Reset re-loads circuit * comparator-offset-transient-mc @ tt_mismatch_125c_1.32v -- generated by sim/harness, do not edit

Circuit: * comparator-offset-transient-mc @ tt_mismatch_125c_1.32v -- generated by sim/harness, do not edit

Doing analysis at TEMP = 125.000000 and TNOM = 27.000000

Using SPARSE 1.3 as Direct Linear Solver

Initial Transient Solution
--------------------------

Node                                   Voltage
----                                   -------
vdd                                       1.32
cm                                         0.6
vd                                      -0.048
ap                                       0.576
an                                       0.624
clk                                          0
ibn                                   0.251408
xa.x1.tmid                         8.84004e-05
xa.x1.tail                            0.583513
xa.x1.np                               1.31998
xa.x1.nn                               1.31992
xa.x1.ln                                  1.32
xa.x1.lp                                  1.32
xa.x1.lnb                          4.12216e-06
xa.x1.lpb                          4.24313e-06
xa.x1.na                               1.28184
doutb                                 0.665849
dout                                   0.68646
xa.x1.nb                                1.2794
doutn                                 0.520045
bdoutn#branch                                0
ean#branch                         3.76776e-12
eap#branch                         4.71634e-12
vclk#branch                        6.75629e-10
vd#branch                                    0
vcm#branch                          8.4841e-12
vsup#branch                       -0.000173091

 Reference value :  1.91487e-08
 Reference value :  9.87500e-08
 Reference value :  1.72196e-07
 Reference value :  2.50083e-07
 Reference value :  3.24307e-07
 Reference value :  4.02601e-07
 Reference value :  4.79800e-07
 Reference value :  5.53898e-07
 Reference value :  6.29416e-07
 Reference value :  7.05803e-07
 Reference value :  7.83850e-07
 Reference value :  8.60313e-07
 Reference value :  9.40103e-07
No. of Data Rows : 10860
dlev0               =  2.38132e-06
dlev1               =  5.51807e-06
dlev2               =  5.56250e-06
dlev3               =  5.60652e-06
dlev4               =  5.64848e-06
dlev5               =  5.68867e-06
dlev6               =  5.72840e-06
dlev7               =  5.76894e-06
dlev8               =  5.81112e-06
dlev9               =  1.44048e-05
dlev10              =  1.44620e-05
dlev11              =  7.86848e-06
dlev12              =  1.48036e-05
dlev13              =  5.98146e-06
dlev14              =  6.10281e-06
dlev15              =  1.42654e-05
dlev16              =  9.99994e-01
dlev17              =  9.99997e-01
dlev18              =  9.99999e-01
dlev19              =  1.00000e+00
dlev20              =  1.00000e+00
dlev21              =  1.00000e+00
dlev22              =  9.99999e-01
dlev23              =  9.99997e-01
dlev24              =  9.99997e-01
dlev25              =  9.99997e-01
dlev26              =  9.99997e-01
dlev27              =  9.99997e-01
dlev28              =  9.99997e-01
dlev29              =  9.99997e-01
dlev30              =  9.99997e-01
dlev31              =  9.99997e-01
dlev32              =  9.99997e-01
vos = -1.500249908e-03
lowcount = 1.5999916697e+01
vbias               =  2.51408e-01
Reset re-loads circuit * comparator-offset-transient-mc @ tt_mismatch_125c_1.32v -- generated by sim/harness, do not edit

Circuit: * comparator-offset-transient-mc @ tt_mismatch_125c_1.32v -- generated by sim/harness, do not edit

Doing analysis at TEMP = 125.000000 and TNOM = 27.000000

Using SPARSE 1.3 as Direct Linear Solver

Initial Transient Solution
--------------------------

Node                                   Voltage
----                                   -------
vdd                                       1.32
cm                                         0.6
vd                                      -0.048
ap                                       0.576
an                                       0.624
clk                                          0
ibn                                   0.248845
xa.x1.tmid                         8.16075e-05
xa.x1.tail                            0.589089
xa.x1.np                               1.31998
xa.x1.nn                               1.31993
xa.x1.ln                                  1.32
xa.x1.lp                                  1.32
xa.x1.lnb                          4.17566e-06
xa.x1.lpb                          4.39278e-06
xa.x1.na                               1.28138
doutb                                 0.676951
dout                                    0.6763
xa.x1.nb                               1.28102
doutn                                 0.512349
bdoutn#branch                                0
ean#branch                         3.76865e-12
eap#branch                         4.71775e-12
vclk#branch                        6.74605e-10
vd#branch                                    0
vcm#branch                         8.48641e-12
vsup#branch                       -0.000175822

 Reference value :  1.00699e-08
 Reference value :  8.98000e-08
 Reference value :  1.70210e-07
 Reference value :  2.49050e-07
 Reference value :  3.21712e-07
 Reference value :  3.99450e-07
 Reference value :  4.72695e-07
 Reference value :  5.50402e-07
 Reference value :  6.29800e-07
 Reference value :  7.06995e-07
 Reference value :  7.89450e-07
 Reference value :  8.63998e-07
 Reference value :  9.41402e-07
No. of Data Rows : 10865
dlev0               =  2.90191e-06
dlev1               =  5.75209e-06
dlev2               =  5.79732e-06
dlev3               =  5.84258e-06
dlev4               =  5.88654e-06
dlev5               =  5.92930e-06
dlev6               =  5.97172e-06
dlev7               =  6.01483e-06
dlev8               =  6.05941e-06
dlev9               =  1.31357e-05
dlev10              =  1.48797e-05
dlev11              =  1.48561e-05
dlev12              =  1.50779e-05
dlev13              =  1.48712e-05
dlev14              =  6.30106e-06
dlev15              =  6.43103e-06
dlev16              =  1.52829e-05
dlev17              =  9.99995e-01
dlev18              =  9.99997e-01
dlev19              =  9.99997e-01
dlev20              =  1.00000e+00
dlev21              =  1.00000e+00
dlev22              =  1.00000e+00
dlev23              =  1.00000e+00
dlev24              =  1.00000e+00
dlev25              =  9.99997e-01
dlev26              =  9.99997e-01
dlev27              =  9.99997e-01
dlev28              =  9.99997e-01
dlev29              =  9.99997e-01
dlev30              =  9.99997e-01
dlev31              =  9.99997e-01
dlev32              =  9.99997e-01
vos = 1.4996517262e-03
lowcount = 1.6999883909e+01
vbias               =  2.48845e-01
Reset re-loads circuit * comparator-offset-transient-mc @ tt_mismatch_125c_1.32v -- generated by sim/harness, do not edit

Circuit: * comparator-offset-transient-mc @ tt_mismatch_125c_1.32v -- generated by sim/harness, do not edit

Doing analysis at TEMP = 125.000000 and TNOM = 27.000000

Using SPARSE 1.3 as Direct Linear Solver

Initial Transient Solution
--------------------------

Node                                   Voltage
----                                   -------
vdd                                       1.32
cm                                         0.6
vd                                      -0.048
ap                                       0.576
an                                       0.624
clk                                          0
ibn                                   0.248252
xa.x1.tmid                         8.49329e-05
xa.x1.tail                            0.585842
xa.x1.np                               1.31998
xa.x1.nn                               1.31993
xa.x1.ln                                  1.32
xa.x1.lp                                  1.32
xa.x1.lnb                          3.69859e-06
xa.x1.lpb                          3.93777e-06
xa.x1.na                               1.28077
doutb                                 0.671776
dout                                  0.678791
xa.x1.nb                               1.27904
doutn                                 0.514236
bdoutn#branch                                0
ean#branch                         3.76907e-12
eap#branch                          4.7167e-12
vclk#branch                        6.76407e-10
vd#branch                                    0
vcm#branch                         8.48577e-12
vsup#branch                       -0.000178217

 Reference value :  1.00023e-08
 Reference value :  9.06500e-08
 Reference value :  1.72397e-07
 Reference value :  2.55400e-07
 Reference value :  3.40003e-07
 Reference value :  4.10718e-07
 Reference value :  4.90703e-07
 Reference value :  5.69587e-07
 Reference value :  6.50173e-07
 Reference value :  7.30038e-07
 Reference value :  8.05238e-07
 Reference value :  8.83503e-07
 Reference value :  9.61950e-07
No. of Data Rows : 10860
dlev0               =  3.47221e-06
dlev1               =  3.52759e-06
dlev2               =  3.59968e-06
dlev3               =  3.67160e-06
dlev4               =  3.74345e-06
dlev5               =  3.81569e-06
dlev6               =  3.88889e-06
dlev7               =  3.96354e-06
dlev8               =  4.03990e-06
dlev9               =  1.35985e-05
dlev10              =  1.49089e-05
dlev11              =  1.48817e-05
dlev12              =  1.50710e-05
dlev13              =  1.41165e-05
dlev14              =  4.47268e-06
dlev15              =  4.60473e-06
dlev16              =  4.72532e-06
dlev17              =  4.75870e-06
dlev18              =  9.99995e-01
dlev19              =  9.99998e-01
dlev20              =  9.99998e-01
dlev21              =  9.99998e-01
dlev22              =  1.00000e+00
dlev23              =  1.00000e+00
dlev24              =  1.00000e+00
dlev25              =  9.99999e-01
dlev26              =  9.99998e-01
dlev27              =  9.99998e-01
dlev28              =  9.99998e-01
dlev29              =  9.99998e-01
dlev30              =  9.99998e-01
dlev31              =  9.99998e-01
dlev32              =  9.99998e-01
vos = 4.4997124182e-03
lowcount = 1.7999904139e+01
vbias               =  2.48252e-01
Reset re-loads circuit * comparator-offset-transient-mc @ tt_mismatch_125c_1.32v -- generated by sim/harness, do not edit

Circuit: * comparator-offset-transient-mc @ tt_mismatch_125c_1.32v -- generated by sim/harness, do not edit

Doing analysis at TEMP = 125.000000 and TNOM = 27.000000

Using SPARSE 1.3 as Direct Linear Solver

Initial Transient Solution
--------------------------

Node                                   Voltage
----                                   -------
vdd                                       1.32
cm                                         0.6
vd                                      -0.048
ap                                       0.576
an                                       0.624
clk                                          0
ibn                                   0.249908
xa.x1.tmid                          8.7103e-05
xa.x1.tail                             0.58493
xa.x1.np                               1.31998
xa.x1.nn                               1.31992
xa.x1.ln                                  1.32
xa.x1.lp                                  1.32
xa.x1.lnb                          3.70889e-06
xa.x1.lpb                          3.77555e-06
xa.x1.na                                  1.32
doutb                              5.19605e-06
dout                                   1.31999
xa.x1.nb                                  1.32
doutn                                 0.999995
bdoutn#branch                                0
ean#branch                         3.76654e-12
eap#branch                         4.71764e-12
vclk#branch                        6.77292e-10
vd#branch                                    0
vcm#branch                         8.48419e-12
vsup#branch                       -2.01828e-05

 Reference value :  3.01500e-08
 Reference value :  1.11793e-07
 Reference value :  1.90403e-07
 Reference value :  2.70250e-07
 Reference value :  3.50175e-07
 Reference value :  4.29850e-07
 Reference value :  5.04290e-07
 Reference value :  5.83196e-07
 Reference value :  6.63450e-07
 Reference value :  7.40312e-07
 Reference value :  8.19650e-07
 Reference value :  8.95698e-07
 Reference value :  9.73903e-07
No. of Data Rows : 10865
dlev0               =  2.70618e-06
dlev1               =  4.59240e-06
dlev2               =  4.66973e-06
dlev3               =  4.74901e-06
dlev4               =  4.82825e-06
dlev5               =  4.90677e-06
dlev6               =  4.98488e-06
dlev7               =  5.06320e-06
dlev8               =  5.14237e-06
dlev9               =  1.44510e-05
dlev10              =  1.59885e-05
dlev11              =  1.54793e-05
dlev12              =  9.02230e-06
dlev13              =  1.63863e-05
dlev14              =  5.60160e-06
dlev15              =  5.73682e-06
dlev16              =  9.99991e-01
dlev17              =  9.99992e-01
dlev18              =  9.99992e-01
dlev19              =  9.99999e-01
dlev20              =  9.99998e-01
dlev21              =  9.99998e-01
dlev22              =  9.99999e-01
dlev23              =  1.00000e+00
dlev24              =  9.99992e-01
dlev25              =  9.99992e-01
dlev26              =  9.99991e-01
dlev27              =  9.99991e-01
dlev28              =  9.99991e-01
dlev29              =  9.99991e-01
dlev30              =  9.99991e-01
dlev31              =  9.99991e-01
dlev32              =  9.99991e-01
vos = -1.500046525e-03
lowcount = 1.5999984492e+01
vbias               =  2.49908e-01
Reset re-loads circuit * comparator-offset-transient-mc @ tt_mismatch_125c_1.32v -- generated by sim/harness, do not edit

Circuit: * comparator-offset-transient-mc @ tt_mismatch_125c_1.32v -- generated by sim/harness, do not edit

Doing analysis at TEMP = 125.000000 and TNOM = 27.000000

Using SPARSE 1.3 as Direct Linear Solver

Initial Transient Solution
--------------------------

Node                                   Voltage
----                                   -------
vdd                                       1.32
cm                                         0.6
vd                                      -0.048
ap                                       0.576
an                                       0.624
clk                                          0
ibn                                   0.250996
xa.x1.tmid                         8.70028e-05
xa.x1.tail                            0.585554
xa.x1.np                               1.31998
xa.x1.nn                               1.31993
xa.x1.ln                                  1.32
xa.x1.lp                                  1.32
xa.x1.lnb                          4.13614e-06
xa.x1.lpb                          3.66135e-06
xa.x1.na                               1.31999
doutb                              5.79695e-06
dout                                   1.31999
xa.x1.nb                                  1.32
doutn                                 0.999996
bdoutn#branch                                0
ean#branch                         3.76521e-12
eap#branch                         4.71606e-12
vclk#branch                        6.71351e-10
vd#branch                                    0
vcm#branch                         8.48127e-12
vsup#branch                       -2.01817e-05

 Reference value :  4.12008e-08
 Reference value :  1.18703e-07
 Reference value :  2.00165e-07
 Reference value :  2.80083e-07
 Reference value :  3.58536e-07
 Reference value :  4.39093e-07
 Reference value :  5.20038e-07
 Reference value :  5.97099e-07
 Reference value :  6.75685e-07
 Reference value :  7.57850e-07
 Reference value :  8.40450e-07
 Reference value :  9.23103e-07
No. of Data Rows : 10847
dlev0               =  6.84329e-06
dlev1               =  1.34691e-05
dlev2               =  1.34610e-05
dlev3               =  1.34423e-05
dlev4               =  1.34143e-05
dlev5               =  1.33808e-05
dlev6               =  1.33465e-05
dlev7               =  1.33155e-05
dlev8               =  1.32900e-05
dlev9               =  1.32701e-05
dlev10              =  1.32547e-05
dlev11              =  8.23604e-06
dlev12              =  1.11899e-05
dlev13              =  1.39710e-05
dlev14              =  1.22270e-05
dlev15              =  7.07117e-06
dlev16              =  1.02395e-05
dlev17              =  7.08530e-06
dlev18              =  9.99995e-01
dlev19              =  9.99998e-01
dlev20              =  9.99999e-01
dlev21              =  1.00000e+00
dlev22              =  9.99999e-01
dlev23              =  1.00000e+00
dlev24              =  1.00000e+00
dlev25              =  9.99998e-01
dlev26              =  9.99998e-01
dlev27              =  9.99998e-01
dlev28              =  9.99998e-01
dlev29              =  9.99998e-01
dlev30              =  9.99998e-01
dlev31              =  9.99998e-01
dlev32              =  9.99998e-01
vos = 4.4994524779e-03
lowcount = 1.7999817493e+01
vbias               =  2.50996e-01
Reset re-loads circuit * comparator-offset-transient-mc @ tt_mismatch_125c_1.32v -- generated by sim/harness, do not edit

Circuit: * comparator-offset-transient-mc @ tt_mismatch_125c_1.32v -- generated by sim/harness, do not edit

Doing analysis at TEMP = 125.000000 and TNOM = 27.000000

Using SPARSE 1.3 as Direct Linear Solver

Initial Transient Solution
--------------------------

Node                                   Voltage
----                                   -------
vdd                                       1.32
cm                                         0.6
vd                                      -0.048
ap                                       0.576
an                                       0.624
clk                                          0
ibn                                   0.251607
xa.x1.tmid                         8.08287e-05
xa.x1.tail                            0.586386
xa.x1.np                               1.31998
xa.x1.nn                               1.31993
xa.x1.ln                                  1.32
xa.x1.lp                                  1.32
xa.x1.lnb                          3.36666e-06
xa.x1.lpb                          3.69116e-06
xa.x1.na                               1.27857
doutb                                 0.681517
dout                                   0.67293
xa.x1.nb                                1.2802
doutn                                 0.509796
bdoutn#branch                                0
ean#branch                         3.76646e-12
eap#branch                         4.71689e-12
vclk#branch                         6.7108e-10
vd#branch                                    0
vcm#branch                         8.48335e-12
vsup#branch                       -0.000181572

 Reference value :  0.00000e+00
 Reference value :  7.90064e-08
 Reference value :  1.60003e-07
 Reference value :  2.36801e-07
 Reference value :  3.17312e-07
 Reference value :  3.97950e-07
 Reference value :  4.71799e-07
 Reference value :  5.50312e-07
 Reference value :  6.23596e-07
 Reference value :  7.00912e-07
 Reference value :  7.79935e-07
 Reference value :  8.57012e-07
 Reference value :  9.34350e-07
No. of Data Rows : 10850
dlev0               =  4.77043e-06
dlev1               =  4.76216e-06
dlev2               =  4.81971e-06
dlev3               =  4.89081e-06
dlev4               =  4.97745e-06
dlev5               =  4.78792e-06
dlev6               =  4.89462e-06
dlev7               =  5.00315e-06
dlev8               =  5.11091e-06
dlev9               =  5.21801e-06
dlev10              =  5.32580e-06
dlev11              =  5.43569e-06
dlev12              =  5.54846e-06
dlev13              =  5.66320e-06
dlev14              =  5.75397e-06
dlev15              =  5.82113e-06
dlev16              =  6.01639e-06
dlev17              =  9.99995e-01
dlev18              =  9.99997e-01
dlev19              =  1.00000e+00
dlev20              =  9.99997e-01
dlev21              =  9.99997e-01
dlev22              =  9.99997e-01
dlev23              =  9.99997e-01
dlev24              =  9.99997e-01
dlev25              =  9.99997e-01
dlev26              =  9.99997e-01
dlev27              =  9.99997e-01
dlev28              =  9.99997e-01
dlev29              =  9.99997e-01
dlev30              =  9.99997e-01
dlev31              =  9.99997e-01
dlev32              =  9.99997e-01
vos = 1.4998716005e-03
lowcount = 1.6999957200e+01
vbias               =  2.51607e-01
Reset re-loads circuit * comparator-offset-transient-mc @ tt_mismatch_125c_1.32v -- generated by sim/harness, do not edit

Circuit: * comparator-offset-transient-mc @ tt_mismatch_125c_1.32v -- generated by sim/harness, do not edit

Doing analysis at TEMP = 125.000000 and TNOM = 27.000000

Using SPARSE 1.3 as Direct Linear Solver

Initial Transient Solution
--------------------------

Node                                   Voltage
----                                   -------
vdd                                       1.32
cm                                         0.6
vd                                      -0.048
ap                                       0.576
an                                       0.624
clk                                          0
ibn                                   0.252806
xa.x1.tmid                         8.45037e-05
xa.x1.tail                            0.582664
xa.x1.np                               1.31998
xa.x1.nn                               1.31993
xa.x1.ln                                  1.32
xa.x1.lp                                  1.32
xa.x1.lnb                          4.14274e-06
xa.x1.lpb                          3.45734e-06
xa.x1.na                                  1.32
doutb                              4.85277e-06
dout                                   1.31999
xa.x1.nb                                  1.32
doutn                                 0.999995
bdoutn#branch                                0
ean#branch                         3.76746e-12
eap#branch                         4.71584e-12
vclk#branch                        6.74566e-10
vd#branch                                    0
vcm#branch                          8.4833e-12
vsup#branch                       -2.01815e-05

 Reference value :  5.52800e-09
 Reference value :  8.15932e-08
 Reference value :  1.60111e-07
 Reference value :  2.36193e-07
 Reference value :  3.11412e-07
 Reference value :  3.90030e-07
 Reference value :  4.66430e-07
 Reference value :  5.45750e-07
 Reference value :  6.19613e-07
 Reference value :  6.96650e-07
 Reference value :  7.70898e-07
 Reference value :  8.47950e-07
 Reference value :  9.20318e-07
No. of Data Rows : 10864
dlev0               =  9.24557e-07
dlev1               =  2.18220e-06
dlev2               =  2.25173e-06
dlev3               =  2.33364e-06
dlev4               =  2.42693e-06
dlev5               =  2.52723e-06
dlev6               =  2.62904e-06
dlev7               =  2.72878e-06
dlev8               =  2.82588e-06
dlev9               =  2.92181e-06
dlev10              =  3.01810e-06
dlev11              =  3.11557e-06
dlev12              =  3.21344e-06
dlev13              =  3.28847e-06
dlev14              =  3.40234e-06
dlev15              =  9.99993e-01
dlev16              =  9.99995e-01
dlev17              =  9.99999e-01
dlev18              =  9.99995e-01
dlev19              =  9.99995e-01
dlev20              =  9.99995e-01
dlev21              =  9.99995e-01
dlev22              =  9.99995e-01
dlev23              =  9.99995e-01
dlev24              =  9.99995e-01
dlev25              =  9.99995e-01
dlev26              =  9.99995e-01
dlev27              =  9.99995e-01
dlev28              =  9.99995e-01
dlev29              =  9.99999e-01
dlev30              =  9.99998e-01
dlev31              =  9.99998e-01
dlev32              =  9.99998e-01
vos = -4.499895269e-03
lowcount = 1.5000034910e+01
vbias               =  2.52806e-01
Reset re-loads circuit * comparator-offset-transient-mc @ tt_mismatch_125c_1.32v -- generated by sim/harness, do not edit

Circuit: * comparator-offset-transient-mc @ tt_mismatch_125c_1.32v -- generated by sim/harness, do not edit

Doing analysis at TEMP = 125.000000 and TNOM = 27.000000

Using SPARSE 1.3 as Direct Linear Solver

Initial Transient Solution
--------------------------

Node                                   Voltage
----                                   -------
vdd                                       1.32
cm                                         0.6
vd                                      -0.048
ap                                       0.576
an                                       0.624
clk                                          0
ibn                                   0.248213
xa.x1.tmid                         9.55912e-05
xa.x1.tail                             0.58353
xa.x1.np                               1.31998
xa.x1.nn                               1.31992
xa.x1.ln                                  1.32
xa.x1.lp                                  1.32
xa.x1.lnb                          4.10783e-06
xa.x1.lpb                          3.58818e-06
xa.x1.na                               1.27894
doutb                                 0.674561
dout                                  0.670781
xa.x1.nb                               1.27924
doutn                                 0.508167
bdoutn#branch                                0
ean#branch                         3.76932e-12
eap#branch                         4.71517e-12
vclk#branch                        6.70861e-10
vd#branch                                    0
vcm#branch                         8.48449e-12
vsup#branch                       -0.000182497

 Reference value :  0.00000e+00
 Reference value :  7.59049e-08
 Reference value :  1.60038e-07
 Reference value :  2.40450e-07
 Reference value :  3.21029e-07
 Reference value :  4.02305e-07
 Reference value :  4.80750e-07
 Reference value :  5.60165e-07
 Reference value :  6.40103e-07
 Reference value :  7.18031e-07
 Reference value :  8.00202e-07
 Reference value :  8.80008e-07
 Reference value :  9.57597e-07
No. of Data Rows : 10864
dlev0               =  7.80857e-06
dlev1               =  7.86092e-06
dlev2               =  7.88161e-06
dlev3               =  7.90465e-06
dlev4               =  7.93042e-06
dlev5               =  7.95916e-06
dlev6               =  7.99102e-06
dlev7               =  9.51729e-06
dlev8               =  1.11271e-05
dlev9               =  1.23861e-05
dlev10              =  1.21908e-05
dlev11              =  1.01343e-05
dlev12              =  8.16850e-06
dlev13              =  8.23594e-06
dlev14              =  8.33578e-06
dlev15              =  8.42443e-06
dlev16              =  7.83316e-06
dlev17              =  8.55767e-06
dlev18              =  9.99994e-01
dlev19              =  9.99997e-01
dlev20              =  9.99997e-01
dlev21              =  9.99997e-01
dlev22              =  9.99997e-01
dlev23              =  9.99999e-01
dlev24              =  9.99999e-01
dlev25              =  9.99999e-01
dlev26              =  9.99998e-01
dlev27              =  9.99997e-01
dlev28              =  9.99997e-01
dlev29              =  9.99997e-01
dlev30              =  9.99997e-01
dlev31              =  9.99997e-01
dlev32              =  9.99997e-01
vos = 4.4996500577e-03
lowcount = 1.7999883353e+01
vbias               =  2.48213e-01
Reset re-loads circuit * comparator-offset-transient-mc @ tt_mismatch_125c_1.32v -- generated by sim/harness, do not edit

Circuit: * comparator-offset-transient-mc @ tt_mismatch_125c_1.32v -- generated by sim/harness, do not edit

Doing analysis at TEMP = 125.000000 and TNOM = 27.000000

Using SPARSE 1.3 as Direct Linear Solver

Initial Transient Solution
--------------------------

Node                                   Voltage
----                                   -------
vdd                                       1.32
cm                                         0.6
vd                                      -0.048
ap                                       0.576
an                                       0.624
clk                                          0
ibn                                   0.249342
xa.x1.tmid                         8.76141e-05
xa.x1.tail                            0.587926
xa.x1.np                               1.31998
xa.x1.nn                               1.31992
xa.x1.ln                                  1.32
xa.x1.lp                                  1.32
xa.x1.lnb                          3.65458e-06
xa.x1.lpb                          3.65762e-06
xa.x1.na                                  1.32
doutb                                  1.31999
dout                               5.18543e-06
xa.x1.nb                                  1.32
doutn                              3.92836e-06
bdoutn#branch                                0
ean#branch                         3.76799e-12
eap#branch                         4.71645e-12
vclk#branch                        6.75042e-10
vd#branch                                    0
vcm#branch                         8.48444e-12
vsup#branch                       -2.01844e-05

 Reference value :  2.49012e-08
 Reference value :  1.02203e-07
 Reference value :  1.78499e-07
 Reference value :  2.53503e-07
 Reference value :  3.28322e-07
 Reference value :  4.01997e-07
 Reference value :  4.78297e-07
 Reference value :  5.56003e-07
 Reference value :  6.33850e-07
 Reference value :  7.08397e-07
 Reference value :  7.84250e-07
 Reference value :  8.59203e-07
 Reference value :  9.35350e-07
No. of Data Rows : 10853
dlev0               =  4.83326e-06
dlev1               =  4.84676e-06
dlev2               =  4.92714e-06
dlev3               =  5.00199e-06
dlev4               =  5.07379e-06
dlev5               =  5.14466e-06
dlev6               =  5.21527e-06
dlev7               =  5.28644e-06
dlev8               =  5.35893e-06
dlev9               =  5.43318e-06
dlev10              =  1.29481e-05
dlev11              =  1.34812e-05
dlev12              =  1.45684e-05
dlev13              =  1.34512e-05
dlev14              =  5.74958e-06
dlev15              =  5.90690e-06
dlev16              =  1.19595e-05
dlev17              =  9.99995e-01
dlev18              =  9.99997e-01
dlev19              =  9.99996e-01
dlev20              =  9.99998e-01
dlev21              =  9.99999e-01
dlev22              =  9.99999e-01
dlev23              =  9.99999e-01
dlev24              =  9.99998e-01
dlev25              =  9.99996e-01
dlev26              =  9.99996e-01
dlev27              =  9.99996e-01
dlev28              =  9.99996e-01
dlev29              =  9.99996e-01
dlev30              =  9.99996e-01
dlev31              =  9.99996e-01
dlev32              =  9.99996e-01
vos = 1.4997585411e-03
lowcount = 1.6999919514e+01
vbias               =  2.49342e-01
Reset re-loads circuit * comparator-offset-transient-mc @ tt_mismatch_125c_1.32v -- generated by sim/harness, do not edit

Circuit: * comparator-offset-transient-mc @ tt_mismatch_125c_1.32v -- generated by sim/harness, do not edit

Doing analysis at TEMP = 125.000000 and TNOM = 27.000000

Using SPARSE 1.3 as Direct Linear Solver

Initial Transient Solution
--------------------------

Node                                   Voltage
----                                   -------
vdd                                       1.32
cm                                         0.6
vd                                      -0.048
ap                                       0.576
an                                       0.624
clk                                          0
ibn                                   0.247359
xa.x1.tmid                         8.11458e-05
xa.x1.tail                            0.590133
xa.x1.np                               1.31998
xa.x1.nn                               1.31993
xa.x1.ln                                  1.32
xa.x1.lp                                  1.32
xa.x1.lnb                           4.5487e-06
xa.x1.lpb                          4.24318e-06
xa.x1.na                               1.28108
doutb                                 0.666249
dout                                  0.670264
xa.x1.nb                               1.27679
doutn                                 0.507776
bdoutn#branch                                0
ean#branch                         3.76932e-12
eap#branch                         4.71867e-12
vclk#branch                        6.81619e-10
vd#branch                                    0
vcm#branch                         8.48799e-12
vsup#branch                       -0.000183436

 Reference value :  4.02255e-09
 Reference value :  8.02015e-08
 Reference value :  1.60067e-07
 Reference value :  2.38897e-07
 Reference value :  3.14595e-07
 Reference value :  3.90010e-07
 Reference value :  4.66202e-07
 Reference value :  5.49350e-07
 Reference value :  6.23401e-07
 Reference value :  7.00702e-07
 Reference value :  7.74328e-07
 Reference value :  8.51902e-07
 Reference value :  9.28805e-07
No. of Data Rows : 10856
dlev0               =  2.04978e-06
dlev1               =  2.08455e-06
dlev2               =  2.18016e-06
dlev3               =  2.27661e-06
dlev4               =  2.37328e-06
dlev5               =  2.47024e-06
dlev6               =  2.56792e-06
dlev7               =  2.66682e-06
dlev8               =  2.76737e-06
dlev9               =  1.45980e-05
dlev10              =  1.40954e-05
dlev11              =  1.32044e-05
dlev12              =  6.15855e-06
dlev13              =  1.36626e-05
dlev14              =  1.52271e-05
dlev15              =  3.47874e-06
dlev16              =  3.63978e-06
dlev17              =  3.76486e-06
dlev18              =  9.99997e-01
dlev19              =  9.99998e-01
dlev20              =  9.99998e-01
dlev21              =  9.99998e-01
dlev22              =  9.99998e-01
dlev23              =  9.99999e-01
dlev24              =  9.99999e-01
dlev25              =  9.99999e-01
dlev26              =  9.99998e-01
dlev27              =  9.99998e-01
dlev28              =  9.99998e-01
dlev29              =  9.99998e-01
dlev30              =  9.99998e-01
dlev31              =  9.99998e-01
dlev32              =  9.99998e-01
vos = 4.4997598016e-03
lowcount = 1.7999919934e+01
vbias               =  2.47359e-01
Reset re-loads circuit * comparator-offset-transient-mc @ tt_mismatch_125c_1.32v -- generated by sim/harness, do not edit

Circuit: * comparator-offset-transient-mc @ tt_mismatch_125c_1.32v -- generated by sim/harness, do not edit

Doing analysis at TEMP = 125.000000 and TNOM = 27.000000

Using SPARSE 1.3 as Direct Linear Solver

Initial Transient Solution
--------------------------

Node                                   Voltage
----                                   -------
vdd                                       1.32
cm                                         0.6
vd                                      -0.048
ap                                       0.576
an                                       0.624
clk                                          0
ibn                                     0.2472
xa.x1.tmid                         9.34144e-05
xa.x1.tail                            0.581845
xa.x1.np                               1.31998
xa.x1.nn                               1.31992
xa.x1.ln                                  1.32
xa.x1.lp                                  1.32
xa.x1.lnb                          3.97161e-06
xa.x1.lpb                          4.27717e-06
xa.x1.na                               1.27881
doutb                                 0.679315
dout                                  0.671724
xa.x1.nb                               1.27941
doutn                                 0.508882
bdoutn#branch                                0
ean#branch                         3.76754e-12
eap#branch                         4.71589e-12
vclk#branch                        6.70735e-10
vd#branch                                    0
vcm#branch                         8.48344e-12
vsup#branch                       -0.000177841

 Reference value :  0.00000e+00
 Reference value :  7.86048e-08
 Reference value :  1.56450e-07
 Reference value :  2.33200e-07
 Reference value :  3.10305e-07
 Reference value :  3.89935e-07
 Reference value :  4.68705e-07
 Reference value :  5.46850e-07
 Reference value :  6.22696e-07
 Reference value :  7.00405e-07
 Reference value :  7.74935e-07
 Reference value :  8.50083e-07
 Reference value :  9.25098e-07
No. of Data Rows : 10858
dlev0               =  5.44187e-06
dlev1               =  5.37723e-06
dlev2               =  5.39481e-06
dlev3               =  5.41398e-06
dlev4               =  5.43249e-06
dlev5               =  5.44933e-06
dlev6               =  5.46392e-06
dlev7               =  5.46179e-06
dlev8               =  5.45944e-06
dlev9               =  5.45795e-06
dlev10              =  1.05052e-05
dlev11              =  1.27247e-05
dlev12              =  1.29180e-05
dlev13              =  1.31862e-05
dlev14              =  1.22872e-05
dlev15              =  5.41407e-06
dlev16              =  5.49284e-06
dlev17              =  1.20766e-05
dlev18              =  9.99997e-01
dlev19              =  9.99999e-01
dlev20              =  9.99999e-01
dlev21              =  9.99999e-01
dlev22              =  9.99999e-01
dlev23              =  1.00000e+00
dlev24              =  1.00000e+00
dlev25              =  9.99999e-01
dlev26              =  9.99998e-01
dlev27              =  9.99999e-01
dlev28              =  9.99999e-01
dlev29              =  9.99999e-01
dlev30              =  9.99999e-01
dlev31              =  9.99999e-01
dlev32              =  9.99999e-01
vos = 4.4996290271e-03
lowcount = 1.7999876342e+01
vbias               =  2.47200e-01
Reset re-loads circuit * comparator-offset-transient-mc @ tt_mismatch_125c_1.32v -- generated by sim/harness, do not edit

Circuit: * comparator-offset-transient-mc @ tt_mismatch_125c_1.32v -- generated by sim/harness, do not edit

Doing analysis at TEMP = 125.000000 and TNOM = 27.000000

Using SPARSE 1.3 as Direct Linear Solver

Initial Transient Solution
--------------------------

Node                                   Voltage
----                                   -------
vdd                                       1.32
cm                                         0.6
vd                                      -0.048
ap                                       0.576
an                                       0.624
clk                                          0
ibn                                   0.251135
xa.x1.tmid                         8.81738e-05
xa.x1.tail                            0.584422
xa.x1.np                               1.31998
xa.x1.nn                               1.31992
xa.x1.ln                                  1.32
xa.x1.lp                                  1.32
xa.x1.lnb                          3.52619e-06
xa.x1.lpb                          3.93647e-06
xa.x1.na                               1.28289
doutb                                  0.66373
dout                                   0.67952
xa.x1.nb                               1.27865
doutn                                 0.514788
bdoutn#branch                                0
ean#branch                          3.7679e-12
eap#branch                         4.71639e-12
vclk#branch                        6.74778e-10
vd#branch                                    0
vcm#branch                          8.4843e-12
vsup#branch                       -0.000178838

 Reference value :  0.00000e+00
 Reference value :  7.41036e-08
 Reference value :  1.50450e-07
 Reference value :  2.27204e-07
 Reference value :  3.07450e-07
 Reference value :  3.81705e-07
 Reference value :  4.60083e-07
 Reference value :  5.33586e-07
 Reference value :  6.11295e-07
 Reference value :  6.85306e-07
 Reference value :  7.60904e-07
 Reference value :  8.44950e-07
 Reference value :  9.27296e-07
No. of Data Rows : 10864
dlev0               =  3.70925e-06
dlev1               =  5.75040e-06
dlev2               =  5.83873e-06
dlev3               =  5.93373e-06
dlev4               =  6.03165e-06
dlev5               =  6.12886e-06
dlev6               =  6.22380e-06
dlev7               =  6.31669e-06
dlev8               =  6.40860e-06
dlev9               =  6.50060e-06
dlev10              =  1.31530e-05
dlev11              =  1.57000e-05
dlev12              =  1.57290e-05
dlev13              =  1.59644e-05
dlev14              =  6.88945e-06
dlev15              =  7.05176e-06
dlev16              =  1.59533e-05
dlev17              =  9.99992e-01
dlev18              =  9.99994e-01
dlev19              =  9.99994e-01
dlev20              =  1.00000e+00
dlev21              =  9.99999e-01
dlev22              =  1.00000e+00
dlev23              =  1.00000e+00
dlev24              =  9.99994e-01
dlev25              =  9.99994e-01
dlev26              =  9.99993e-01
dlev27              =  9.99993e-01
dlev28              =  9.99993e-01
dlev29              =  9.99993e-01
dlev30              =  9.99993e-01
dlev31              =  9.99993e-01
dlev32              =  9.99993e-01
vos = 1.4997939503e-03
lowcount = 1.6999931317e+01
vbias               =  2.51135e-01
Reset re-loads circuit * comparator-offset-transient-mc @ tt_mismatch_125c_1.32v -- generated by sim/harness, do not edit

Circuit: * comparator-offset-transient-mc @ tt_mismatch_125c_1.32v -- generated by sim/harness, do not edit

Doing analysis at TEMP = 125.000000 and TNOM = 27.000000

Using SPARSE 1.3 as Direct Linear Solver

Initial Transient Solution
--------------------------

Node                                   Voltage
----                                   -------
vdd                                       1.32
cm                                         0.6
vd                                      -0.048
ap                                       0.576
an                                       0.624
clk                                          0
ibn                                   0.246726
xa.x1.tmid                         0.000100038
xa.x1.tail                            0.580972
xa.x1.np                               1.31998
xa.x1.nn                               1.31992
xa.x1.ln                                  1.32
xa.x1.lp                                  1.32
xa.x1.lnb                          3.98366e-06
xa.x1.lpb                          3.73588e-06
xa.x1.na                               1.31999
doutb                              5.30226e-06
dout                                   1.31999
xa.x1.nb                                  1.32
doutn                                 0.999995
bdoutn#branch                                0
ean#branch                         3.76726e-12
eap#branch                         4.71717e-12
vclk#branch                        6.81969e-10
vd#branch                                    0
vcm#branch                         8.48444e-12
vsup#branch                       -2.01987e-05

 Reference value :  1.28000e-10
 Reference value :  7.84055e-08
 Reference value :  1.58150e-07
 Reference value :  2.37521e-07
 Reference value :  3.18700e-07
 Reference value :  4.00003e-07
 Reference value :  4.75733e-07
 Reference value :  5.50505e-07
 Reference value :  6.25696e-07
 Reference value :  7.03801e-07
 Reference value :  7.81850e-07
 Reference value :  8.60265e-07
 Reference value :  9.38950e-07
No. of Data Rows : 10864
dlev0               =  5.45376e-07
dlev1               =  2.93183e-06
dlev2               =  2.99487e-06
dlev3               =  3.06003e-06
dlev4               =  3.12734e-06
dlev5               =  1.22281e-05
dlev6               =  1.31655e-05
dlev7               =  1.36775e-05
dlev8               =  1.37359e-05
dlev9               =  1.31842e-05
dlev10              =  3.53446e-06
dlev11              =  3.61229e-06
dlev12              =  3.71269e-06
dlev13              =  3.81715e-06
dlev14              =  3.91168e-06
dlev15              =  1.05006e-05
dlev16              =  4.05971e-06
dlev17              =  9.99992e-01
dlev18              =  9.99993e-01
dlev19              =  9.99992e-01
dlev20              =  9.99992e-01
dlev21              =  9.99992e-01
dlev22              =  9.99992e-01
dlev23              =  9.99992e-01
dlev24              =  1.00000e+00
dlev25              =  1.00000e+00
dlev26              =  1.00000e+00
dlev27              =  1.00000e+00
dlev28              =  9.99991e-01
dlev29              =  9.99991e-01
dlev30              =  9.99991e-01
dlev31              =  9.99991e-01
dlev32              =  9.99991e-01
vos = 1.4999604022e-03
lowcount = 1.6999986801e+01
vbias               =  2.46726e-01
Reset re-loads circuit * comparator-offset-transient-mc @ tt_mismatch_125c_1.32v -- generated by sim/harness, do not edit

Circuit: * comparator-offset-transient-mc @ tt_mismatch_125c_1.32v -- generated by sim/harness, do not edit

Doing analysis at TEMP = 125.000000 and TNOM = 27.000000

Using SPARSE 1.3 as Direct Linear Solver

Initial Transient Solution
--------------------------

Node                                   Voltage
----                                   -------
vdd                                       1.32
cm                                         0.6
vd                                      -0.048
ap                                       0.576
an                                       0.624
clk                                          0
ibn                                   0.249146
xa.x1.tmid                         8.82933e-05
xa.x1.tail                            0.583432
xa.x1.np                               1.31998
xa.x1.nn                               1.31993
xa.x1.ln                                  1.32
xa.x1.lp                                  1.32
xa.x1.lnb                          3.71073e-06
xa.x1.lpb                          3.82922e-06
xa.x1.na                               1.27871
doutb                                  0.67627
dout                                  0.671517
xa.x1.nb                                  1.28
doutn                                 0.508725
bdoutn#branch                                0
ean#branch                         3.76557e-12
eap#branch                          4.7185e-12
vclk#branch                        6.81542e-10
vd#branch                                    0
vcm#branch                         8.48407e-12
vsup#branch                       -0.000178886

 Reference value :  7.21880e-09
 Reference value :  8.12975e-08
 Reference value :  1.60703e-07
 Reference value :  2.38513e-07
 Reference value :  3.17494e-07
 Reference value :  4.00803e-07
 Reference value :  4.80650e-07
 Reference value :  5.58600e-07
 Reference value :  6.35250e-07
 Reference value :  7.10107e-07
 Reference value :  7.90110e-07
 Reference value :  8.70000e-07
 Reference value :  9.50165e-07
No. of Data Rows : 10864
dlev0               =  6.84879e-07
dlev1               =  7.68540e-07
dlev2               =  8.65936e-07
dlev3               =  9.64025e-07
dlev4               =  8.41591e-07
dlev5               =  9.44845e-07
dlev6               =  1.04987e-06
dlev7               =  1.37967e-05
dlev8               =  1.32415e-05
dlev9               =  1.26617e-05
dlev10              =  1.30201e-05
dlev11              =  1.43175e-05
dlev12              =  1.68435e-06
dlev13              =  1.82984e-06
dlev14              =  1.41894e-05
dlev15              =  9.99995e-01
dlev16              =  9.99996e-01
dlev17              =  9.99996e-01
dlev18              =  1.00000e+00
dlev19              =  1.00000e+00
dlev20              =  1.00000e+00
dlev21              =  1.00000e+00
dlev22              =  1.00000e+00
dlev23              =  1.00000e+00
dlev24              =  9.99996e-01
dlev25              =  9.99996e-01
dlev26              =  9.99996e-01
dlev27              =  9.99996e-01
dlev28              =  9.99996e-01
dlev29              =  9.99996e-01
dlev30              =  9.99996e-01
dlev31              =  9.99996e-01
dlev32              =  9.99996e-01
vos = -4.500128282e-03
lowcount = 1.4999957239e+01
vbias               =  2.49146e-01
Reset re-loads circuit * comparator-offset-transient-mc @ tt_mismatch_125c_1.32v -- generated by sim/harness, do not edit

Circuit: * comparator-offset-transient-mc @ tt_mismatch_125c_1.32v -- generated by sim/harness, do not edit

Doing analysis at TEMP = 125.000000 and TNOM = 27.000000

Using SPARSE 1.3 as Direct Linear Solver

Initial Transient Solution
--------------------------

Node                                   Voltage
----                                   -------
vdd                                       1.32
cm                                         0.6
vd                                      -0.048
ap                                       0.576
an                                       0.624
clk                                          0
ibn                                   0.251154
xa.x1.tmid                          8.4136e-05
xa.x1.tail                            0.587086
xa.x1.np                               1.31998
xa.x1.nn                               1.31992
xa.x1.ln                                  1.32
xa.x1.lp                                  1.32
xa.x1.lnb                          4.15418e-06
xa.x1.lpb                           4.1419e-06
xa.x1.na                               1.27797
doutb                                 0.682303
dout                                  0.675442
xa.x1.nb                               1.28215
doutn                                 0.511698
bdoutn#branch                                0
ean#branch                         3.76785e-12
eap#branch                         4.71717e-12
vclk#branch                         6.8007e-10
vd#branch                                    0
vcm#branch                         8.48502e-12
vsup#branch                        -0.00017784

 Reference value :  2.01825e-08
 Reference value :  1.00083e-07
 Reference value :  1.77802e-07
 Reference value :  2.57403e-07
 Reference value :  3.34350e-07
 Reference value :  4.10107e-07
 Reference value :  4.87950e-07
 Reference value :  5.62593e-07
 Reference value :  6.40403e-07
 Reference value :  7.17194e-07
 Reference value :  7.92603e-07
 Reference value :  8.69295e-07
 Reference value :  9.46099e-07
No. of Data Rows : 10860
dlev0               =  3.00503e-06
dlev1               =  1.31916e-05
dlev2               =  1.29102e-05
dlev3               =  6.11072e-06
dlev4               =  6.18409e-06
dlev5               =  6.26262e-06
dlev6               =  6.34328e-06
dlev7               =  6.42414e-06
dlev8               =  6.65548e-06
dlev9               =  6.72126e-06
dlev10              =  6.78641e-06
dlev11              =  6.85231e-06
dlev12              =  1.35138e-05
dlev13              =  1.42507e-05
dlev14              =  1.45485e-05
dlev15              =  7.03997e-06
dlev16              =  7.21703e-06
dlev17              =  9.99994e-01
dlev18              =  9.99996e-01
dlev19              =  1.00000e+00
dlev20              =  9.99996e-01
dlev21              =  1.00000e+00
dlev22              =  1.00000e+00
dlev23              =  9.99996e-01
dlev24              =  9.99996e-01
dlev25              =  9.99996e-01
dlev26              =  9.99996e-01
dlev27              =  9.99996e-01
dlev28              =  9.99996e-01
dlev29              =  9.99996e-01
dlev30              =  9.99995e-01
dlev31              =  1.00000e+00
dlev32              =  1.00000e+00
vos = 1.4997083489e-03
lowcount = 1.6999902783e+01
vbias               =  2.51154e-01
Reset re-loads circuit * comparator-offset-transient-mc @ tt_mismatch_125c_1.32v -- generated by sim/harness, do not edit

Circuit: * comparator-offset-transient-mc @ tt_mismatch_125c_1.32v -- generated by sim/harness, do not edit

Doing analysis at TEMP = 125.000000 and TNOM = 27.000000

Using SPARSE 1.3 as Direct Linear Solver

Initial Transient Solution
--------------------------

Node                                   Voltage
----                                   -------
vdd                                       1.32
cm                                         0.6
vd                                      -0.048
ap                                       0.576
an                                       0.624
clk                                          0
ibn                                   0.250317
xa.x1.tmid                         8.27814e-05
xa.x1.tail                            0.584868
xa.x1.np                               1.31998
xa.x1.nn                               1.31993
xa.x1.ln                                  1.32
xa.x1.lp                                  1.32
xa.x1.lnb                          4.36993e-06
xa.x1.lpb                          3.75693e-06
xa.x1.na                               1.27959
doutb                                 0.676019
dout                                  0.682111
xa.x1.nb                               1.27997
doutn                                 0.516751
bdoutn#branch                                0
ean#branch                         3.76796e-12
eap#branch                         4.71567e-12
vclk#branch                        6.74379e-10
vd#branch                                    0
vcm#branch                         8.48363e-12
vsup#branch                        -0.00017283

 Reference value :  1.17453e-08
 Reference value :  8.84994e-08
 Reference value :  1.62612e-07
 Reference value :  2.39198e-07
 Reference value :  3.15406e-07
 Reference value :  3.91250e-07
 Reference value :  4.66207e-07
 Reference value :  5.40750e-07
 Reference value :  6.16208e-07
 Reference value :  6.98650e-07
 Reference value :  7.74495e-07
 Reference value :  8.52008e-07
 Reference value :  9.31150e-07
No. of Data Rows : 10863
dlev0               =  1.21095e-05
dlev1               =  1.21310e-05
dlev2               =  1.20665e-05
dlev3               =  1.20147e-05
dlev4               =  1.19701e-05
dlev5               =  1.19254e-05
dlev6               =  1.18776e-05
dlev7               =  1.18273e-05
dlev8               =  1.17764e-05
dlev9               =  1.17269e-05
dlev10              =  1.16799e-05
dlev11              =  1.16350e-05
dlev12              =  1.48137e-05
dlev13              =  1.14786e-05
dlev14              =  1.14950e-05
dlev15              =  1.15045e-05
dlev16              =  9.99995e-01
dlev17              =  9.99997e-01
dlev18              =  1.00000e+00
dlev19              =  9.99997e-01
dlev20              =  9.99997e-01
dlev21              =  9.99997e-01
dlev22              =  9.99997e-01
dlev23              =  9.99997e-01
dlev24              =  9.99997e-01
dlev25              =  9.99997e-01
dlev26              =  9.99997e-01
dlev27              =  9.99997e-01
dlev28              =  9.99997e-01
dlev29              =  9.99997e-01
dlev30              =  9.99997e-01
dlev31              =  1.00000e+00
dlev32              =  1.00000e+00
vos = -1.500437496e-03
lowcount = 1.5999854168e+01
vbias               =  2.50317e-01
Reset re-loads circuit * comparator-offset-transient-mc @ tt_mismatch_125c_1.32v -- generated by sim/harness, do not edit

Circuit: * comparator-offset-transient-mc @ tt_mismatch_125c_1.32v -- generated by sim/harness, do not edit

Doing analysis at TEMP = 125.000000 and TNOM = 27.000000

Using SPARSE 1.3 as Direct Linear Solver

Initial Transient Solution
--------------------------

Node                                   Voltage
----                                   -------
vdd                                       1.32
cm                                         0.6
vd                                      -0.048
ap                                       0.576
an                                       0.624
clk                                          0
ibn                                   0.250328
xa.x1.tmid                         9.07337e-05
xa.x1.tail                            0.583048
xa.x1.np                               1.31998
xa.x1.nn                               1.31992
xa.x1.ln                                  1.32
xa.x1.lp                                  1.32
xa.x1.lnb                          3.97133e-06
xa.x1.lpb                          3.96483e-06
xa.x1.na                               1.28178
doutb                                 0.676112
dout                                  0.675904
xa.x1.nb                               1.28026
doutn                                 0.512048
bdoutn#branch                                0
ean#branch                         3.76757e-12
eap#branch                         4.71559e-12
vclk#branch                        6.78112e-10
vd#branch                                    0
vcm#branch                         8.48316e-12
vsup#branch                       -0.000176248

 Reference value :  1.52800e-09
 Reference value :  7.60040e-08
 Reference value :  1.53550e-07
 Reference value :  2.30794e-07
 Reference value :  3.10150e-07
 Reference value :  3.84007e-07
 Reference value :  4.60504e-07
 Reference value :  5.35286e-07
 Reference value :  6.11001e-07
 Reference value :  6.86803e-07
 Reference value :  7.64701e-07
 Reference value :  8.45150e-07
 Reference value :  9.24393e-07
No. of Data Rows : 10864
dlev0               =  1.08344e-06
dlev1               =  3.18311e-06
dlev2               =  3.27716e-06
dlev3               =  3.37119e-06
dlev4               =  3.46465e-06
dlev5               =  3.55779e-06
dlev6               =  3.65121e-06
dlev7               =  3.74553e-06
dlev8               =  3.84117e-06
dlev9               =  1.37107e-05
dlev10              =  1.54570e-05
dlev11              =  1.54487e-05
dlev12              =  1.56188e-05
dlev13              =  1.57037e-05
dlev14              =  4.38553e-06
dlev15              =  4.54663e-06
dlev16              =  1.39542e-05
dlev17              =  9.99994e-01
dlev18              =  9.99994e-01
dlev19              =  9.99994e-01
dlev20              =  9.99994e-01
dlev21              =  1.00000e+00
dlev22              =  1.00000e+00
dlev23              =  1.00000e+00
dlev24              =  1.00000e+00
dlev25              =  9.99994e-01
dlev26              =  9.99994e-01
dlev27              =  9.99994e-01
dlev28              =  9.99994e-01
dlev29              =  9.99994e-01
dlev30              =  9.99993e-01
dlev31              =  9.99993e-01
dlev32              =  9.99993e-01
vos = 1.4998283982e-03
lowcount = 1.6999942799e+01
vbias               =  2.50328e-01
Reset re-loads circuit * comparator-offset-transient-mc @ tt_mismatch_125c_1.32v -- generated by sim/harness, do not edit

Circuit: * comparator-offset-transient-mc @ tt_mismatch_125c_1.32v -- generated by sim/harness, do not edit

Doing analysis at TEMP = 125.000000 and TNOM = 27.000000

Using SPARSE 1.3 as Direct Linear Solver

Initial Transient Solution
--------------------------

Node                                   Voltage
----                                   -------
vdd                                       1.32
cm                                         0.6
vd                                      -0.048
ap                                       0.576
an                                       0.624
clk                                          0
ibn                                   0.246365
xa.x1.tmid                         9.36731e-05
xa.x1.tail                            0.584093
xa.x1.np                               1.31998
xa.x1.nn                               1.31992
xa.x1.ln                                  1.32
xa.x1.lp                                  1.32
xa.x1.lnb                          3.96895e-06
xa.x1.lpb                          3.62133e-06
xa.x1.na                               1.27888
doutb                                 0.672043
dout                                  0.666153
xa.x1.nb                               1.27989
doutn                                 0.504661
bdoutn#branch                                0
ean#branch                         3.76441e-12
eap#branch                         4.71689e-12
vclk#branch                        6.69266e-10
vd#branch                                    0
vcm#branch                          8.4813e-12
vsup#branch                       -0.000182696

 Reference value :  0.00000e+00
 Reference value :  7.99047e-08
 Reference value :  1.57650e-07
 Reference value :  2.34395e-07
 Reference value :  3.12496e-07
 Reference value :  3.89093e-07
 Reference value :  4.62405e-07
 Reference value :  5.38381e-07
 Reference value :  6.16805e-07
 Reference value :  6.98850e-07
 Reference value :  7.75198e-07
 Reference value :  8.56805e-07
 Reference value :  9.37650e-07
No. of Data Rows : 10864
dlev0               =  -3.92763e-07
dlev1               =  1.96140e-06
dlev2               =  2.04913e-06
dlev3               =  2.13758e-06
dlev4               =  2.22716e-06
dlev5               =  2.31822e-06
dlev6               =  2.41095e-06
dlev7               =  2.50545e-06
dlev8               =  1.29543e-05
dlev9               =  1.35706e-05
dlev10              =  1.37412e-05
dlev11              =  1.33632e-05
dlev12              =  2.95007e-06
dlev13              =  3.06369e-06
dlev14              =  3.20626e-06
dlev15              =  3.32852e-06
dlev16              =  3.38614e-06
dlev17              =  9.99995e-01
dlev18              =  9.99998e-01
dlev19              =  9.99998e-01
dlev20              =  9.99998e-01
dlev21              =  9.99998e-01
dlev22              =  9.99996e-01
dlev23              =  9.99996e-01
dlev24              =  9.99995e-01
dlev25              =  9.99999e-01
dlev26              =  9.99999e-01
dlev27              =  9.99999e-01
dlev28              =  9.99999e-01
dlev29              =  9.99999e-01
dlev30              =  9.99999e-01
dlev31              =  9.99999e-01
dlev32              =  9.99999e-01
vos = 1.4998497568e-03
lowcount = 1.6999949919e+01
vbias               =  2.46365e-01
Reset re-loads circuit * comparator-offset-transient-mc @ tt_mismatch_125c_1.32v -- generated by sim/harness, do not edit

Circuit: * comparator-offset-transient-mc @ tt_mismatch_125c_1.32v -- generated by sim/harness, do not edit

Doing analysis at TEMP = 125.000000 and TNOM = 27.000000

Using SPARSE 1.3 as Direct Linear Solver

Initial Transient Solution
--------------------------

Node                                   Voltage
----                                   -------
vdd                                       1.32
cm                                         0.6
vd                                      -0.048
ap                                       0.576
an                                       0.624
clk                                          0
ibn                                   0.251175
xa.x1.tmid                         7.92933e-05
xa.x1.tail                            0.586973
xa.x1.np                               1.31998
xa.x1.nn                               1.31993
xa.x1.ln                                  1.32
xa.x1.lp                                  1.32
xa.x1.lnb                          3.67649e-06
xa.x1.lpb                          3.92576e-06
xa.x1.na                               1.27847
doutb                                 0.683612
dout                                  0.664732
xa.x1.nb                               1.28158
doutn                                 0.503585
bdoutn#branch                                0
ean#branch                         3.76743e-12
eap#branch                         4.71667e-12
vclk#branch                        6.76061e-10
vd#branch                                    0
vcm#branch                          8.4841e-12
vsup#branch                       -0.000180267

 Reference value :  5.92748e-09
 Reference value :  8.02657e-08
 Reference value :  1.60911e-07
 Reference value :  2.45850e-07
 Reference value :  3.25204e-07
 Reference value :  4.07205e-07
 Reference value :  4.86350e-07
 Reference value :  5.64197e-07
 Reference value :  6.43804e-07
 Reference value :  7.19870e-07
 Reference value :  7.94511e-07
 Reference value :  8.72450e-07
 Reference value :  9.50204e-07
No. of Data Rows : 10844
dlev0               =  9.07728e-06
dlev1               =  1.25026e-05
dlev2               =  1.25260e-05
dlev3               =  1.25422e-05
dlev4               =  1.25541e-05
dlev5               =  1.25673e-05
dlev6               =  1.25857e-05
dlev7               =  1.26105e-05
dlev8               =  1.26416e-05
dlev9               =  1.26775e-05
dlev10              =  1.27179e-05
dlev11              =  1.27657e-05
dlev12              =  1.28397e-05
dlev13              =  1.29727e-05
dlev14              =  1.30214e-05
dlev15              =  1.29174e-05
dlev16              =  9.99996e-01
dlev17              =  9.99998e-01
dlev18              =  9.99998e-01
dlev19              =  1.00000e+00
dlev20              =  9.99998e-01
dlev21              =  9.99998e-01
dlev22              =  9.99998e-01
dlev23              =  9.99998e-01
dlev24              =  9.99998e-01
dlev25              =  9.99998e-01
dlev26              =  9.99998e-01
dlev27              =  9.99998e-01
dlev28              =  9.99998e-01
dlev29              =  9.99998e-01
dlev30              =  9.99998e-01
dlev31              =  9.99998e-01
dlev32              =  9.99998e-01
vos = -1.500484259e-03
lowcount = 1.5999838580e+01
vbias               =  2.51175e-01
Reset re-loads circuit * comparator-offset-transient-mc @ tt_mismatch_125c_1.32v -- generated by sim/harness, do not edit

Circuit: * comparator-offset-transient-mc @ tt_mismatch_125c_1.32v -- generated by sim/harness, do not edit

Doing analysis at TEMP = 125.000000 and TNOM = 27.000000

Using SPARSE 1.3 as Direct Linear Solver

Initial Transient Solution
--------------------------

Node                                   Voltage
----                                   -------
vdd                                       1.32
cm                                         0.6
vd                                      -0.048
ap                                       0.576
an                                       0.624
clk                                          0
ibn                                   0.250492
xa.x1.tmid                          9.2674e-05
xa.x1.tail                            0.582619
xa.x1.np                               1.31998
xa.x1.nn                               1.31992
xa.x1.ln                                  1.32
xa.x1.lp                                  1.32
xa.x1.lnb                          3.82209e-06
xa.x1.lpb                          4.95719e-06
xa.x1.na                               1.28085
doutb                                 0.678797
dout                                  0.675164
xa.x1.nb                               1.27898
doutn                                 0.511488
bdoutn#branch                                0
ean#branch                         3.76335e-12
eap#branch                         4.71503e-12
vclk#branch                        6.72809e-10
vd#branch                                    0
vcm#branch                         8.47838e-12
vsup#branch                       -0.000177024

 Reference value :  2.02216e-08
 Reference value :  1.03204e-07
 Reference value :  1.86650e-07
 Reference value :  2.61695e-07
 Reference value :  3.38150e-07
 Reference value :  4.10202e-07
 Reference value :  4.90704e-07
 Reference value :  5.66591e-07
 Reference value :  6.44587e-07
 Reference value :  7.22850e-07
 Reference value :  7.99504e-07
 Reference value :  8.76250e-07
 Reference value :  9.50284e-07
No. of Data Rows : 10866
dlev0               =  1.66409e-06
dlev1               =  3.84962e-06
dlev2               =  3.95003e-06
dlev3               =  4.05289e-06
dlev4               =  4.15536e-06
dlev5               =  4.25606e-06
dlev6               =  4.12565e-06
dlev7               =  4.22555e-06
dlev8               =  4.32539e-06
dlev9               =  4.42581e-06
dlev10              =  1.63362e-05
dlev11              =  1.63616e-05
dlev12              =  1.12786e-05
dlev13              =  1.67830e-05
dlev14              =  4.87076e-06
dlev15              =  5.05541e-06
dlev16              =  5.15961e-06
dlev17              =  9.99993e-01
dlev18              =  9.99995e-01
dlev19              =  9.99995e-01
dlev20              =  1.00000e+00
dlev21              =  9.99998e-01
dlev22              =  1.00000e+00
dlev23              =  1.00000e+00
dlev24              =  1.00000e+00
dlev25              =  9.99995e-01
dlev26              =  9.99995e-01
dlev27              =  9.99995e-01
dlev28              =  9.99994e-01
dlev29              =  9.99994e-01
dlev30              =  9.99994e-01
dlev31              =  9.99994e-01
dlev32              =  9.99994e-01
vos = 1.4998251732e-03
lowcount = 1.6999941724e+01
vbias               =  2.50492e-01
Reset re-loads circuit * comparator-offset-transient-mc @ tt_mismatch_125c_1.32v -- generated by sim/harness, do not edit

Circuit: * comparator-offset-transient-mc @ tt_mismatch_125c_1.32v -- generated by sim/harness, do not edit

Doing analysis at TEMP = 125.000000 and TNOM = 27.000000

Using SPARSE 1.3 as Direct Linear Solver

Initial Transient Solution
--------------------------

Node                                   Voltage
----                                   -------
vdd                                       1.32
cm                                         0.6
vd                                      -0.048
ap                                       0.576
an                                       0.624
clk                                          0
ibn                                   0.250519
xa.x1.tmid                         8.49711e-05
xa.x1.tail                            0.585105
xa.x1.np                               1.31998
xa.x1.nn                               1.31993
xa.x1.ln                                  1.32
xa.x1.lp                                  1.32
xa.x1.lnb                          3.76039e-06
xa.x1.lpb                          3.73355e-06
xa.x1.na                               1.31999
doutb                              5.85599e-06
dout                                   1.31999
xa.x1.nb                                  1.32
doutn                                 0.999994
bdoutn#branch                                0
ean#branch                         3.76929e-12
eap#branch                          4.7182e-12
vclk#branch                        6.74494e-10
vd#branch                                    0
vcm#branch                         8.48749e-12
vsup#branch                        -2.0182e-05

 Reference value :  1.84543e-08
 Reference value :  9.56500e-08
 Reference value :  1.70314e-07
 Reference value :  2.50038e-07
 Reference value :  3.24201e-07
 Reference value :  4.01503e-07
 Reference value :  4.76498e-07
 Reference value :  5.55286e-07
 Reference value :  6.32950e-07
 Reference value :  7.10200e-07
 Reference value :  7.84850e-07
 Reference value :  8.60200e-07
 Reference value :  9.35250e-07
No. of Data Rows : 10858
dlev0               =  4.61721e-06
dlev1               =  8.50411e-06
dlev2               =  8.54592e-06
dlev3               =  8.58493e-06
dlev4               =  8.62222e-06
dlev5               =  8.66057e-06
dlev6               =  8.70260e-06
dlev7               =  8.74940e-06
dlev8               =  1.06383e-05
dlev9               =  1.32266e-05
dlev10              =  1.07798e-05
dlev11              =  1.06059e-05
dlev12              =  1.18850e-05
dlev13              =  8.80596e-06
dlev14              =  9.99995e-01
dlev15              =  9.99996e-01
dlev16              =  9.99999e-01
dlev17              =  9.99997e-01
dlev18              =  9.99997e-01
dlev19              =  9.99999e-01
dlev20              =  9.99996e-01
dlev21              =  9.99996e-01
dlev22              =  9.99996e-01
dlev23              =  9.99996e-01
dlev24              =  9.99996e-01
dlev25              =  9.99996e-01
dlev26              =  9.99996e-01
dlev27              =  9.99996e-01
dlev28              =  9.99996e-01
dlev29              =  9.99999e-01
dlev30              =  9.99999e-01
dlev31              =  9.99999e-01
dlev32              =  9.99996e-01
vos = -7.500213086e-03
lowcount = 1.3999928971e+01
vbias               =  2.50519e-01
Reset re-loads circuit * comparator-offset-transient-mc @ tt_mismatch_125c_1.32v -- generated by sim/harness, do not edit

Circuit: * comparator-offset-transient-mc @ tt_mismatch_125c_1.32v -- generated by sim/harness, do not edit

Doing analysis at TEMP = 125.000000 and TNOM = 27.000000

Using SPARSE 1.3 as Direct Linear Solver

Initial Transient Solution
--------------------------

Node                                   Voltage
----                                   -------
vdd                                       1.32
cm                                         0.6
vd                                      -0.048
ap                                       0.576
an                                       0.624
clk                                          0
ibn                                   0.245909
xa.x1.tmid                         9.45766e-05
xa.x1.tail                            0.585262
xa.x1.np                               1.31998
xa.x1.nn                               1.31992
xa.x1.ln                                  1.32
xa.x1.lp                                  1.32
xa.x1.lnb                          3.83887e-06
xa.x1.lpb                          3.65395e-06
xa.x1.na                                1.2804
doutb                                 0.670589
dout                                  0.673515
xa.x1.nb                               1.28035
doutn                                 0.510239
bdoutn#branch                                0
ean#branch                         3.76732e-12
eap#branch                         4.71548e-12
vclk#branch                        6.75372e-10
vd#branch                                    0
vcm#branch                          8.4828e-12
vsup#branch                       -0.000177627

 Reference value :  8.28000e-10
 Reference value :  7.38048e-08
 Reference value :  1.49810e-07
 Reference value :  2.25398e-07
 Reference value :  2.99714e-07
 Reference value :  3.78005e-07
 Reference value :  4.59650e-07
 Reference value :  5.30307e-07
 Reference value :  6.07350e-07
 Reference value :  6.80200e-07
 Reference value :  7.55750e-07
 Reference value :  8.29697e-07
 Reference value :  9.08950e-07
 Reference value :  9.88295e-07
No. of Data Rows : 10864
dlev0               =  -2.45648e-07
dlev1               =  2.06556e-06
dlev2               =  2.18215e-06
dlev3               =  2.30094e-06
dlev4               =  2.42202e-06
dlev5               =  2.54534e-06
dlev6               =  1.13934e-05
dlev7               =  1.23231e-05
dlev8               =  1.26070e-05
dlev9               =  1.21376e-05
dlev10              =  3.15290e-06
dlev11              =  3.27261e-06
dlev12              =  3.42097e-06
dlev13              =  3.58875e-06
dlev14              =  3.75303e-06
dlev15              =  3.90502e-06
dlev16              =  1.10627e-05
dlev17              =  9.99993e-01
dlev18              =  9.99999e-01
dlev19              =  9.99995e-01
dlev20              =  9.99995e-01
dlev21              =  9.99995e-01
dlev22              =  9.99995e-01
dlev23              =  9.99994e-01
dlev24              =  9.99999e-01
dlev25              =  9.99999e-01
dlev26              =  1.00000e+00
dlev27              =  9.99999e-01
dlev28              =  9.99999e-01
dlev29              =  9.99994e-01
dlev30              =  9.99994e-01
dlev31              =  9.99994e-01
dlev32              =  9.99994e-01
vos = 1.4999133378e-03
lowcount = 1.6999971113e+01
vbias               =  2.45909e-01
Reset re-loads circuit * comparator-offset-transient-mc @ tt_mismatch_125c_1.32v -- generated by sim/harness, do not edit

Circuit: * comparator-offset-transient-mc @ tt_mismatch_125c_1.32v -- generated by sim/harness, do not edit

Doing analysis at TEMP = 125.000000 and TNOM = 27.000000

Using SPARSE 1.3 as Direct Linear Solver

Initial Transient Solution
--------------------------

Node                                   Voltage
----                                   -------
vdd                                       1.32
cm                                         0.6
vd                                      -0.048
ap                                       0.576
an                                       0.624
clk                                          0
ibn                                   0.247938
xa.x1.tmid                          8.2538e-05
xa.x1.tail                            0.585988
xa.x1.np                               1.31998
xa.x1.nn                               1.31993
xa.x1.ln                                  1.32
xa.x1.lp                                  1.32
xa.x1.lnb                          3.87333e-06
xa.x1.lpb                           3.7163e-06
xa.x1.na                               1.27855
doutb                                 0.677087
dout                                  0.665622
xa.x1.nb                                1.2814
doutn                                 0.504259
bdoutn#branch                                0
ean#branch                         3.76837e-12
eap#branch                         4.71859e-12
vclk#branch                        6.77463e-10
vd#branch                                    0
vcm#branch                         8.48696e-12
vsup#branch                       -0.000181366

 Reference value :  5.80990e-08
 Reference value :  1.34897e-07
 Reference value :  2.12550e-07
 Reference value :  2.90120e-07
 Reference value :  3.68450e-07
 Reference value :  4.43787e-07
 Reference value :  5.21402e-07
 Reference value :  6.00150e-07
 Reference value :  6.78194e-07
 Reference value :  7.53950e-07
 Reference value :  8.30314e-07
 Reference value :  9.13202e-07
No. of Data Rows : 10858
dlev0               =  -1.01093e-06
dlev1               =  -3.00742e-07
dlev2               =  -1.80103e-07
dlev3               =  1.18792e-05
dlev4               =  1.32134e-05
dlev5               =  1.29222e-05
dlev6               =  1.25833e-05
dlev7               =  1.27648e-05
dlev8               =  1.35804e-05
dlev9               =  1.22329e-05
dlev10              =  8.23467e-07
dlev11              =  7.76597e-07
dlev12              =  9.26151e-07
dlev13              =  1.37721e-05
dlev14              =  9.99996e-01
dlev15              =  9.99998e-01
dlev16              =  9.99999e-01
dlev17              =  9.99999e-01
dlev18              =  9.99999e-01
dlev19              =  9.99998e-01
dlev20              =  1.00000e+00
dlev21              =  1.00000e+00
dlev22              =  1.00000e+00
dlev23              =  1.00000e+00
dlev24              =  9.99999e-01
dlev25              =  9.99998e-01
dlev26              =  9.99998e-01
dlev27              =  9.99998e-01
dlev28              =  9.99998e-01
dlev29              =  9.99998e-01
dlev30              =  9.99998e-01
dlev31              =  9.99998e-01
dlev32              =  9.99998e-01
vos = -7.500227648e-03
lowcount = 1.3999924117e+01
vbias               =  2.47938e-01
Reset re-loads circuit * comparator-offset-transient-mc @ tt_mismatch_125c_1.32v -- generated by sim/harness, do not edit

Circuit: * comparator-offset-transient-mc @ tt_mismatch_125c_1.32v -- generated by sim/harness, do not edit

Doing analysis at TEMP = 125.000000 and TNOM = 27.000000

Using SPARSE 1.3 as Direct Linear Solver

Initial Transient Solution
--------------------------

Node                                   Voltage
----                                   -------
vdd                                       1.32
cm                                         0.6
vd                                      -0.048
ap                                       0.576
an                                       0.624
clk                                          0
ibn                                   0.249998
xa.x1.tmid                         8.98674e-05
xa.x1.tail                            0.586202
xa.x1.np                               1.31998
xa.x1.nn                               1.31992
xa.x1.ln                                  1.32
xa.x1.lp                                  1.32
xa.x1.lnb                          4.30608e-06
xa.x1.lpb                          3.77022e-06
xa.x1.na                                  1.32
doutb                                  1.31999
dout                               4.94081e-06
xa.x1.nb                                  1.32
doutn                              3.74304e-06
bdoutn#branch                                0
ean#branch                         3.76837e-12
eap#branch                         4.71323e-12
vclk#branch                        6.75514e-10
vd#branch                                    0
vcm#branch                          8.4816e-12
vsup#branch                       -2.01841e-05

 Reference value :  0.00000e+00
 Reference value :  7.62035e-08
 Reference value :  1.51350e-07
 Reference value :  2.27502e-07
 Reference value :  3.06550e-07
 Reference value :  3.81714e-07
 Reference value :  4.60083e-07
 Reference value :  5.36693e-07
 Reference value :  6.14103e-07
 Reference value :  6.93950e-07
 Reference value :  7.71211e-07
 Reference value :  8.52103e-07
 Reference value :  9.34150e-07
No. of Data Rows : 10863
dlev0               =  1.39526e-05
dlev1               =  4.78270e-06
dlev2               =  4.88121e-06
dlev3               =  4.97959e-06
dlev4               =  5.07820e-06
dlev5               =  5.17754e-06
dlev6               =  5.27810e-06
dlev7               =  5.38015e-06
dlev8               =  1.31824e-05
dlev9               =  1.54867e-05
dlev10              =  1.59176e-05
dlev11              =  1.60720e-05
dlev12              =  1.59148e-05
dlev13              =  5.93865e-06
dlev14              =  6.06327e-06
dlev15              =  6.23865e-06
dlev16              =  6.39035e-06
dlev17              =  6.42586e-06
dlev18              =  9.99993e-01
dlev19              =  9.99995e-01
dlev20              =  9.99995e-01
dlev21              =  9.99995e-01
dlev22              =  1.00000e+00
dlev23              =  1.00000e+00
dlev24              =  1.00000e+00
dlev25              =  1.00000e+00
dlev26              =  1.00000e+00
dlev27              =  9.99995e-01
dlev28              =  9.99995e-01
dlev29              =  9.99995e-01
dlev30              =  9.99995e-01
dlev31              =  9.99995e-01
dlev32              =  9.99995e-01
vos = 4.4996671791e-03
lowcount = 1.7999889060e+01
vbias               =  2.49998e-01
Reset re-loads circuit * comparator-offset-transient-mc @ tt_mismatch_125c_1.32v -- generated by sim/harness, do not edit

Circuit: * comparator-offset-transient-mc @ tt_mismatch_125c_1.32v -- generated by sim/harness, do not edit

Doing analysis at TEMP = 125.000000 and TNOM = 27.000000

Using SPARSE 1.3 as Direct Linear Solver

Initial Transient Solution
--------------------------

Node                                   Voltage
----                                   -------
vdd                                       1.32
cm                                         0.6
vd                                      -0.048
ap                                       0.576
an                                       0.624
clk                                          0
ibn                                   0.249115
xa.x1.tmid                         9.32449e-05
xa.x1.tail                            0.579657
xa.x1.np                               1.31997
xa.x1.nn                               1.31992
xa.x1.ln                                  1.32
xa.x1.lp                                  1.32
xa.x1.lnb                          3.46148e-06
xa.x1.lpb                          3.66263e-06
xa.x1.na                                  1.32
doutb                                  1.31999
dout                               4.80011e-06
xa.x1.nb                                  1.32
doutn                              3.63645e-06
bdoutn#branch                                0
ean#branch                         3.76482e-12
eap#branch                         4.71168e-12
vclk#branch                        6.73327e-10
vd#branch                                    0
vcm#branch                          8.4765e-12
vsup#branch                       -2.01887e-05

 Reference value :  3.72800e-09
 Reference value :  8.09941e-08
 Reference value :  1.62103e-07
 Reference value :  2.41750e-07
 Reference value :  3.19496e-07
 Reference value :  3.97450e-07
 Reference value :  4.72391e-07
 Reference value :  5.50905e-07
 Reference value :  6.28505e-07
 Reference value :  7.04901e-07
 Reference value :  7.79298e-07
 Reference value :  8.52105e-07
 Reference value :  9.26598e-07
No. of Data Rows : 10863
dlev0               =  1.00962e-05
dlev1               =  8.67657e-06
dlev2               =  8.66668e-06
dlev3               =  8.65836e-06
dlev4               =  8.65238e-06
dlev5               =  8.64924e-06
dlev6               =  8.64918e-06
dlev7               =  1.09528e-05
dlev8               =  1.22757e-05
dlev9               =  1.30500e-05
dlev10              =  1.18036e-05
dlev11              =  8.62802e-06
dlev12              =  8.67855e-06
dlev13              =  8.73634e-06
dlev14              =  7.24226e-06
dlev15              =  9.99989e-01
dlev16              =  9.99991e-01
dlev17              =  9.99991e-01
dlev18              =  9.99991e-01
dlev19              =  9.99999e-01
dlev20              =  9.99999e-01
dlev21              =  9.99999e-01
dlev22              =  9.99999e-01
dlev23              =  9.99991e-01
dlev24              =  9.99991e-01
dlev25              =  9.99991e-01
dlev26              =  9.99990e-01
dlev27              =  9.99990e-01
dlev28              =  9.99990e-01
dlev29              =  9.99990e-01
dlev30              =  9.99990e-01
dlev31              =  9.99990e-01
dlev32              =  9.99990e-01
vos = -4.500015348e-03
lowcount = 1.4999994884e+01
vbias               =  2.49115e-01
Reset re-loads circuit * comparator-offset-transient-mc @ tt_mismatch_125c_1.32v -- generated by sim/harness, do not edit

Circuit: * comparator-offset-transient-mc @ tt_mismatch_125c_1.32v -- generated by sim/harness, do not edit

Doing analysis at TEMP = 125.000000 and TNOM = 27.000000

Using SPARSE 1.3 as Direct Linear Solver

Initial Transient Solution
--------------------------

Node                                   Voltage
----                                   -------
vdd                                       1.32
cm                                         0.6
vd                                      -0.048
ap                                       0.576
an                                       0.624
clk                                          0
ibn                                   0.249745
xa.x1.tmid                          9.0113e-05
xa.x1.tail                            0.583391
xa.x1.np                               1.31998
xa.x1.nn                               1.31992
xa.x1.ln                                  1.32
xa.x1.lp                                  1.32
xa.x1.lnb                          4.34499e-06
xa.x1.lpb                          4.40892e-06
xa.x1.na                               1.27862
doutb                                 0.674717
dout                                  0.671918
xa.x1.nb                               1.28156
doutn                                 0.509029
bdoutn#branch                                0
ean#branch                         3.76635e-12
eap#branch                         4.71842e-12
vclk#branch                        6.79818e-10
vd#branch                                    0
vcm#branch                         8.48477e-12
vsup#branch                        -0.00017809

 Reference value :  0.00000e+00
 Reference value :  7.31036e-08
 Reference value :  1.54250e-07
 Reference value :  2.33898e-07
 Reference value :  3.13295e-07
 Reference value :  3.92250e-07
 Reference value :  4.68204e-07
 Reference value :  5.44050e-07
 Reference value :  6.22194e-07
 Reference value :  7.01994e-07
 Reference value :  7.79109e-07
 Reference value :  8.58504e-07
 Reference value :  9.34850e-07
No. of Data Rows : 10863
dlev0               =  1.08805e-05
dlev1               =  1.08819e-05
dlev2               =  1.08506e-05
dlev3               =  1.08192e-05
dlev4               =  1.07880e-05
dlev5               =  1.07577e-05
dlev6               =  1.07298e-05
dlev7               =  1.07047e-05
dlev8               =  1.06827e-05
dlev9               =  9.88051e-06
dlev10              =  1.20415e-05
dlev11              =  1.29080e-05
dlev12              =  1.28364e-05
dlev13              =  1.06666e-05
dlev14              =  1.05261e-05
dlev15              =  1.05908e-05
dlev16              =  1.06436e-05
dlev17              =  8.56732e-06
dlev18              =  9.99994e-01
dlev19              =  9.99996e-01
dlev20              =  9.99996e-01
dlev21              =  9.99996e-01
dlev22              =  1.00000e+00
dlev23              =  1.00000e+00
dlev24              =  1.00000e+00
dlev25              =  1.00000e+00
dlev26              =  1.00000e+00
dlev27              =  9.99995e-01
dlev28              =  9.99995e-01
dlev29              =  9.99995e-01
dlev30              =  9.99995e-01
dlev31              =  9.99995e-01
dlev32              =  9.99995e-01
vos = 4.4995345321e-03
lowcount = 1.7999844844e+01
vbias               =  2.49745e-01
Reset re-loads circuit * comparator-offset-transient-mc @ tt_mismatch_125c_1.32v -- generated by sim/harness, do not edit

Circuit: * comparator-offset-transient-mc @ tt_mismatch_125c_1.32v -- generated by sim/harness, do not edit

Doing analysis at TEMP = 125.000000 and TNOM = 27.000000

Using SPARSE 1.3 as Direct Linear Solver

Initial Transient Solution
--------------------------

Node                                   Voltage
----                                   -------
vdd                                       1.32
cm                                         0.6
vd                                      -0.048
ap                                       0.576
an                                       0.624
clk                                          0
ibn                                   0.250325
xa.x1.tmid                         8.16866e-05
xa.x1.tail                            0.586708
xa.x1.np                               1.31998
xa.x1.nn                               1.31993
xa.x1.ln                                  1.32
xa.x1.lp                                  1.32
xa.x1.lnb                          3.41754e-06
xa.x1.lpb                          3.64138e-06
xa.x1.na                               1.28012
doutb                                 0.668657
dout                                  0.673524
xa.x1.nb                               1.27959
doutn                                 0.510246
bdoutn#branch                                0
ean#branch                         3.76657e-12
eap#branch                         4.71603e-12
vclk#branch                         6.7816e-10
vd#branch                                    0
vcm#branch                          8.4826e-12
vsup#branch                       -0.000179121

 Reference value :  1.02800e-09
 Reference value :  7.19027e-08
 Reference value :  1.47095e-07
 Reference value :  2.20512e-07
 Reference value :  2.92594e-07
 Reference value :  3.70000e-07
 Reference value :  4.40201e-07
 Reference value :  5.16450e-07
 Reference value :  5.94097e-07
 Reference value :  6.76412e-07
 Reference value :  7.58450e-07
 Reference value :  8.34898e-07
 Reference value :  9.11503e-07
 Reference value :  9.85512e-07
No. of Data Rows : 10867
dlev0               =  1.28236e-06
dlev1               =  3.18712e-06
dlev2               =  3.26289e-06
dlev3               =  3.33816e-06
dlev4               =  3.39824e-06
dlev5               =  3.47831e-06
dlev6               =  3.55681e-06
dlev7               =  3.63488e-06
dlev8               =  3.71371e-06
dlev9               =  3.79397e-06
dlev10              =  3.87554e-06
dlev11              =  3.95300e-06
dlev12              =  3.99401e-06
dlev13              =  4.12883e-06
dlev14              =  9.99993e-01
dlev15              =  9.99994e-01
dlev16              =  9.99994e-01
dlev17              =  9.99994e-01
dlev18              =  9.99994e-01
dlev19              =  9.99994e-01
dlev20              =  9.99994e-01
dlev21              =  9.99994e-01
dlev22              =  9.99994e-01
dlev23              =  9.99993e-01
dlev24              =  9.99993e-01
dlev25              =  9.99993e-01
dlev26              =  9.99993e-01
dlev27              =  9.99993e-01
dlev28              =  9.99993e-01
dlev29              =  9.99993e-01
dlev30              =  9.99993e-01
dlev31              =  9.99993e-01
dlev32              =  1.00000e+00
vos = -7.499789693e-03
lowcount = 1.4000070102e+01
vbias               =  2.50325e-01
Reset re-loads circuit * comparator-offset-transient-mc @ tt_mismatch_125c_1.32v -- generated by sim/harness, do not edit

Circuit: * comparator-offset-transient-mc @ tt_mismatch_125c_1.32v -- generated by sim/harness, do not edit

Doing analysis at TEMP = 125.000000 and TNOM = 27.000000

Using SPARSE 1.3 as Direct Linear Solver

Initial Transient Solution
--------------------------

Node                                   Voltage
----                                   -------
vdd                                       1.32
cm                                         0.6
vd                                      -0.048
ap                                       0.576
an                                       0.624
clk                                          0
ibn                                   0.252047
xa.x1.tmid                         8.67493e-05
xa.x1.tail                            0.583991
xa.x1.np                               1.31998
xa.x1.nn                               1.31992
xa.x1.ln                                  1.32
xa.x1.lp                                  1.32
xa.x1.lnb                          4.06726e-06
xa.x1.lpb                          3.74385e-06
xa.x1.na                               1.27902
doutb                                 0.673889
dout                                  0.673062
xa.x1.nb                               1.27823
doutn                                 0.509896
bdoutn#branch                                0
ean#branch                         3.76679e-12
eap#branch                         4.71623e-12
vclk#branch                        6.72861e-10
vd#branch                                    0
vcm#branch                         8.48302e-12
vsup#branch                       -0.000182438

 Reference value :  5.02018e-08
 Reference value :  1.26350e-07
 Reference value :  2.03099e-07
 Reference value :  2.80150e-07
 Reference value :  3.58427e-07
 Reference value :  4.31893e-07
 Reference value :  5.06497e-07
 Reference value :  5.80803e-07
 Reference value :  6.54412e-07
 Reference value :  7.30067e-07
 Reference value :  8.03796e-07
 Reference value :  8.83403e-07
 Reference value :  9.59323e-07
No. of Data Rows : 10865
dlev0               =  8.95768e-06
dlev1               =  1.39792e-05
dlev2               =  8.95363e-06
dlev3               =  8.96111e-06
dlev4               =  8.97825e-06
dlev5               =  9.00250e-06
dlev6               =  9.02792e-06
dlev7               =  9.05164e-06
dlev8               =  9.07358e-06
dlev9               =  9.09464e-06
dlev10              =  9.11622e-06
dlev11              =  1.24107e-05
dlev12              =  1.41984e-05
dlev13              =  1.17638e-05
dlev14              =  1.47706e-05
dlev15              =  9.16229e-06
dlev16              =  9.28685e-06
dlev17              =  9.99996e-01
dlev18              =  9.99997e-01
dlev19              =  1.00000e+00
dlev20              =  9.99998e-01
dlev21              =  1.00000e+00
dlev22              =  1.00000e+00
dlev23              =  9.99997e-01
dlev24              =  9.99997e-01
dlev25              =  9.99997e-01
dlev26              =  9.99997e-01
dlev27              =  9.99997e-01
dlev28              =  9.99997e-01
dlev29              =  9.99997e-01
dlev30              =  9.99997e-01
dlev31              =  1.00000e+00
dlev32              =  1.00000e+00
vos = 1.4995758328e-03
lowcount = 1.6999858611e+01
vbias               =  2.52047e-01
Reset re-loads circuit * comparator-offset-transient-mc @ tt_mismatch_125c_1.32v -- generated by sim/harness, do not edit

Circuit: * comparator-offset-transient-mc @ tt_mismatch_125c_1.32v -- generated by sim/harness, do not edit

Doing analysis at TEMP = 125.000000 and TNOM = 27.000000

Using SPARSE 1.3 as Direct Linear Solver

Initial Transient Solution
--------------------------

Node                                   Voltage
----                                   -------
vdd                                       1.32
cm                                         0.6
vd                                      -0.048
ap                                       0.576
an                                       0.624
clk                                          0
ibn                                   0.249985
xa.x1.tmid                           0.0001016
xa.x1.tail                            0.580863
xa.x1.np                               1.31997
xa.x1.nn                               1.31992
xa.x1.ln                                  1.32
xa.x1.lp                                  1.32
xa.x1.lnb                          4.03225e-06
xa.x1.lpb                          3.84176e-06
xa.x1.na                               1.28011
doutb                                 0.676266
dout                                  0.678725
xa.x1.nb                               1.28061
doutn                                 0.514186
bdoutn#branch                                0
ean#branch                         3.76507e-12
eap#branch                         4.71345e-12
vclk#branch                        6.73605e-10
vd#branch                                    0
vcm#branch                         8.47852e-12
vsup#branch                       -0.000178502

 Reference value :  2.48961e-08
 Reference value :  1.00706e-07
 Reference value :  1.75095e-07
 Reference value :  2.54905e-07
 Reference value :  3.33350e-07
 Reference value :  4.10107e-07
 Reference value :  4.87750e-07
 Reference value :  5.62588e-07
 Reference value :  6.42499e-07
 Reference value :  7.20030e-07
 Reference value :  7.97004e-07
 Reference value :  8.74750e-07
 Reference value :  9.50204e-07
No. of Data Rows : 10864
dlev0               =  7.74761e-06
dlev1               =  7.71065e-06
dlev2               =  7.73988e-06
dlev3               =  7.76972e-06
dlev4               =  7.79959e-06
dlev5               =  7.82977e-06
dlev6               =  7.86093e-06
dlev7               =  7.89376e-06
dlev8               =  7.92873e-06
dlev9               =  7.96608e-06
dlev10              =  9.84302e-06
dlev11              =  1.15766e-05
dlev12              =  1.17675e-05
dlev13              =  9.37096e-06
dlev14              =  8.10584e-06
dlev15              =  8.20556e-06
dlev16              =  8.30458e-06
dlev17              =  8.28023e-06
dlev18              =  9.99992e-01
dlev19              =  9.99994e-01
dlev20              =  9.99994e-01
dlev21              =  1.00000e+00
dlev22              =  1.00000e+00
dlev23              =  1.00000e+00
dlev24              =  1.00000e+00
dlev25              =  9.99994e-01
dlev26              =  9.99994e-01
dlev27              =  9.99994e-01
dlev28              =  9.99994e-01
dlev29              =  9.99994e-01
dlev30              =  9.99994e-01
dlev31              =  9.99994e-01
dlev32              =  9.99993e-01
vos = 4.4997437971e-03
lowcount = 1.7999914599e+01
vbias               =  2.49985e-01
Reset re-loads circuit * comparator-offset-transient-mc @ tt_mismatch_125c_1.32v -- generated by sim/harness, do not edit

Circuit: * comparator-offset-transient-mc @ tt_mismatch_125c_1.32v -- generated by sim/harness, do not edit

Doing analysis at TEMP = 125.000000 and TNOM = 27.000000

Using SPARSE 1.3 as Direct Linear Solver

Initial Transient Solution
--------------------------

Node                                   Voltage
----                                   -------
vdd                                       1.32
cm                                         0.6
vd                                      -0.048
ap                                       0.576
an                                       0.624
clk                                          0
ibn                                   0.251116
xa.x1.tmid                         9.28595e-05
xa.x1.tail                            0.582273
xa.x1.np                               1.31997
xa.x1.nn                               1.31992
xa.x1.ln                                  1.32
xa.x1.lp                                  1.32
xa.x1.lnb                          3.58575e-06
xa.x1.lpb                          3.61317e-06
xa.x1.na                               1.27766
doutb                                 0.675003
dout                                  0.667148
xa.x1.nb                                1.2796
doutn                                 0.505415
bdoutn#branch                                0
ean#branch                         3.76474e-12
eap#branch                         4.71567e-12
vclk#branch                        6.74972e-10
vd#branch                                    0
vcm#branch                         8.48041e-12
vsup#branch                       -0.000178737

 Reference value :  1.81201e-08
 Reference value :  9.77500e-08
 Reference value :  1.74792e-07
 Reference value :  2.51605e-07
 Reference value :  3.26903e-07
 Reference value :  4.02197e-07
 Reference value :  4.81150e-07
 Reference value :  5.60690e-07
 Reference value :  6.40003e-07
 Reference value :  7.17791e-07
 Reference value :  7.99405e-07
 Reference value :  8.80405e-07
 Reference value :  9.59810e-07
No. of Data Rows : 10868
dlev0               =  -2.25485e-06
dlev1               =  -8.31811e-07
dlev2               =  -6.73657e-07
dlev3               =  -5.12613e-07
dlev4               =  -3.51571e-07
dlev5               =  -1.92083e-07
dlev6               =  -3.43983e-08
dlev7               =  1.22031e-07
dlev8               =  2.77960e-07
dlev9               =  4.33985e-07
dlev10              =  1.57690e-05
dlev11              =  6.52192e-06
dlev12              =  5.74602e-06
dlev13              =  1.61452e-05
dlev14              =  1.17382e-06
dlev15              =  1.38639e-06
dlev16              =  9.99995e-01
dlev17              =  9.99996e-01
dlev18              =  9.99996e-01
dlev19              =  9.99999e-01
dlev20              =  9.99998e-01
dlev21              =  1.00000e+00
dlev22              =  1.00000e+00
dlev23              =  9.99996e-01
dlev24              =  9.99996e-01
dlev25              =  9.99996e-01
dlev26              =  9.99996e-01
dlev27              =  9.99996e-01
dlev28              =  9.99996e-01
dlev29              =  9.99996e-01
dlev30              =  9.99996e-01
dlev31              =  9.99995e-01
dlev32              =  9.99995e-01
vos = -1.499963476e-03
lowcount = 1.6000012175e+01
vbias               =  2.51116e-01
Reset re-loads circuit * comparator-offset-transient-mc @ tt_mismatch_125c_1.32v -- generated by sim/harness, do not edit

Circuit: * comparator-offset-transient-mc @ tt_mismatch_125c_1.32v -- generated by sim/harness, do not edit

Doing analysis at TEMP = 125.000000 and TNOM = 27.000000

Using SPARSE 1.3 as Direct Linear Solver

Initial Transient Solution
--------------------------

Node                                   Voltage
----                                   -------
vdd                                       1.32
cm                                         0.6
vd                                      -0.048
ap                                       0.576
an                                       0.624
clk                                          0
ibn                                    0.24829
xa.x1.tmid                         8.88938e-05
xa.x1.tail                            0.585744
xa.x1.np                               1.31998
xa.x1.nn                               1.31993
xa.x1.ln                                  1.32
xa.x1.lp                                  1.32
xa.x1.lnb                          4.77204e-06
xa.x1.lpb                          3.96236e-06
xa.x1.na                                  1.32
doutb                                  1.31999
dout                                4.8791e-06
xa.x1.nb                                  1.32
doutn                              3.69629e-06
bdoutn#branch                                0
ean#branch                         3.76779e-12
eap#branch                         4.71745e-12
vclk#branch                        6.72149e-10
vd#branch                                    0
vcm#branch                         8.48524e-12
vsup#branch                       -2.01825e-05

 Reference value :  2.47997e-08
 Reference value :  1.00403e-07
 Reference value :  1.75596e-07
 Reference value :  2.51497e-07
 Reference value :  3.30150e-07
 Reference value :  4.09703e-07
 Reference value :  4.88150e-07
 Reference value :  5.65898e-07
 Reference value :  6.42693e-07
 Reference value :  7.26550e-07
 Reference value :  8.03401e-07
 Reference value :  8.80603e-07
 Reference value :  9.55402e-07
No. of Data Rows : 10856
dlev0               =  7.18376e-06
dlev1               =  7.15505e-06
dlev2               =  7.17029e-06
dlev3               =  7.18584e-06
dlev4               =  7.08413e-06
dlev5               =  7.09831e-06
dlev6               =  7.11480e-06
dlev7               =  1.00619e-05
dlev8               =  1.24557e-05
dlev9               =  1.33579e-05
dlev10              =  1.36615e-05
dlev11              =  1.36012e-05
dlev12              =  1.18607e-05
dlev13              =  7.24511e-06
dlev14              =  7.34097e-06
dlev15              =  1.19626e-05
dlev16              =  9.99995e-01
dlev17              =  9.99997e-01
dlev18              =  9.99997e-01
dlev19              =  9.99997e-01
dlev20              =  9.99999e-01
dlev21              =  9.99999e-01
dlev22              =  9.99999e-01
dlev23              =  9.99999e-01
dlev24              =  9.99997e-01
dlev25              =  9.99997e-01
dlev26              =  9.99997e-01
dlev27              =  9.99997e-01
dlev28              =  9.99997e-01
dlev29              =  9.99997e-01
dlev30              =  9.99997e-01
dlev31              =  9.99997e-01
dlev32              =  9.99997e-01
vos = -1.500310619e-03
lowcount = 1.5999896460e+01
vbias               =  2.48290e-01
Reset re-loads circuit * comparator-offset-transient-mc @ tt_mismatch_125c_1.32v -- generated by sim/harness, do not edit

Circuit: * comparator-offset-transient-mc @ tt_mismatch_125c_1.32v -- generated by sim/harness, do not edit

Doing analysis at TEMP = 125.000000 and TNOM = 27.000000

Using SPARSE 1.3 as Direct Linear Solver

Initial Transient Solution
--------------------------

Node                                   Voltage
----                                   -------
vdd                                       1.32
cm                                         0.6
vd                                      -0.048
ap                                       0.576
an                                       0.624
clk                                          0
ibn                                   0.252116
xa.x1.tmid                           8.702e-05
xa.x1.tail                             0.58293
xa.x1.np                               1.31997
xa.x1.nn                               1.31993
xa.x1.ln                                  1.32
xa.x1.lp                                  1.32
xa.x1.lnb                          3.95278e-06
xa.x1.lpb                            4.071e-06
xa.x1.na                               1.27989
doutb                                 0.662815
dout                                  0.671792
xa.x1.nb                               1.27934
doutn                                 0.508933
bdoutn#branch                                0
ean#branch                         3.76432e-12
eap#branch                         4.71492e-12
vclk#branch                        6.73636e-10
vd#branch                                    0
vcm#branch                         8.47925e-12
vsup#branch                       -0.000178916

 Reference value :  2.09978e-08
 Reference value :  1.00403e-07
 Reference value :  1.76096e-07
 Reference value :  2.51593e-07
 Reference value :  3.27208e-07
 Reference value :  4.07803e-07
 Reference value :  4.83950e-07
 Reference value :  5.60121e-07
 Reference value :  6.40503e-07
 Reference value :  7.17500e-07
 Reference value :  7.93703e-07
 Reference value :  8.69201e-07
 Reference value :  9.41900e-07
No. of Data Rows : 10856
dlev0               =  4.59019e-06
dlev1               =  4.61836e-06
dlev2               =  4.67942e-06
dlev3               =  4.73922e-06
dlev4               =  4.79894e-06
dlev5               =  4.85966e-06
dlev6               =  1.27133e-05
dlev7               =  1.42099e-05
dlev8               =  1.37353e-05
dlev9               =  7.44344e-06
dlev10              =  1.46103e-05
dlev11              =  5.19343e-06
dlev12              =  5.33872e-06
dlev13              =  5.38658e-06
dlev14              =  9.99993e-01
dlev15              =  9.99996e-01
dlev16              =  9.99999e-01
dlev17              =  1.00000e+00
dlev18              =  1.00000e+00
dlev19              =  9.99999e-01
dlev20              =  9.99999e-01
dlev21              =  9.99996e-01
dlev22              =  9.99996e-01
dlev23              =  9.99996e-01
dlev24              =  9.99996e-01
dlev25              =  9.99996e-01
dlev26              =  9.99996e-01
dlev27              =  9.99996e-01
dlev28              =  9.99996e-01
dlev29              =  9.99996e-01
dlev30              =  9.99996e-01
dlev31              =  9.99996e-01
dlev32              =  9.99999e-01
vos = -7.500143151e-03
lowcount = 1.3999952283e+01
vbias               =  2.52116e-01
Reset re-loads circuit * comparator-offset-transient-mc @ tt_mismatch_125c_1.32v -- generated by sim/harness, do not edit

Circuit: * comparator-offset-transient-mc @ tt_mismatch_125c_1.32v -- generated by sim/harness, do not edit

Doing analysis at TEMP = 125.000000 and TNOM = 27.000000

Using SPARSE 1.3 as Direct Linear Solver

Initial Transient Solution
--------------------------

Node                                   Voltage
----                                   -------
vdd                                       1.32
cm                                         0.6
vd                                      -0.048
ap                                       0.576
an                                       0.624
clk                                          0
ibn                                   0.249526
xa.x1.tmid                         9.17781e-05
xa.x1.tail                             0.58392
xa.x1.np                               1.31998
xa.x1.nn                               1.31992
xa.x1.ln                                  1.32
xa.x1.lp                                  1.32
xa.x1.lnb                          3.84884e-06
xa.x1.lpb                          3.98328e-06
xa.x1.na                               1.28011
doutb                                 0.669273
dout                                  0.669614
xa.x1.nb                               1.28009
doutn                                 0.507283
bdoutn#branch                                0
ean#branch                         3.76738e-12
eap#branch                         4.71784e-12
vclk#branch                        6.69509e-10
vd#branch                                    0
vcm#branch                         8.48521e-12
vsup#branch                       -0.000177409

 Reference value :  5.56718e-09
 Reference value :  8.02101e-08
 Reference value :  1.57450e-07
 Reference value :  2.30200e-07
 Reference value :  3.04050e-07
 Reference value :  3.78204e-07
 Reference value :  4.51050e-07
 Reference value :  5.23204e-07
 Reference value :  5.96729e-07
 Reference value :  6.70704e-07
 Reference value :  7.44594e-07
 Reference value :  8.20204e-07
 Reference value :  8.99697e-07
 Reference value :  9.78904e-07
No. of Data Rows : 10867
dlev0               =  1.07745e-05
dlev1               =  7.39635e-06
dlev2               =  7.40706e-06
dlev3               =  7.41794e-06
dlev4               =  7.42993e-06
dlev5               =  7.44385e-06
dlev6               =  7.46019e-06
dlev7               =  1.18905e-05
dlev8               =  1.33146e-05
dlev9               =  1.40080e-05
dlev10              =  1.40676e-05
dlev11              =  1.29082e-05
dlev12              =  7.52962e-06
dlev13              =  7.62501e-06
dlev14              =  7.70140e-06
dlev15              =  7.72321e-06
dlev16              =  9.99994e-01
dlev17              =  9.99997e-01
dlev18              =  9.99997e-01
dlev19              =  1.00000e+00
dlev20              =  1.00000e+00
dlev21              =  1.00000e+00
dlev22              =  1.00000e+00
dlev23              =  1.00000e+00
dlev24              =  9.99997e-01
dlev25              =  9.99997e-01
dlev26              =  9.99997e-01
dlev27              =  9.99997e-01
dlev28              =  9.99996e-01
dlev29              =  9.99996e-01
dlev30              =  9.99996e-01
dlev31              =  9.99996e-01
dlev32              =  9.99996e-01
vos = -1.500331194e-03
lowcount = 1.5999889602e+01
vbias               =  2.49526e-01
Reset re-loads circuit * comparator-offset-transient-mc @ tt_mismatch_125c_1.32v -- generated by sim/harness, do not edit

Circuit: * comparator-offset-transient-mc @ tt_mismatch_125c_1.32v -- generated by sim/harness, do not edit

Doing analysis at TEMP = 125.000000 and TNOM = 27.000000

Using SPARSE 1.3 as Direct Linear Solver

Initial Transient Solution
--------------------------

Node                                   Voltage
----                                   -------
vdd                                       1.32
cm                                         0.6
vd                                      -0.048
ap                                       0.576
an                                       0.624
clk                                          0
ibn                                   0.249692
xa.x1.tmid                          9.2866e-05
xa.x1.tail                            0.583923
xa.x1.np                               1.31998
xa.x1.nn                               1.31992
xa.x1.ln                                  1.32
xa.x1.lp                                  1.32
xa.x1.lnb                          3.83978e-06
xa.x1.lpb                           4.1201e-06
xa.x1.na                               1.28097
doutb                                 0.671112
dout                                   0.66841
xa.x1.nb                               1.28075
doutn                                 0.506371
bdoutn#branch                                0
ean#branch                         3.76807e-12
eap#branch                         4.71623e-12
vclk#branch                        6.74732e-10
vd#branch                                    0
vcm#branch                          8.4843e-12
vsup#branch                       -0.000180394

 Reference value :  4.73042e-08
 Reference value :  1.26450e-07
 Reference value :  2.02297e-07
 Reference value :  2.79150e-07
 Reference value :  3.50323e-07
 Reference value :  4.24450e-07
 Reference value :  4.97404e-07
 Reference value :  5.73450e-07
 Reference value :  6.48204e-07
 Reference value :  7.26250e-07
 Reference value :  8.02800e-07
 Reference value :  8.82404e-07
 Reference value :  9.62350e-07
No. of Data Rows : 10855
dlev0               =  4.56931e-06
dlev1               =  4.58710e-06
dlev2               =  4.65341e-06
dlev3               =  4.71949e-06
dlev4               =  4.77995e-06
dlev5               =  4.84062e-06
dlev6               =  4.91226e-06
dlev7               =  4.97190e-06
dlev8               =  5.03339e-06
dlev9               =  5.09700e-06
dlev10              =  1.25589e-05
dlev11              =  1.35292e-05
dlev12              =  1.38001e-05
dlev13              =  1.34036e-05
dlev14              =  5.37451e-06
dlev15              =  5.47595e-06
dlev16              =  5.60472e-06
dlev17              =  1.25132e-05
dlev18              =  9.99994e-01
dlev19              =  9.99996e-01
dlev20              =  9.99996e-01
dlev21              =  9.99996e-01
dlev22              =  9.99998e-01
dlev23              =  9.99999e-01
dlev24              =  9.99999e-01
dlev25              =  9.99998e-01
dlev26              =  9.99996e-01
dlev27              =  9.99996e-01
dlev28              =  9.99996e-01
dlev29              =  9.99996e-01
dlev30              =  9.99996e-01
dlev31              =  9.99996e-01
dlev32              =  9.99996e-01
vos = 4.4997731261e-03
lowcount = 1.7999924375e+01
vbias               =  2.49692e-01
Reset re-loads circuit * comparator-offset-transient-mc @ tt_mismatch_125c_1.32v -- generated by sim/harness, do not edit

Circuit: * comparator-offset-transient-mc @ tt_mismatch_125c_1.32v -- generated by sim/harness, do not edit

Doing analysis at TEMP = 125.000000 and TNOM = 27.000000

Using SPARSE 1.3 as Direct Linear Solver

Initial Transient Solution
--------------------------

Node                                   Voltage
----                                   -------
vdd                                       1.32
cm                                         0.6
vd                                      -0.048
ap                                       0.576
an                                       0.624
clk                                          0
ibn                                   0.245663
xa.x1.tmid                         9.68174e-05
xa.x1.tail                            0.581098
xa.x1.np                               1.31997
xa.x1.nn                               1.31992
xa.x1.ln                                  1.32
xa.x1.lp                                  1.32
xa.x1.lnb                          4.16157e-06
xa.x1.lpb                          3.90221e-06
xa.x1.na                                  1.32
doutb                              5.08825e-06
dout                                   1.31999
xa.x1.nb                                  1.32
doutn                                 0.999994
bdoutn#branch                                0
ean#branch                         3.76882e-12
eap#branch                         4.71639e-12
vclk#branch                        6.71476e-10
vd#branch                                    0
vcm#branch                         8.48521e-12
vsup#branch                       -2.01927e-05

 Reference value :  3.21500e-08
 Reference value :  1.09297e-07
 Reference value :  1.85050e-07
 Reference value :  2.60110e-07
 Reference value :  3.35850e-07
 Reference value :  4.10106e-07
 Reference value :  4.86250e-07
 Reference value :  5.63892e-07
 Reference value :  6.44505e-07
 Reference value :  7.26250e-07
 Reference value :  8.00292e-07
 Reference value :  8.75150e-07
 Reference value :  9.46603e-07
No. of Data Rows : 10865
dlev0               =  4.32543e-06
dlev1               =  9.70710e-06
dlev2               =  1.10300e-05
dlev3               =  1.17261e-05
dlev4               =  1.24275e-05
dlev5               =  1.16007e-05
dlev6               =  1.01928e-05
dlev7               =  4.02472e-06
dlev8               =  4.10218e-06
dlev9               =  4.19836e-06
dlev10              =  4.30101e-06
dlev11              =  4.39860e-06
dlev12              =  4.48961e-06
dlev13              =  8.57510e-06
dlev14              =  4.61510e-06
dlev15              =  9.99990e-01
dlev16              =  9.99992e-01
dlev17              =  9.99992e-01
dlev18              =  9.99992e-01
dlev19              =  9.99992e-01
dlev20              =  9.99992e-01
dlev21              =  9.99992e-01
dlev22              =  9.99992e-01
dlev23              =  9.99992e-01
dlev24              =  9.99992e-01
dlev25              =  9.99999e-01
dlev26              =  9.99999e-01
dlev27              =  9.99999e-01
dlev28              =  9.99999e-01
dlev29              =  9.99998e-01
dlev30              =  9.99991e-01
dlev31              =  9.99991e-01
dlev32              =  9.99991e-01
vos = -4.499979343e-03
lowcount = 1.5000006886e+01
vbias               =  2.45663e-01
Reset re-loads circuit * comparator-offset-transient-mc @ tt_mismatch_125c_1.32v -- generated by sim/harness, do not edit

Circuit: * comparator-offset-transient-mc @ tt_mismatch_125c_1.32v -- generated by sim/harness, do not edit

Doing analysis at TEMP = 125.000000 and TNOM = 27.000000

Using SPARSE 1.3 as Direct Linear Solver

Initial Transient Solution
--------------------------

Node                                   Voltage
----                                   -------
vdd                                       1.32
cm                                         0.6
vd                                      -0.048
ap                                       0.576
an                                       0.624
clk                                          0
ibn                                    0.25195
xa.x1.tmid                         8.88166e-05
xa.x1.tail                            0.583315
xa.x1.np                               1.31997
xa.x1.nn                               1.31992
xa.x1.ln                                  1.32
xa.x1.lp                                  1.32
xa.x1.lnb                          3.70753e-06
xa.x1.lpb                          4.00835e-06
xa.x1.na                                1.2798
doutb                                 0.678888
dout                                  0.675436
xa.x1.nb                               1.27932
doutn                                 0.511694
bdoutn#branch                                0
ean#branch                         3.76432e-12
eap#branch                         4.71581e-12
vclk#branch                        6.75384e-10
vd#branch                                    0
vcm#branch                         8.48013e-12
vsup#branch                       -0.000181396

 Reference value :  1.01729e-08
 Reference value :  8.57986e-08
 Reference value :  1.61904e-07
 Reference value :  2.38898e-07
 Reference value :  3.13894e-07
 Reference value :  3.89596e-07
 Reference value :  4.64203e-07
 Reference value :  5.42250e-07
 Reference value :  6.14601e-07
 Reference value :  6.87294e-07
 Reference value :  7.66304e-07
 Reference value :  8.44750e-07
 Reference value :  9.20213e-07
No. of Data Rows : 10864
dlev0               =  1.50364e-06
dlev1               =  1.58836e-06
dlev2               =  1.71432e-06
dlev3               =  1.84018e-06
dlev4               =  1.96568e-06
dlev5               =  2.09126e-06
dlev6               =  2.21755e-06
dlev7               =  2.34504e-06
dlev8               =  1.44456e-05
dlev9               =  1.35384e-05
dlev10              =  1.29032e-05
dlev11              =  1.42481e-05
dlev12              =  2.95758e-06
dlev13              =  3.14358e-06
dlev14              =  9.99995e-01
dlev15              =  9.99995e-01
dlev16              =  9.99999e-01
dlev17              =  1.00000e+00
dlev18              =  1.00000e+00
dlev19              =  1.00000e+00
dlev20              =  9.99995e-01
dlev21              =  9.99995e-01
dlev22              =  9.99995e-01
dlev23              =  9.99995e-01
dlev24              =  9.99995e-01
dlev25              =  9.99995e-01
dlev26              =  9.99995e-01
dlev27              =  9.99995e-01
dlev28              =  9.99995e-01
dlev29              =  9.99995e-01
dlev30              =  9.99999e-01
dlev31              =  9.99999e-01
dlev32              =  9.99999e-01
vos = -7.500042308e-03
lowcount = 1.3999985897e+01
vbias               =  2.51950e-01
Reset re-loads circuit * comparator-offset-transient-mc @ tt_mismatch_125c_1.32v -- generated by sim/harness, do not edit

Circuit: * comparator-offset-transient-mc @ tt_mismatch_125c_1.32v -- generated by sim/harness, do not edit

Doing analysis at TEMP = 125.000000 and TNOM = 27.000000

Using SPARSE 1.3 as Direct Linear Solver

Initial Transient Solution
--------------------------

Node                                   Voltage
----                                   -------
vdd                                       1.32
cm                                         0.6
vd                                      -0.048
ap                                       0.576
an                                       0.624
clk                                          0
ibn                                   0.249654
xa.x1.tmid                         7.90931e-05
xa.x1.tail                            0.589859
xa.x1.np                               1.31998
xa.x1.nn                               1.31993
xa.x1.ln                                  1.32
xa.x1.lp                                  1.32
xa.x1.lnb                          3.20303e-06
xa.x1.lpb                          4.35663e-06
xa.x1.na                               1.27746
doutb                                 0.672458
dout                                  0.675153
xa.x1.nb                                1.2806
doutn                                 0.511479
bdoutn#branch                                0
ean#branch                         3.77112e-12
eap#branch                           4.718e-12
vclk#branch                        6.69151e-10
vd#branch                                    0
vcm#branch                         8.48913e-12
vsup#branch                       -0.000182528

 Reference value :  0.00000e+00
 Reference value :  7.25073e-08
 Reference value :  1.49201e-07
 Reference value :  2.24011e-07
 Reference value :  3.01650e-07
 Reference value :  3.76105e-07
 Reference value :  4.50550e-07
 Reference value :  5.29611e-07
 Reference value :  6.11002e-07
 Reference value :  6.94150e-07
 Reference value :  7.70243e-07
 Reference value :  8.44750e-07
 Reference value :  9.17611e-07
No. of Data Rows : 10852
dlev0               =  7.77960e-06
dlev1               =  7.84660e-06
dlev2               =  7.88882e-06
dlev3               =  7.93501e-06
dlev4               =  7.98445e-06
dlev5               =  8.03491e-06
dlev6               =  8.08451e-06
dlev7               =  8.13326e-06
dlev8               =  8.18373e-06
dlev9               =  8.23869e-06
dlev10              =  8.29936e-06
dlev11              =  8.36564e-06
dlev12              =  8.40286e-06
dlev13              =  8.43969e-06
dlev14              =  8.45190e-06
dlev15              =  8.44993e-06
dlev16              =  8.58480e-06
dlev17              =  9.99995e-01
dlev18              =  9.99998e-01
dlev19              =  9.99998e-01
dlev20              =  9.99998e-01
dlev21              =  9.99998e-01
dlev22              =  9.99998e-01
dlev23              =  9.99998e-01
dlev24              =  9.99998e-01
dlev25              =  9.99998e-01
dlev26              =  9.99998e-01
dlev27              =  9.99998e-01
dlev28              =  9.99998e-01
dlev29              =  9.99998e-01
dlev30              =  9.99998e-01
dlev31              =  9.99998e-01
dlev32              =  9.99998e-01
vos = 1.4996867887e-03
lowcount = 1.6999895596e+01
vbias               =  2.49654e-01
Reset re-loads circuit * comparator-offset-transient-mc @ tt_mismatch_125c_1.32v -- generated by sim/harness, do not edit

Circuit: * comparator-offset-transient-mc @ tt_mismatch_125c_1.32v -- generated by sim/harness, do not edit

Doing analysis at TEMP = 125.000000 and TNOM = 27.000000

Using SPARSE 1.3 as Direct Linear Solver

Initial Transient Solution
--------------------------

Node                                   Voltage
----                                   -------
vdd                                       1.32
cm                                         0.6
vd                                      -0.048
ap                                       0.576
an                                       0.624
clk                                          0
ibn                                   0.247398
xa.x1.tmid                         9.11458e-05
xa.x1.tail                            0.582891
xa.x1.np                               1.31998
xa.x1.nn                               1.31992
xa.x1.ln                                  1.32
xa.x1.lp                                  1.32
xa.x1.lnb                          3.62713e-06
xa.x1.lpb                           3.9796e-06
xa.x1.na                               1.27785
doutb                                 0.666041
dout                                  0.663651
xa.x1.nb                               1.27845
doutn                                 0.502766
bdoutn#branch                                0
ean#branch                         3.76682e-12
eap#branch                         4.71878e-12
vclk#branch                        6.77546e-10
vd#branch                                    0
vcm#branch                          8.4856e-12
vsup#branch                       -0.000184634

 Reference value :  0.00000e+00
 Reference value :  7.23039e-08
 Reference value :  1.51150e-07
 Reference value :  2.30120e-07
 Reference value :  3.10204e-07
 Reference value :  3.84793e-07
 Reference value :  4.60110e-07
 Reference value :  5.31399e-07
 Reference value :  6.09250e-07
 Reference value :  6.80228e-07
 Reference value :  7.55650e-07
 Reference value :  8.28500e-07
 Reference value :  9.04450e-07
 Reference value :  9.80182e-07
No. of Data Rows : 10859
dlev0               =  2.59993e-06
dlev1               =  5.96099e-06
dlev2               =  6.00984e-06
dlev3               =  6.06028e-06
dlev4               =  6.11269e-06
dlev5               =  6.16733e-06
dlev6               =  1.23124e-05
dlev7               =  1.33883e-05
dlev8               =  1.38626e-05
dlev9               =  1.38520e-05
dlev10              =  1.29267e-05
dlev11              =  6.45794e-06
dlev12              =  6.55095e-06
dlev13              =  6.67567e-06
dlev14              =  6.77478e-06
dlev15              =  1.23499e-05
dlev16              =  9.99996e-01
dlev17              =  9.99998e-01
dlev18              =  9.99998e-01
dlev19              =  9.99998e-01
dlev20              =  9.99998e-01
dlev21              =  9.99998e-01
dlev22              =  9.99998e-01
dlev23              =  9.99999e-01
dlev24              =  1.00000e+00
dlev25              =  9.99999e-01
dlev26              =  9.99999e-01
dlev27              =  9.99998e-01
dlev28              =  9.99997e-01
dlev29              =  9.99997e-01
dlev30              =  9.99997e-01
dlev31              =  9.99997e-01
dlev32              =  9.99997e-01
vos = -1.500307387e-03
lowcount = 1.5999897538e+01
vbias               =  2.47398e-01
Reset re-loads circuit * comparator-offset-transient-mc @ tt_mismatch_125c_1.32v -- generated by sim/harness, do not edit

Circuit: * comparator-offset-transient-mc @ tt_mismatch_125c_1.32v -- generated by sim/harness, do not edit

Doing analysis at TEMP = 125.000000 and TNOM = 27.000000

Using SPARSE 1.3 as Direct Linear Solver

Initial Transient Solution
--------------------------

Node                                   Voltage
----                                   -------
vdd                                       1.32
cm                                         0.6
vd                                      -0.048
ap                                       0.576
an                                       0.624
clk                                          0
ibn                                   0.249087
xa.x1.tmid                         8.55694e-05
xa.x1.tail                            0.586747
xa.x1.np                               1.31998
xa.x1.nn                               1.31993
xa.x1.ln                                  1.32
xa.x1.lp                                  1.32
xa.x1.lnb                          3.13486e-06
xa.x1.lpb                          4.02525e-06
xa.x1.na                                  1.32
doutb                                  1.31999
dout                               5.05962e-06
xa.x1.nb                                  1.32
doutn                              3.83305e-06
bdoutn#branch                                0
ean#branch                         3.76604e-12
eap#branch                          4.7177e-12
vclk#branch                        6.76974e-10
vd#branch                                    0
vcm#branch                         8.48374e-12
vsup#branch                       -2.01762e-05

 Reference value :  4.79029e-08
 Reference value :  1.23950e-07
 Reference value :  1.99603e-07
 Reference value :  2.78150e-07
 Reference value :  3.50516e-07
 Reference value :  4.26050e-07
 Reference value :  4.99095e-07
 Reference value :  5.75250e-07
 Reference value :  6.49995e-07
 Reference value :  7.26650e-07
 Reference value :  8.00204e-07
 Reference value :  8.77750e-07
 Reference value :  9.50201e-07
No. of Data Rows : 10856
dlev0               =  7.74552e-06
dlev1               =  7.79190e-06
dlev2               =  7.83101e-06
dlev3               =  7.87054e-06
dlev4               =  7.91143e-06
dlev5               =  7.95457e-06
dlev6               =  8.00051e-06
dlev7               =  8.04945e-06
dlev8               =  1.04455e-05
dlev9               =  1.27063e-05
dlev10              =  1.36740e-05
dlev11              =  1.39465e-05
dlev12              =  1.39573e-05
dlev13              =  1.20716e-05
dlev14              =  8.30870e-06
dlev15              =  8.39769e-06
dlev16              =  1.34003e-05
dlev17              =  9.99993e-01
dlev18              =  9.99995e-01
dlev19              =  9.99995e-01
dlev20              =  9.99995e-01
dlev21              =  1.00000e+00
dlev22              =  1.00000e+00
dlev23              =  1.00000e+00
dlev24              =  1.00000e+00
dlev25              =  1.00000e+00
dlev26              =  9.99995e-01
dlev27              =  9.99995e-01
dlev28              =  9.99995e-01
dlev29              =  9.99995e-01
dlev30              =  9.99995e-01
dlev31              =  9.99995e-01
dlev32              =  9.99995e-01
vos = 1.4996560118e-03
lowcount = 1.6999885337e+01
vbias               =  2.49087e-01
Reset re-loads circuit * comparator-offset-transient-mc @ tt_mismatch_125c_1.32v -- generated by sim/harness, do not edit

Circuit: * comparator-offset-transient-mc @ tt_mismatch_125c_1.32v -- generated by sim/harness, do not edit

Doing analysis at TEMP = 125.000000 and TNOM = 27.000000

Using SPARSE 1.3 as Direct Linear Solver

Initial Transient Solution
--------------------------

Node                                   Voltage
----                                   -------
vdd                                       1.32
cm                                         0.6
vd                                      -0.048
ap                                       0.576
an                                       0.624
clk                                          0
ibn                                   0.252609
xa.x1.tmid                         8.71289e-05
xa.x1.tail                            0.585782
xa.x1.np                               1.31998
xa.x1.nn                               1.31992
xa.x1.ln                                  1.32
xa.x1.lp                                  1.32
xa.x1.lnb                          3.43824e-06
xa.x1.lpb                          4.17024e-06
xa.x1.na                               1.27835
doutb                                 0.678734
dout                                  0.673849
xa.x1.nb                               1.28108
doutn                                 0.510491
bdoutn#branch                                0
ean#branch                         3.76713e-12
eap#branch                         4.71481e-12
vclk#branch                        6.73196e-10
vd#branch                                    0
vcm#branch                         8.48194e-12
vsup#branch                       -0.000180331

 Reference value :  1.35455e-08
 Reference value :  8.85070e-08
 Reference value :  1.62603e-07
 Reference value :  2.38096e-07
 Reference value :  3.13503e-07
 Reference value :  3.92850e-07
 Reference value :  4.70394e-07
 Reference value :  5.47650e-07
 Reference value :  6.20316e-07
 Reference value :  6.95850e-07
 Reference value :  7.70204e-07
 Reference value :  8.48150e-07
 Reference value :  9.21204e-07
No. of Data Rows : 10865
dlev0               =  3.42556e-06
dlev1               =  1.20035e-05
dlev2               =  1.32168e-05
dlev3               =  1.32615e-05
dlev4               =  3.56428e-06
dlev5               =  3.63683e-06
dlev6               =  3.71852e-06
dlev7               =  3.80336e-06
dlev8               =  3.88701e-06
dlev9               =  3.96797e-06
dlev10              =  4.04719e-06
dlev11              =  4.12627e-06
dlev12              =  1.42528e-05
dlev13              =  1.36322e-05
dlev14              =  1.42409e-05
dlev15              =  4.43543e-06
dlev16              =  9.99994e-01
dlev17              =  9.99996e-01
dlev18              =  1.00000e+00
dlev19              =  1.00000e+00
dlev20              =  1.00000e+00
dlev21              =  9.99996e-01
dlev22              =  9.99996e-01
dlev23              =  9.99996e-01
dlev24              =  9.99996e-01
dlev25              =  9.99996e-01
dlev26              =  9.99996e-01
dlev27              =  9.99996e-01
dlev28              =  9.99995e-01
dlev29              =  1.00000e+00
dlev30              =  1.00000e+00
dlev31              =  1.00000e+00
dlev32              =  9.99996e-01
vos = -1.500225360e-03
lowcount = 1.5999924880e+01
vbias               =  2.52609e-01
Reset re-loads circuit * comparator-offset-transient-mc @ tt_mismatch_125c_1.32v -- generated by sim/harness, do not edit

Circuit: * comparator-offset-transient-mc @ tt_mismatch_125c_1.32v -- generated by sim/harness, do not edit

Doing analysis at TEMP = 125.000000 and TNOM = 27.000000

Using SPARSE 1.3 as Direct Linear Solver

Initial Transient Solution
--------------------------

Node                                   Voltage
----                                   -------
vdd                                       1.32
cm                                         0.6
vd                                      -0.048
ap                                       0.576
an                                       0.624
clk                                          0
ibn                                   0.251143
xa.x1.tmid                         8.91752e-05
xa.x1.tail                            0.584289
xa.x1.np                               1.31998
xa.x1.nn                               1.31992
xa.x1.ln                                  1.32
xa.x1.lp                                  1.32
xa.x1.lnb                          3.83345e-06
xa.x1.lpb                          4.12025e-06
xa.x1.na                               1.27957
doutb                                 0.672794
dout                                  0.675608
xa.x1.nb                               1.28092
doutn                                 0.511824
bdoutn#branch                                0
ean#branch                         3.76635e-12
eap#branch                         4.71304e-12
vclk#branch                        6.72199e-10
vd#branch                                    0
vcm#branch                         8.47938e-12
vsup#branch                       -0.000178414

 Reference value :  0.00000e+00
 Reference value :  7.21036e-08
 Reference value :  1.49299e-07
 Reference value :  2.28704e-07
 Reference value :  3.03050e-07
 Reference value :  3.74795e-07
 Reference value :  4.48222e-07
 Reference value :  5.22004e-07
 Reference value :  5.96593e-07
 Reference value :  6.73095e-07
 Reference value :  7.45594e-07
 Reference value :  8.20100e-07
 Reference value :  8.91595e-07
 Reference value :  9.70204e-07
No. of Data Rows : 10863
dlev0               =  9.10121e-06
dlev1               =  9.01238e-06
dlev2               =  9.02093e-06
dlev3               =  9.03906e-06
dlev4               =  9.06044e-06
dlev5               =  9.08101e-06
dlev6               =  9.09909e-06
dlev7               =  9.11508e-06
dlev8               =  9.13033e-06
dlev9               =  9.14625e-06
dlev10              =  9.16377e-06
dlev11              =  1.30337e-05
dlev12              =  1.43571e-05
dlev13              =  1.47639e-05
dlev14              =  1.38364e-05
dlev15              =  9.18892e-06
dlev16              =  9.32259e-06
dlev17              =  9.36711e-06
dlev18              =  9.99994e-01
dlev19              =  9.99996e-01
dlev20              =  1.00000e+00
dlev21              =  1.00000e+00
dlev22              =  1.00000e+00
dlev23              =  1.00000e+00
dlev24              =  9.99996e-01
dlev25              =  9.99996e-01
dlev26              =  9.99996e-01
dlev27              =  9.99996e-01
dlev28              =  9.99996e-01
dlev29              =  9.99996e-01
dlev30              =  9.99996e-01
dlev31              =  9.99996e-01
dlev32              =  9.99996e-01
vos = 4.4995897824e-03
lowcount = 1.7999863261e+01
vbias               =  2.51143e-01
Reset re-loads circuit * comparator-offset-transient-mc @ tt_mismatch_125c_1.32v -- generated by sim/harness, do not edit

Circuit: * comparator-offset-transient-mc @ tt_mismatch_125c_1.32v -- generated by sim/harness, do not edit

Doing analysis at TEMP = 125.000000 and TNOM = 27.000000

Using SPARSE 1.3 as Direct Linear Solver

Initial Transient Solution
--------------------------

Node                                   Voltage
----                                   -------
vdd                                       1.32
cm                                         0.6
vd                                      -0.048
ap                                       0.576
an                                       0.624
clk                                          0
ibn                                   0.249558
xa.x1.tmid                         9.13837e-05
xa.x1.tail                            0.582329
xa.x1.np                               1.31998
xa.x1.nn                               1.31992
xa.x1.ln                                  1.32
xa.x1.lp                                  1.32
xa.x1.lnb                           3.5497e-06
xa.x1.lpb                          4.53747e-06
xa.x1.na                               1.27726
doutb                                 0.677133
dout                                  0.670602
xa.x1.nb                               1.28077
doutn                                 0.508032
bdoutn#branch                                0
ean#branch                          3.7669e-12
eap#branch                         4.71606e-12
vclk#branch                        6.79759e-10
vd#branch                                    0
vcm#branch                         8.48296e-12
vsup#branch                       -0.000181817

 Reference value :  4.00025e-08
 Reference value :  1.15697e-07
 Reference value :  1.90704e-07
 Reference value :  2.65596e-07
 Reference value :  3.42194e-07
 Reference value :  4.18808e-07
 Reference value :  4.94332e-07
 Reference value :  5.67995e-07
 Reference value :  6.40903e-07
 Reference value :  7.17112e-07
 Reference value :  7.93604e-07
 Reference value :  8.73350e-07
 Reference value :  9.50398e-07
No. of Data Rows : 10866
dlev0               =  -2.52135e-06
dlev1               =  -9.32610e-07
dlev2               =  -8.21550e-07
dlev3               =  -7.09144e-07
dlev4               =  -8.02717e-07
dlev5               =  -6.89668e-07
dlev6               =  -5.76725e-07
dlev7               =  -4.63173e-07
dlev8               =  -3.48458e-07
dlev9               =  1.37242e-05
dlev10              =  1.30249e-05
dlev11              =  1.17388e-05
dlev12              =  4.78715e-06
dlev13              =  1.37769e-05
dlev14              =  3.45684e-07
dlev15              =  4.95181e-07
dlev16              =  9.99994e-01
dlev17              =  9.99996e-01
dlev18              =  9.99996e-01
dlev19              =  9.99996e-01
dlev20              =  1.00000e+00
dlev21              =  1.00000e+00
dlev22              =  1.00000e+00
dlev23              =  1.00000e+00
dlev24              =  1.00000e+00
dlev25              =  9.99995e-01
dlev26              =  9.99995e-01
dlev27              =  9.99995e-01
dlev28              =  9.99995e-01
dlev29              =  9.99995e-01
dlev30              =  9.99995e-01
dlev31              =  9.99995e-01
dlev32              =  9.99995e-01
vos = -1.499991682e-03
lowcount = 1.6000002773e+01
vbias               =  2.49558e-01
Reset re-loads circuit * comparator-offset-transient-mc @ tt_mismatch_125c_1.32v -- generated by sim/harness, do not edit

Circuit: * comparator-offset-transient-mc @ tt_mismatch_125c_1.32v -- generated by sim/harness, do not edit

Doing analysis at TEMP = 125.000000 and TNOM = 27.000000

Using SPARSE 1.3 as Direct Linear Solver

Initial Transient Solution
--------------------------

Node                                   Voltage
----                                   -------
vdd                                       1.32
cm                                         0.6
vd                                      -0.048
ap                                       0.576
an                                       0.624
clk                                          0
ibn                                   0.250625
xa.x1.tmid                         8.26375e-05
xa.x1.tail                            0.584752
xa.x1.np                               1.31998
xa.x1.nn                               1.31993
xa.x1.ln                                  1.32
xa.x1.lp                                  1.32
xa.x1.lnb                           4.1999e-06
xa.x1.lpb                          3.64409e-06
xa.x1.na                                  1.32
doutb                                  1.31999
dout                               6.37767e-06
xa.x1.nb                               1.31999
doutn                              4.83157e-06
bdoutn#branch                                0
ean#branch                         3.76787e-12
eap#branch                         4.71737e-12
vclk#branch                        6.76346e-10
vd#branch                                    0
vcm#branch                         8.48524e-12
vsup#branch                       -2.01759e-05

 Reference value :  1.72480e-08
 Reference value :  9.08500e-08
 Reference value :  1.66502e-07
 Reference value :  2.46050e-07
 Reference value :  3.23297e-07
 Reference value :  4.01502e-07
 Reference value :  4.78687e-07
 Reference value :  5.52692e-07
 Reference value :  6.26412e-07
 Reference value :  7.00602e-07
 Reference value :  7.71997e-07
 Reference value :  8.48450e-07
 Reference value :  9.20899e-07
No. of Data Rows : 10858
dlev0               =  8.74888e-06
dlev1               =  8.77585e-06
dlev2               =  8.81677e-06
dlev3               =  8.85771e-06
dlev4               =  8.89938e-06
dlev5               =  8.94246e-06
dlev6               =  8.98745e-06
dlev7               =  1.44151e-05
dlev8               =  1.52556e-05
dlev9               =  1.51145e-05
dlev10              =  1.05919e-05
dlev11              =  1.55685e-05
dlev12              =  9.02363e-06
dlev13              =  9.12418e-06
dlev14              =  9.10463e-06
dlev15              =  9.99994e-01
dlev16              =  9.99997e-01
dlev17              =  1.00000e+00
dlev18              =  1.00000e+00
dlev19              =  1.00000e+00
dlev20              =  1.00000e+00
dlev21              =  1.00000e+00
dlev22              =  9.99996e-01
dlev23              =  9.99996e-01
dlev24              =  9.99996e-01
dlev25              =  9.99996e-01
dlev26              =  9.99996e-01
dlev27              =  9.99996e-01
dlev28              =  9.99996e-01
dlev29              =  9.99996e-01
dlev30              =  9.99996e-01
dlev31              =  1.00000e+00
dlev32              =  1.00000e+00
vos = -4.500366680e-03
lowcount = 1.4999877773e+01
vbias               =  2.50625e-01
Reset re-loads circuit * comparator-offset-transient-mc @ tt_mismatch_125c_1.32v -- generated by sim/harness, do not edit

Circuit: * comparator-offset-transient-mc @ tt_mismatch_125c_1.32v -- generated by sim/harness, do not edit

Doing analysis at TEMP = 125.000000 and TNOM = 27.000000

Using SPARSE 1.3 as Direct Linear Solver

Initial Transient Solution
--------------------------

Node                                   Voltage
----                                   -------
vdd                                       1.32
cm                                         0.6
vd                                      -0.048
ap                                       0.576
an                                       0.624
clk                                          0
ibn                                   0.247663
xa.x1.tmid                         9.06213e-05
xa.x1.tail                            0.583229
xa.x1.np                               1.31997
xa.x1.nn                               1.31993
xa.x1.ln                                  1.32
xa.x1.lp                                  1.32
xa.x1.lnb                          3.96371e-06
xa.x1.lpb                          4.18102e-06
xa.x1.na                                1.2788
doutb                                  0.67287
dout                                  0.672789
xa.x1.nb                               1.27996
doutn                                 0.509688
bdoutn#branch                                0
ean#branch                         3.76554e-12
eap#branch                         4.71675e-12
vclk#branch                        6.72139e-10
vd#branch                                    0
vcm#branch                          8.4823e-12
vsup#branch                       -0.000178108

 Reference value :  0.00000e+00
 Reference value :  8.02640e-08
 Reference value :  1.61500e-07
 Reference value :  2.42450e-07
 Reference value :  3.20202e-07
 Reference value :  3.96050e-07
 Reference value :  4.70264e-07
 Reference value :  5.46450e-07
 Reference value :  6.18795e-07
 Reference value :  6.94150e-07
 Reference value :  7.71896e-07
 Reference value :  8.53504e-07
 Reference value :  9.27997e-07
No. of Data Rows : 10864
dlev0               =  5.81685e-06
dlev1               =  5.92180e-06
dlev2               =  5.93876e-06
dlev3               =  6.00713e-06
dlev4               =  6.07746e-06
dlev5               =  1.18882e-05
dlev6               =  1.36495e-05
dlev7               =  1.45535e-05
dlev8               =  1.48373e-05
dlev9               =  1.48673e-05
dlev10              =  1.37659e-05
dlev11              =  6.55509e-06
dlev12              =  6.69122e-06
dlev13              =  6.81790e-06
dlev14              =  1.40556e-05
dlev15              =  9.99997e-01
dlev16              =  9.99998e-01
dlev17              =  9.99998e-01
dlev18              =  9.99998e-01
dlev19              =  9.99999e-01
dlev20              =  1.00000e+00
dlev21              =  1.00000e+00
dlev22              =  1.00000e+00
dlev23              =  1.00000e+00
dlev24              =  9.99999e-01
dlev25              =  9.99997e-01
dlev26              =  9.99997e-01
dlev27              =  9.99997e-01
dlev28              =  9.99997e-01
dlev29              =  9.99997e-01
dlev30              =  9.99997e-01
dlev31              =  9.99997e-01
dlev32              =  9.99997e-01
vos = -4.500347531e-03
lowcount = 1.4999884156e+01
vbias               =  2.47663e-01
Reset re-loads circuit * comparator-offset-transient-mc @ tt_mismatch_125c_1.32v -- generated by sim/harness, do not edit

Circuit: * comparator-offset-transient-mc @ tt_mismatch_125c_1.32v -- generated by sim/harness, do not edit

Doing analysis at TEMP = 125.000000 and TNOM = 27.000000

Using SPARSE 1.3 as Direct Linear Solver

Initial Transient Solution
--------------------------

Node                                   Voltage
----                                   -------
vdd                                       1.32
cm                                         0.6
vd                                      -0.048
ap                                       0.576
an                                       0.624
clk                                          0
ibn                                   0.248416
xa.x1.tmid                         7.89725e-05
xa.x1.tail                            0.587899
xa.x1.np                               1.31998
xa.x1.nn                               1.31993
xa.x1.ln                                  1.32
xa.x1.lp                                  1.32
xa.x1.lnb                          3.66941e-06
xa.x1.lpb                          4.18897e-06
xa.x1.na                               1.28004
doutb                                 0.671308
dout                                    0.6728
xa.x1.nb                               1.27625
doutn                                 0.509697
bdoutn#branch                                0
ean#branch                         3.76779e-12
eap#branch                         4.72042e-12
vclk#branch                        6.73857e-10
vd#branch                                    0
vcm#branch                         8.48821e-12
vsup#branch                       -0.000186201

 Reference value :  0.00000e+00
 Reference value :  7.27015e-08
 Reference value :  1.46996e-07
 Reference value :  2.21499e-07
 Reference value :  2.96606e-07
 Reference value :  3.70994e-07
 Reference value :  4.44793e-07
 Reference value :  5.20611e-07
 Reference value :  5.96402e-07
 Reference value :  6.71307e-07
 Reference value :  7.53150e-07
 Reference value :  8.32104e-07
 Reference value :  9.14801e-07
No. of Data Rows : 10851
dlev0               =  2.83779e-06
dlev1               =  5.58262e-06
dlev2               =  5.62402e-06
dlev3               =  5.66517e-06
dlev4               =  5.70620e-06
dlev5               =  5.74776e-06
dlev6               =  5.79055e-06
dlev7               =  1.30391e-05
dlev8               =  1.51995e-05
dlev9               =  1.49287e-05
dlev10              =  8.04598e-06
dlev11              =  1.51473e-05
dlev12              =  1.53483e-05
dlev13              =  6.09053e-06
dlev14              =  6.17947e-06
dlev15              =  6.27333e-06
dlev16              =  9.99995e-01
dlev17              =  9.99998e-01
dlev18              =  9.99998e-01
dlev19              =  9.99998e-01
dlev20              =  9.99998e-01
dlev21              =  9.99998e-01
dlev22              =  9.99998e-01
dlev23              =  9.99998e-01
dlev24              =  9.99998e-01
dlev25              =  9.99998e-01
dlev26              =  9.99998e-01
dlev27              =  9.99998e-01
dlev28              =  9.99998e-01
dlev29              =  9.99998e-01
dlev30              =  9.99998e-01
dlev31              =  9.99998e-01
dlev32              =  9.99998e-01
vos = -1.500297319e-03
lowcount = 1.5999900894e+01
vbias               =  2.48416e-01
Reset re-loads circuit * comparator-offset-transient-mc @ tt_mismatch_125c_1.32v -- generated by sim/harness, do not edit

Circuit: * comparator-offset-transient-mc @ tt_mismatch_125c_1.32v -- generated by sim/harness, do not edit

Doing analysis at TEMP = 125.000000 and TNOM = 27.000000

Using SPARSE 1.3 as Direct Linear Solver

Initial Transient Solution
--------------------------

Node                                   Voltage
----                                   -------
vdd                                       1.32
cm                                         0.6
vd                                      -0.048
ap                                       0.576
an                                       0.624
clk                                          0
ibn                                   0.250371
xa.x1.tmid                         8.35591e-05
xa.x1.tail                            0.585211
xa.x1.np                               1.31998
xa.x1.nn                               1.31993
xa.x1.ln                                  1.32
xa.x1.lp                                  1.32
xa.x1.lnb                          3.93047e-06
xa.x1.lpb                          4.44163e-06
xa.x1.na                               1.28049
doutb                                  0.68297
dout                                  0.675959
xa.x1.nb                               1.28187
doutn                                  0.51209
bdoutn#branch                                0
ean#branch                         3.76907e-12
eap#branch                         4.71603e-12
vclk#branch                        6.69256e-10
vd#branch                                    0
vcm#branch                          8.4851e-12
vsup#branch                       -0.000169867

 Reference value :  0.00000e+00
 Reference value :  7.86026e-08
 Reference value :  1.58750e-07
 Reference value :  2.34899e-07
 Reference value :  3.10303e-07
 Reference value :  3.86522e-07
 Reference value :  4.66312e-07
 Reference value :  5.47650e-07
 Reference value :  6.24513e-07
 Reference value :  7.04802e-07
 Reference value :  7.85550e-07
 Reference value :  8.62201e-07
 Reference value :  9.40603e-07
No. of Data Rows : 10856
dlev0               =  1.12154e-05
dlev1               =  1.13107e-05
dlev2               =  1.12905e-05
dlev3               =  1.12444e-05
dlev4               =  1.11641e-05
dlev5               =  1.10840e-05
dlev6               =  1.10054e-05
dlev7               =  1.09298e-05
dlev8               =  8.15828e-06
dlev9               =  1.15447e-05
dlev10              =  1.28971e-05
dlev11              =  1.29885e-05
dlev12              =  1.25083e-05
dlev13              =  1.05015e-05
dlev14              =  1.05238e-05
dlev15              =  9.99997e-01
dlev16              =  9.99998e-01
dlev17              =  9.99998e-01
dlev18              =  1.00000e+00
dlev19              =  9.99999e-01
dlev20              =  1.00000e+00
dlev21              =  1.00000e+00
dlev22              =  1.00000e+00
dlev23              =  9.99998e-01
dlev24              =  9.99998e-01
dlev25              =  9.99998e-01
dlev26              =  9.99998e-01
dlev27              =  9.99998e-01
dlev28              =  9.99998e-01
dlev29              =  9.99998e-01
dlev30              =  9.99998e-01
dlev31              =  9.99998e-01
dlev32              =  9.99999e-01
vos = -4.500418400e-03
lowcount = 1.4999860533e+01
vbias               =  2.50371e-01
Reset re-loads circuit * comparator-offset-transient-mc @ tt_mismatch_125c_1.32v -- generated by sim/harness, do not edit

Circuit: * comparator-offset-transient-mc @ tt_mismatch_125c_1.32v -- generated by sim/harness, do not edit

Doing analysis at TEMP = 125.000000 and TNOM = 27.000000

Using SPARSE 1.3 as Direct Linear Solver

Initial Transient Solution
--------------------------

Node                                   Voltage
----                                   -------
vdd                                       1.32
cm                                         0.6
vd                                      -0.048
ap                                       0.576
an                                       0.624
clk                                          0
ibn                                   0.249369
xa.x1.tmid                         8.60704e-05
xa.x1.tail                            0.584483
xa.x1.np                               1.31998
xa.x1.nn                               1.31993
xa.x1.ln                                  1.32
xa.x1.lp                                  1.32
xa.x1.lnb                          3.86331e-06
xa.x1.lpb                          3.67139e-06
xa.x1.na                               1.28265
doutb                                 0.667283
dout                                  0.676858
xa.x1.nb                               1.28001
doutn                                 0.512771
bdoutn#branch                                0
ean#branch                         3.76449e-12
eap#branch                         4.71684e-12
vclk#branch                         6.7674e-10
vd#branch                                    0
vcm#branch                         8.48133e-12
vsup#branch                       -0.000175478

 Reference value :  6.12800e-09
 Reference value :  8.02015e-08
 Reference value :  1.58750e-07
 Reference value :  2.31594e-07
 Reference value :  3.10203e-07
 Reference value :  3.84909e-07
 Reference value :  4.61703e-07
 Reference value :  5.40950e-07
 Reference value :  6.18297e-07
 Reference value :  6.97450e-07
 Reference value :  7.71905e-07
 Reference value :  8.48150e-07
 Reference value :  9.20290e-07
No. of Data Rows : 10854
dlev0               =  2.59426e-06
dlev1               =  5.74886e-06
dlev2               =  5.70735e-06
dlev3               =  5.72113e-06
dlev4               =  5.73469e-06
dlev5               =  5.74867e-06
dlev6               =  5.76400e-06
dlev7               =  5.78144e-06
dlev8               =  5.80141e-06
dlev9               =  1.19712e-05
dlev10              =  1.29693e-05
dlev11              =  1.40832e-05
dlev12              =  1.42169e-05
dlev13              =  1.23818e-05
dlev14              =  5.93176e-06
dlev15              =  6.01456e-06
dlev16              =  1.25749e-05
dlev17              =  9.99993e-01
dlev18              =  9.99995e-01
dlev19              =  9.99995e-01
dlev20              =  1.00000e+00
dlev21              =  1.00000e+00
dlev22              =  1.00000e+00
dlev23              =  9.99999e-01
dlev24              =  9.99995e-01
dlev25              =  9.99995e-01
dlev26              =  9.99995e-01
dlev27              =  9.99995e-01
dlev28              =  9.99995e-01
dlev29              =  9.99995e-01
dlev30              =  9.99995e-01
dlev31              =  9.99995e-01
dlev32              =  9.99994e-01
vos = 1.4997778637e-03
lowcount = 1.6999925955e+01
vbias               =  2.49369e-01
Reset re-loads circuit * comparator-offset-transient-mc @ tt_mismatch_125c_1.32v -- generated by sim/harness, do not edit

Circuit: * comparator-offset-transient-mc @ tt_mismatch_125c_1.32v -- generated by sim/harness, do not edit

Doing analysis at TEMP = 125.000000 and TNOM = 27.000000

Using SPARSE 1.3 as Direct Linear Solver

Initial Transient Solution
--------------------------

Node                                   Voltage
----                                   -------
vdd                                       1.32
cm                                         0.6
vd                                      -0.048
ap                                       0.576
an                                       0.624
clk                                          0
ibn                                   0.248422
xa.x1.tmid                         8.77914e-05
xa.x1.tail                            0.584655
xa.x1.np                               1.31998
xa.x1.nn                               1.31993
xa.x1.ln                                  1.32
xa.x1.lp                                  1.32
xa.x1.lnb                          4.36061e-06
xa.x1.lpb                          3.68236e-06
xa.x1.na                               1.28033
doutb                                 0.689359
dout                                  0.674261
xa.x1.nb                               1.28353
doutn                                 0.510804
bdoutn#branch                                0
ean#branch                         3.76857e-12
eap#branch                          4.7197e-12
vclk#branch                        6.75645e-10
vd#branch                                    0
vcm#branch                         8.48827e-12
vsup#branch                       -0.000171243

 Reference value :  0.00000e+00
 Reference value :  7.12031e-08
 Reference value :  1.48195e-07
 Reference value :  2.25699e-07
 Reference value :  3.01850e-07
 Reference value :  3.79799e-07
 Reference value :  4.59050e-07
 Reference value :  5.32897e-07
 Reference value :  6.10203e-07
 Reference value :  6.84716e-07
 Reference value :  7.60803e-07
 Reference value :  8.36098e-07
 Reference value :  9.11903e-07
 Reference value :  9.86802e-07
No. of Data Rows : 10865
dlev0               =  1.53719e-06
dlev1               =  2.56862e-06
dlev2               =  2.68986e-06
dlev3               =  2.81043e-06
dlev4               =  2.93084e-06
dlev5               =  3.05170e-06
dlev6               =  2.96077e-06
dlev7               =  1.53214e-05
dlev8               =  1.52267e-05
dlev9               =  1.46498e-05
dlev10              =  1.44649e-05
dlev11              =  1.52961e-05
dlev12              =  1.57364e-05
dlev13              =  3.81440e-06
dlev14              =  4.00067e-06
dlev15              =  1.56084e-05
dlev16              =  9.99996e-01
dlev17              =  9.99997e-01
dlev18              =  9.99997e-01
dlev19              =  1.00000e+00
dlev20              =  1.00000e+00
dlev21              =  1.00000e+00
dlev22              =  1.00000e+00
dlev23              =  1.00000e+00
dlev24              =  9.99997e-01
dlev25              =  9.99997e-01
dlev26              =  9.99997e-01
dlev27              =  9.99997e-01
dlev28              =  9.99997e-01
dlev29              =  9.99997e-01
dlev30              =  9.99997e-01
dlev31              =  9.99997e-01
dlev32              =  9.99997e-01
vos = -1.500294505e-03
lowcount = 1.5999901832e+01
vbias               =  2.48422e-01
Reset re-loads circuit * comparator-offset-transient-mc @ tt_mismatch_125c_1.32v -- generated by sim/harness, do not edit

Circuit: * comparator-offset-transient-mc @ tt_mismatch_125c_1.32v -- generated by sim/harness, do not edit

Doing analysis at TEMP = 125.000000 and TNOM = 27.000000

Using SPARSE 1.3 as Direct Linear Solver

Initial Transient Solution
--------------------------

Node                                   Voltage
----                                   -------
vdd                                       1.32
cm                                         0.6
vd                                      -0.048
ap                                       0.576
an                                       0.624
clk                                          0
ibn                                   0.247751
xa.x1.tmid                         8.36304e-05
xa.x1.tail                            0.588977
xa.x1.np                               1.31998
xa.x1.nn                               1.31993
xa.x1.ln                                  1.32
xa.x1.lp                                  1.32
xa.x1.lnb                          3.80195e-06
xa.x1.lpb                          3.98408e-06
xa.x1.na                                  1.32
doutb                              5.20709e-06
dout                                   1.31999
xa.x1.nb                                  1.32
doutn                                 0.999995
bdoutn#branch                                0
ean#branch                         3.76874e-12
eap#branch                         4.71809e-12
vclk#branch                        6.73371e-10
vd#branch                                    0
vcm#branch                         8.48682e-12
vsup#branch                       -2.01721e-05

 Reference value :  5.02000e-08
 Reference value :  1.25350e-07
 Reference value :  2.01825e-07
 Reference value :  2.81885e-07
 Reference value :  3.55224e-07
 Reference value :  4.30018e-07
 Reference value :  5.02897e-07
 Reference value :  5.81002e-07
 Reference value :  6.58839e-07
 Reference value :  7.36294e-07
 Reference value :  8.14650e-07
 Reference value :  8.90267e-07
 Reference value :  9.67350e-07
No. of Data Rows : 10853
dlev0               =  5.19730e-06
dlev1               =  7.80221e-06
dlev2               =  7.83820e-06
dlev3               =  7.87744e-06
dlev4               =  7.92014e-06
dlev5               =  9.59307e-06
dlev6               =  1.19501e-05
dlev7               =  1.30632e-05
dlev8               =  1.33873e-05
dlev9               =  1.11130e-05
dlev10              =  1.35906e-05
dlev11              =  1.24963e-05
dlev12              =  8.12379e-06
dlev13              =  8.20325e-06
dlev14              =  8.25836e-06
dlev15              =  1.26193e-05
dlev16              =  9.99997e-01
dlev17              =  9.99998e-01
dlev18              =  9.99998e-01
dlev19              =  9.99998e-01
dlev20              =  9.99998e-01
dlev21              =  9.99997e-01
dlev22              =  9.99998e-01
dlev23              =  9.99998e-01
dlev24              =  9.99998e-01
dlev25              =  9.99997e-01
dlev26              =  9.99996e-01
dlev27              =  9.99998e-01
dlev28              =  9.99998e-01
dlev29              =  9.99998e-01
dlev30              =  9.99998e-01
dlev31              =  9.99998e-01
dlev32              =  9.99996e-01
vos = -1.500356201e-03
lowcount = 1.5999881266e+01
vbias               =  2.47751e-01
Reset re-loads circuit * comparator-offset-transient-mc @ tt_mismatch_125c_1.32v -- generated by sim/harness, do not edit

Circuit: * comparator-offset-transient-mc @ tt_mismatch_125c_1.32v -- generated by sim/harness, do not edit

Doing analysis at TEMP = 125.000000 and TNOM = 27.000000

Using SPARSE 1.3 as Direct Linear Solver

Initial Transient Solution
--------------------------

Node                                   Voltage
----                                   -------
vdd                                       1.32
cm                                         0.6
vd                                      -0.048
ap                                       0.576
an                                       0.624
clk                                          0
ibn                                   0.248472
xa.x1.tmid                         8.70821e-05
xa.x1.tail                            0.587103
xa.x1.np                               1.31998
xa.x1.nn                               1.31993
xa.x1.ln                                  1.32
xa.x1.lp                                  1.32
xa.x1.lnb                          4.06939e-06
xa.x1.lpb                          4.18303e-06
xa.x1.na                                  1.32
doutb                                  1.31999
dout                               4.65071e-06
xa.x1.nb                                  1.32
doutn                              3.52326e-06
bdoutn#branch                                0
ean#branch                          3.7666e-12
eap#branch                         4.72086e-12
vclk#branch                        6.78314e-10
vd#branch                                    0
vcm#branch                         8.48746e-12
vsup#branch                       -2.01788e-05

 Reference value :  3.30500e-08
 Reference value :  1.06803e-07
 Reference value :  1.82050e-07
 Reference value :  2.60294e-07
 Reference value :  3.40803e-07
 Reference value :  4.13193e-07
 Reference value :  4.90008e-07
 Reference value :  5.60397e-07
 Reference value :  6.35750e-07
 Reference value :  7.09397e-07
 Reference value :  7.83550e-07
 Reference value :  8.60003e-07
 Reference value :  9.33650e-07
No. of Data Rows : 10864
dlev0               =  6.26581e-06
dlev1               =  7.69644e-06
dlev2               =  7.72254e-06
dlev3               =  7.74756e-06
dlev4               =  7.61203e-06
dlev5               =  7.63020e-06
dlev6               =  7.64916e-06
dlev7               =  7.66987e-06
dlev8               =  9.50301e-06
dlev9               =  1.23900e-05
dlev10              =  1.35154e-05
dlev11              =  1.38511e-05
dlev12              =  1.30071e-05
dlev13              =  7.74964e-06
dlev14              =  7.85630e-06
dlev15              =  7.94042e-06
dlev16              =  9.99993e-01
dlev17              =  9.99994e-01
dlev18              =  9.99994e-01
dlev19              =  9.99994e-01
dlev20              =  1.00000e+00
dlev21              =  1.00000e+00
dlev22              =  1.00000e+00
dlev23              =  1.00000e+00
dlev24              =  1.00000e+00
dlev25              =  9.99994e-01
dlev26              =  9.99993e-01
dlev27              =  9.99993e-01
dlev28              =  9.99993e-01
dlev29              =  9.99993e-01
dlev30              =  9.99993e-01
dlev31              =  9.99993e-01
dlev32              =  9.99993e-01
vos = -1.500198620e-03
lowcount = 1.5999933793e+01
vbias               =  2.48472e-01
Reset re-loads circuit * comparator-offset-transient-mc @ tt_mismatch_125c_1.32v -- generated by sim/harness, do not edit

Circuit: * comparator-offset-transient-mc @ tt_mismatch_125c_1.32v -- generated by sim/harness, do not edit

Doing analysis at TEMP = 125.000000 and TNOM = 27.000000

Using SPARSE 1.3 as Direct Linear Solver

Initial Transient Solution
--------------------------

Node                                   Voltage
----                                   -------
vdd                                       1.32
cm                                         0.6
vd                                      -0.048
ap                                       0.576
an                                       0.624
clk                                          0
ibn                                   0.250221
xa.x1.tmid                         8.03454e-05
xa.x1.tail                            0.586846
xa.x1.np                               1.31998
xa.x1.nn                               1.31993
xa.x1.ln                                  1.32
xa.x1.lp                                  1.32
xa.x1.lnb                           3.8637e-06
xa.x1.lpb                          4.03532e-06
xa.x1.na                               1.27884
doutb                                 0.677524
dout                                  0.670665
xa.x1.nb                               1.28241
doutn                                 0.508079
bdoutn#branch                                0
ean#branch                         3.77162e-12
eap#branch                         4.71545e-12
vclk#branch                        6.77313e-10
vd#branch                                    0
vcm#branch                         8.48707e-12
vsup#branch                       -0.000174095

 Reference value :  0.00000e+00
 Reference value :  7.22109e-08
 Reference value :  1.45296e-07
 Reference value :  2.20811e-07
 Reference value :  2.97895e-07
 Reference value :  3.71611e-07
 Reference value :  4.42585e-07
 Reference value :  5.18950e-07
 Reference value :  5.90284e-07
 Reference value :  6.66450e-07
 Reference value :  7.38711e-07
 Reference value :  8.11250e-07
 Reference value :  8.84510e-07
 Reference value :  9.58896e-07
No. of Data Rows : 10865
dlev0               =  2.18400e-06
dlev1               =  4.44526e-06
dlev2               =  4.52608e-06
dlev3               =  4.60594e-06
dlev4               =  4.68340e-06
dlev5               =  4.75901e-06
dlev6               =  4.83410e-06
dlev7               =  4.90986e-06
dlev8               =  4.98690e-06
dlev9               =  5.06472e-06
dlev10              =  5.13720e-06
dlev11              =  5.17110e-06
dlev12              =  5.26014e-06
dlev13              =  5.40367e-06
dlev14              =  9.99995e-01
dlev15              =  9.99998e-01
dlev16              =  9.99998e-01
dlev17              =  9.99998e-01
dlev18              =  9.99998e-01
dlev19              =  9.99998e-01
dlev20              =  9.99998e-01
dlev21              =  9.99998e-01
dlev22              =  9.99998e-01
dlev23              =  9.99998e-01
dlev24              =  9.99998e-01
dlev25              =  9.99997e-01
dlev26              =  9.99997e-01
dlev27              =  9.99997e-01
dlev28              =  9.99997e-01
dlev29              =  9.99997e-01
dlev30              =  9.99997e-01
dlev31              =  9.99997e-01
dlev32              =  1.00000e+00
vos = -7.500062314e-03
lowcount = 1.3999979229e+01
vbias               =  2.50221e-01
Reset re-loads circuit * comparator-offset-transient-mc @ tt_mismatch_125c_1.32v -- generated by sim/harness, do not edit

Circuit: * comparator-offset-transient-mc @ tt_mismatch_125c_1.32v -- generated by sim/harness, do not edit

Doing analysis at TEMP = 125.000000 and TNOM = 27.000000

Using SPARSE 1.3 as Direct Linear Solver

Initial Transient Solution
--------------------------

Node                                   Voltage
----                                   -------
vdd                                       1.32
cm                                         0.6
vd                                      -0.048
ap                                       0.576
an                                       0.624
clk                                          0
ibn                                   0.249124
xa.x1.tmid                         7.93227e-05
xa.x1.tail                            0.590938
xa.x1.np                               1.31998
xa.x1.nn                               1.31993
xa.x1.ln                                  1.32
xa.x1.lp                                  1.32
xa.x1.lnb                          3.65304e-06
xa.x1.lpb                          3.81901e-06
xa.x1.na                               1.27688
doutb                                 0.671258
dout                                  0.677168
xa.x1.nb                               1.27996
doutn                                 0.513006
bdoutn#branch                                0
ean#branch                         3.77273e-12
eap#branch                         4.71739e-12
vclk#branch                        6.79674e-10
vd#branch                                    0
vcm#branch                         8.49013e-12
vsup#branch                       -0.000178991

 Reference value :  1.83312e-08
 Reference value :  9.23500e-08
 Reference value :  1.67401e-07
 Reference value :  2.41250e-07
 Reference value :  3.14691e-07
 Reference value :  3.88108e-07
 Reference value :  4.65501e-07
 Reference value :  5.44250e-07
 Reference value :  6.21798e-07
 Reference value :  7.00110e-07
 Reference value :  7.78415e-07
 Reference value :  8.52998e-07
 Reference value :  9.27900e-07
No. of Data Rows : 10855
dlev0               =  4.75938e-06
dlev1               =  4.82904e-06
dlev2               =  4.91286e-06
dlev3               =  4.99947e-06
dlev4               =  5.08946e-06
dlev5               =  5.18328e-06
dlev6               =  5.28121e-06
dlev7               =  1.34903e-05
dlev8               =  1.43787e-05
dlev9               =  1.38894e-05
dlev10              =  1.34771e-05
dlev11              =  1.37247e-05
dlev12              =  1.47746e-05
dlev13              =  1.36614e-05
dlev14              =  5.83316e-06
dlev15              =  5.99304e-06
dlev16              =  1.30934e-05
dlev17              =  6.23375e-06
dlev18              =  9.99997e-01
dlev19              =  1.00000e+00
dlev20              =  1.00000e+00
dlev21              =  1.00000e+00
dlev22              =  1.00000e+00
dlev23              =  1.00000e+00
dlev24              =  1.00000e+00
dlev25              =  1.00000e+00
dlev26              =  1.00000e+00
dlev27              =  1.00000e+00
dlev28              =  9.99999e-01
dlev29              =  1.00000e+00
dlev30              =  1.00000e+00
dlev31              =  1.00000e+00
dlev32              =  1.00000e+00
vos = 4.4994977873e-03
lowcount = 1.7999832596e+01
vbias               =  2.49124e-01
Reset re-loads circuit * comparator-offset-transient-mc @ tt_mismatch_125c_1.32v -- generated by sim/harness, do not edit

Circuit: * comparator-offset-transient-mc @ tt_mismatch_125c_1.32v -- generated by sim/harness, do not edit

Doing analysis at TEMP = 125.000000 and TNOM = 27.000000

Using SPARSE 1.3 as Direct Linear Solver

Initial Transient Solution
--------------------------

Node                                   Voltage
----                                   -------
vdd                                       1.32
cm                                         0.6
vd                                      -0.048
ap                                       0.576
an                                       0.624
clk                                          0
ibn                                   0.249943
xa.x1.tmid                         8.16368e-05
xa.x1.tail                             0.58839
xa.x1.np                               1.31998
xa.x1.nn                               1.31993
xa.x1.ln                                  1.32
xa.x1.lp                                  1.32
xa.x1.lnb                          3.90358e-06
xa.x1.lpb                          3.86205e-06
xa.x1.na                               1.28135
doutb                                 0.672899
dout                                  0.682833
xa.x1.nb                               1.28098
doutn                                 0.517298
bdoutn#branch                                0
ean#branch                         3.76876e-12
eap#branch                           4.719e-12
vclk#branch                        6.74062e-10
vd#branch                                    0
vcm#branch                         8.48777e-12
vsup#branch                       -0.000176641

 Reference value :  0.00000e+00
 Reference value :  7.20017e-08
 Reference value :  1.46606e-07
 Reference value :  2.20602e-07
 Reference value :  2.93625e-07
 Reference value :  3.72402e-07
 Reference value :  4.46303e-07
 Reference value :  5.20802e-07
 Reference value :  5.98036e-07
 Reference value :  6.73993e-07
 Reference value :  7.52750e-07
 Reference value :  8.30002e-07
 Reference value :  9.06950e-07
 Reference value :  9.84204e-07
No. of Data Rows : 10847
dlev0               =  1.17845e-05
dlev1               =  1.18642e-05
dlev2               =  1.19121e-05
dlev3               =  1.19635e-05
dlev4               =  1.20182e-05
dlev5               =  1.20758e-05
dlev6               =  6.95063e-06
dlev7               =  1.02184e-05
dlev8               =  1.17640e-05
dlev9               =  1.28056e-05
dlev10              =  1.25121e-05
dlev11              =  9.40280e-06
dlev12              =  1.26399e-05
dlev13              =  1.26220e-05
dlev14              =  1.26164e-05
dlev15              =  1.24853e-05
dlev16              =  9.99996e-01
dlev17              =  9.99999e-01
dlev18              =  9.99999e-01
dlev19              =  9.99999e-01
dlev20              =  1.00000e+00
dlev21              =  1.00000e+00
dlev22              =  1.00000e+00
dlev23              =  1.00000e+00
dlev24              =  9.99998e-01
dlev25              =  9.99999e-01
dlev26              =  9.99999e-01
dlev27              =  9.99999e-01
dlev28              =  9.99999e-01
dlev29              =  9.99999e-01
dlev30              =  9.99999e-01
dlev31              =  9.99999e-01
dlev32              =  9.99999e-01
vos = -1.500520906e-03
lowcount = 1.5999826365e+01
vbias               =  2.49943e-01
Reset re-loads circuit * comparator-offset-transient-mc @ tt_mismatch_125c_1.32v -- generated by sim/harness, do not edit

Circuit: * comparator-offset-transient-mc @ tt_mismatch_125c_1.32v -- generated by sim/harness, do not edit

Doing analysis at TEMP = 125.000000 and TNOM = 27.000000

Using SPARSE 1.3 as Direct Linear Solver

Initial Transient Solution
--------------------------

Node                                   Voltage
----                                   -------
vdd                                       1.32
cm                                         0.6
vd                                      -0.048
ap                                       0.576
an                                       0.624
clk                                          0
ibn                                   0.250695
xa.x1.tmid                         9.84279e-05
xa.x1.tail                            0.578397
xa.x1.np                               1.31997
xa.x1.nn                               1.31991
xa.x1.ln                                  1.32
xa.x1.lp                                  1.32
xa.x1.lnb                          3.67979e-06
xa.x1.lpb                           3.9468e-06
xa.x1.na                               1.27834
doutb                                 0.672469
dout                                  0.678402
xa.x1.nb                               1.27863
doutn                                 0.513941
bdoutn#branch                                0
ean#branch                         3.76124e-12
eap#branch                         4.71737e-12
vclk#branch                        6.81488e-10
vd#branch                                    0
vcm#branch                         8.47861e-12
vsup#branch                       -0.000179873

 Reference value :  4.69051e-08
 Reference value :  1.20250e-07
 Reference value :  1.93505e-07
 Reference value :  2.65995e-07
 Reference value :  3.40110e-07
 Reference value :  4.10314e-07
 Reference value :  4.85450e-07
 Reference value :  5.58705e-07
 Reference value :  6.31150e-07
 Reference value :  7.02398e-07
 Reference value :  7.80000e-07
 Reference value :  8.60592e-07
 Reference value :  9.40305e-07
No. of Data Rows : 10866
dlev0               =  -2.02480e-06
dlev1               =  -4.83924e-07
dlev2               =  -2.53213e-07
dlev3               =  -2.11389e-08
dlev4               =  1.40464e-07
dlev5               =  2.97210e-07
dlev6               =  4.53054e-07
dlev7               =  6.08544e-07
dlev8               =  7.64308e-07
dlev9               =  9.20804e-07
dlev10              =  1.55467e-05
dlev11              =  1.47004e-05
dlev12              =  6.55202e-06
dlev13              =  1.48903e-05
dlev14              =  1.65534e-06
dlev15              =  1.86305e-06
dlev16              =  1.58122e-05
dlev17              =  9.99992e-01
dlev18              =  9.99994e-01
dlev19              =  9.99994e-01
dlev20              =  1.00000e+00
dlev21              =  9.99996e-01
dlev22              =  1.00000e+00
dlev23              =  1.00000e+00
dlev24              =  9.99994e-01
dlev25              =  9.99994e-01
dlev26              =  9.99994e-01
dlev27              =  9.99994e-01
dlev28              =  9.99994e-01
dlev29              =  9.99994e-01
dlev30              =  9.99994e-01
dlev31              =  9.99994e-01
dlev32              =  9.99994e-01
vos = 1.5000098358e-03
lowcount = 1.7000003279e+01
vbias               =  2.50695e-01
Reset re-loads circuit * comparator-offset-transient-mc @ tt_mismatch_125c_1.32v -- generated by sim/harness, do not edit

Circuit: * comparator-offset-transient-mc @ tt_mismatch_125c_1.32v -- generated by sim/harness, do not edit

Doing analysis at TEMP = 125.000000 and TNOM = 27.000000

Using SPARSE 1.3 as Direct Linear Solver

Initial Transient Solution
--------------------------

Node                                   Voltage
----                                   -------
vdd                                       1.32
cm                                         0.6
vd                                      -0.048
ap                                       0.576
an                                       0.624
clk                                          0
ibn                                   0.249125
xa.x1.tmid                         9.21991e-05
xa.x1.tail                            0.581975
xa.x1.np                               1.31998
xa.x1.nn                               1.31992
xa.x1.ln                                  1.32
xa.x1.lp                                  1.32
xa.x1.lnb                          4.02402e-06
xa.x1.lpb                          3.96351e-06
xa.x1.na                               1.28031
doutb                                 0.675881
dout                                  0.667495
xa.x1.nb                                1.2812
doutn                                 0.505678
bdoutn#branch                                0
ean#branch                         3.76593e-12
eap#branch                         4.71684e-12
vclk#branch                        6.73284e-10
vd#branch                                    0
vcm#branch                         8.48277e-12
vsup#branch                       -0.000177216

 Reference value :  6.22633e-09
 Reference value :  7.88042e-08
 Reference value :  1.51550e-07
 Reference value :  2.22996e-07
 Reference value :  3.00150e-07
 Reference value :  3.77704e-07
 Reference value :  4.54050e-07
 Reference value :  5.26104e-07
 Reference value :  6.00030e-07
 Reference value :  6.75397e-07
 Reference value :  7.58150e-07
 Reference value :  8.37094e-07
 Reference value :  9.17204e-07
No. of Data Rows : 10865
dlev0               =  1.68658e-06
dlev1               =  2.99870e-06
dlev2               =  3.08371e-06
dlev3               =  3.17060e-06
dlev4               =  3.25956e-06
dlev5               =  1.14246e-05
dlev6               =  1.26014e-05
dlev7               =  1.30340e-05
dlev8               =  1.31733e-05
dlev9               =  1.29121e-05
dlev10              =  3.77536e-06
dlev11              =  3.66100e-06
dlev12              =  3.81013e-06
dlev13              =  3.94034e-06
dlev14              =  3.99945e-06
dlev15              =  9.99995e-01
dlev16              =  9.99997e-01
dlev17              =  9.99997e-01
dlev18              =  9.99997e-01
dlev19              =  9.99997e-01
dlev20              =  9.99999e-01
dlev21              =  1.00000e+00
dlev22              =  9.99999e-01
dlev23              =  9.99999e-01
dlev24              =  9.99997e-01
dlev25              =  9.99997e-01
dlev26              =  9.99997e-01
dlev27              =  9.99997e-01
dlev28              =  9.99997e-01
dlev29              =  9.99997e-01
dlev30              =  9.99997e-01
dlev31              =  9.99997e-01
dlev32              =  9.99997e-01
vos = -4.500144392e-03
lowcount = 1.4999951869e+01
vbias               =  2.49125e-01
Reset re-loads circuit * comparator-offset-transient-mc @ tt_mismatch_125c_1.32v -- generated by sim/harness, do not edit

Circuit: * comparator-offset-transient-mc @ tt_mismatch_125c_1.32v -- generated by sim/harness, do not edit

Doing analysis at TEMP = 125.000000 and TNOM = 27.000000

Using SPARSE 1.3 as Direct Linear Solver

Initial Transient Solution
--------------------------

Node                                   Voltage
----                                   -------
vdd                                       1.32
cm                                         0.6
vd                                      -0.048
ap                                       0.576
an                                       0.624
clk                                          0
ibn                                   0.248319
xa.x1.tmid                         9.03062e-05
xa.x1.tail                            0.584049
xa.x1.np                               1.31998
xa.x1.nn                               1.31993
xa.x1.ln                                  1.32
xa.x1.lp                                  1.32
xa.x1.lnb                           3.4033e-06
xa.x1.lpb                          3.78653e-06
xa.x1.na                               1.27744
doutb                                 0.677088
dout                                    0.6702
xa.x1.nb                               1.28085
doutn                                 0.507727
bdoutn#branch                                0
ean#branch                         3.76862e-12
eap#branch                           4.719e-12
vclk#branch                        6.77626e-10
vd#branch                                    0
vcm#branch                         8.48763e-12
vsup#branch                       -0.000180121

 Reference value :  0.00000e+00
 Reference value :  7.95031e-08
 Reference value :  1.60003e-07
 Reference value :  2.33922e-07
 Reference value :  3.11296e-07
 Reference value :  3.90650e-07
 Reference value :  4.70394e-07
 Reference value :  5.50903e-07
 Reference value :  6.29695e-07
 Reference value :  7.03200e-07
 Reference value :  7.75406e-07
 Reference value :  8.50000e-07
 Reference value :  9.20201e-07
No. of Data Rows : 10864
dlev0               =  5.84042e-06
dlev1               =  5.95256e-06
dlev2               =  6.01951e-06
dlev3               =  6.08872e-06
dlev4               =  6.16031e-06
dlev5               =  6.23441e-06
dlev6               =  1.23143e-05
dlev7               =  1.35319e-05
dlev8               =  1.40644e-05
dlev9               =  1.41697e-05
dlev10              =  1.36341e-05
dlev11              =  1.07760e-05
dlev12              =  6.74385e-06
dlev13              =  6.86694e-06
dlev14              =  7.00000e-06
dlev15              =  7.11624e-06
dlev16              =  1.25807e-05
dlev17              =  7.31747e-06
dlev18              =  9.99994e-01
dlev19              =  9.99995e-01
dlev20              =  9.99995e-01
dlev21              =  9.99995e-01
dlev22              =  9.99995e-01
dlev23              =  1.00000e+00
dlev24              =  1.00000e+00
dlev25              =  1.00000e+00
dlev26              =  1.00000e+00
dlev27              =  1.00000e+00
dlev28              =  1.00000e+00
dlev29              =  1.00000e+00
dlev30              =  9.99994e-01
dlev31              =  9.99994e-01
dlev32              =  9.99994e-01
vos = 4.4996342653e-03
lowcount = 1.7999878088e+01
vbias               =  2.48319e-01
Reset re-loads circuit * comparator-offset-transient-mc @ tt_mismatch_125c_1.32v -- generated by sim/harness, do not edit

Circuit: * comparator-offset-transient-mc @ tt_mismatch_125c_1.32v -- generated by sim/harness, do not edit

Doing analysis at TEMP = 125.000000 and TNOM = 27.000000

Using SPARSE 1.3 as Direct Linear Solver

Initial Transient Solution
--------------------------

Node                                   Voltage
----                                   -------
vdd                                       1.32
cm                                         0.6
vd                                      -0.048
ap                                       0.576
an                                       0.624
clk                                          0
ibn                                   0.247588
xa.x1.tmid                          9.6456e-05
xa.x1.tail                            0.582177
xa.x1.np                               1.31998
xa.x1.nn                               1.31992
xa.x1.ln                                  1.32
xa.x1.lp                                  1.32
xa.x1.lnb                          2.97623e-06
xa.x1.lpb                          3.74105e-06
xa.x1.na                                  1.32
doutb                                  1.31999
dout                               4.72155e-06
xa.x1.nb                                  1.32
doutn                              3.57693e-06
bdoutn#branch                                0
ean#branch                          3.7661e-12
eap#branch                         4.71592e-12
vclk#branch                        6.77247e-10
vd#branch                                    0
vcm#branch                         8.48202e-12
vsup#branch                       -2.01889e-05

 Reference value :  0.00000e+00
 Reference value :  7.40047e-08
 Reference value :  1.50750e-07
 Reference value :  2.26298e-07
 Reference value :  2.99935e-07
 Reference value :  3.72505e-07
 Reference value :  4.45495e-07
 Reference value :  5.21162e-07
 Reference value :  5.97193e-07
 Reference value :  6.72304e-07
 Reference value :  7.45325e-07
 Reference value :  8.20905e-07
 Reference value :  8.95998e-07
 Reference value :  9.70905e-07
No. of Data Rows : 10863
dlev0               =  1.11837e-05
dlev1               =  1.83884e-06
dlev2               =  1.89809e-06
dlev3               =  1.95872e-06
dlev4               =  2.02103e-06
dlev5               =  2.08517e-06
dlev6               =  2.15123e-06
dlev7               =  1.13740e-05
dlev8               =  1.20844e-05
dlev9               =  1.23001e-05
dlev10              =  1.19863e-05
dlev11              =  2.46574e-06
dlev12              =  2.53280e-06
dlev13              =  2.63472e-06
dlev14              =  2.74403e-06
dlev15              =  2.83631e-06
dlev16              =  1.09353e-05
dlev17              =  9.99994e-01
dlev18              =  9.99996e-01
dlev19              =  9.99996e-01
dlev20              =  9.99996e-01
dlev21              =  9.99996e-01
dlev22              =  9.99996e-01
dlev23              =  1.00000e+00
dlev24              =  1.00000e+00
dlev25              =  1.00000e+00
dlev26              =  1.00000e+00
dlev27              =  1.00000e+00
dlev28              =  9.99995e-01
dlev29              =  9.99995e-01
dlev30              =  9.99995e-01
dlev31              =  9.99995e-01
dlev32              =  9.99995e-01
vos = 1.4998616083e-03
lowcount = 1.6999953869e+01
vbias               =  2.47588e-01
Reset re-loads circuit * comparator-offset-transient-mc @ tt_mismatch_125c_1.32v -- generated by sim/harness, do not edit

Circuit: * comparator-offset-transient-mc @ tt_mismatch_125c_1.32v -- generated by sim/harness, do not edit

Doing analysis at TEMP = 125.000000 and TNOM = 27.000000

Using SPARSE 1.3 as Direct Linear Solver

Initial Transient Solution
--------------------------

Node                                   Voltage
----                                   -------
vdd                                       1.32
cm                                         0.6
vd                                      -0.048
ap                                       0.576
an                                       0.624
clk                                          0
ibn                                   0.250291
xa.x1.tmid                         7.88359e-05
xa.x1.tail                            0.586774
xa.x1.np                               1.31998
xa.x1.nn                               1.31993
xa.x1.ln                                  1.32
xa.x1.lp                                  1.32
xa.x1.lnb                          3.86432e-06
xa.x1.lpb                          4.19684e-06
xa.x1.na                                1.2783
doutb                                 0.672885
dout                                  0.669744
xa.x1.nb                               1.28003
doutn                                 0.507382
bdoutn#branch                                0
ean#branch                         3.76962e-12
eap#branch                          4.7185e-12
vclk#branch                        6.75968e-10
vd#branch                                    0
vcm#branch                         8.48813e-12
vsup#branch                       -0.000179512

 Reference value :  3.46500e-08
 Reference value :  1.10205e-07
 Reference value :  1.89450e-07
 Reference value :  2.65802e-07
 Reference value :  3.41097e-07
 Reference value :  4.16896e-07
 Reference value :  4.91309e-07
 Reference value :  5.71450e-07
 Reference value :  6.50205e-07
 Reference value :  7.30201e-07
 Reference value :  8.11050e-07
 Reference value :  8.91396e-07
 Reference value :  9.71692e-07
No. of Data Rows : 10859
dlev0               =  5.59338e-06
dlev1               =  1.46731e-05
dlev2               =  1.38366e-05
dlev3               =  1.15014e-05
dlev4               =  1.15462e-05
dlev5               =  1.15858e-05
dlev6               =  1.16215e-05
dlev7               =  1.16572e-05
dlev8               =  1.16972e-05
dlev9               =  1.17441e-05
dlev10              =  1.17979e-05
dlev11              =  1.33765e-05
dlev12              =  1.49135e-05
dlev13              =  1.07899e-05
dlev14              =  1.49724e-05
dlev15              =  1.20049e-05
dlev16              =  1.00000e+00
dlev17              =  9.99997e-01
dlev18              =  1.00000e+00
dlev19              =  9.99996e-01
dlev20              =  1.00000e+00
dlev21              =  1.00000e+00
dlev22              =  9.99996e-01
dlev23              =  9.99996e-01
dlev24              =  9.99996e-01
dlev25              =  9.99996e-01
dlev26              =  9.99996e-01
dlev27              =  9.99996e-01
dlev28              =  9.99996e-01
dlev29              =  9.99996e-01
dlev30              =  1.00000e+00
dlev31              =  1.00000e+00
dlev32              =  9.99999e-01
vos = -1.500481235e-03
lowcount = 1.5999839588e+01
vbias               =  2.50291e-01
m_n_samples = 6.0000000000e+01
m_n_out_of_range = 0.0000000000e+00
m_sig_vos_raw_mv = 3.6670164418e+00
m_sig_vos_mv = 3.5632863461e+00
m_vos_3sig_mv = 1.0689859038e+01
m_mean_vos_uv = -4.502424413e+02
m_mean_vos_sem = -9.510628079e-01
m_vbias_anchor_mv = 2.5029100000e+02
Note: Simulation executed from .control section 

