
Note: No compatibility mode selected!


Circuit: * comparator-offset-transient-mc @ fs_mismatch_-40c_1.08v -- generated by sim/harness, do not edit

Reset re-loads circuit * comparator-offset-transient-mc @ fs_mismatch_-40c_1.08v -- generated by sim/harness, do not edit

Circuit: * comparator-offset-transient-mc @ fs_mismatch_-40c_1.08v -- generated by sim/harness, do not edit

Doing analysis at TEMP = -40.000000 and TNOM = 27.000000

Using SPARSE 1.3 as Direct Linear Solver

Initial Transient Solution
--------------------------

Node                                   Voltage
----                                   -------
vdd                                       1.08
cm                                         0.6
vd                                      -0.048
ap                                       0.576
an                                       0.624
clk                                          0
ibn                                   0.322136
xa.x1.tmid                          7.4813e-08
xa.x1.tail                            0.563906
xa.x1.np                                  1.08
xa.x1.nn                                  1.08
xa.x1.ln                                  1.08
xa.x1.lp                                  1.08
xa.x1.lnb                          1.65639e-08
xa.x1.lpb                            1.625e-08
xa.x1.na                               1.07441
doutb                                  0.52473
dout                                  0.528995
xa.x1.nb                               1.07329
doutn                                 0.489811
bdoutn#branch                                0
ean#branch                         4.93938e-13
eap#branch                         6.52145e-13
vclk#branch                        8.31762e-11
vd#branch                                    0
vcm#branch                         1.14608e-12
vsup#branch                       -4.09299e-05

 Reference value :  5.40960e-08
 Reference value :  1.76693e-07
 Reference value :  2.98292e-07
 Reference value :  4.18292e-07
 Reference value :  5.35993e-07
 Reference value :  6.57292e-07
 Reference value :  7.77292e-07
 Reference value :  8.99094e-07
No. of Data Rows : 10797
dlev0               =  1.74950e-05
dlev1               =  3.48069e-05
dlev2               =  3.45651e-05
dlev3               =  3.43321e-05
dlev4               =  3.41185e-05
dlev5               =  3.39197e-05
dlev6               =  3.37358e-05
dlev7               =  3.35874e-05
dlev8               =  3.34248e-05
dlev9               =  3.32690e-05
dlev10              =  3.31429e-05
dlev11              =  3.31042e-05
dlev12              =  3.31717e-05
dlev13              =  3.27009e-05
dlev14              =  3.23719e-05
dlev15              =  3.17674e-05
dlev16              =  1.00002e+00
dlev17              =  1.00002e+00
dlev18              =  1.00002e+00
dlev19              =  1.00002e+00
dlev20              =  1.00002e+00
dlev21              =  1.00002e+00
dlev22              =  1.00002e+00
dlev23              =  1.00002e+00
dlev24              =  1.00002e+00
dlev25              =  1.00002e+00
dlev26              =  1.00002e+00
dlev27              =  1.00002e+00
dlev28              =  1.00002e+00
dlev29              =  1.00002e+00
dlev30              =  1.00002e+00
dlev31              =  1.00002e+00
dlev32              =  1.00002e+00
vos = -1.502506540e-03
lowcount = 1.5999164487e+01
vbias               =  3.22136e-01
Reset re-loads circuit * comparator-offset-transient-mc @ fs_mismatch_-40c_1.08v -- generated by sim/harness, do not edit

Circuit: * comparator-offset-transient-mc @ fs_mismatch_-40c_1.08v -- generated by sim/harness, do not edit

Doing analysis at TEMP = -40.000000 and TNOM = 27.000000

Using SPARSE 1.3 as Direct Linear Solver

Initial Transient Solution
--------------------------

Node                                   Voltage
----                                   -------
vdd                                       1.08
cm                                         0.6
vd                                      -0.048
ap                                       0.576
an                                       0.624
clk                                          0
ibn                                   0.323993
xa.x1.tmid                         7.86999e-08
xa.x1.tail                            0.561783
xa.x1.np                                  1.08
xa.x1.nn                                  1.08
xa.x1.ln                                  1.08
xa.x1.lp                                  1.08
xa.x1.lnb                          1.57412e-08
xa.x1.lpb                          1.69281e-08
xa.x1.na                               1.07331
doutb                                 0.521672
dout                                  0.517299
xa.x1.nb                               1.07295
doutn                                 0.478981
bdoutn#branch                                0
ean#branch                         4.93466e-13
eap#branch                         6.52423e-13
vclk#branch                        8.29291e-11
vd#branch                                    0
vcm#branch                         1.14589e-12
vsup#branch                       -4.35272e-05

 Reference value :  1.00104e-08
 Reference value :  1.27250e-07
 Reference value :  2.38695e-07
 Reference value :  3.59746e-07
 Reference value :  4.80000e-07
 Reference value :  5.99748e-07
 Reference value :  7.20010e-07
 Reference value :  8.40650e-07
 Reference value :  9.60450e-07
No. of Data Rows : 10797
dlev0               =  3.31502e-05
dlev1               =  3.72182e-05
dlev2               =  3.70677e-05
dlev3               =  3.69146e-05
dlev4               =  3.67537e-05
dlev5               =  3.65826e-05
dlev6               =  3.63982e-05
dlev7               =  3.62006e-05
dlev8               =  3.60143e-05
dlev9               =  3.58833e-05
dlev10              =  3.57891e-05
dlev11              =  3.56246e-05
dlev12              =  3.53246e-05
dlev13              =  3.50786e-05
dlev14              =  3.49261e-05
dlev15              =  3.43796e-05
dlev16              =  3.37300e-05
dlev17              =  1.00001e+00
dlev18              =  1.00002e+00
dlev19              =  1.00002e+00
dlev20              =  1.00002e+00
dlev21              =  1.00002e+00
dlev22              =  1.00002e+00
dlev23              =  1.00002e+00
dlev24              =  1.00002e+00
dlev25              =  1.00002e+00
dlev26              =  1.00002e+00
dlev27              =  1.00002e+00
dlev28              =  1.00002e+00
dlev29              =  1.00002e+00
dlev30              =  1.00002e+00
dlev31              =  1.00002e+00
dlev32              =  1.00002e+00
vos = 1.4971648924e-03
lowcount = 1.6999054964e+01
vbias               =  3.23993e-01
Reset re-loads circuit * comparator-offset-transient-mc @ fs_mismatch_-40c_1.08v -- generated by sim/harness, do not edit

Circuit: * comparator-offset-transient-mc @ fs_mismatch_-40c_1.08v -- generated by sim/harness, do not edit

Doing analysis at TEMP = -40.000000 and TNOM = 27.000000

Using SPARSE 1.3 as Direct Linear Solver

Initial Transient Solution
--------------------------

Node                                   Voltage
----                                   -------
vdd                                       1.08
cm                                         0.6
vd                                      -0.048
ap                                       0.576
an                                       0.624
clk                                          0
ibn                                   0.324111
xa.x1.tmid                         6.37649e-08
xa.x1.tail                            0.567783
xa.x1.np                                  1.08
xa.x1.nn                                  1.08
xa.x1.ln                                  1.08
xa.x1.lp                                  1.08
xa.x1.lnb                          1.61795e-08
xa.x1.lpb                           1.6583e-08
xa.x1.na                               1.07389
doutb                                 0.530054
dout                                  0.525566
xa.x1.nb                               1.07385
doutn                                 0.486635
bdoutn#branch                                0
ean#branch                         4.94493e-13
eap#branch                         6.52506e-13
vclk#branch                         8.2644e-11
vd#branch                                    0
vcm#branch                           1.147e-12
vsup#branch                       -4.13602e-05

 Reference value :  7.04252e-08
 Reference value :  1.91023e-07
 Reference value :  3.11027e-07
 Reference value :  4.31430e-07
 Reference value :  5.50830e-07
 Reference value :  6.70727e-07
 Reference value :  7.90429e-07
 Reference value :  9.10171e-07
No. of Data Rows : 10783
dlev0               =  4.03774e-05
dlev1               =  3.84177e-05
dlev2               =  3.87353e-05
dlev3               =  3.90591e-05
dlev4               =  3.94103e-05
dlev5               =  3.98679e-05
dlev6               =  4.04877e-05
dlev7               =  4.16970e-05
dlev8               =  4.17859e-05
dlev9               =  4.17833e-05
dlev10              =  4.17120e-05
dlev11              =  4.14477e-05
dlev12              =  4.10010e-05
dlev13              =  4.04344e-05
dlev14              =  3.97777e-05
dlev15              =  3.89526e-05
dlev16              =  3.82354e-05
dlev17              =  1.00002e+00
dlev18              =  1.00002e+00
dlev19              =  1.00002e+00
dlev20              =  1.00002e+00
dlev21              =  1.00002e+00
dlev22              =  1.00002e+00
dlev23              =  1.00002e+00
dlev24              =  1.00002e+00
dlev25              =  1.00002e+00
dlev26              =  1.00002e+00
dlev27              =  1.00002e+00
dlev28              =  1.00002e+00
dlev29              =  1.00002e+00
dlev30              =  1.00002e+00
dlev31              =  1.00002e+00
dlev32              =  1.00002e+00
vos = 1.4969334525e-03
lowcount = 1.6998977818e+01
vbias               =  3.24111e-01
Reset re-loads circuit * comparator-offset-transient-mc @ fs_mismatch_-40c_1.08v -- generated by sim/harness, do not edit

Circuit: * comparator-offset-transient-mc @ fs_mismatch_-40c_1.08v -- generated by sim/harness, do not edit

Doing analysis at TEMP = -40.000000 and TNOM = 27.000000

Using SPARSE 1.3 as Direct Linear Solver

Initial Transient Solution
--------------------------

Node                                   Voltage
----                                   -------
vdd                                       1.08
cm                                         0.6
vd                                      -0.048
ap                                       0.576
an                                       0.624
clk                                          0
ibn                                   0.325003
xa.x1.tmid                         6.75949e-08
xa.x1.tail                            0.566078
xa.x1.np                                  1.08
xa.x1.nn                                  1.08
xa.x1.ln                                  1.08
xa.x1.lp                                  1.08
xa.x1.lnb                          1.62289e-08
xa.x1.lpb                          1.62801e-08
xa.x1.na                               1.07349
doutb                                 0.522739
dout                                  0.525845
xa.x1.nb                               1.07317
doutn                                 0.486893
bdoutn#branch                                0
ean#branch                         4.94049e-13
eap#branch                         6.52034e-13
vclk#branch                        8.31497e-11
vd#branch                                    0
vcm#branch                         1.14608e-12
vsup#branch                       -4.25742e-05

 Reference value :  1.94585e-08
 Reference value :  1.35222e-07
 Reference value :  2.55125e-07
 Reference value :  3.71630e-07
 Reference value :  4.90331e-07
 Reference value :  6.08850e-07
 Reference value :  7.29550e-07
 Reference value :  8.47250e-07
 Reference value :  9.64650e-07
No. of Data Rows : 10773
dlev0               =  3.19982e-05
dlev1               =  3.78382e-05
dlev2               =  3.81330e-05
dlev3               =  3.84375e-05
dlev4               =  3.87492e-05
dlev5               =  3.93588e-05
dlev6               =  3.97972e-05
dlev7               =  4.03582e-05
dlev8               =  4.10527e-05
dlev9               =  4.17109e-05
dlev10              =  4.21257e-05
dlev11              =  4.23818e-05
dlev12              =  4.26400e-05
dlev13              =  4.26150e-05
dlev14              =  4.17481e-05
dlev15              =  4.30813e-05
dlev16              =  4.19120e-05
dlev17              =  4.22557e-05
dlev18              =  1.00002e+00
dlev19              =  1.00002e+00
dlev20              =  1.00002e+00
dlev21              =  1.00002e+00
dlev22              =  1.00002e+00
dlev23              =  1.00002e+00
dlev24              =  1.00002e+00
dlev25              =  1.00002e+00
dlev26              =  1.00002e+00
dlev27              =  1.00002e+00
dlev28              =  1.00002e+00
dlev29              =  1.00002e+00
dlev30              =  1.00002e+00
dlev31              =  1.00002e+00
dlev32              =  1.00002e+00
vos = 4.4967954188e-03
lowcount = 1.7998931806e+01
vbias               =  3.25003e-01
Reset re-loads circuit * comparator-offset-transient-mc @ fs_mismatch_-40c_1.08v -- generated by sim/harness, do not edit

Circuit: * comparator-offset-transient-mc @ fs_mismatch_-40c_1.08v -- generated by sim/harness, do not edit

Doing analysis at TEMP = -40.000000 and TNOM = 27.000000

Using SPARSE 1.3 as Direct Linear Solver

Initial Transient Solution
--------------------------

Node                                   Voltage
----                                   -------
vdd                                       1.08
cm                                         0.6
vd                                      -0.048
ap                                       0.576
an                                       0.624
clk                                          0
ibn                                   0.322603
xa.x1.tmid                          7.5426e-08
xa.x1.tail                            0.566857
xa.x1.np                                  1.08
xa.x1.nn                                  1.08
xa.x1.ln                                  1.08
xa.x1.lp                                  1.08
xa.x1.lnb                          1.82286e-08
xa.x1.lpb                          1.73464e-08
xa.x1.na                                  1.08
doutb                                     1.08
dout                               1.68284e-08
xa.x1.nb                                  1.08
doutn                              1.55818e-08
bdoutn#branch                                0
ean#branch                          4.9416e-13
eap#branch                         6.52367e-13
vclk#branch                        8.23974e-11
vd#branch                                    0
vcm#branch                         1.14653e-12
vsup#branch                       -2.00005e-05

 Reference value :  7.01201e-08
 Reference value :  1.90430e-07
 Reference value :  3.10046e-07
 Reference value :  4.30173e-07
 Reference value :  5.49650e-07
 Reference value :  6.66050e-07
 Reference value :  7.79800e-07
 Reference value :  9.00030e-07
No. of Data Rows : 10798
dlev0               =  2.32256e-05
dlev1               =  2.38195e-05
dlev2               =  2.36523e-05
dlev3               =  2.34554e-05
dlev4               =  2.32906e-05
dlev5               =  2.31274e-05
dlev6               =  2.29339e-05
dlev7               =  2.27183e-05
dlev8               =  2.25223e-05
dlev9               =  2.23605e-05
dlev10              =  2.22347e-05
dlev11              =  2.21403e-05
dlev12              =  2.20708e-05
dlev13              =  2.20602e-05
dlev14              =  2.20141e-05
dlev15              =  2.19181e-05
dlev16              =  2.08497e-05
dlev17              =  2.04506e-05
dlev18              =  1.99757e-05
dlev19              =  1.00002e+00
dlev20              =  1.00002e+00
dlev21              =  1.00002e+00
dlev22              =  1.00002e+00
dlev23              =  1.00002e+00
dlev24              =  1.00002e+00
dlev25              =  1.00002e+00
dlev26              =  1.00002e+00
dlev27              =  1.00002e+00
dlev28              =  1.00002e+00
dlev29              =  1.00002e+00
dlev30              =  1.00002e+00
dlev31              =  1.00002e+00
dlev32              =  1.00002e+00
vos = 7.4980055403e-03
lowcount = 1.8999335180e+01
vbias               =  3.22603e-01
Reset re-loads circuit * comparator-offset-transient-mc @ fs_mismatch_-40c_1.08v -- generated by sim/harness, do not edit

Circuit: * comparator-offset-transient-mc @ fs_mismatch_-40c_1.08v -- generated by sim/harness, do not edit

Doing analysis at TEMP = -40.000000 and TNOM = 27.000000

Using SPARSE 1.3 as Direct Linear Solver

Initial Transient Solution
--------------------------

Node                                   Voltage
----                                   -------
vdd                                       1.08
cm                                         0.6
vd                                      -0.048
ap                                       0.576
an                                       0.624
clk                                          0
ibn                                   0.322609
xa.x1.tmid                         7.03113e-08
xa.x1.tail                             0.56583
xa.x1.np                                  1.08
xa.x1.nn                                  1.08
xa.x1.ln                                  1.08
xa.x1.lp                                  1.08
xa.x1.lnb                          1.65655e-08
xa.x1.lpb                          1.70645e-08
xa.x1.na                                  1.08
doutb                              1.75615e-08
dout                                      1.08
xa.x1.nb                                  1.08
doutn                                        1
bdoutn#branch                                0
ean#branch                         4.93938e-13
eap#branch                         6.51923e-13
vclk#branch                         8.2231e-11
vd#branch                                    0
vcm#branch                         1.14586e-12
vsup#branch                       -2.00004e-05

 Reference value :  1.00035e-08
 Reference value :  1.19935e-07
 Reference value :  2.38601e-07
 Reference value :  3.58101e-07
 Reference value :  4.73193e-07
 Reference value :  5.90693e-07
 Reference value :  7.09724e-07
 Reference value :  8.25921e-07
 Reference value :  9.40619e-07
No. of Data Rows : 10784
dlev0               =  3.87794e-05
dlev1               =  3.77724e-05
dlev2               =  3.84672e-05
dlev3               =  3.92208e-05
dlev4               =  3.99318e-05
dlev5               =  4.05471e-05
dlev6               =  4.10261e-05
dlev7               =  4.13699e-05
dlev8               =  4.15300e-05
dlev9               =  4.18588e-05
dlev10              =  4.14862e-05
dlev11              =  4.02538e-05
dlev12              =  4.01318e-05
dlev13              =  3.96881e-05
dlev14              =  3.89269e-05
dlev15              =  1.00002e+00
dlev16              =  1.00002e+00
dlev17              =  1.00002e+00
dlev18              =  1.00002e+00
dlev19              =  1.00002e+00
dlev20              =  1.00002e+00
dlev21              =  1.00002e+00
dlev22              =  1.00002e+00
dlev23              =  1.00002e+00
dlev24              =  1.00002e+00
dlev25              =  1.00002e+00
dlev26              =  1.00002e+00
dlev27              =  1.00002e+00
dlev28              =  1.00002e+00
dlev29              =  1.00002e+00
dlev30              =  1.00002e+00
dlev31              =  1.00002e+00
dlev32              =  1.00002e+00
vos = -4.502897971e-03
lowcount = 1.4999034010e+01
vbias               =  3.22609e-01
Reset re-loads circuit * comparator-offset-transient-mc @ fs_mismatch_-40c_1.08v -- generated by sim/harness, do not edit

Circuit: * comparator-offset-transient-mc @ fs_mismatch_-40c_1.08v -- generated by sim/harness, do not edit

Doing analysis at TEMP = -40.000000 and TNOM = 27.000000

Using SPARSE 1.3 as Direct Linear Solver

Initial Transient Solution
--------------------------

Node                                   Voltage
----                                   -------
vdd                                       1.08
cm                                         0.6
vd                                      -0.048
ap                                       0.576
an                                       0.624
clk                                          0
ibn                                   0.325572
xa.x1.tmid                         7.23337e-08
xa.x1.tail                            0.564286
xa.x1.np                                  1.08
xa.x1.nn                                  1.08
xa.x1.ln                                  1.08
xa.x1.lp                                  1.08
xa.x1.lnb                           1.6427e-08
xa.x1.lpb                          1.62604e-08
xa.x1.na                               1.07446
doutb                                  0.53099
dout                                  0.534988
xa.x1.nb                                1.0745
doutn                                 0.495359
bdoutn#branch                                0
ean#branch                         4.93827e-13
eap#branch                         6.52256e-13
vclk#branch                        8.28944e-11
vd#branch                                    0
vcm#branch                         1.14608e-12
vsup#branch                       -3.89639e-05

 Reference value :  4.60232e-08
 Reference value :  1.62727e-07
 Reference value :  2.81731e-07
 Reference value :  3.98050e-07
 Reference value :  5.13950e-07
 Reference value :  6.35050e-07
 Reference value :  7.56650e-07
 Reference value :  8.77450e-07
No. of Data Rows : 10775
dlev0               =  4.24427e-05
dlev1               =  4.07147e-05
dlev2               =  4.10272e-05
dlev3               =  4.14011e-05
dlev4               =  4.18759e-05
dlev5               =  4.28328e-05
dlev6               =  4.30679e-05
dlev7               =  4.31033e-05
dlev8               =  4.31881e-05
dlev9               =  4.31656e-05
dlev10              =  4.28729e-05
dlev11              =  4.22474e-05
dlev12              =  4.16713e-05
dlev13              =  4.17313e-05
dlev14              =  4.08074e-05
dlev15              =  4.00614e-05
dlev16              =  1.00002e+00
dlev17              =  1.00002e+00
dlev18              =  1.00002e+00
dlev19              =  1.00002e+00
dlev20              =  1.00002e+00
dlev21              =  1.00002e+00
dlev22              =  1.00002e+00
dlev23              =  1.00002e+00
dlev24              =  1.00002e+00
dlev25              =  1.00002e+00
dlev26              =  1.00002e+00
dlev27              =  1.00002e+00
dlev28              =  1.00002e+00
dlev29              =  1.00002e+00
dlev30              =  1.00002e+00
dlev31              =  1.00002e+00
dlev32              =  1.00002e+00
vos = -1.503198633e-03
lowcount = 1.5998933789e+01
vbias               =  3.25572e-01
Reset re-loads circuit * comparator-offset-transient-mc @ fs_mismatch_-40c_1.08v -- generated by sim/harness, do not edit

Circuit: * comparator-offset-transient-mc @ fs_mismatch_-40c_1.08v -- generated by sim/harness, do not edit

Doing analysis at TEMP = -40.000000 and TNOM = 27.000000

Using SPARSE 1.3 as Direct Linear Solver

Initial Transient Solution
--------------------------

Node                                   Voltage
----                                   -------
vdd                                       1.08
cm                                         0.6
vd                                      -0.048
ap                                       0.576
an                                       0.624
clk                                          0
ibn                                   0.321456
xa.x1.tmid                         7.44037e-08
xa.x1.tail                            0.564297
xa.x1.np                                  1.08
xa.x1.nn                                  1.08
xa.x1.ln                                  1.08
xa.x1.lp                                  1.08
xa.x1.lnb                           1.6139e-08
xa.x1.lpb                           1.6307e-08
xa.x1.na                               1.07466
doutb                                 0.529553
dout                                  0.538925
xa.x1.nb                               1.07375
doutn                                 0.499004
bdoutn#branch                                0
ean#branch                         4.94077e-13
eap#branch                         6.51923e-13
vclk#branch                         8.1404e-11
vd#branch                                    0
vcm#branch                           1.146e-12
vsup#branch                       -3.99536e-05

 Reference value :  0.00000e+00
 Reference value :  1.19197e-07
 Reference value :  2.38596e-07
 Reference value :  3.55796e-07
 Reference value :  4.74394e-07
 Reference value :  5.91695e-07
 Reference value :  7.10218e-07
 Reference value :  8.27120e-07
 Reference value :  9.45717e-07
No. of Data Rows : 10797
dlev0               =  3.91679e-05
dlev1               =  3.94578e-05
dlev2               =  3.92864e-05
dlev3               =  3.90969e-05
dlev4               =  3.88890e-05
dlev5               =  3.86623e-05
dlev6               =  3.84174e-05
dlev7               =  3.81582e-05
dlev8               =  3.78898e-05
dlev9               =  3.76226e-05
dlev10              =  3.73874e-05
dlev11              =  3.71164e-05
dlev12              =  3.66939e-05
dlev13              =  3.57329e-05
dlev14              =  3.50696e-05
dlev15              =  1.00002e+00
dlev16              =  1.00002e+00
dlev17              =  1.00002e+00
dlev18              =  1.00002e+00
dlev19              =  1.00002e+00
dlev20              =  1.00002e+00
dlev21              =  1.00002e+00
dlev22              =  1.00002e+00
dlev23              =  1.00002e+00
dlev24              =  1.00002e+00
dlev25              =  1.00002e+00
dlev26              =  1.00002e+00
dlev27              =  1.00002e+00
dlev28              =  1.00002e+00
dlev29              =  1.00002e+00
dlev30              =  1.00002e+00
dlev31              =  1.00002e+00
dlev32              =  1.00002e+00
vos = -4.502671945e-03
lowcount = 1.4999109352e+01
vbias               =  3.21456e-01
Reset re-loads circuit * comparator-offset-transient-mc @ fs_mismatch_-40c_1.08v -- generated by sim/harness, do not edit

Circuit: * comparator-offset-transient-mc @ fs_mismatch_-40c_1.08v -- generated by sim/harness, do not edit

Doing analysis at TEMP = -40.000000 and TNOM = 27.000000

Using SPARSE 1.3 as Direct Linear Solver

Initial Transient Solution
--------------------------

Node                                   Voltage
----                                   -------
vdd                                       1.08
cm                                         0.6
vd                                      -0.048
ap                                       0.576
an                                       0.624
clk                                          0
ibn                                   0.322361
xa.x1.tmid                         7.42138e-08
xa.x1.tail                            0.564479
xa.x1.np                                  1.08
xa.x1.nn                                  1.08
xa.x1.ln                                  1.08
xa.x1.lp                                  1.08
xa.x1.lnb                          1.67975e-08
xa.x1.lpb                          1.64471e-08
xa.x1.na                               1.07372
doutb                                 0.534901
dout                                  0.527043
xa.x1.nb                               1.07465
doutn                                 0.488002
bdoutn#branch                                0
ean#branch                         4.94299e-13
eap#branch                         6.51951e-13
vclk#branch                        8.25193e-11
vd#branch                                    0
vcm#branch                         1.14625e-12
vsup#branch                       -4.02169e-05

 Reference value :  5.51035e-08
 Reference value :  1.76701e-07
 Reference value :  2.97300e-07
 Reference value :  4.17600e-07
 Reference value :  5.35996e-07
 Reference value :  6.56696e-07
 Reference value :  7.76596e-07
 Reference value :  8.97798e-07
No. of Data Rows : 10782
dlev0               =  3.95841e-05
dlev1               =  3.88212e-05
dlev2               =  3.95237e-05
dlev3               =  4.02793e-05
dlev4               =  4.10003e-05
dlev5               =  4.16609e-05
dlev6               =  4.22216e-05
dlev7               =  4.26632e-05
dlev8               =  4.29883e-05
dlev9               =  4.35050e-05
dlev10              =  4.35332e-05
dlev11              =  4.31998e-05
dlev12              =  4.22582e-05
dlev13              =  4.26982e-05
dlev14              =  4.27635e-05
dlev15              =  4.18708e-05
dlev16              =  1.00002e+00
dlev17              =  1.00002e+00
dlev18              =  1.00002e+00
dlev19              =  1.00002e+00
dlev20              =  1.00002e+00
dlev21              =  1.00002e+00
dlev22              =  1.00002e+00
dlev23              =  1.00002e+00
dlev24              =  1.00002e+00
dlev25              =  1.00002e+00
dlev26              =  1.00002e+00
dlev27              =  1.00002e+00
dlev28              =  1.00002e+00
dlev29              =  1.00002e+00
dlev30              =  1.00002e+00
dlev31              =  1.00002e+00
dlev32              =  1.00002e+00
vos = -1.503115714e-03
lowcount = 1.5998961429e+01
vbias               =  3.22361e-01
Reset re-loads circuit * comparator-offset-transient-mc @ fs_mismatch_-40c_1.08v -- generated by sim/harness, do not edit

Circuit: * comparator-offset-transient-mc @ fs_mismatch_-40c_1.08v -- generated by sim/harness, do not edit

Doing analysis at TEMP = -40.000000 and TNOM = 27.000000

Using SPARSE 1.3 as Direct Linear Solver

Initial Transient Solution
--------------------------

Node                                   Voltage
----                                   -------
vdd                                       1.08
cm                                         0.6
vd                                      -0.048
ap                                       0.576
an                                       0.624
clk                                          0
ibn                                   0.324096
xa.x1.tmid                         7.26493e-08
xa.x1.tail                            0.563185
xa.x1.np                                  1.08
xa.x1.nn                                  1.08
xa.x1.ln                                  1.08
xa.x1.lp                                  1.08
xa.x1.lnb                          1.62463e-08
xa.x1.lpb                           1.6937e-08
xa.x1.na                               1.07449
doutb                                 0.532746
dout                                  0.533839
xa.x1.nb                               1.07437
doutn                                 0.494295
bdoutn#branch                                0
ean#branch                         4.93799e-13
eap#branch                         6.52117e-13
vclk#branch                        8.23146e-11
vd#branch                                    0
vcm#branch                         1.14592e-12
vsup#branch                       -3.89746e-05

 Reference value :  6.72800e-09
 Reference value :  1.26450e-07
 Reference value :  2.44450e-07
 Reference value :  3.64950e-07
 Reference value :  4.85350e-07
 Reference value :  5.99800e-07
 Reference value :  7.19830e-07
 Reference value :  8.35389e-07
 Reference value :  9.54590e-07
No. of Data Rows : 10794
dlev0               =  2.84869e-05
dlev1               =  4.32222e-05
dlev2               =  4.36346e-05
dlev3               =  4.41092e-05
dlev4               =  4.46546e-05
dlev5               =  4.49068e-05
dlev6               =  4.49849e-05
dlev7               =  4.51167e-05
dlev8               =  4.52138e-05
dlev9               =  4.51421e-05
dlev10              =  4.48215e-05
dlev11              =  4.42028e-05
dlev12              =  4.33542e-05
dlev13              =  4.27713e-05
dlev14              =  4.30049e-05
dlev15              =  4.13042e-05
dlev16              =  1.00001e+00
dlev17              =  1.00001e+00
dlev18              =  1.00001e+00
dlev19              =  1.00001e+00
dlev20              =  1.00001e+00
dlev21              =  1.00001e+00
dlev22              =  1.00001e+00
dlev23              =  1.00001e+00
dlev24              =  1.00001e+00
dlev25              =  1.00001e+00
dlev26              =  1.00001e+00
dlev27              =  1.00001e+00
dlev28              =  1.00001e+00
dlev29              =  1.00002e+00
dlev30              =  1.00002e+00
dlev31              =  1.00002e+00
dlev32              =  1.00002e+00
vos = -1.502816792e-03
lowcount = 1.5999061069e+01
vbias               =  3.24096e-01
Reset re-loads circuit * comparator-offset-transient-mc @ fs_mismatch_-40c_1.08v -- generated by sim/harness, do not edit

Circuit: * comparator-offset-transient-mc @ fs_mismatch_-40c_1.08v -- generated by sim/harness, do not edit

Doing analysis at TEMP = -40.000000 and TNOM = 27.000000

Using SPARSE 1.3 as Direct Linear Solver

Initial Transient Solution
--------------------------

Node                                   Voltage
----                                   -------
vdd                                       1.08
cm                                         0.6
vd                                      -0.048
ap                                       0.576
an                                       0.624
clk                                          0
ibn                                   0.321731
xa.x1.tmid                         8.17607e-08
xa.x1.tail                            0.562075
xa.x1.np                                  1.08
xa.x1.nn                                  1.08
xa.x1.ln                                  1.08
xa.x1.lp                                  1.08
xa.x1.lnb                          1.69435e-08
xa.x1.lpb                          1.69654e-08
xa.x1.na                               1.07394
doutb                                  0.53308
dout                                  0.531484
xa.x1.nb                               1.07447
doutn                                 0.492115
bdoutn#branch                                0
ean#branch                         4.93494e-13
eap#branch                         6.51451e-13
vclk#branch                        8.34781e-11
vd#branch                                    0
vcm#branch                         1.14495e-12
vsup#branch                       -3.96221e-05

 Reference value :  6.60500e-08
 Reference value :  1.87750e-07
 Reference value :  3.08950e-07
 Reference value :  4.28750e-07
 Reference value :  5.48050e-07
 Reference value :  6.68450e-07
 Reference value :  7.87050e-07
 Reference value :  9.05850e-07
No. of Data Rows : 10797
dlev0               =  4.40875e-05
dlev1               =  4.40104e-05
dlev2               =  4.39912e-05
dlev3               =  4.39699e-05
dlev4               =  4.39203e-05
dlev5               =  4.37911e-05
dlev6               =  4.35907e-05
dlev7               =  4.33023e-05
dlev8               =  4.29269e-05
dlev9               =  4.24698e-05
dlev10              =  4.19519e-05
dlev11              =  4.16221e-05
dlev12              =  4.21349e-05
dlev13              =  4.11201e-05
dlev14              =  4.04478e-05
dlev15              =  1.00002e+00
dlev16              =  1.00002e+00
dlev17              =  1.00002e+00
dlev18              =  1.00002e+00
dlev19              =  1.00002e+00
dlev20              =  1.00002e+00
dlev21              =  1.00002e+00
dlev22              =  1.00002e+00
dlev23              =  1.00002e+00
dlev24              =  1.00002e+00
dlev25              =  1.00002e+00
dlev26              =  1.00002e+00
dlev27              =  1.00002e+00
dlev28              =  1.00002e+00
dlev29              =  1.00002e+00
dlev30              =  1.00002e+00
dlev31              =  1.00002e+00
dlev32              =  1.00002e+00
vos = -4.503028011e-03
lowcount = 1.4998990663e+01
vbias               =  3.21731e-01
Reset re-loads circuit * comparator-offset-transient-mc @ fs_mismatch_-40c_1.08v -- generated by sim/harness, do not edit

Circuit: * comparator-offset-transient-mc @ fs_mismatch_-40c_1.08v -- generated by sim/harness, do not edit

Doing analysis at TEMP = -40.000000 and TNOM = 27.000000

Using SPARSE 1.3 as Direct Linear Solver

Initial Transient Solution
--------------------------

Node                                   Voltage
----                                   -------
vdd                                       1.08
cm                                         0.6
vd                                      -0.048
ap                                       0.576
an                                       0.624
clk                                          0
ibn                                   0.319513
xa.x1.tmid                         7.91178e-08
xa.x1.tail                            0.565345
xa.x1.np                                  1.08
xa.x1.nn                                  1.08
xa.x1.ln                                  1.08
xa.x1.lp                                  1.08
xa.x1.lnb                          1.56146e-08
xa.x1.lpb                          1.69178e-08
xa.x1.na                               1.07434
doutb                                 0.526154
dout                                  0.530824
xa.x1.nb                               1.07366
doutn                                 0.491504
bdoutn#branch                                0
ean#branch                         4.93994e-13
eap#branch                         6.52284e-13
vclk#branch                        8.29532e-11
vd#branch                                    0
vcm#branch                         1.14628e-12
vsup#branch                       -4.09173e-05

 Reference value :  1.44568e-08
 Reference value :  1.30120e-07
 Reference value :  2.44150e-07
 Reference value :  3.63950e-07
 Reference value :  4.84050e-07
 Reference value :  6.02250e-07
 Reference value :  7.21450e-07
 Reference value :  8.39935e-07
 Reference value :  9.60150e-07
No. of Data Rows : 10778
dlev0               =  3.64717e-05
dlev1               =  4.00215e-05
dlev2               =  4.02691e-05
dlev3               =  4.05013e-05
dlev4               =  4.07129e-05
dlev5               =  4.08960e-05
dlev6               =  4.10345e-05
dlev7               =  4.11149e-05
dlev8               =  4.10933e-05
dlev9               =  4.10321e-05
dlev10              =  4.14466e-05
dlev11              =  4.28340e-05
dlev12              =  4.33073e-05
dlev13              =  4.28283e-05
dlev14              =  4.37600e-05
dlev15              =  4.40842e-05
dlev16              =  1.00002e+00
dlev17              =  1.00002e+00
dlev18              =  1.00002e+00
dlev19              =  1.00002e+00
dlev20              =  1.00002e+00
dlev21              =  1.00002e+00
dlev22              =  1.00002e+00
dlev23              =  1.00002e+00
dlev24              =  1.00002e+00
dlev25              =  1.00002e+00
dlev26              =  1.00002e+00
dlev27              =  1.00002e+00
dlev28              =  1.00002e+00
dlev29              =  1.00002e+00
dlev30              =  1.00002e+00
dlev31              =  1.00002e+00
dlev32              =  1.00002e+00
vos = -1.503112224e-03
lowcount = 1.5998962592e+01
vbias               =  3.19513e-01
Reset re-loads circuit * comparator-offset-transient-mc @ fs_mismatch_-40c_1.08v -- generated by sim/harness, do not edit

Circuit: * comparator-offset-transient-mc @ fs_mismatch_-40c_1.08v -- generated by sim/harness, do not edit

Doing analysis at TEMP = -40.000000 and TNOM = 27.000000

Using SPARSE 1.3 as Direct Linear Solver

Initial Transient Solution
--------------------------

Node                                   Voltage
----                                   -------
vdd                                       1.08
cm                                         0.6
vd                                      -0.048
ap                                       0.576
an                                       0.624
clk                                          0
ibn                                   0.321424
xa.x1.tmid                         7.30919e-08
xa.x1.tail                            0.565723
xa.x1.np                                  1.08
xa.x1.nn                                  1.08
xa.x1.ln                                  1.08
xa.x1.lp                                  1.08
xa.x1.lnb                          1.64704e-08
xa.x1.lpb                          1.67947e-08
xa.x1.na                               1.07405
doutb                                 0.522783
dout                                  0.533431
xa.x1.nb                               1.07338
doutn                                 0.493917
bdoutn#branch                                0
ean#branch                         4.94021e-13
eap#branch                         6.52145e-13
vclk#branch                        8.24659e-11
vd#branch                                    0
vcm#branch                         1.14617e-12
vsup#branch                       -4.12421e-05

 Reference value :  7.01029e-08
 Reference value :  1.90103e-07
 Reference value :  3.10143e-07
 Reference value :  4.28950e-07
 Reference value :  5.46550e-07
 Reference value :  6.66050e-07
 Reference value :  7.86850e-07
 Reference value :  9.07850e-07
No. of Data Rows : 10798
dlev0               =  3.75416e-05
dlev1               =  3.36666e-05
dlev2               =  3.34641e-05
dlev3               =  3.32769e-05
dlev4               =  3.30971e-05
dlev5               =  3.29238e-05
dlev6               =  3.27537e-05
dlev7               =  3.25873e-05
dlev8               =  3.24281e-05
dlev9               =  3.22845e-05
dlev10              =  3.21864e-05
dlev11              =  3.21349e-05
dlev12              =  3.19759e-05
dlev13              =  3.13039e-05
dlev14              =  3.03229e-05
dlev15              =  3.04587e-05
dlev16              =  2.93981e-05
dlev17              =  1.00001e+00
dlev18              =  1.00002e+00
dlev19              =  1.00002e+00
dlev20              =  1.00002e+00
dlev21              =  1.00002e+00
dlev22              =  1.00002e+00
dlev23              =  1.00002e+00
dlev24              =  1.00002e+00
dlev25              =  1.00002e+00
dlev26              =  1.00002e+00
dlev27              =  1.00002e+00
dlev28              =  1.00002e+00
dlev29              =  1.00002e+00
dlev30              =  1.00002e+00
dlev31              =  1.00002e+00
dlev32              =  1.00002e+00
vos = 1.4973005866e-03
lowcount = 1.6999100196e+01
vbias               =  3.21424e-01
Reset re-loads circuit * comparator-offset-transient-mc @ fs_mismatch_-40c_1.08v -- generated by sim/harness, do not edit

Circuit: * comparator-offset-transient-mc @ fs_mismatch_-40c_1.08v -- generated by sim/harness, do not edit

Doing analysis at TEMP = -40.000000 and TNOM = 27.000000

Using SPARSE 1.3 as Direct Linear Solver

Initial Transient Solution
--------------------------

Node                                   Voltage
----                                   -------
vdd                                       1.08
cm                                         0.6
vd                                      -0.048
ap                                       0.576
an                                       0.624
clk                                          0
ibn                                   0.323445
xa.x1.tmid                         8.13414e-08
xa.x1.tail                            0.561605
xa.x1.np                                  1.08
xa.x1.nn                                  1.08
xa.x1.ln                                  1.08
xa.x1.lp                                  1.08
xa.x1.lnb                          1.65987e-08
xa.x1.lpb                          1.71359e-08
xa.x1.na                                  1.08
doutb                              1.70532e-08
dout                                      1.08
xa.x1.nb                                  1.08
doutn                                        1
bdoutn#branch                                0
ean#branch                         4.93522e-13
eap#branch                         6.51951e-13
vclk#branch                        8.24156e-11
vd#branch                                    0
vcm#branch                         1.14547e-12
vsup#branch                       -2.00005e-05

 Reference value :  1.55771e-08
 Reference value :  1.36129e-07
 Reference value :  2.56533e-07
 Reference value :  3.76336e-07
 Reference value :  4.95036e-07
 Reference value :  6.10436e-07
 Reference value :  7.30533e-07
 Reference value :  8.50046e-07
 Reference value :  9.69925e-07
No. of Data Rows : 10783
dlev0               =  3.20359e-05
dlev1               =  4.26994e-05
dlev2               =  4.25407e-05
dlev3               =  4.23705e-05
dlev4               =  4.21899e-05
dlev5               =  4.19969e-05
dlev6               =  4.17996e-05
dlev7               =  4.16244e-05
dlev8               =  4.15200e-05
dlev9               =  4.14666e-05
dlev10              =  4.13589e-05
dlev11              =  4.12256e-05
dlev12              =  4.07814e-05
dlev13              =  4.04988e-05
dlev14              =  4.03316e-05
dlev15              =  3.95736e-05
dlev16              =  3.88871e-05
dlev17              =  1.00002e+00
dlev18              =  1.00002e+00
dlev19              =  1.00002e+00
dlev20              =  1.00002e+00
dlev21              =  1.00002e+00
dlev22              =  1.00002e+00
dlev23              =  1.00002e+00
dlev24              =  1.00002e+00
dlev25              =  1.00002e+00
dlev26              =  1.00002e+00
dlev27              =  1.00002e+00
dlev28              =  1.00002e+00
dlev29              =  1.00002e+00
dlev30              =  1.00002e+00
dlev31              =  1.00002e+00
dlev32              =  1.00002e+00
vos = 1.4969702980e-03
lowcount = 1.6998990099e+01
vbias               =  3.23445e-01
Reset re-loads circuit * comparator-offset-transient-mc @ fs_mismatch_-40c_1.08v -- generated by sim/harness, do not edit

Circuit: * comparator-offset-transient-mc @ fs_mismatch_-40c_1.08v -- generated by sim/harness, do not edit

Doing analysis at TEMP = -40.000000 and TNOM = 27.000000

Using SPARSE 1.3 as Direct Linear Solver

Initial Transient Solution
--------------------------

Node                                   Voltage
----                                   -------
vdd                                       1.08
cm                                         0.6
vd                                      -0.048
ap                                       0.576
an                                       0.624
clk                                          0
ibn                                   0.322765
xa.x1.tmid                         8.44153e-08
xa.x1.tail                            0.559794
xa.x1.np                                  1.08
xa.x1.nn                                  1.08
xa.x1.ln                                  1.08
xa.x1.lp                                  1.08
xa.x1.lnb                          1.67295e-08
xa.x1.lpb                          1.69012e-08
xa.x1.na                                  1.08
doutb                                     1.08
dout                               1.74913e-08
xa.x1.nb                                  1.08
doutn                              1.61956e-08
bdoutn#branch                                0
ean#branch                         4.93383e-13
eap#branch                         6.51368e-13
vclk#branch                        8.24751e-11
vd#branch                                    0
vcm#branch                         1.14475e-12
vsup#branch                       -2.00005e-05

 Reference value :  7.50281e-08
 Reference value :  1.95732e-07
 Reference value :  3.16036e-07
 Reference value :  4.35936e-07
 Reference value :  5.53336e-07
 Reference value :  6.72435e-07
 Reference value :  7.91031e-07
 Reference value :  9.11528e-07
No. of Data Rows : 10796
dlev0               =  3.52145e-05
dlev1               =  3.52210e-05
dlev2               =  3.50111e-05
dlev3               =  3.47937e-05
dlev4               =  3.45862e-05
dlev5               =  3.44015e-05
dlev6               =  3.42388e-05
dlev7               =  3.40826e-05
dlev8               =  3.39050e-05
dlev9               =  3.37118e-05
dlev10              =  3.35371e-05
dlev11              =  3.34934e-05
dlev12              =  3.33025e-05
dlev13              =  3.29407e-05
dlev14              =  3.23536e-05
dlev15              =  1.00002e+00
dlev16              =  1.00002e+00
dlev17              =  1.00002e+00
dlev18              =  1.00002e+00
dlev19              =  1.00002e+00
dlev20              =  1.00002e+00
dlev21              =  1.00002e+00
dlev22              =  1.00002e+00
dlev23              =  1.00002e+00
dlev24              =  1.00002e+00
dlev25              =  1.00002e+00
dlev26              =  1.00002e+00
dlev27              =  1.00002e+00
dlev28              =  1.00002e+00
dlev29              =  1.00002e+00
dlev30              =  1.00002e+00
dlev31              =  1.00002e+00
dlev32              =  1.00002e+00
vos = -4.502666381e-03
lowcount = 1.4999111206e+01
vbias               =  3.22765e-01
Reset re-loads circuit * comparator-offset-transient-mc @ fs_mismatch_-40c_1.08v -- generated by sim/harness, do not edit

Circuit: * comparator-offset-transient-mc @ fs_mismatch_-40c_1.08v -- generated by sim/harness, do not edit

Doing analysis at TEMP = -40.000000 and TNOM = 27.000000

Using SPARSE 1.3 as Direct Linear Solver

Initial Transient Solution
--------------------------

Node                                   Voltage
----                                   -------
vdd                                       1.08
cm                                         0.6
vd                                      -0.048
ap                                       0.576
an                                       0.624
clk                                          0
ibn                                   0.325535
xa.x1.tmid                         7.13739e-08
xa.x1.tail                            0.566571
xa.x1.np                                  1.08
xa.x1.nn                                  1.08
xa.x1.ln                                  1.08
xa.x1.lp                                  1.08
xa.x1.lnb                           1.6669e-08
xa.x1.lpb                          1.60258e-08
xa.x1.na                               1.07328
doutb                                 0.520528
dout                                  0.527744
xa.x1.nb                               1.07287
doutn                                 0.488652
bdoutn#branch                                0
ean#branch                         4.94438e-13
eap#branch                         6.52728e-13
vclk#branch                        8.27322e-11
vd#branch                                    0
vcm#branch                         1.14717e-12
vsup#branch                       -4.38209e-05

 Reference value :  1.98894e-08
 Reference value :  1.36525e-07
 Reference value :  2.54229e-07
 Reference value :  3.71333e-07
 Reference value :  4.90233e-07
 Reference value :  6.08550e-07
 Reference value :  7.25950e-07
 Reference value :  8.43950e-07
 Reference value :  9.60070e-07
No. of Data Rows : 10798
dlev0               =  4.15592e-05
dlev1               =  4.11215e-05
dlev2               =  4.10193e-05
dlev3               =  4.08509e-05
dlev4               =  4.06780e-05
dlev5               =  4.04998e-05
dlev6               =  4.03212e-05
dlev7               =  4.01538e-05
dlev8               =  4.00425e-05
dlev9               =  3.99982e-05
dlev10              =  3.99707e-05
dlev11              =  3.97622e-05
dlev12              =  3.93510e-05
dlev13              =  3.86186e-05
dlev14              =  3.79509e-05
dlev15              =  3.73238e-05
dlev16              =  3.65933e-05
dlev17              =  1.00002e+00
dlev18              =  1.00002e+00
dlev19              =  1.00002e+00
dlev20              =  1.00002e+00
dlev21              =  1.00002e+00
dlev22              =  1.00002e+00
dlev23              =  1.00002e+00
dlev24              =  1.00002e+00
dlev25              =  1.00002e+00
dlev26              =  1.00002e+00
dlev27              =  1.00002e+00
dlev28              =  1.00002e+00
dlev29              =  1.00002e+00
dlev30              =  1.00002e+00
dlev31              =  1.00002e+00
dlev32              =  1.00002e+00
vos = 1.4971505554e-03
lowcount = 1.6999050185e+01
vbias               =  3.25535e-01
Reset re-loads circuit * comparator-offset-transient-mc @ fs_mismatch_-40c_1.08v -- generated by sim/harness, do not edit

Circuit: * comparator-offset-transient-mc @ fs_mismatch_-40c_1.08v -- generated by sim/harness, do not edit

Doing analysis at TEMP = -40.000000 and TNOM = 27.000000

Using SPARSE 1.3 as Direct Linear Solver

Initial Transient Solution
--------------------------

Node                                   Voltage
----                                   -------
vdd                                       1.08
cm                                         0.6
vd                                      -0.048
ap                                       0.576
an                                       0.624
clk                                          0
ibn                                    0.32284
xa.x1.tmid                         7.93317e-08
xa.x1.tail                            0.564559
xa.x1.np                                  1.08
xa.x1.nn                                  1.08
xa.x1.ln                                  1.08
xa.x1.lp                                  1.08
xa.x1.lnb                          1.71902e-08
xa.x1.lpb                          1.61989e-08
xa.x1.na                               1.07376
doutb                                  0.53611
dout                                  0.525713
xa.x1.nb                               1.07436
doutn                                 0.486772
bdoutn#branch                                0
ean#branch                         4.93883e-13
eap#branch                          6.5184e-13
vclk#branch                        8.37162e-11
vd#branch                                    0
vcm#branch                         1.14572e-12
vsup#branch                       -4.06045e-05

 Reference value :  7.00728e-08
 Reference value :  1.90330e-07
 Reference value :  3.10928e-07
 Reference value :  4.31431e-07
 Reference value :  5.51801e-07
 Reference value :  6.70931e-07
 Reference value :  7.91227e-07
 Reference value :  9.11123e-07
No. of Data Rows : 10779
dlev0               =  1.40446e-05
dlev1               =  3.89201e-05
dlev2               =  3.94348e-05
dlev3               =  3.92461e-05
dlev4               =  3.95747e-05
dlev5               =  3.98683e-05
dlev6               =  4.01348e-05
dlev7               =  4.03941e-05
dlev8               =  4.06477e-05
dlev9               =  4.08854e-05
dlev10              =  4.10788e-05
dlev11              =  4.11717e-05
dlev12              =  4.16107e-05
dlev13              =  4.12268e-05
dlev14              =  4.13155e-05
dlev15              =  4.22115e-05
dlev16              =  4.21001e-05
dlev17              =  4.27870e-05
dlev18              =  1.00002e+00
dlev19              =  1.00002e+00
dlev20              =  1.00002e+00
dlev21              =  1.00002e+00
dlev22              =  1.00002e+00
dlev23              =  1.00002e+00
dlev24              =  1.00002e+00
dlev25              =  1.00002e+00
dlev26              =  1.00002e+00
dlev27              =  1.00002e+00
dlev28              =  1.00002e+00
dlev29              =  1.00002e+00
dlev30              =  1.00002e+00
dlev31              =  1.00002e+00
dlev32              =  1.00002e+00
vos = 4.4970340411e-03
lowcount = 1.7999011347e+01
vbias               =  3.22840e-01
Reset re-loads circuit * comparator-offset-transient-mc @ fs_mismatch_-40c_1.08v -- generated by sim/harness, do not edit

Circuit: * comparator-offset-transient-mc @ fs_mismatch_-40c_1.08v -- generated by sim/harness, do not edit

Doing analysis at TEMP = -40.000000 and TNOM = 27.000000

Using SPARSE 1.3 as Direct Linear Solver

Initial Transient Solution
--------------------------

Node                                   Voltage
----                                   -------
vdd                                       1.08
cm                                         0.6
vd                                      -0.048
ap                                       0.576
an                                       0.624
clk                                          0
ibn                                   0.323843
xa.x1.tmid                         7.68241e-08
xa.x1.tail                             0.56257
xa.x1.np                                  1.08
xa.x1.nn                                  1.08
xa.x1.ln                                  1.08
xa.x1.lp                                  1.08
xa.x1.lnb                            1.651e-08
xa.x1.lpb                          1.67127e-08
xa.x1.na                                  1.08
doutb                              1.59285e-08
dout                                      1.08
xa.x1.nb                                  1.08
doutn                                        1
bdoutn#branch                                0
ean#branch                          4.9355e-13
eap#branch                         6.51784e-13
vclk#branch                        8.23935e-11
vd#branch                                    0
vcm#branch                         1.14533e-12
vsup#branch                       -2.00004e-05

 Reference value :  2.02179e-08
 Reference value :  1.38226e-07
 Reference value :  2.53930e-07
 Reference value :  3.71134e-07
 Reference value :  4.88850e-07
 Reference value :  6.04250e-07
 Reference value :  7.14396e-07
 Reference value :  8.32598e-07
 Reference value :  9.50208e-07
No. of Data Rows : 10796
dlev0               =  3.26675e-05
dlev1               =  3.93959e-05
dlev2               =  3.92677e-05
dlev3               =  3.90694e-05
dlev4               =  3.88635e-05
dlev5               =  3.86639e-05
dlev6               =  3.84896e-05
dlev7               =  3.83466e-05
dlev8               =  3.82158e-05
dlev9               =  3.80572e-05
dlev10              =  3.78354e-05
dlev11              =  3.75460e-05
dlev12              =  3.72637e-05
dlev13              =  3.68120e-05
dlev14              =  3.60326e-05
dlev15              =  3.52827e-05
dlev16              =  3.45573e-05
dlev17              =  1.00002e+00
dlev18              =  1.00002e+00
dlev19              =  1.00002e+00
dlev20              =  1.00002e+00
dlev21              =  1.00002e+00
dlev22              =  1.00002e+00
dlev23              =  1.00002e+00
dlev24              =  1.00002e+00
dlev25              =  1.00002e+00
dlev26              =  1.00002e+00
dlev27              =  1.00002e+00
dlev28              =  1.00002e+00
dlev29              =  1.00002e+00
dlev30              =  1.00002e+00
dlev31              =  1.00002e+00
dlev32              =  1.00002e+00
vos = 1.4971248991e-03
lowcount = 1.6999041633e+01
vbias               =  3.23843e-01
Reset re-loads circuit * comparator-offset-transient-mc @ fs_mismatch_-40c_1.08v -- generated by sim/harness, do not edit

Circuit: * comparator-offset-transient-mc @ fs_mismatch_-40c_1.08v -- generated by sim/harness, do not edit

Doing analysis at TEMP = -40.000000 and TNOM = 27.000000

Using SPARSE 1.3 as Direct Linear Solver

Initial Transient Solution
--------------------------

Node                                   Voltage
----                                   -------
vdd                                       1.08
cm                                         0.6
vd                                      -0.048
ap                                       0.576
an                                       0.624
clk                                          0
ibn                                   0.321235
xa.x1.tmid                         8.15249e-08
xa.x1.tail                            0.559745
xa.x1.np                                  1.08
xa.x1.nn                                  1.08
xa.x1.ln                                  1.08
xa.x1.lp                                  1.08
xa.x1.lnb                          1.75654e-08
xa.x1.lpb                          1.76511e-08
xa.x1.na                                  1.08
doutb                              1.65202e-08
dout                                      1.08
xa.x1.nb                                  1.08
doutn                                        1
bdoutn#branch                                0
ean#branch                         4.93355e-13
eap#branch                         6.51257e-13
vclk#branch                        8.20065e-11
vd#branch                                    0
vcm#branch                         1.14461e-12
vsup#branch                       -2.00005e-05

 Reference value :  5.36943e-08
 Reference value :  1.70414e-07
 Reference value :  2.85628e-07
 Reference value :  4.01929e-07
 Reference value :  5.13550e-07
 Reference value :  6.29810e-07
 Reference value :  7.46292e-07
 Reference value :  8.62792e-07
 Reference value :  9.80110e-07
No. of Data Rows : 10798
dlev0               =  3.05276e-05
dlev1               =  3.05105e-05
dlev2               =  3.03966e-05
dlev3               =  3.02875e-05
dlev4               =  3.01854e-05
dlev5               =  3.00934e-05
dlev6               =  3.00163e-05
dlev7               =  2.99670e-05
dlev8               =  2.99411e-05
dlev9               =  2.98137e-05
dlev10              =  2.93934e-05
dlev11              =  2.88908e-05
dlev12              =  2.88034e-05
dlev13              =  2.87921e-05
dlev14              =  2.84146e-05
dlev15              =  1.00001e+00
dlev16              =  1.00001e+00
dlev17              =  1.00002e+00
dlev18              =  1.00002e+00
dlev19              =  1.00002e+00
dlev20              =  1.00002e+00
dlev21              =  1.00002e+00
dlev22              =  1.00002e+00
dlev23              =  1.00002e+00
dlev24              =  1.00002e+00
dlev25              =  1.00002e+00
dlev26              =  1.00002e+00
dlev27              =  1.00002e+00
dlev28              =  1.00002e+00
dlev29              =  1.00002e+00
dlev30              =  1.00002e+00
dlev31              =  1.00002e+00
dlev32              =  1.00002e+00
vos = -4.502160100e-03
lowcount = 1.4999279967e+01
vbias               =  3.21235e-01
Reset re-loads circuit * comparator-offset-transient-mc @ fs_mismatch_-40c_1.08v -- generated by sim/harness, do not edit

Circuit: * comparator-offset-transient-mc @ fs_mismatch_-40c_1.08v -- generated by sim/harness, do not edit

Doing analysis at TEMP = -40.000000 and TNOM = 27.000000

Using SPARSE 1.3 as Direct Linear Solver

Initial Transient Solution
--------------------------

Node                                   Voltage
----                                   -------
vdd                                       1.08
cm                                         0.6
vd                                      -0.048
ap                                       0.576
an                                       0.624
clk                                          0
ibn                                   0.323366
xa.x1.tmid                         6.98401e-08
xa.x1.tail                            0.567037
xa.x1.np                                  1.08
xa.x1.nn                                  1.08
xa.x1.ln                                  1.08
xa.x1.lp                                  1.08
xa.x1.lnb                          1.61883e-08
xa.x1.lpb                          1.58337e-08
xa.x1.na                               1.07465
doutb                                 0.523733
dout                                  0.536742
xa.x1.nb                               1.07348
doutn                                 0.496983
bdoutn#branch                                0
ean#branch                         4.94216e-13
eap#branch                         6.52339e-13
vclk#branch                        8.25698e-11
vd#branch                                    0
vcm#branch                         1.14656e-12
vsup#branch                       -4.10418e-05

 Reference value :  8.50034e-08
 Reference value :  2.00272e-07
 Reference value :  3.16428e-07
 Reference value :  4.34131e-07
 Reference value :  5.50000e-07
 Reference value :  6.67950e-07
 Reference value :  7.70374e-07
 Reference value :  8.90304e-07
No. of Data Rows : 10784
dlev0               =  3.63166e-05
dlev1               =  3.58250e-05
dlev2               =  3.66352e-05
dlev3               =  3.74706e-05
dlev4               =  3.82699e-05
dlev5               =  3.89787e-05
dlev6               =  3.95224e-05
dlev7               =  3.99260e-05
dlev8               =  4.00824e-05
dlev9               =  3.99909e-05
dlev10              =  3.94476e-05
dlev11              =  3.83959e-05
dlev12              =  3.94317e-05
dlev13              =  4.02357e-05
dlev14              =  3.97247e-05
dlev15              =  1.00002e+00
dlev16              =  1.00002e+00
dlev17              =  1.00002e+00
dlev18              =  1.00002e+00
dlev19              =  1.00002e+00
dlev20              =  1.00002e+00
dlev21              =  1.00002e+00
dlev22              =  1.00002e+00
dlev23              =  1.00002e+00
dlev24              =  1.00002e+00
dlev25              =  1.00002e+00
dlev26              =  1.00002e+00
dlev27              =  1.00002e+00
dlev28              =  1.00002e+00
dlev29              =  1.00002e+00
dlev30              =  1.00002e+00
dlev31              =  1.00002e+00
dlev32              =  1.00002e+00
vos = -4.502904760e-03
lowcount = 1.4999031747e+01
vbias               =  3.23366e-01
Reset re-loads circuit * comparator-offset-transient-mc @ fs_mismatch_-40c_1.08v -- generated by sim/harness, do not edit

Circuit: * comparator-offset-transient-mc @ fs_mismatch_-40c_1.08v -- generated by sim/harness, do not edit

Doing analysis at TEMP = -40.000000 and TNOM = 27.000000

Using SPARSE 1.3 as Direct Linear Solver

Initial Transient Solution
--------------------------

Node                                   Voltage
----                                   -------
vdd                                       1.08
cm                                         0.6
vd                                      -0.048
ap                                       0.576
an                                       0.624
clk                                          0
ibn                                   0.322672
xa.x1.tmid                         6.96083e-08
xa.x1.tail                            0.564336
xa.x1.np                                  1.08
xa.x1.nn                                  1.08
xa.x1.ln                                  1.08
xa.x1.lp                                  1.08
xa.x1.lnb                          1.67679e-08
xa.x1.lpb                          1.75766e-08
xa.x1.na                                  1.08
doutb                                     1.08
dout                               1.73648e-08
xa.x1.nb                                  1.08
doutn                              1.60785e-08
bdoutn#branch                                0
ean#branch                         4.93827e-13
eap#branch                         6.52062e-13
vclk#branch                        8.29988e-11
vd#branch                                    0
vcm#branch                         1.14589e-12
vsup#branch                       -2.00004e-05

 Reference value :  0.00000e+00
 Reference value :  1.13395e-07
 Reference value :  2.30208e-07
 Reference value :  3.48130e-07
 Reference value :  4.65531e-07
 Reference value :  5.83631e-07
 Reference value :  7.04627e-07
 Reference value :  8.25523e-07
 Reference value :  9.44220e-07
No. of Data Rows : 10782
dlev0               =  3.30351e-05
dlev1               =  3.33071e-05
dlev2               =  3.30345e-05
dlev3               =  3.27302e-05
dlev4               =  3.24200e-05
dlev5               =  3.21208e-05
dlev6               =  3.18472e-05
dlev7               =  3.16174e-05
dlev8               =  3.14272e-05
dlev9               =  3.12935e-05
dlev10              =  3.12219e-05
dlev11              =  3.12931e-05
dlev12              =  3.13833e-05
dlev13              =  3.04995e-05
dlev14              =  3.00428e-05
dlev15              =  2.98876e-05
dlev16              =  1.00001e+00
dlev17              =  1.00002e+00
dlev18              =  1.00002e+00
dlev19              =  1.00002e+00
dlev20              =  1.00002e+00
dlev21              =  1.00002e+00
dlev22              =  1.00002e+00
dlev23              =  1.00002e+00
dlev24              =  1.00002e+00
dlev25              =  1.00002e+00
dlev26              =  1.00002e+00
dlev27              =  1.00002e+00
dlev28              =  1.00002e+00
dlev29              =  1.00002e+00
dlev30              =  1.00002e+00
dlev31              =  1.00002e+00
dlev32              =  1.00002e+00
vos = -1.502583484e-03
lowcount = 1.5999138839e+01
vbias               =  3.22672e-01
Reset re-loads circuit * comparator-offset-transient-mc @ fs_mismatch_-40c_1.08v -- generated by sim/harness, do not edit

Circuit: * comparator-offset-transient-mc @ fs_mismatch_-40c_1.08v -- generated by sim/harness, do not edit

Doing analysis at TEMP = -40.000000 and TNOM = 27.000000

Using SPARSE 1.3 as Direct Linear Solver

Initial Transient Solution
--------------------------

Node                                   Voltage
----                                   -------
vdd                                       1.08
cm                                         0.6
vd                                      -0.048
ap                                       0.576
an                                       0.624
clk                                          0
ibn                                   0.319832
xa.x1.tmid                         7.70521e-08
xa.x1.tail                            0.567078
xa.x1.np                                  1.08
xa.x1.nn                                  1.08
xa.x1.ln                                  1.08
xa.x1.lp                                  1.08
xa.x1.lnb                          1.60009e-08
xa.x1.lpb                          1.65932e-08
xa.x1.na                               1.07367
doutb                                 0.534506
dout                                  0.525226
xa.x1.nb                               1.07424
doutn                                 0.486321
bdoutn#branch                                0
ean#branch                         4.94271e-13
eap#branch                         6.52312e-13
vclk#branch                        8.30129e-11
vd#branch                                    0
vcm#branch                         1.14658e-12
vsup#branch                       -4.08714e-05

 Reference value :  5.32933e-08
 Reference value :  1.72892e-07
 Reference value :  2.91692e-07
 Reference value :  4.10690e-07
 Reference value :  5.29228e-07
 Reference value :  6.48228e-07
 Reference value :  7.67723e-07
 Reference value :  8.87619e-07
No. of Data Rows : 10780
dlev0               =  3.62447e-05
dlev1               =  3.60353e-05
dlev2               =  3.58755e-05
dlev3               =  3.57107e-05
dlev4               =  3.55406e-05
dlev5               =  3.53654e-05
dlev6               =  3.51854e-05
dlev7               =  3.50051e-05
dlev8               =  3.48289e-05
dlev9               =  3.47262e-05
dlev10              =  3.45878e-05
dlev11              =  3.44150e-05
dlev12              =  3.41434e-05
dlev13              =  3.40286e-05
dlev14              =  3.36263e-05
dlev15              =  3.29073e-05
dlev16              =  1.00001e+00
dlev17              =  1.00003e+00
dlev18              =  1.00003e+00
dlev19              =  1.00003e+00
dlev20              =  1.00003e+00
dlev21              =  1.00002e+00
dlev22              =  1.00002e+00
dlev23              =  1.00002e+00
dlev24              =  1.00002e+00
dlev25              =  1.00002e+00
dlev26              =  1.00002e+00
dlev27              =  1.00002e+00
dlev28              =  1.00002e+00
dlev29              =  1.00002e+00
dlev30              =  1.00002e+00
dlev31              =  1.00002e+00
dlev32              =  1.00002e+00
vos = -1.502889679e-03
lowcount = 1.5999036774e+01
vbias               =  3.19831e-01
Reset re-loads circuit * comparator-offset-transient-mc @ fs_mismatch_-40c_1.08v -- generated by sim/harness, do not edit

Circuit: * comparator-offset-transient-mc @ fs_mismatch_-40c_1.08v -- generated by sim/harness, do not edit

Doing analysis at TEMP = -40.000000 and TNOM = 27.000000

Using SPARSE 1.3 as Direct Linear Solver

Initial Transient Solution
--------------------------

Node                                   Voltage
----                                   -------
vdd                                       1.08
cm                                         0.6
vd                                      -0.048
ap                                       0.576
an                                       0.624
clk                                          0
ibn                                   0.321278
xa.x1.tmid                          7.7302e-08
xa.x1.tail                            0.563931
xa.x1.np                                  1.08
xa.x1.nn                                  1.08
xa.x1.ln                                  1.08
xa.x1.lp                                  1.08
xa.x1.lnb                          1.59123e-08
xa.x1.lpb                          1.69604e-08
xa.x1.na                                  1.08
doutb                              1.77482e-08
dout                                      1.08
xa.x1.nb                                  1.08
doutn                                        1
bdoutn#branch                                0
ean#branch                         4.93522e-13
eap#branch                         6.51895e-13
vclk#branch                        8.25448e-11
vd#branch                                    0
vcm#branch                         1.14542e-12
vsup#branch                       -2.00004e-05

 Reference value :  0.00000e+00
 Reference value :  1.19697e-07
 Reference value :  2.39097e-07
 Reference value :  3.57297e-07
 Reference value :  4.75795e-07
 Reference value :  5.92690e-07
 Reference value :  7.12091e-07
 Reference value :  8.31291e-07
 Reference value :  9.50271e-07
No. of Data Rows : 10797
dlev0               =  3.77196e-05
dlev1               =  3.75683e-05
dlev2               =  3.74161e-05
dlev3               =  3.72541e-05
dlev4               =  3.70802e-05
dlev5               =  3.68944e-05
dlev6               =  3.66974e-05
dlev7               =  3.64918e-05
dlev8               =  3.62828e-05
dlev9               =  3.60798e-05
dlev10              =  3.58994e-05
dlev11              =  3.57264e-05
dlev12              =  3.55169e-05
dlev13              =  3.53621e-05
dlev14              =  3.46846e-05
dlev15              =  3.40043e-05
dlev16              =  1.00001e+00
dlev17              =  1.00002e+00
dlev18              =  1.00002e+00
dlev19              =  1.00002e+00
dlev20              =  1.00002e+00
dlev21              =  1.00002e+00
dlev22              =  1.00002e+00
dlev23              =  1.00002e+00
dlev24              =  1.00002e+00
dlev25              =  1.00002e+00
dlev26              =  1.00002e+00
dlev27              =  1.00002e+00
dlev28              =  1.00002e+00
dlev29              =  1.00002e+00
dlev30              =  1.00002e+00
dlev31              =  1.00002e+00
dlev32              =  1.00002e+00
vos = -1.502627035e-03
lowcount = 1.5999124322e+01
vbias               =  3.21278e-01
Reset re-loads circuit * comparator-offset-transient-mc @ fs_mismatch_-40c_1.08v -- generated by sim/harness, do not edit

Circuit: * comparator-offset-transient-mc @ fs_mismatch_-40c_1.08v -- generated by sim/harness, do not edit

Doing analysis at TEMP = -40.000000 and TNOM = 27.000000

Using SPARSE 1.3 as Direct Linear Solver

Initial Transient Solution
--------------------------

Node                                   Voltage
----                                   -------
vdd                                       1.08
cm                                         0.6
vd                                      -0.048
ap                                       0.576
an                                       0.624
clk                                          0
ibn                                   0.322957
xa.x1.tmid                         7.64448e-08
xa.x1.tail                            0.563198
xa.x1.np                                  1.08
xa.x1.nn                                  1.08
xa.x1.ln                                  1.08
xa.x1.lp                                  1.08
xa.x1.lnb                          1.66556e-08
xa.x1.lpb                          1.71247e-08
xa.x1.na                               1.07441
doutb                                  0.52585
dout                                  0.531644
xa.x1.nb                               1.07392
doutn                                 0.492263
bdoutn#branch                                0
ean#branch                         4.93994e-13
eap#branch                         6.52062e-13
vclk#branch                        8.24207e-11
vd#branch                                    0
vcm#branch                         1.14606e-12
vsup#branch                       -4.03816e-05

 Reference value :  5.85928e-08
 Reference value :  1.77890e-07
 Reference value :  2.97889e-07
 Reference value :  4.17791e-07
 Reference value :  5.35288e-07
 Reference value :  6.54486e-07
 Reference value :  7.74084e-07
 Reference value :  8.94186e-07
No. of Data Rows : 10797
dlev0               =  3.08666e-05
dlev1               =  2.87596e-05
dlev2               =  2.85972e-05
dlev3               =  2.84494e-05
dlev4               =  2.82927e-05
dlev5               =  2.80044e-05
dlev6               =  2.77374e-05
dlev7               =  2.74988e-05
dlev8               =  2.73092e-05
dlev9               =  2.71661e-05
dlev10              =  2.70843e-05
dlev11              =  2.71052e-05
dlev12              =  2.73529e-05
dlev13              =  2.74529e-05
dlev14              =  2.62682e-05
dlev15              =  2.59391e-05
dlev16              =  2.48494e-05
dlev17              =  1.00001e+00
dlev18              =  1.00001e+00
dlev19              =  1.00001e+00
dlev20              =  1.00001e+00
dlev21              =  1.00001e+00
dlev22              =  1.00001e+00
dlev23              =  1.00001e+00
dlev24              =  1.00001e+00
dlev25              =  1.00001e+00
dlev26              =  1.00001e+00
dlev27              =  1.00001e+00
dlev28              =  1.00001e+00
dlev29              =  1.00001e+00
dlev30              =  1.00001e+00
dlev31              =  1.00001e+00
dlev32              =  1.00001e+00
vos = 1.4980357995e-03
lowcount = 1.6999345267e+01
vbias               =  3.22957e-01
Reset re-loads circuit * comparator-offset-transient-mc @ fs_mismatch_-40c_1.08v -- generated by sim/harness, do not edit

Circuit: * comparator-offset-transient-mc @ fs_mismatch_-40c_1.08v -- generated by sim/harness, do not edit

Doing analysis at TEMP = -40.000000 and TNOM = 27.000000

Using SPARSE 1.3 as Direct Linear Solver

Initial Transient Solution
--------------------------

Node                                   Voltage
----                                   -------
vdd                                       1.08
cm                                         0.6
vd                                      -0.048
ap                                       0.576
an                                       0.624
clk                                          0
ibn                                    0.32475
xa.x1.tmid                         6.98631e-08
xa.x1.tail                            0.563158
xa.x1.np                                  1.08
xa.x1.nn                                  1.08
xa.x1.ln                                  1.08
xa.x1.lp                                  1.08
xa.x1.lnb                          1.63233e-08
xa.x1.lpb                          1.74234e-08
xa.x1.na                               1.07426
doutb                                 0.529061
dout                                  0.529956
xa.x1.nb                               1.07389
doutn                                   0.4907
bdoutn#branch                                0
ean#branch                         4.93633e-13
eap#branch                         6.52284e-13
vclk#branch                        8.31607e-11
vd#branch                                    0
vcm#branch                         1.14592e-12
vsup#branch                       -4.04533e-05

 Reference value :  2.52800e-09
 Reference value :  1.21450e-07
 Reference value :  2.38196e-07
 Reference value :  3.57596e-07
 Reference value :  4.76494e-07
 Reference value :  5.93796e-07
 Reference value :  7.12495e-07
 Reference value :  8.32896e-07
 Reference value :  9.50498e-07
No. of Data Rows : 10797
dlev0               =  2.14244e-05
dlev1               =  4.21342e-05
dlev2               =  4.20550e-05
dlev3               =  4.19805e-05
dlev4               =  4.19044e-05
dlev5               =  4.19689e-05
dlev6               =  4.18325e-05
dlev7               =  4.16414e-05
dlev8               =  4.13893e-05
dlev9               =  4.10798e-05
dlev10              =  4.07216e-05
dlev11              =  4.03652e-05
dlev12              =  4.01037e-05
dlev13              =  4.01087e-05
dlev14              =  3.97602e-05
dlev15              =  3.91568e-05
dlev16              =  1.00002e+00
dlev17              =  1.00002e+00
dlev18              =  1.00002e+00
dlev19              =  1.00002e+00
dlev20              =  1.00002e+00
dlev21              =  1.00002e+00
dlev22              =  1.00002e+00
dlev23              =  1.00002e+00
dlev24              =  1.00002e+00
dlev25              =  1.00002e+00
dlev26              =  1.00002e+00
dlev27              =  1.00002e+00
dlev28              =  1.00002e+00
dlev29              =  1.00002e+00
dlev30              =  1.00002e+00
dlev31              =  1.00002e+00
dlev32              =  1.00002e+00
vos = -1.503007880e-03
lowcount = 1.5998997373e+01
vbias               =  3.24750e-01
Reset re-loads circuit * comparator-offset-transient-mc @ fs_mismatch_-40c_1.08v -- generated by sim/harness, do not edit

Circuit: * comparator-offset-transient-mc @ fs_mismatch_-40c_1.08v -- generated by sim/harness, do not edit

Doing analysis at TEMP = -40.000000 and TNOM = 27.000000

Using SPARSE 1.3 as Direct Linear Solver

Initial Transient Solution
--------------------------

Node                                   Voltage
----                                   -------
vdd                                       1.08
cm                                         0.6
vd                                      -0.048
ap                                       0.576
an                                       0.624
clk                                          0
ibn                                   0.322932
xa.x1.tmid                         7.14891e-08
xa.x1.tail                            0.566495
xa.x1.np                                  1.08
xa.x1.nn                                  1.08
xa.x1.ln                                  1.08
xa.x1.lp                                  1.08
xa.x1.lnb                           1.6069e-08
xa.x1.lpb                          1.67537e-08
xa.x1.na                               1.07417
doutb                                 0.525766
dout                                   0.53088
xa.x1.nb                                1.0739
doutn                                 0.491555
bdoutn#branch                                0
ean#branch                         4.94105e-13
eap#branch                         6.52284e-13
vclk#branch                        8.16045e-11
vd#branch                                    0
vcm#branch                         1.14639e-12
vsup#branch                       -4.09098e-05

 Reference value :  5.78968e-08
 Reference value :  1.77695e-07
 Reference value :  2.97594e-07
 Reference value :  4.17093e-07
 Reference value :  5.34196e-07
 Reference value :  6.51096e-07
 Reference value :  7.70796e-07
 Reference value :  8.91198e-07
No. of Data Rows : 10796
dlev0               =  1.33778e-05
dlev1               =  3.79506e-05
dlev2               =  3.77981e-05
dlev3               =  3.76540e-05
dlev4               =  3.75143e-05
dlev5               =  3.73697e-05
dlev6               =  3.72113e-05
dlev7               =  3.70430e-05
dlev8               =  3.68657e-05
dlev9               =  3.66898e-05
dlev10              =  3.65413e-05
dlev11              =  3.64703e-05
dlev12              =  3.63719e-05
dlev13              =  3.58132e-05
dlev14              =  3.52915e-05
dlev15              =  3.46352e-05
dlev16              =  1.00001e+00
dlev17              =  1.00002e+00
dlev18              =  1.00002e+00
dlev19              =  1.00002e+00
dlev20              =  1.00002e+00
dlev21              =  1.00002e+00
dlev22              =  1.00002e+00
dlev23              =  1.00002e+00
dlev24              =  1.00002e+00
dlev25              =  1.00002e+00
dlev26              =  1.00002e+00
dlev27              =  1.00002e+00
dlev28              =  1.00002e+00
dlev29              =  1.00002e+00
dlev30              =  1.00002e+00
dlev31              =  1.00002e+00
dlev32              =  1.00002e+00
vos = -1.502716793e-03
lowcount = 1.5999094402e+01
vbias               =  3.22932e-01
Reset re-loads circuit * comparator-offset-transient-mc @ fs_mismatch_-40c_1.08v -- generated by sim/harness, do not edit

Circuit: * comparator-offset-transient-mc @ fs_mismatch_-40c_1.08v -- generated by sim/harness, do not edit

Doing analysis at TEMP = -40.000000 and TNOM = 27.000000

Using SPARSE 1.3 as Direct Linear Solver

Initial Transient Solution
--------------------------

Node                                   Voltage
----                                   -------
vdd                                       1.08
cm                                         0.6
vd                                      -0.048
ap                                       0.576
an                                       0.624
clk                                          0
ibn                                   0.321989
xa.x1.tmid                         6.95302e-08
xa.x1.tail                            0.567905
xa.x1.np                                  1.08
xa.x1.nn                                  1.08
xa.x1.ln                                  1.08
xa.x1.lp                                  1.08
xa.x1.lnb                          1.59955e-08
xa.x1.lpb                          1.71717e-08
xa.x1.na                               1.07422
doutb                                  0.53697
dout                                  0.535181
xa.x1.nb                               1.07427
doutn                                 0.495538
bdoutn#branch                                0
ean#branch                         4.94244e-13
eap#branch                         6.52506e-13
vclk#branch                        8.24643e-11
vd#branch                                    0
vcm#branch                         1.14675e-12
vsup#branch                       -4.00993e-05

 Reference value :  0.00000e+00
 Reference value :  1.15891e-07
 Reference value :  2.34590e-07
 Reference value :  3.53591e-07
 Reference value :  4.71588e-07
 Reference value :  5.90203e-07
 Reference value :  7.09623e-07
 Reference value :  8.27118e-07
 Reference value :  9.44015e-07
No. of Data Rows : 10793
dlev0               =  3.20195e-05
dlev1               =  2.94868e-05
dlev2               =  2.95618e-05
dlev3               =  2.95853e-05
dlev4               =  2.94238e-05
dlev5               =  2.92746e-05
dlev6               =  2.91391e-05
dlev7               =  2.90213e-05
dlev8               =  2.89283e-05
dlev9               =  2.88738e-05
dlev10              =  2.87930e-05
dlev11              =  2.86295e-05
dlev12              =  2.85318e-05
dlev13              =  2.81406e-05
dlev14              =  2.70764e-05
dlev15              =  2.62240e-05
dlev16              =  1.00001e+00
dlev17              =  1.00002e+00
dlev18              =  1.00002e+00
dlev19              =  1.00002e+00
dlev20              =  1.00002e+00
dlev21              =  1.00002e+00
dlev22              =  1.00002e+00
dlev23              =  1.00002e+00
dlev24              =  1.00002e+00
dlev25              =  1.00002e+00
dlev26              =  1.00002e+00
dlev27              =  1.00002e+00
dlev28              =  1.00002e+00
dlev29              =  1.00002e+00
dlev30              =  1.00002e+00
dlev31              =  1.00002e+00
dlev32              =  1.00002e+00
vos = -1.502540128e-03
lowcount = 1.5999153291e+01
vbias               =  3.21989e-01
Reset re-loads circuit * comparator-offset-transient-mc @ fs_mismatch_-40c_1.08v -- generated by sim/harness, do not edit

Circuit: * comparator-offset-transient-mc @ fs_mismatch_-40c_1.08v -- generated by sim/harness, do not edit

Doing analysis at TEMP = -40.000000 and TNOM = 27.000000

Using SPARSE 1.3 as Direct Linear Solver

Initial Transient Solution
--------------------------

Node                                   Voltage
----                                   -------
vdd                                       1.08
cm                                         0.6
vd                                      -0.048
ap                                       0.576
an                                       0.624
clk                                          0
ibn                                   0.322905
xa.x1.tmid                         7.53924e-08
xa.x1.tail                            0.563414
xa.x1.np                                  1.08
xa.x1.nn                                  1.08
xa.x1.ln                                  1.08
xa.x1.lp                                  1.08
xa.x1.lnb                          1.61906e-08
xa.x1.lpb                          1.66848e-08
xa.x1.na                               1.07417
doutb                                 0.529674
dout                                  0.530899
xa.x1.nb                               1.07387
doutn                                 0.491573
bdoutn#branch                                0
ean#branch                         4.93633e-13
eap#branch                         6.51784e-13
vclk#branch                        8.25742e-11
vd#branch                                    0
vcm#branch                         1.14542e-12
vsup#branch                       -4.08966e-05

 Reference value :  5.14972e-08
 Reference value :  1.70995e-07
 Reference value :  2.90894e-07
 Reference value :  4.10336e-07
 Reference value :  5.30100e-07
 Reference value :  6.47929e-07
 Reference value :  7.67425e-07
 Reference value :  8.85822e-07
No. of Data Rows : 10780
dlev0               =  1.24927e-05
dlev1               =  3.69582e-05
dlev2               =  3.67462e-05
dlev3               =  3.65470e-05
dlev4               =  3.63634e-05
dlev5               =  3.61997e-05
dlev6               =  3.60437e-05
dlev7               =  3.58689e-05
dlev8               =  3.56765e-05
dlev9               =  3.54949e-05
dlev10              =  3.54151e-05
dlev11              =  3.51783e-05
dlev12              =  3.42082e-05
dlev13              =  3.39638e-05
dlev14              =  3.33272e-05
dlev15              =  1.00001e+00
dlev16              =  1.00002e+00
dlev17              =  1.00002e+00
dlev18              =  1.00002e+00
dlev19              =  1.00002e+00
dlev20              =  1.00002e+00
dlev21              =  1.00002e+00
dlev22              =  1.00002e+00
dlev23              =  1.00002e+00
dlev24              =  1.00002e+00
dlev25              =  1.00002e+00
dlev26              =  1.00002e+00
dlev27              =  1.00002e+00
dlev28              =  1.00002e+00
dlev29              =  1.00002e+00
dlev30              =  1.00002e+00
dlev31              =  1.00002e+00
dlev32              =  1.00002e+00
vos = -4.502677451e-03
lowcount = 1.4999107516e+01
vbias               =  3.22905e-01
Reset re-loads circuit * comparator-offset-transient-mc @ fs_mismatch_-40c_1.08v -- generated by sim/harness, do not edit

Circuit: * comparator-offset-transient-mc @ fs_mismatch_-40c_1.08v -- generated by sim/harness, do not edit

Doing analysis at TEMP = -40.000000 and TNOM = 27.000000

Using SPARSE 1.3 as Direct Linear Solver

Initial Transient Solution
--------------------------

Node                                   Voltage
----                                   -------
vdd                                       1.08
cm                                         0.6
vd                                      -0.048
ap                                       0.576
an                                       0.624
clk                                          0
ibn                                   0.325563
xa.x1.tmid                         6.71123e-08
xa.x1.tail                            0.566422
xa.x1.np                                  1.08
xa.x1.nn                                  1.08
xa.x1.ln                                  1.08
xa.x1.lp                                  1.08
xa.x1.lnb                          1.64195e-08
xa.x1.lpb                          1.63743e-08
xa.x1.na                               1.07404
doutb                                 0.529584
dout                                  0.527102
xa.x1.nb                               1.07408
doutn                                 0.488057
bdoutn#branch                                0
ean#branch                         4.94382e-13
eap#branch                         6.52395e-13
vclk#branch                        8.29084e-11
vd#branch                                    0
vcm#branch                         1.14678e-12
vsup#branch                       -4.05424e-05

 Reference value :  0.00000e+00
 Reference value :  1.17512e-07
 Reference value :  2.38011e-07
 Reference value :  3.57110e-07
 Reference value :  4.75909e-07
 Reference value :  5.92696e-07
 Reference value :  7.11295e-07
 Reference value :  8.30338e-07
 Reference value :  9.49219e-07
No. of Data Rows : 10782
dlev0               =  2.19237e-05
dlev1               =  3.27204e-05
dlev2               =  3.29537e-05
dlev3               =  3.31938e-05
dlev4               =  3.34419e-05
dlev5               =  3.37000e-05
dlev6               =  3.41492e-05
dlev7               =  3.44831e-05
dlev8               =  3.49772e-05
dlev9               =  3.56574e-05
dlev10              =  3.62559e-05
dlev11              =  3.64492e-05
dlev12              =  3.66924e-05
dlev13              =  3.68650e-05
dlev14              =  3.62022e-05
dlev15              =  3.75582e-05
dlev16              =  3.76746e-05
dlev17              =  1.00002e+00
dlev18              =  1.00002e+00
dlev19              =  1.00002e+00
dlev20              =  1.00002e+00
dlev21              =  1.00002e+00
dlev22              =  1.00002e+00
dlev23              =  1.00002e+00
dlev24              =  1.00002e+00
dlev25              =  1.00002e+00
dlev26              =  1.00002e+00
dlev27              =  1.00002e+00
dlev28              =  1.00002e+00
dlev29              =  1.00002e+00
dlev30              =  1.00002e+00
dlev31              =  1.00002e+00
dlev32              =  1.00002e+00
vos = 1.4972763058e-03
lowcount = 1.6999092102e+01
vbias               =  3.25563e-01
Reset re-loads circuit * comparator-offset-transient-mc @ fs_mismatch_-40c_1.08v -- generated by sim/harness, do not edit

Circuit: * comparator-offset-transient-mc @ fs_mismatch_-40c_1.08v -- generated by sim/harness, do not edit

Doing analysis at TEMP = -40.000000 and TNOM = 27.000000

Using SPARSE 1.3 as Direct Linear Solver

Initial Transient Solution
--------------------------

Node                                   Voltage
----                                   -------
vdd                                       1.08
cm                                         0.6
vd                                      -0.048
ap                                       0.576
an                                       0.624
clk                                          0
ibn                                   0.324357
xa.x1.tmid                         7.10633e-08
xa.x1.tail                            0.565444
xa.x1.np                                  1.08
xa.x1.nn                                  1.08
xa.x1.ln                                  1.08
xa.x1.lp                                  1.08
xa.x1.lnb                          1.70472e-08
xa.x1.lpb                          1.63279e-08
xa.x1.na                               1.07426
doutb                                 0.524781
dout                                  0.527058
xa.x1.nb                               1.07359
doutn                                 0.488016
bdoutn#branch                                0
ean#branch                         4.94271e-13
eap#branch                         6.51867e-13
vclk#branch                        8.22365e-11
vd#branch                                    0
vcm#branch                         1.14614e-12
vsup#branch                       -4.09999e-05

 Reference value :  5.53954e-08
 Reference value :  1.75193e-07
 Reference value :  2.94191e-07
 Reference value :  4.13692e-07
 Reference value :  5.31097e-07
 Reference value :  6.50999e-07
 Reference value :  7.70800e-07
 Reference value :  8.90702e-07
No. of Data Rows : 10790
dlev0               =  3.23469e-05
dlev1               =  3.24991e-05
dlev2               =  3.23058e-05
dlev3               =  3.20931e-05
dlev4               =  3.18573e-05
dlev5               =  3.16176e-05
dlev6               =  3.13988e-05
dlev7               =  3.12090e-05
dlev8               =  3.10334e-05
dlev9               =  3.08741e-05
dlev10              =  3.07387e-05
dlev11              =  3.03920e-05
dlev12              =  3.01831e-05
dlev13              =  2.92414e-05
dlev14              =  2.92749e-05
dlev15              =  2.83756e-05
dlev16              =  1.00002e+00
dlev17              =  1.00002e+00
dlev18              =  1.00002e+00
dlev19              =  1.00002e+00
dlev20              =  1.00002e+00
dlev21              =  1.00002e+00
dlev22              =  1.00002e+00
dlev23              =  1.00002e+00
dlev24              =  1.00002e+00
dlev25              =  1.00002e+00
dlev26              =  1.00002e+00
dlev27              =  1.00002e+00
dlev28              =  1.00002e+00
dlev29              =  1.00002e+00
dlev30              =  1.00002e+00
dlev31              =  1.00002e+00
dlev32              =  1.00002e+00
vos = -1.502590323e-03
lowcount = 1.5999136559e+01
vbias               =  3.24357e-01
Reset re-loads circuit * comparator-offset-transient-mc @ fs_mismatch_-40c_1.08v -- generated by sim/harness, do not edit

Circuit: * comparator-offset-transient-mc @ fs_mismatch_-40c_1.08v -- generated by sim/harness, do not edit

Doing analysis at TEMP = -40.000000 and TNOM = 27.000000

Using SPARSE 1.3 as Direct Linear Solver

Initial Transient Solution
--------------------------

Node                                   Voltage
----                                   -------
vdd                                       1.08
cm                                         0.6
vd                                      -0.048
ap                                       0.576
an                                       0.624
clk                                          0
ibn                                   0.319289
xa.x1.tmid                         8.04696e-08
xa.x1.tail                            0.566878
xa.x1.np                                  1.08
xa.x1.nn                                  1.08
xa.x1.ln                                  1.08
xa.x1.lp                                  1.08
xa.x1.lnb                          1.72261e-08
xa.x1.lpb                          1.70181e-08
xa.x1.na                                  1.08
doutb                               1.7268e-08
dout                                      1.08
xa.x1.nb                                  1.08
doutn                                        1
bdoutn#branch                                0
ean#branch                         4.94438e-13
eap#branch                         6.52284e-13
vclk#branch                        8.14844e-11
vd#branch                                    0
vcm#branch                         1.14672e-12
vsup#branch                       -2.00004e-05

 Reference value :  6.40000e-11
 Reference value :  1.18488e-07
 Reference value :  2.36188e-07
 Reference value :  3.53989e-07
 Reference value :  4.70888e-07
 Reference value :  5.89028e-07
 Reference value :  7.07328e-07
 Reference value :  8.25323e-07
 Reference value :  9.42919e-07
No. of Data Rows : 10798
dlev0               =  2.70132e-05
dlev1               =  2.59518e-05
dlev2               =  2.58019e-05
dlev3               =  2.56547e-05
dlev4               =  2.55907e-05
dlev5               =  2.55210e-05
dlev6               =  2.54463e-05
dlev7               =  2.53691e-05
dlev8               =  2.52947e-05
dlev9               =  2.52316e-05
dlev10              =  2.51978e-05
dlev11              =  2.52140e-05
dlev12              =  2.51043e-05
dlev13              =  2.41627e-05
dlev14              =  2.32825e-05
dlev15              =  2.30904e-05
dlev16              =  2.19995e-05
dlev17              =  2.13395e-05
dlev18              =  1.00001e+00
dlev19              =  1.00002e+00
dlev20              =  1.00002e+00
dlev21              =  1.00002e+00
dlev22              =  1.00002e+00
dlev23              =  1.00002e+00
dlev24              =  1.00002e+00
dlev25              =  1.00002e+00
dlev26              =  1.00002e+00
dlev27              =  1.00002e+00
dlev28              =  1.00002e+00
dlev29              =  1.00002e+00
dlev30              =  1.00002e+00
dlev31              =  1.00002e+00
dlev32              =  1.00002e+00
vos = 4.4979442028e-03
lowcount = 1.7999314734e+01
vbias               =  3.19289e-01
Reset re-loads circuit * comparator-offset-transient-mc @ fs_mismatch_-40c_1.08v -- generated by sim/harness, do not edit

Circuit: * comparator-offset-transient-mc @ fs_mismatch_-40c_1.08v -- generated by sim/harness, do not edit

Doing analysis at TEMP = -40.000000 and TNOM = 27.000000

Using SPARSE 1.3 as Direct Linear Solver

Initial Transient Solution
--------------------------

Node                                   Voltage
----                                   -------
vdd                                       1.08
cm                                         0.6
vd                                      -0.048
ap                                       0.576
an                                       0.624
clk                                          0
ibn                                   0.320894
xa.x1.tmid                         8.83871e-08
xa.x1.tail                            0.561801
xa.x1.np                                  1.08
xa.x1.nn                                  1.08
xa.x1.ln                                  1.08
xa.x1.lp                                  1.08
xa.x1.lnb                          1.62722e-08
xa.x1.lpb                          1.63665e-08
xa.x1.na                                1.0734
doutb                                 0.526759
dout                                  0.523587
xa.x1.nb                               1.07394
doutn                                 0.484802
bdoutn#branch                                0
ean#branch                         4.93577e-13
eap#branch                         6.52201e-13
vclk#branch                         8.3316e-11
vd#branch                                    0
vcm#branch                         1.14578e-12
vsup#branch                       -4.20596e-05

 Reference value :  5.15031e-08
 Reference value :  1.70901e-07
 Reference value :  2.90200e-07
 Reference value :  4.03434e-07
 Reference value :  5.20934e-07
 Reference value :  6.39150e-07
 Reference value :  7.58450e-07
 Reference value :  8.75050e-07
 Reference value :  9.89830e-07
No. of Data Rows : 10780
dlev0               =  3.78890e-05
dlev1               =  3.76289e-05
dlev2               =  3.83268e-05
dlev3               =  3.89525e-05
dlev4               =  3.94959e-05
dlev5               =  3.99582e-05
dlev6               =  4.03333e-05
dlev7               =  4.09039e-05
dlev8               =  4.11328e-05
dlev9               =  4.12684e-05
dlev10              =  4.12628e-05
dlev11              =  4.09121e-05
dlev12              =  4.00805e-05
dlev13              =  4.00706e-05
dlev14              =  4.07104e-05
dlev15              =  3.99435e-05
dlev16              =  3.92544e-05
dlev17              =  1.00002e+00
dlev18              =  1.00002e+00
dlev19              =  1.00002e+00
dlev20              =  1.00002e+00
dlev21              =  1.00002e+00
dlev22              =  1.00002e+00
dlev23              =  1.00002e+00
dlev24              =  1.00002e+00
dlev25              =  1.00002e+00
dlev26              =  1.00002e+00
dlev27              =  1.00002e+00
dlev28              =  1.00002e+00
dlev29              =  1.00002e+00
dlev30              =  1.00002e+00
dlev31              =  1.00002e+00
dlev32              =  1.00002e+00
vos = 1.4968856280e-03
lowcount = 1.6998961876e+01
vbias               =  3.20894e-01
Reset re-loads circuit * comparator-offset-transient-mc @ fs_mismatch_-40c_1.08v -- generated by sim/harness, do not edit

Circuit: * comparator-offset-transient-mc @ fs_mismatch_-40c_1.08v -- generated by sim/harness, do not edit

Doing analysis at TEMP = -40.000000 and TNOM = 27.000000

Using SPARSE 1.3 as Direct Linear Solver

Initial Transient Solution
--------------------------

Node                                   Voltage
----                                   -------
vdd                                       1.08
cm                                         0.6
vd                                      -0.048
ap                                       0.576
an                                       0.624
clk                                          0
ibn                                     0.3243
xa.x1.tmid                          7.5206e-08
xa.x1.tail                             0.56664
xa.x1.np                                  1.08
xa.x1.nn                                  1.08
xa.x1.ln                                  1.08
xa.x1.lp                                  1.08
xa.x1.lnb                          1.66309e-08
xa.x1.lpb                          1.67932e-08
xa.x1.na                               1.07351
doutb                                 0.533302
dout                                  0.524142
xa.x1.nb                               1.07452
doutn                                 0.485317
bdoutn#branch                                0
ean#branch                         4.94188e-13
eap#branch                         6.52145e-13
vclk#branch                        8.30741e-11
vd#branch                                    0
vcm#branch                         1.14633e-12
vsup#branch                       -4.06926e-05

 Reference value :  9.52500e-08
 Reference value :  2.09748e-07
 Reference value :  3.26795e-07
 Reference value :  4.42694e-07
 Reference value :  5.57533e-07
 Reference value :  6.71632e-07
 Reference value :  7.88550e-07
 Reference value :  9.02150e-07
No. of Data Rows : 10793
dlev0               =  3.25347e-05
dlev1               =  4.05363e-05
dlev2               =  4.03972e-05
dlev3               =  4.02685e-05
dlev4               =  4.01589e-05
dlev5               =  4.00858e-05
dlev6               =  4.00913e-05
dlev7               =  4.03088e-05
dlev8               =  4.03534e-05
dlev9               =  4.03191e-05
dlev10              =  4.00470e-05
dlev11              =  3.95918e-05
dlev12              =  3.89317e-05
dlev13              =  3.84273e-05
dlev14              =  3.83951e-05
dlev15              =  3.70971e-05
dlev16              =  3.65314e-05
dlev17              =  1.00003e+00
dlev18              =  1.00002e+00
dlev19              =  1.00002e+00
dlev20              =  1.00002e+00
dlev21              =  1.00002e+00
dlev22              =  1.00002e+00
dlev23              =  1.00002e+00
dlev24              =  1.00002e+00
dlev25              =  1.00002e+00
dlev26              =  1.00002e+00
dlev27              =  1.00002e+00
dlev28              =  1.00003e+00
dlev29              =  1.00002e+00
dlev30              =  1.00002e+00
dlev31              =  1.00002e+00
dlev32              =  1.00002e+00
vos = 1.4968227743e-03
lowcount = 1.6998940925e+01
vbias               =  3.24300e-01
Reset re-loads circuit * comparator-offset-transient-mc @ fs_mismatch_-40c_1.08v -- generated by sim/harness, do not edit

Circuit: * comparator-offset-transient-mc @ fs_mismatch_-40c_1.08v -- generated by sim/harness, do not edit

Doing analysis at TEMP = -40.000000 and TNOM = 27.000000

Using SPARSE 1.3 as Direct Linear Solver

Initial Transient Solution
--------------------------

Node                                   Voltage
----                                   -------
vdd                                       1.08
cm                                         0.6
vd                                      -0.048
ap                                       0.576
an                                       0.624
clk                                          0
ibn                                   0.321455
xa.x1.tmid                         7.35115e-08
xa.x1.tail                            0.563982
xa.x1.np                                  1.08
xa.x1.nn                                  1.08
xa.x1.ln                                  1.08
xa.x1.lp                                  1.08
xa.x1.lnb                          1.63277e-08
xa.x1.lpb                          1.58473e-08
xa.x1.na                               1.07389
doutb                                 0.526206
dout                                  0.530186
xa.x1.nb                               1.07401
doutn                                 0.490913
bdoutn#branch                                0
ean#branch                         4.93827e-13
eap#branch                         6.51923e-13
vclk#branch                        8.26346e-11
vd#branch                                    0
vcm#branch                         1.14575e-12
vsup#branch                       -4.06702e-05

 Reference value :  8.12800e-09
 Reference value :  1.19800e-07
 Reference value :  2.35694e-07
 Reference value :  3.49129e-07
 Reference value :  4.65330e-07
 Reference value :  5.80109e-07
 Reference value :  6.93650e-07
 Reference value :  8.02608e-07
 Reference value :  9.19219e-07
No. of Data Rows : 10781
dlev0               =  3.86726e-05
dlev1               =  3.57217e-05
dlev2               =  3.55532e-05
dlev3               =  3.53598e-05
dlev4               =  3.51753e-05
dlev5               =  3.50082e-05
dlev6               =  3.48443e-05
dlev7               =  3.46865e-05
dlev8               =  3.45481e-05
dlev9               =  3.44465e-05
dlev10              =  3.44282e-05
dlev11              =  3.44932e-05
dlev12              =  3.37563e-05
dlev13              =  3.27790e-05
dlev14              =  3.26880e-05
dlev15              =  3.19735e-05
dlev16              =  1.00001e+00
dlev17              =  1.00002e+00
dlev18              =  1.00002e+00
dlev19              =  1.00002e+00
dlev20              =  1.00002e+00
dlev21              =  1.00002e+00
dlev22              =  1.00002e+00
dlev23              =  1.00002e+00
dlev24              =  1.00002e+00
dlev25              =  1.00002e+00
dlev26              =  1.00002e+00
dlev27              =  1.00002e+00
dlev28              =  1.00002e+00
dlev29              =  1.00002e+00
dlev30              =  1.00002e+00
dlev31              =  1.00002e+00
dlev32              =  1.00002e+00
vos = -1.502751404e-03
lowcount = 1.5999082865e+01
vbias               =  3.21455e-01
Reset re-loads circuit * comparator-offset-transient-mc @ fs_mismatch_-40c_1.08v -- generated by sim/harness, do not edit

Circuit: * comparator-offset-transient-mc @ fs_mismatch_-40c_1.08v -- generated by sim/harness, do not edit

Doing analysis at TEMP = -40.000000 and TNOM = 27.000000

Using SPARSE 1.3 as Direct Linear Solver

Initial Transient Solution
--------------------------

Node                                   Voltage
----                                   -------
vdd                                       1.08
cm                                         0.6
vd                                      -0.048
ap                                       0.576
an                                       0.624
clk                                          0
ibn                                   0.325766
xa.x1.tmid                         7.25875e-08
xa.x1.tail                            0.564445
xa.x1.np                                  1.08
xa.x1.nn                                  1.08
xa.x1.ln                                  1.08
xa.x1.lp                                  1.08
xa.x1.lnb                          1.59628e-08
xa.x1.lpb                          1.59624e-08
xa.x1.na                               1.07387
doutb                                 0.526755
dout                                  0.526368
xa.x1.nb                               1.07389
doutn                                 0.487378
bdoutn#branch                                0
ean#branch                         4.93772e-13
eap#branch                         6.52228e-13
vclk#branch                        8.30699e-11
vd#branch                                    0
vcm#branch                           1.146e-12
vsup#branch                       -4.10424e-05

 Reference value :  1.83682e-08
 Reference value :  1.34526e-07
 Reference value :  2.41750e-07
 Reference value :  3.55598e-07
 Reference value :  4.73699e-07
 Reference value :  5.90218e-07
 Reference value :  7.07333e-07
 Reference value :  8.23528e-07
 Reference value :  9.38950e-07
No. of Data Rows : 10791
dlev0               =  3.38034e-05
dlev1               =  3.71773e-05
dlev2               =  3.73853e-05
dlev3               =  3.75911e-05
dlev4               =  3.77971e-05
dlev5               =  3.80123e-05
dlev6               =  3.86796e-05
dlev7               =  3.90648e-05
dlev8               =  3.95100e-05
dlev9               =  3.93405e-05
dlev10              =  3.92668e-05
dlev11              =  3.91688e-05
dlev12              =  3.88261e-05
dlev13              =  3.85569e-05
dlev14              =  3.80534e-05
dlev15              =  3.73674e-05
dlev16              =  1.00001e+00
dlev17              =  1.00001e+00
dlev18              =  1.00001e+00
dlev19              =  1.00001e+00
dlev20              =  1.00001e+00
dlev21              =  1.00001e+00
dlev22              =  1.00001e+00
dlev23              =  1.00001e+00
dlev24              =  1.00001e+00
dlev25              =  1.00001e+00
dlev26              =  1.00001e+00
dlev27              =  1.00001e+00
dlev28              =  1.00001e+00
dlev29              =  1.00001e+00
dlev30              =  1.00001e+00
dlev31              =  1.00001e+00
dlev32              =  1.00001e+00
vos = -1.502545802e-03
lowcount = 1.5999151399e+01
vbias               =  3.25766e-01
Reset re-loads circuit * comparator-offset-transient-mc @ fs_mismatch_-40c_1.08v -- generated by sim/harness, do not edit

Circuit: * comparator-offset-transient-mc @ fs_mismatch_-40c_1.08v -- generated by sim/harness, do not edit

Doing analysis at TEMP = -40.000000 and TNOM = 27.000000

Using SPARSE 1.3 as Direct Linear Solver

Initial Transient Solution
--------------------------

Node                                   Voltage
----                                   -------
vdd                                       1.08
cm                                         0.6
vd                                      -0.048
ap                                       0.576
an                                       0.624
clk                                          0
ibn                                   0.324686
xa.x1.tmid                         7.09667e-08
xa.x1.tail                            0.566587
xa.x1.np                                  1.08
xa.x1.nn                                  1.08
xa.x1.ln                                  1.08
xa.x1.lp                                  1.08
xa.x1.lnb                           1.6821e-08
xa.x1.lpb                          1.69327e-08
xa.x1.na                               1.07261
doutb                                 0.526079
dout                                  0.519211
xa.x1.nb                               1.07349
doutn                                 0.480751
bdoutn#branch                                0
ean#branch                         4.93994e-13
eap#branch                          6.5245e-13
vclk#branch                        8.21472e-11
vd#branch                                    0
vcm#branch                         1.14644e-12
vsup#branch                        -4.3819e-05

 Reference value :  4.22208e-08
 Reference value :  1.58050e-07
 Reference value :  2.74050e-07
 Reference value :  3.89692e-07
 Reference value :  5.03095e-07
 Reference value :  6.20493e-07
 Reference value :  7.37529e-07
 Reference value :  8.55826e-07
 Reference value :  9.71319e-07
No. of Data Rows : 10798
dlev0               =  3.13740e-05
dlev1               =  3.70225e-05
dlev2               =  3.68767e-05
dlev3               =  3.67246e-05
dlev4               =  3.65669e-05
dlev5               =  3.64004e-05
dlev6               =  3.62224e-05
dlev7               =  3.60399e-05
dlev8               =  3.58893e-05
dlev9               =  3.58101e-05
dlev10              =  3.58363e-05
dlev11              =  3.56077e-05
dlev12              =  3.52273e-05
dlev13              =  3.50046e-05
dlev14              =  3.45694e-05
dlev15              =  3.38005e-05
dlev16              =  1.00001e+00
dlev17              =  1.00002e+00
dlev18              =  1.00002e+00
dlev19              =  1.00002e+00
dlev20              =  1.00002e+00
dlev21              =  1.00002e+00
dlev22              =  1.00002e+00
dlev23              =  1.00002e+00
dlev24              =  1.00002e+00
dlev25              =  1.00002e+00
dlev26              =  1.00002e+00
dlev27              =  1.00002e+00
dlev28              =  1.00002e+00
dlev29              =  1.00002e+00
dlev30              =  1.00002e+00
dlev31              =  1.00002e+00
dlev32              =  1.00002e+00
vos = -1.502729918e-03
lowcount = 1.5999090027e+01
vbias               =  3.24685e-01
Reset re-loads circuit * comparator-offset-transient-mc @ fs_mismatch_-40c_1.08v -- generated by sim/harness, do not edit

Circuit: * comparator-offset-transient-mc @ fs_mismatch_-40c_1.08v -- generated by sim/harness, do not edit

Doing analysis at TEMP = -40.000000 and TNOM = 27.000000

Using SPARSE 1.3 as Direct Linear Solver

Initial Transient Solution
--------------------------

Node                                   Voltage
----                                   -------
vdd                                       1.08
cm                                         0.6
vd                                      -0.048
ap                                       0.576
an                                       0.624
clk                                          0
ibn                                   0.323942
xa.x1.tmid                         6.68443e-08
xa.x1.tail                            0.565436
xa.x1.np                                  1.08
xa.x1.nn                                  1.08
xa.x1.ln                                  1.08
xa.x1.lp                                  1.08
xa.x1.lnb                          1.60244e-08
xa.x1.lpb                          1.72821e-08
xa.x1.na                               1.07319
doutb                                 0.524531
dout                                  0.526805
xa.x1.nb                               1.07307
doutn                                 0.487783
bdoutn#branch                                0
ean#branch                          4.9416e-13
eap#branch                         6.51951e-13
vclk#branch                        8.28983e-11
vd#branch                                    0
vcm#branch                         1.14611e-12
vsup#branch                       -4.34095e-05

 Reference value :  7.59194e-08
 Reference value :  1.94323e-07
 Reference value :  3.10927e-07
 Reference value :  4.30143e-07
 Reference value :  5.43150e-07
 Reference value :  6.55798e-07
 Reference value :  7.72199e-07
 Reference value :  8.88919e-07
No. of Data Rows : 10792
dlev0               =  4.10731e-05
dlev1               =  4.08208e-05
dlev2               =  4.06512e-05
dlev3               =  4.04746e-05
dlev4               =  4.02953e-05
dlev5               =  4.01204e-05
dlev6               =  3.99831e-05
dlev7               =  3.98868e-05
dlev8               =  3.98116e-05
dlev9               =  3.96953e-05
dlev10              =  3.94803e-05
dlev11              =  3.91562e-05
dlev12              =  3.87779e-05
dlev13              =  3.85582e-05
dlev14              =  3.83365e-05
dlev15              =  3.75491e-05
dlev16              =  3.68344e-05
dlev17              =  1.00002e+00
dlev18              =  1.00002e+00
dlev19              =  1.00002e+00
dlev20              =  1.00002e+00
dlev21              =  1.00002e+00
dlev22              =  1.00002e+00
dlev23              =  1.00002e+00
dlev24              =  1.00002e+00
dlev25              =  1.00002e+00
dlev26              =  1.00002e+00
dlev27              =  1.00002e+00
dlev28              =  1.00002e+00
dlev29              =  1.00002e+00
dlev30              =  1.00002e+00
dlev31              =  1.00002e+00
dlev32              =  1.00002e+00
vos = 1.4968874858e-03
lowcount = 1.6998962495e+01
vbias               =  3.23942e-01
Reset re-loads circuit * comparator-offset-transient-mc @ fs_mismatch_-40c_1.08v -- generated by sim/harness, do not edit

Circuit: * comparator-offset-transient-mc @ fs_mismatch_-40c_1.08v -- generated by sim/harness, do not edit

Doing analysis at TEMP = -40.000000 and TNOM = 27.000000

Using SPARSE 1.3 as Direct Linear Solver

Initial Transient Solution
--------------------------

Node                                   Voltage
----                                   -------
vdd                                       1.08
cm                                         0.6
vd                                      -0.048
ap                                       0.576
an                                       0.624
clk                                          0
ibn                                   0.323405
xa.x1.tmid                         7.14548e-08
xa.x1.tail                            0.567158
xa.x1.np                                  1.08
xa.x1.nn                                  1.08
xa.x1.ln                                  1.08
xa.x1.lp                                  1.08
xa.x1.lnb                          1.64735e-08
xa.x1.lpb                           1.7589e-08
xa.x1.na                               1.07425
doutb                                 0.530014
dout                                  0.528833
xa.x1.nb                               1.07354
doutn                                  0.48966
bdoutn#branch                                0
ean#branch                          4.9441e-13
eap#branch                         6.52561e-13
vclk#branch                        8.26309e-11
vd#branch                                    0
vcm#branch                         1.14697e-12
vsup#branch                       -4.14697e-05

 Reference value :  0.00000e+00
 Reference value :  1.15194e-07
 Reference value :  2.31091e-07
 Reference value :  3.50100e-07
 Reference value :  4.67630e-07
 Reference value :  5.81130e-07
 Reference value :  6.98950e-07
 Reference value :  8.15950e-07
 Reference value :  9.30950e-07
No. of Data Rows : 10797
dlev0               =  3.03445e-05
dlev1               =  2.80812e-05
dlev2               =  2.79200e-05
dlev3               =  2.77356e-05
dlev4               =  2.76097e-05
dlev5               =  2.74873e-05
dlev6               =  2.73467e-05
dlev7               =  2.73528e-05
dlev8               =  2.73009e-05
dlev9               =  2.72804e-05
dlev10              =  2.72462e-05
dlev11              =  2.71501e-05
dlev12              =  2.70335e-05
dlev13              =  2.70097e-05
dlev14              =  2.70160e-05
dlev15              =  2.58934e-05
dlev16              =  2.54425e-05
dlev17              =  2.46874e-05
dlev18              =  1.00002e+00
dlev19              =  1.00001e+00
dlev20              =  1.00002e+00
dlev21              =  1.00002e+00
dlev22              =  1.00002e+00
dlev23              =  1.00002e+00
dlev24              =  1.00002e+00
dlev25              =  1.00002e+00
dlev26              =  1.00002e+00
dlev27              =  1.00002e+00
dlev28              =  1.00002e+00
dlev29              =  1.00002e+00
dlev30              =  1.00002e+00
dlev31              =  1.00002e+00
dlev32              =  1.00002e+00
vos = 4.4978221868e-03
lowcount = 1.7999274062e+01
vbias               =  3.23405e-01
Reset re-loads circuit * comparator-offset-transient-mc @ fs_mismatch_-40c_1.08v -- generated by sim/harness, do not edit

Circuit: * comparator-offset-transient-mc @ fs_mismatch_-40c_1.08v -- generated by sim/harness, do not edit

Doing analysis at TEMP = -40.000000 and TNOM = 27.000000

Using SPARSE 1.3 as Direct Linear Solver

Initial Transient Solution
--------------------------

Node                                   Voltage
----                                   -------
vdd                                       1.08
cm                                         0.6
vd                                      -0.048
ap                                       0.576
an                                       0.624
clk                                          0
ibn                                   0.321711
xa.x1.tmid                         7.67289e-08
xa.x1.tail                            0.563969
xa.x1.np                                  1.08
xa.x1.nn                                  1.08
xa.x1.ln                                  1.08
xa.x1.lp                                  1.08
xa.x1.lnb                          1.62474e-08
xa.x1.lpb                          1.61085e-08
xa.x1.na                               1.07398
doutb                                 0.522612
dout                                  0.529833
xa.x1.nb                               1.07351
doutn                                 0.490586
bdoutn#branch                                0
ean#branch                         4.94105e-13
eap#branch                         6.51978e-13
vclk#branch                        8.28868e-11
vd#branch                                    0
vcm#branch                         1.14608e-12
vsup#branch                       -4.16633e-05

 Reference value :  3.77500e-08
 Reference value :  1.51150e-07
 Reference value :  2.54026e-07
 Reference value :  3.70629e-07
 Reference value :  4.87350e-07
 Reference value :  6.02450e-07
 Reference value :  7.15594e-07
 Reference value :  8.30996e-07
 Reference value :  9.48318e-07
No. of Data Rows : 10797
dlev0               =  4.03820e-05
dlev1               =  4.02095e-05
dlev2               =  4.00745e-05
dlev3               =  3.99446e-05
dlev4               =  3.98151e-05
dlev5               =  3.97878e-05
dlev6               =  3.96134e-05
dlev7               =  3.94086e-05
dlev8               =  3.91850e-05
dlev9               =  3.89597e-05
dlev10              =  3.87870e-05
dlev11              =  3.86708e-05
dlev12              =  3.83630e-05
dlev13              =  3.79422e-05
dlev14              =  3.72599e-05
dlev15              =  1.00002e+00
dlev16              =  1.00002e+00
dlev17              =  1.00002e+00
dlev18              =  1.00002e+00
dlev19              =  1.00002e+00
dlev20              =  1.00002e+00
dlev21              =  1.00002e+00
dlev22              =  1.00002e+00
dlev23              =  1.00002e+00
dlev24              =  1.00002e+00
dlev25              =  1.00002e+00
dlev26              =  1.00002e+00
dlev27              =  1.00002e+00
dlev28              =  1.00002e+00
dlev29              =  1.00002e+00
dlev30              =  1.00002e+00
dlev31              =  1.00002e+00
dlev32              =  1.00002e+00
vos = -4.502839209e-03
lowcount = 1.4999053597e+01
vbias               =  3.21711e-01
Reset re-loads circuit * comparator-offset-transient-mc @ fs_mismatch_-40c_1.08v -- generated by sim/harness, do not edit

Circuit: * comparator-offset-transient-mc @ fs_mismatch_-40c_1.08v -- generated by sim/harness, do not edit

Doing analysis at TEMP = -40.000000 and TNOM = 27.000000

Using SPARSE 1.3 as Direct Linear Solver

Initial Transient Solution
--------------------------

Node                                   Voltage
----                                   -------
vdd                                       1.08
cm                                         0.6
vd                                      -0.048
ap                                       0.576
an                                       0.624
clk                                          0
ibn                                   0.325225
xa.x1.tmid                         6.62437e-08
xa.x1.tail                            0.568167
xa.x1.np                                  1.08
xa.x1.nn                                  1.08
xa.x1.ln                                  1.08
xa.x1.lp                                  1.08
xa.x1.lnb                          1.66712e-08
xa.x1.lpb                          1.71163e-08
xa.x1.na                               1.07403
doutb                                 0.529424
dout                                  0.527549
xa.x1.nb                               1.07406
doutn                                 0.488472
bdoutn#branch                                0
ean#branch                         4.94355e-13
eap#branch                         6.52561e-13
vclk#branch                        8.22551e-11
vd#branch                                    0
vcm#branch                         1.14692e-12
vsup#branch                       -4.06112e-05

 Reference value :  5.24988e-08
 Reference value :  1.70598e-07
 Reference value :  2.87827e-07
 Reference value :  4.00103e-07
 Reference value :  5.14550e-07
 Reference value :  6.30250e-07
 Reference value :  7.44495e-07
 Reference value :  8.61197e-07
 Reference value :  9.77117e-07
No. of Data Rows : 10798
dlev0               =  3.76981e-05
dlev1               =  3.88705e-05
dlev2               =  3.87337e-05
dlev3               =  3.85904e-05
dlev4               =  3.84388e-05
dlev5               =  3.82792e-05
dlev6               =  3.81066e-05
dlev7               =  3.78994e-05
dlev8               =  3.76422e-05
dlev9               =  3.73623e-05
dlev10              =  3.71549e-05
dlev11              =  3.69907e-05
dlev12              =  3.67945e-05
dlev13              =  3.65512e-05
dlev14              =  3.59638e-05
dlev15              =  3.52435e-05
dlev16              =  3.47844e-05
dlev17              =  1.00002e+00
dlev18              =  1.00002e+00
dlev19              =  1.00002e+00
dlev20              =  1.00002e+00
dlev21              =  1.00002e+00
dlev22              =  1.00002e+00
dlev23              =  1.00002e+00
dlev24              =  1.00002e+00
dlev25              =  1.00002e+00
dlev26              =  1.00002e+00
dlev27              =  1.00002e+00
dlev28              =  1.00002e+00
dlev29              =  1.00002e+00
dlev30              =  1.00002e+00
dlev31              =  1.00002e+00
dlev32              =  1.00002e+00
vos = 1.4971766873e-03
lowcount = 1.6999058896e+01
vbias               =  3.25225e-01
Reset re-loads circuit * comparator-offset-transient-mc @ fs_mismatch_-40c_1.08v -- generated by sim/harness, do not edit

Circuit: * comparator-offset-transient-mc @ fs_mismatch_-40c_1.08v -- generated by sim/harness, do not edit

Doing analysis at TEMP = -40.000000 and TNOM = 27.000000

Using SPARSE 1.3 as Direct Linear Solver

Initial Transient Solution
--------------------------

Node                                   Voltage
----                                   -------
vdd                                       1.08
cm                                         0.6
vd                                      -0.048
ap                                       0.576
an                                       0.624
clk                                          0
ibn                                   0.321525
xa.x1.tmid                         7.81786e-08
xa.x1.tail                            0.561782
xa.x1.np                                  1.08
xa.x1.nn                                  1.08
xa.x1.ln                                  1.08
xa.x1.lp                                  1.08
xa.x1.lnb                          1.58439e-08
xa.x1.lpb                          1.63687e-08
xa.x1.na                                1.0735
doutb                                 0.526799
dout                                  0.520422
xa.x1.nb                               1.07345
doutn                                 0.481872
bdoutn#branch                                0
ean#branch                         4.93494e-13
eap#branch                         6.51701e-13
vclk#branch                        8.18453e-11
vd#branch                                    0
vcm#branch                          1.1452e-12
vsup#branch                        -4.2635e-05

 Reference value :  8.09949e-08
 Reference value :  1.99327e-07
 Reference value :  3.13632e-07
 Reference value :  4.30733e-07
 Reference value :  5.44350e-07
 Reference value :  6.57700e-07
 Reference value :  7.71601e-07
 Reference value :  8.88924e-07
No. of Data Rows : 10786
dlev0               =  3.94027e-05
dlev1               =  3.91253e-05
dlev2               =  3.89632e-05
dlev3               =  3.88037e-05
dlev4               =  3.86289e-05
dlev5               =  3.84496e-05
dlev6               =  3.82611e-05
dlev7               =  3.80667e-05
dlev8               =  3.78751e-05
dlev9               =  3.77047e-05
dlev10              =  3.75985e-05
dlev11              =  3.75423e-05
dlev12              =  3.70494e-05
dlev13              =  3.63867e-05
dlev14              =  3.57520e-05
dlev15              =  3.51163e-05
dlev16              =  1.00001e+00
dlev17              =  1.00003e+00
dlev18              =  1.00003e+00
dlev19              =  1.00003e+00
dlev20              =  1.00003e+00
dlev21              =  1.00003e+00
dlev22              =  1.00003e+00
dlev23              =  1.00003e+00
dlev24              =  1.00003e+00
dlev25              =  1.00003e+00
dlev26              =  1.00003e+00
dlev27              =  1.00003e+00
dlev28              =  1.00003e+00
dlev29              =  1.00003e+00
dlev30              =  1.00002e+00
dlev31              =  1.00002e+00
dlev32              =  1.00002e+00
vos = -1.503083178e-03
lowcount = 1.5998972274e+01
vbias               =  3.21525e-01
Reset re-loads circuit * comparator-offset-transient-mc @ fs_mismatch_-40c_1.08v -- generated by sim/harness, do not edit

Circuit: * comparator-offset-transient-mc @ fs_mismatch_-40c_1.08v -- generated by sim/harness, do not edit

Doing analysis at TEMP = -40.000000 and TNOM = 27.000000

Using SPARSE 1.3 as Direct Linear Solver

Initial Transient Solution
--------------------------

Node                                   Voltage
----                                   -------
vdd                                       1.08
cm                                         0.6
vd                                      -0.048
ap                                       0.576
an                                       0.624
clk                                          0
ibn                                   0.321432
xa.x1.tmid                          7.3541e-08
xa.x1.tail                            0.568036
xa.x1.np                                  1.08
xa.x1.nn                                  1.08
xa.x1.ln                                  1.08
xa.x1.lp                                  1.08
xa.x1.lnb                          1.71886e-08
xa.x1.lpb                           1.6763e-08
xa.x1.na                                  1.08
doutb                                     1.08
dout                               1.75629e-08
xa.x1.nb                                  1.08
doutn                              1.62619e-08
bdoutn#branch                                0
ean#branch                         4.94327e-13
eap#branch                         6.51951e-13
vclk#branch                        8.20417e-11
vd#branch                                    0
vcm#branch                         1.14628e-12
vsup#branch                       -2.00004e-05

 Reference value :  0.00000e+00
 Reference value :  1.11991e-07
 Reference value :  2.29722e-07
 Reference value :  3.40073e-07
 Reference value :  4.56050e-07
 Reference value :  5.65097e-07
 Reference value :  6.81298e-07
 Reference value :  8.00200e-07
 Reference value :  9.15916e-07
No. of Data Rows : 10794
dlev0               =  1.19109e-05
dlev1               =  2.59488e-05
dlev2               =  2.58836e-05
dlev3               =  2.58261e-05
dlev4               =  2.57664e-05
dlev5               =  2.56970e-05
dlev6               =  2.56145e-05
dlev7               =  2.55227e-05
dlev8               =  2.54337e-05
dlev9               =  2.53736e-05
dlev10              =  2.53537e-05
dlev11              =  2.49093e-05
dlev12              =  2.40765e-05
dlev13              =  2.28530e-05
dlev14              =  2.30190e-05
dlev15              =  2.16996e-05
dlev16              =  1.00002e+00
dlev17              =  1.00002e+00
dlev18              =  1.00002e+00
dlev19              =  1.00002e+00
dlev20              =  1.00002e+00
dlev21              =  1.00002e+00
dlev22              =  1.00002e+00
dlev23              =  1.00002e+00
dlev24              =  1.00002e+00
dlev25              =  1.00002e+00
dlev26              =  1.00002e+00
dlev27              =  1.00002e+00
dlev28              =  1.00002e+00
dlev29              =  1.00002e+00
dlev30              =  1.00002e+00
dlev31              =  1.00002e+00
dlev32              =  1.00002e+00
vos = -1.502189665e-03
lowcount = 1.5999270112e+01
vbias               =  3.21432e-01
Reset re-loads circuit * comparator-offset-transient-mc @ fs_mismatch_-40c_1.08v -- generated by sim/harness, do not edit

Circuit: * comparator-offset-transient-mc @ fs_mismatch_-40c_1.08v -- generated by sim/harness, do not edit

Doing analysis at TEMP = -40.000000 and TNOM = 27.000000

Using SPARSE 1.3 as Direct Linear Solver

Initial Transient Solution
--------------------------

Node                                   Voltage
----                                   -------
vdd                                       1.08
cm                                         0.6
vd                                      -0.048
ap                                       0.576
an                                       0.624
clk                                          0
ibn                                   0.320927
xa.x1.tmid                         6.46652e-08
xa.x1.tail                            0.567113
xa.x1.np                                  1.08
xa.x1.nn                                  1.08
xa.x1.ln                                  1.08
xa.x1.lp                                  1.08
xa.x1.lnb                          1.73822e-08
xa.x1.lpb                          1.66569e-08
xa.x1.na                               1.07407
doutb                                 0.522763
dout                                  0.530314
xa.x1.nb                                1.0738
doutn                                 0.491032
bdoutn#branch                                0
ean#branch                         4.94133e-13
eap#branch                         6.52201e-13
vclk#branch                        8.16859e-11
vd#branch                                    0
vcm#branch                         1.14633e-12
vsup#branch                       -4.09917e-05

 Reference value :  1.54757e-08
 Reference value :  1.31316e-07
 Reference value :  2.48650e-07
 Reference value :  3.63050e-07
 Reference value :  4.73892e-07
 Reference value :  5.90493e-07
 Reference value :  7.05818e-07
 Reference value :  8.12450e-07
 Reference value :  9.23393e-07
No. of Data Rows : 10797
dlev0               =  2.80589e-05
dlev1               =  2.54806e-05
dlev2               =  2.54348e-05
dlev3               =  2.53784e-05
dlev4               =  2.53148e-05
dlev5               =  2.52447e-05
dlev6               =  2.51740e-05
dlev7               =  2.51161e-05
dlev8               =  2.50984e-05
dlev9               =  2.51708e-05
dlev10              =  2.52856e-05
dlev11              =  2.48083e-05
dlev12              =  2.39380e-05
dlev13              =  2.35378e-05
dlev14              =  2.32035e-05
dlev15              =  1.00002e+00
dlev16              =  1.00002e+00
dlev17              =  1.00002e+00
dlev18              =  1.00002e+00
dlev19              =  1.00002e+00
dlev20              =  1.00002e+00
dlev21              =  1.00002e+00
dlev22              =  1.00002e+00
dlev23              =  1.00002e+00
dlev24              =  1.00002e+00
dlev25              =  1.00002e+00
dlev26              =  1.00002e+00
dlev27              =  1.00002e+00
dlev28              =  1.00002e+00
dlev29              =  1.00002e+00
dlev30              =  1.00002e+00
dlev31              =  1.00002e+00
dlev32              =  1.00002e+00
vos = -4.502031734e-03
lowcount = 1.4999322755e+01
vbias               =  3.20927e-01
Reset re-loads circuit * comparator-offset-transient-mc @ fs_mismatch_-40c_1.08v -- generated by sim/harness, do not edit

Circuit: * comparator-offset-transient-mc @ fs_mismatch_-40c_1.08v -- generated by sim/harness, do not edit

Doing analysis at TEMP = -40.000000 and TNOM = 27.000000

Using SPARSE 1.3 as Direct Linear Solver

Initial Transient Solution
--------------------------

Node                                   Voltage
----                                   -------
vdd                                       1.08
cm                                         0.6
vd                                      -0.048
ap                                       0.576
an                                       0.624
clk                                          0
ibn                                   0.321066
xa.x1.tmid                         7.13378e-08
xa.x1.tail                            0.566274
xa.x1.np                                  1.08
xa.x1.nn                                  1.08
xa.x1.ln                                  1.08
xa.x1.lp                                  1.08
xa.x1.lnb                          1.64426e-08
xa.x1.lpb                          1.63293e-08
xa.x1.na                               1.07309
doutb                                 0.530092
dout                                  0.519142
xa.x1.nb                               1.07386
doutn                                 0.480687
bdoutn#branch                                0
ean#branch                          4.9416e-13
eap#branch                          6.5245e-13
vclk#branch                        8.27125e-11
vd#branch                                    0
vcm#branch                         1.14661e-12
vsup#branch                       -4.27478e-05

 Reference value :  3.03500e-08
 Reference value :  1.48093e-07
 Reference value :  2.65792e-07
 Reference value :  3.80892e-07
 Reference value :  4.93781e-07
 Reference value :  6.03950e-07
 Reference value :  7.19935e-07
 Reference value :  8.34595e-07
 Reference value :  9.50239e-07
No. of Data Rows : 10797
dlev0               =  3.62616e-05
dlev1               =  3.57179e-05
dlev2               =  3.55607e-05
dlev3               =  3.54076e-05
dlev4               =  3.52575e-05
dlev5               =  3.51108e-05
dlev6               =  3.49695e-05
dlev7               =  3.48412e-05
dlev8               =  3.47355e-05
dlev9               =  3.46723e-05
dlev10              =  3.46811e-05
dlev11              =  3.47227e-05
dlev12              =  3.42169e-05
dlev13              =  3.37420e-05
dlev14              =  3.38979e-05
dlev15              =  3.31991e-05
dlev16              =  1.00002e+00
dlev17              =  1.00002e+00
dlev18              =  1.00002e+00
dlev19              =  1.00002e+00
dlev20              =  1.00002e+00
dlev21              =  1.00002e+00
dlev22              =  1.00002e+00
dlev23              =  1.00002e+00
dlev24              =  1.00002e+00
dlev25              =  1.00002e+00
dlev26              =  1.00002e+00
dlev27              =  1.00002e+00
dlev28              =  1.00002e+00
dlev29              =  1.00002e+00
dlev30              =  1.00002e+00
dlev31              =  1.00002e+00
dlev32              =  1.00002e+00
vos = -1.502645983e-03
lowcount = 1.5999118006e+01
vbias               =  3.21065e-01
Reset re-loads circuit * comparator-offset-transient-mc @ fs_mismatch_-40c_1.08v -- generated by sim/harness, do not edit

Circuit: * comparator-offset-transient-mc @ fs_mismatch_-40c_1.08v -- generated by sim/harness, do not edit

Doing analysis at TEMP = -40.000000 and TNOM = 27.000000

Using SPARSE 1.3 as Direct Linear Solver

Initial Transient Solution
--------------------------

Node                                   Voltage
----                                   -------
vdd                                       1.08
cm                                         0.6
vd                                      -0.048
ap                                       0.576
an                                       0.624
clk                                          0
ibn                                   0.322187
xa.x1.tmid                         7.45196e-08
xa.x1.tail                            0.566211
xa.x1.np                                  1.08
xa.x1.nn                                  1.08
xa.x1.ln                                  1.08
xa.x1.lp                                  1.08
xa.x1.lnb                          1.68265e-08
xa.x1.lpb                          1.66423e-08
xa.x1.na                               1.07389
doutb                                  0.53612
dout                                  0.527689
xa.x1.nb                               1.07473
doutn                                 0.488601
bdoutn#branch                                0
ean#branch                         4.94188e-13
eap#branch                         6.52534e-13
vclk#branch                        8.31456e-11
vd#branch                                    0
vcm#branch                         1.14672e-12
vsup#branch                       -3.94198e-05

 Reference value :  5.61978e-08
 Reference value :  1.74396e-07
 Reference value :  2.91795e-07
 Reference value :  4.10270e-07
 Reference value :  5.26292e-07
 Reference value :  6.41029e-07
 Reference value :  7.56650e-07
 Reference value :  8.67992e-07
 Reference value :  9.80200e-07
No. of Data Rows : 10797
dlev0               =  1.71229e-05
dlev1               =  3.83502e-05
dlev2               =  3.82088e-05
dlev3               =  3.80727e-05
dlev4               =  3.79361e-05
dlev5               =  3.77895e-05
dlev6               =  3.76316e-05
dlev7               =  3.74574e-05
dlev8               =  3.72692e-05
dlev9               =  3.71421e-05
dlev10              =  3.69384e-05
dlev11              =  3.67595e-05
dlev12              =  3.66454e-05
dlev13              =  3.64290e-05
dlev14              =  3.60013e-05
dlev15              =  3.54369e-05
dlev16              =  3.48544e-05
dlev17              =  1.00002e+00
dlev18              =  1.00002e+00
dlev19              =  1.00002e+00
dlev20              =  1.00002e+00
dlev21              =  1.00002e+00
dlev22              =  1.00002e+00
dlev23              =  1.00002e+00
dlev24              =  1.00002e+00
dlev25              =  1.00002e+00
dlev26              =  1.00002e+00
dlev27              =  1.00002e+00
dlev28              =  1.00002e+00
dlev29              =  1.00002e+00
dlev30              =  1.00002e+00
dlev31              =  1.00002e+00
dlev32              =  1.00002e+00
vos = 1.4973568640e-03
lowcount = 1.6999118955e+01
vbias               =  3.22187e-01
Reset re-loads circuit * comparator-offset-transient-mc @ fs_mismatch_-40c_1.08v -- generated by sim/harness, do not edit

Circuit: * comparator-offset-transient-mc @ fs_mismatch_-40c_1.08v -- generated by sim/harness, do not edit

Doing analysis at TEMP = -40.000000 and TNOM = 27.000000

Using SPARSE 1.3 as Direct Linear Solver

Initial Transient Solution
--------------------------

Node                                   Voltage
----                                   -------
vdd                                       1.08
cm                                         0.6
vd                                      -0.048
ap                                       0.576
an                                       0.624
clk                                          0
ibn                                   0.320118
xa.x1.tmid                         6.98746e-08
xa.x1.tail                            0.567687
xa.x1.np                                  1.08
xa.x1.nn                                  1.08
xa.x1.ln                                  1.08
xa.x1.lp                                  1.08
xa.x1.lnb                          1.72012e-08
xa.x1.lpb                          1.68252e-08
xa.x1.na                                  1.08
doutb                                     1.08
dout                               1.78052e-08
xa.x1.nb                                  1.08
doutn                              1.64863e-08
bdoutn#branch                                0
ean#branch                          4.9416e-13
eap#branch                         6.52256e-13
vclk#branch                         8.3424e-11
vd#branch                                    0
vcm#branch                         1.14642e-12
vsup#branch                       -2.00004e-05

 Reference value :  7.80152e-08
 Reference value :  1.92720e-07
 Reference value :  3.08750e-07
 Reference value :  4.18492e-07
 Reference value :  5.30696e-07
 Reference value :  6.43825e-07
 Reference value :  7.56650e-07
 Reference value :  8.69199e-07
 Reference value :  9.80203e-07
No. of Data Rows : 10796
dlev0               =  3.30358e-05
dlev1               =  3.33633e-05
dlev2               =  3.32405e-05
dlev3               =  3.31224e-05
dlev4               =  3.30118e-05
dlev5               =  3.29132e-05
dlev6               =  3.28331e-05
dlev7               =  3.27797e-05
dlev8               =  3.27543e-05
dlev9               =  3.26805e-05
dlev10              =  3.22593e-05
dlev11              =  3.17934e-05
dlev12              =  3.20836e-05
dlev13              =  3.13504e-05
dlev14              =  1.00002e+00
dlev15              =  1.00002e+00
dlev16              =  1.00002e+00
dlev17              =  1.00002e+00
dlev18              =  1.00002e+00
dlev19              =  1.00002e+00
dlev20              =  1.00002e+00
dlev21              =  1.00002e+00
dlev22              =  1.00002e+00
dlev23              =  1.00002e+00
dlev24              =  1.00002e+00
dlev25              =  1.00002e+00
dlev26              =  1.00002e+00
dlev27              =  1.00002e+00
dlev28              =  1.00002e+00
dlev29              =  1.00002e+00
dlev30              =  1.00002e+00
dlev31              =  1.00002e+00
dlev32              =  1.00002e+00
vos = -7.502685664e-03
lowcount = 1.3999104779e+01
vbias               =  3.20118e-01
Reset re-loads circuit * comparator-offset-transient-mc @ fs_mismatch_-40c_1.08v -- generated by sim/harness, do not edit

Circuit: * comparator-offset-transient-mc @ fs_mismatch_-40c_1.08v -- generated by sim/harness, do not edit

Doing analysis at TEMP = -40.000000 and TNOM = 27.000000

Using SPARSE 1.3 as Direct Linear Solver

Initial Transient Solution
--------------------------

Node                                   Voltage
----                                   -------
vdd                                       1.08
cm                                         0.6
vd                                      -0.048
ap                                       0.576
an                                       0.624
clk                                          0
ibn                                    0.32551
xa.x1.tmid                         6.31484e-08
xa.x1.tail                            0.567856
xa.x1.np                                  1.08
xa.x1.nn                                  1.08
xa.x1.ln                                  1.08
xa.x1.lp                                  1.08
xa.x1.lnb                          1.71196e-08
xa.x1.lpb                          1.65571e-08
xa.x1.na                               1.07411
doutb                                 0.531334
dout                                  0.533056
xa.x1.nb                               1.07413
doutn                                 0.493571
bdoutn#branch                                0
ean#branch                          4.9416e-13
eap#branch                         6.52173e-13
vclk#branch                        8.20859e-11
vd#branch                                    0
vcm#branch                         1.14633e-12
vsup#branch                       -4.04164e-05

 Reference value :  7.04833e-08
 Reference value :  1.55350e-07
 Reference value :  2.57222e-07
 Reference value :  3.58093e-07
 Reference value :  4.56450e-07
 Reference value :  5.64885e-07
 Reference value :  6.68650e-07
 Reference value :  7.70272e-07
 Reference value :  8.62388e-07
 Reference value :  9.67050e-07
No. of Data Rows : 10807
dlev0               =  2.80855e-05
dlev1               =  2.80860e-05
dlev2               =  2.79452e-05
dlev3               =  2.77585e-05
dlev4               =  2.75994e-05
dlev5               =  2.74478e-05
dlev6               =  2.74508e-05
dlev7               =  2.73714e-05
dlev8               =  2.71954e-05
dlev9               =  2.70521e-05
dlev10              =  2.68309e-05
dlev11              =  2.65588e-05
dlev12              =  2.63801e-05
dlev13              =  2.62600e-05
dlev14              =  2.64986e-05
dlev15              =  2.55816e-05
dlev16              =  2.50414e-05
dlev17              =  1.00001e+00
dlev18              =  1.00001e+00
dlev19              =  1.00001e+00
dlev20              =  1.00001e+00
dlev21              =  1.00001e+00
dlev22              =  1.00001e+00
dlev23              =  1.00001e+00
dlev24              =  1.00001e+00
dlev25              =  1.00001e+00
dlev26              =  1.00001e+00
dlev27              =  1.00001e+00
dlev28              =  1.00001e+00
dlev29              =  1.00001e+00
dlev30              =  1.00001e+00
dlev31              =  1.00001e+00
dlev32              =  1.00001e+00
vos = 1.4980015697e-03
lowcount = 1.6999333857e+01
vbias               =  3.25510e-01
Reset re-loads circuit * comparator-offset-transient-mc @ fs_mismatch_-40c_1.08v -- generated by sim/harness, do not edit

Circuit: * comparator-offset-transient-mc @ fs_mismatch_-40c_1.08v -- generated by sim/harness, do not edit

Doing analysis at TEMP = -40.000000 and TNOM = 27.000000

Using SPARSE 1.3 as Direct Linear Solver

Initial Transient Solution
--------------------------

Node                                   Voltage
----                                   -------
vdd                                       1.08
cm                                         0.6
vd                                      -0.048
ap                                       0.576
an                                       0.624
clk                                          0
ibn                                   0.322843
xa.x1.tmid                         7.66405e-08
xa.x1.tail                            0.561317
xa.x1.np                                  1.08
xa.x1.nn                                  1.08
xa.x1.ln                                  1.08
xa.x1.lp                                  1.08
xa.x1.lnb                           1.5949e-08
xa.x1.lpb                           1.6897e-08
xa.x1.na                               1.07317
doutb                                 0.531407
dout                                  0.523608
xa.x1.nb                                1.0745
doutn                                 0.484822
bdoutn#branch                                0
ean#branch                         4.93383e-13
eap#branch                         6.51895e-13
vclk#branch                        8.22419e-11
vd#branch                                    0
vcm#branch                         1.14528e-12
vsup#branch                       -4.11451e-05

 Reference value :  5.31880e-08
 Reference value :  1.63126e-07
 Reference value :  2.75550e-07
 Reference value :  3.83586e-07
 Reference value :  4.90021e-07
 Reference value :  6.00450e-07
 Reference value :  7.14501e-07
 Reference value :  8.25823e-07
 Reference value :  9.21403e-07
No. of Data Rows : 10784
dlev0               =  2.21053e-05
dlev1               =  2.19712e-05
dlev2               =  2.18635e-05
dlev3               =  2.17640e-05
dlev4               =  2.16769e-05
dlev5               =  2.15944e-05
dlev6               =  2.15123e-05
dlev7               =  2.14394e-05
dlev8               =  2.13965e-05
dlev9               =  2.14383e-05
dlev10              =  2.15982e-05
dlev11              =  2.10038e-05
dlev12              =  1.99745e-05
dlev13              =  2.00876e-05
dlev14              =  1.95943e-05
dlev15              =  1.00001e+00
dlev16              =  1.00002e+00
dlev17              =  1.00002e+00
dlev18              =  1.00002e+00
dlev19              =  1.00002e+00
dlev20              =  1.00002e+00
dlev21              =  1.00002e+00
dlev22              =  1.00002e+00
dlev23              =  1.00002e+00
dlev24              =  1.00002e+00
dlev25              =  1.00002e+00
dlev26              =  1.00002e+00
dlev27              =  1.00002e+00
dlev28              =  1.00002e+00
dlev29              =  1.00002e+00
dlev30              =  1.00002e+00
dlev31              =  1.00002e+00
dlev32              =  1.00002e+00
vos = -4.502166061e-03
lowcount = 1.4999277980e+01
vbias               =  3.22843e-01
Reset re-loads circuit * comparator-offset-transient-mc @ fs_mismatch_-40c_1.08v -- generated by sim/harness, do not edit

Circuit: * comparator-offset-transient-mc @ fs_mismatch_-40c_1.08v -- generated by sim/harness, do not edit

Doing analysis at TEMP = -40.000000 and TNOM = 27.000000

Using SPARSE 1.3 as Direct Linear Solver

Initial Transient Solution
--------------------------

Node                                   Voltage
----                                   -------
vdd                                       1.08
cm                                         0.6
vd                                      -0.048
ap                                       0.576
an                                       0.624
clk                                          0
ibn                                   0.323041
xa.x1.tmid                          6.8498e-08
xa.x1.tail                            0.566509
xa.x1.np                                  1.08
xa.x1.nn                                  1.08
xa.x1.ln                                  1.08
xa.x1.lp                                  1.08
xa.x1.lnb                          1.53305e-08
xa.x1.lpb                          1.66043e-08
xa.x1.na                               1.07282
doutb                                 0.515968
dout                                   0.52318
xa.x1.nb                               1.07268
doutn                                 0.484426
bdoutn#branch                                0
ean#branch                          4.9416e-13
eap#branch                         6.52478e-13
vclk#branch                        8.21806e-11
vd#branch                                    0
vcm#branch                         1.14664e-12
vsup#branch                       -4.47357e-05

 Reference value :  2.63942e-08
 Reference value :  1.40305e-07
 Reference value :  2.55925e-07
 Reference value :  3.59092e-07
 Reference value :  4.70491e-07
 Reference value :  5.81930e-07
 Reference value :  6.96150e-07
 Reference value :  8.09800e-07
 Reference value :  9.23193e-07
No. of Data Rows : 10797
dlev0               =  3.45845e-05
dlev1               =  3.45854e-05
dlev2               =  3.42999e-05
dlev3               =  3.40256e-05
dlev4               =  3.37681e-05
dlev5               =  3.35397e-05
dlev6               =  3.33356e-05
dlev7               =  3.31634e-05
dlev8               =  3.30032e-05
dlev9               =  3.28682e-05
dlev10              =  3.28024e-05
dlev11              =  3.29128e-05
dlev12              =  3.28982e-05
dlev13              =  3.20950e-05
dlev14              =  3.22697e-05
dlev15              =  3.14140e-05
dlev16              =  1.00002e+00
dlev17              =  1.00002e+00
dlev18              =  1.00002e+00
dlev19              =  1.00002e+00
dlev20              =  1.00002e+00
dlev21              =  1.00002e+00
dlev22              =  1.00002e+00
dlev23              =  1.00002e+00
dlev24              =  1.00002e+00
dlev25              =  1.00002e+00
dlev26              =  1.00002e+00
dlev27              =  1.00002e+00
dlev28              =  1.00002e+00
dlev29              =  1.00002e+00
dlev30              =  1.00002e+00
dlev31              =  1.00002e+00
dlev32              =  1.00002e+00
vos = -1.502419697e-03
lowcount = 1.5999193434e+01
vbias               =  3.23041e-01
Reset re-loads circuit * comparator-offset-transient-mc @ fs_mismatch_-40c_1.08v -- generated by sim/harness, do not edit

Circuit: * comparator-offset-transient-mc @ fs_mismatch_-40c_1.08v -- generated by sim/harness, do not edit

Doing analysis at TEMP = -40.000000 and TNOM = 27.000000

Using SPARSE 1.3 as Direct Linear Solver

Initial Transient Solution
--------------------------

Node                                   Voltage
----                                   -------
vdd                                       1.08
cm                                         0.6
vd                                      -0.048
ap                                       0.576
an                                       0.624
clk                                          0
ibn                                   0.323245
xa.x1.tmid                         7.11157e-08
xa.x1.tail                            0.566089
xa.x1.np                                  1.08
xa.x1.nn                                  1.08
xa.x1.ln                                  1.08
xa.x1.lp                                  1.08
xa.x1.lnb                          1.67889e-08
xa.x1.lpb                          1.60786e-08
xa.x1.na                               1.07376
doutb                                 0.530299
dout                                  0.522341
xa.x1.nb                               1.07364
doutn                                 0.483649
bdoutn#branch                                0
ean#branch                         4.94493e-13
eap#branch                         6.52561e-13
vclk#branch                        8.30483e-11
vd#branch                                    0
vcm#branch                         1.14705e-12
vsup#branch                        -4.2089e-05

 Reference value :  2.55049e-08
 Reference value :  1.19305e-07
 Reference value :  2.20172e-07
 Reference value :  3.26202e-07
 Reference value :  4.37930e-07
 Reference value :  5.44450e-07
 Reference value :  6.54899e-07
 Reference value :  7.68923e-07
 Reference value :  8.60100e-07
 Reference value :  9.40328e-07
No. of Data Rows : 10776
dlev0               =  3.95412e-05
dlev1               =  3.82141e-05
dlev2               =  3.86715e-05
dlev3               =  3.91913e-05
dlev4               =  3.97808e-05
dlev5               =  4.04576e-05
dlev6               =  4.13781e-05
dlev7               =  4.19514e-05
dlev8               =  4.23778e-05
dlev9               =  4.26957e-05
dlev10              =  4.29628e-05
dlev11              =  4.31764e-05
dlev12              =  4.31260e-05
dlev13              =  4.23568e-05
dlev14              =  4.26700e-05
dlev15              =  4.41628e-05
dlev16              =  4.38599e-05
dlev17              =  1.00001e+00
dlev18              =  1.00002e+00
dlev19              =  1.00002e+00
dlev20              =  1.00002e+00
dlev21              =  1.00002e+00
dlev22              =  1.00002e+00
dlev23              =  1.00002e+00
dlev24              =  1.00002e+00
dlev25              =  1.00002e+00
dlev26              =  1.00002e+00
dlev27              =  1.00002e+00
dlev28              =  1.00002e+00
dlev29              =  1.00002e+00
dlev30              =  1.00002e+00
dlev31              =  1.00002e+00
dlev32              =  1.00002e+00
vos = 1.4968242774e-03
lowcount = 1.6998941426e+01
vbias               =  3.23245e-01
Reset re-loads circuit * comparator-offset-transient-mc @ fs_mismatch_-40c_1.08v -- generated by sim/harness, do not edit

Circuit: * comparator-offset-transient-mc @ fs_mismatch_-40c_1.08v -- generated by sim/harness, do not edit

Doing analysis at TEMP = -40.000000 and TNOM = 27.000000

Using SPARSE 1.3 as Direct Linear Solver

Initial Transient Solution
--------------------------

Node                                   Voltage
----                                   -------
vdd                                       1.08
cm                                         0.6
vd                                      -0.048
ap                                       0.576
an                                       0.624
clk                                          0
ibn                                   0.321843
xa.x1.tmid                         7.47396e-08
xa.x1.tail                            0.562846
xa.x1.np                                  1.08
xa.x1.nn                                  1.08
xa.x1.ln                                  1.08
xa.x1.lp                                  1.08
xa.x1.lnb                          1.69659e-08
xa.x1.lpb                           1.6509e-08
xa.x1.na                                  1.08
doutb                                     1.08
dout                               1.73627e-08
xa.x1.nb                                  1.08
doutn                              1.60766e-08
bdoutn#branch                                0
ean#branch                          4.9391e-13
eap#branch                         6.52117e-13
vclk#branch                        8.27805e-11
vd#branch                                    0
vcm#branch                         1.14603e-12
vsup#branch                       -2.00004e-05

 Reference value :  2.27065e-08
 Reference value :  1.04722e-07
 Reference value :  1.91125e-07
 Reference value :  2.72250e-07
 Reference value :  3.65550e-07
 Reference value :  4.53750e-07
 Reference value :  5.32496e-07
 Reference value :  6.15431e-07
 Reference value :  7.23950e-07
 Reference value :  8.10030e-07
 Reference value :  9.20700e-07
No. of Data Rows : 10780
dlev0               =  1.79857e-05
dlev1               =  4.07077e-05
dlev2               =  4.12574e-05
dlev3               =  4.17304e-05
dlev4               =  4.21296e-05
dlev5               =  4.24626e-05
dlev6               =  4.27402e-05
dlev7               =  4.31883e-05
dlev8               =  4.33735e-05
dlev9               =  4.33830e-05
dlev10              =  4.29618e-05
dlev11              =  4.24288e-05
dlev12              =  4.42182e-05
dlev13              =  4.33256e-05
dlev14              =  4.29682e-05
dlev15              =  1.00001e+00
dlev16              =  1.00002e+00
dlev17              =  1.00002e+00
dlev18              =  1.00002e+00
dlev19              =  1.00002e+00
dlev20              =  1.00002e+00
dlev21              =  1.00002e+00
dlev22              =  1.00002e+00
dlev23              =  1.00002e+00
dlev24              =  1.00002e+00
dlev25              =  1.00002e+00
dlev26              =  1.00002e+00
dlev27              =  1.00002e+00
dlev28              =  1.00002e+00
dlev29              =  1.00002e+00
dlev30              =  1.00002e+00
dlev31              =  1.00002e+00
dlev32              =  1.00002e+00
vos = -4.503041583e-03
lowcount = 1.4998986139e+01
vbias               =  3.21843e-01
Reset re-loads circuit * comparator-offset-transient-mc @ fs_mismatch_-40c_1.08v -- generated by sim/harness, do not edit

Circuit: * comparator-offset-transient-mc @ fs_mismatch_-40c_1.08v -- generated by sim/harness, do not edit

Doing analysis at TEMP = -40.000000 and TNOM = 27.000000

Using SPARSE 1.3 as Direct Linear Solver

Initial Transient Solution
--------------------------

Node                                   Voltage
----                                   -------
vdd                                       1.08
cm                                         0.6
vd                                      -0.048
ap                                       0.576
an                                       0.624
clk                                          0
ibn                                   0.323483
xa.x1.tmid                         7.25722e-08
xa.x1.tail                             0.56606
xa.x1.np                                  1.08
xa.x1.nn                                  1.08
xa.x1.ln                                  1.08
xa.x1.lp                                  1.08
xa.x1.lnb                          1.69533e-08
xa.x1.lpb                          1.69542e-08
xa.x1.na                               1.07379
doutb                                 0.528981
dout                                  0.524735
xa.x1.nb                               1.07369
doutn                                 0.485866
bdoutn#branch                                0
ean#branch                          4.9416e-13
eap#branch                         6.52339e-13
vclk#branch                        8.35783e-11
vd#branch                                    0
vcm#branch                          1.1465e-12
vsup#branch                       -4.12718e-05

 Reference value :  2.02180e-08
 Reference value :  1.27550e-07
 Reference value :  2.39192e-07
 Reference value :  3.47932e-07
 Reference value :  4.60533e-07
 Reference value :  5.67293e-07
 Reference value :  6.79531e-07
 Reference value :  7.92627e-07
 Reference value :  9.06050e-07
No. of Data Rows : 10798
dlev0               =  3.28940e-05
dlev1               =  3.32458e-05
dlev2               =  3.30861e-05
dlev3               =  3.29070e-05
dlev4               =  3.27002e-05
dlev5               =  3.24394e-05
dlev6               =  3.21637e-05
dlev7               =  3.18752e-05
dlev8               =  3.16284e-05
dlev9               =  3.14274e-05
dlev10              =  3.12606e-05
dlev11              =  3.11397e-05
dlev12              =  3.11727e-05
dlev13              =  3.12727e-05
dlev14              =  3.02531e-05
dlev15              =  3.03164e-05
dlev16              =  2.98231e-05
dlev17              =  1.00002e+00
dlev18              =  1.00002e+00
dlev19              =  1.00002e+00
dlev20              =  1.00002e+00
dlev21              =  1.00002e+00
dlev22              =  1.00002e+00
dlev23              =  1.00002e+00
dlev24              =  1.00002e+00
dlev25              =  1.00002e+00
dlev26              =  1.00002e+00
dlev27              =  1.00002e+00
dlev28              =  1.00002e+00
dlev29              =  1.00002e+00
dlev30              =  1.00002e+00
dlev31              =  1.00002e+00
dlev32              =  1.00002e+00
vos = 1.4973371837e-03
lowcount = 1.6999112395e+01
vbias               =  3.23483e-01
Reset re-loads circuit * comparator-offset-transient-mc @ fs_mismatch_-40c_1.08v -- generated by sim/harness, do not edit

Circuit: * comparator-offset-transient-mc @ fs_mismatch_-40c_1.08v -- generated by sim/harness, do not edit

Doing analysis at TEMP = -40.000000 and TNOM = 27.000000

Using SPARSE 1.3 as Direct Linear Solver

Initial Transient Solution
--------------------------

Node                                   Voltage
----                                   -------
vdd                                       1.08
cm                                         0.6
vd                                      -0.048
ap                                       0.576
an                                       0.624
clk                                          0
ibn                                   0.325603
xa.x1.tmid                         7.21228e-08
xa.x1.tail                            0.562914
xa.x1.np                                  1.08
xa.x1.nn                                  1.08
xa.x1.ln                                  1.08
xa.x1.lp                                  1.08
xa.x1.lnb                          1.65438e-08
xa.x1.lpb                          1.66713e-08
xa.x1.na                               1.07318
doutb                                 0.525487
dout                                  0.523026
xa.x1.nb                               1.07342
doutn                                 0.484283
bdoutn#branch                                0
ean#branch                         4.93633e-13
eap#branch                         6.51673e-13
vclk#branch                        8.23347e-11
vd#branch                                    0
vcm#branch                         1.14531e-12
vsup#branch                       -4.26822e-05

 Reference value :  6.42800e-09
 Reference value :  1.13792e-07
 Reference value :  2.20003e-07
 Reference value :  3.27089e-07
 Reference value :  4.39235e-07
 Reference value :  5.33391e-07
 Reference value :  6.33750e-07
 Reference value :  7.45394e-07
 Reference value :  8.59026e-07
 Reference value :  9.70045e-07
No. of Data Rows : 10798
dlev0               =  3.56680e-05
dlev1               =  3.26873e-05
dlev2               =  3.25359e-05
dlev3               =  3.23770e-05
dlev4               =  3.21974e-05
dlev5               =  3.19815e-05
dlev6               =  3.17204e-05
dlev7               =  3.14218e-05
dlev8               =  3.11579e-05
dlev9               =  3.09562e-05
dlev10              =  3.07249e-05
dlev11              =  3.03187e-05
dlev12              =  3.01963e-05
dlev13              =  2.92035e-05
dlev14              =  2.93025e-05
dlev15              =  1.00001e+00
dlev16              =  1.00002e+00
dlev17              =  1.00002e+00
dlev18              =  1.00002e+00
dlev19              =  1.00002e+00
dlev20              =  1.00002e+00
dlev21              =  1.00002e+00
dlev22              =  1.00002e+00
dlev23              =  1.00002e+00
dlev24              =  1.00002e+00
dlev25              =  1.00002e+00
dlev26              =  1.00002e+00
dlev27              =  1.00002e+00
dlev28              =  1.00002e+00
dlev29              =  1.00002e+00
dlev30              =  1.00002e+00
dlev31              =  1.00002e+00
dlev32              =  1.00002e+00
vos = -4.502446349e-03
lowcount = 1.4999184550e+01
vbias               =  3.25603e-01
Reset re-loads circuit * comparator-offset-transient-mc @ fs_mismatch_-40c_1.08v -- generated by sim/harness, do not edit

Circuit: * comparator-offset-transient-mc @ fs_mismatch_-40c_1.08v -- generated by sim/harness, do not edit

Doing analysis at TEMP = -40.000000 and TNOM = 27.000000

Using SPARSE 1.3 as Direct Linear Solver

Initial Transient Solution
--------------------------

Node                                   Voltage
----                                   -------
vdd                                       1.08
cm                                         0.6
vd                                      -0.048
ap                                       0.576
an                                       0.624
clk                                          0
ibn                                    0.32137
xa.x1.tmid                           8.088e-08
xa.x1.tail                            0.561145
xa.x1.np                                  1.08
xa.x1.nn                                  1.08
xa.x1.ln                                  1.08
xa.x1.lp                                  1.08
xa.x1.lnb                          1.65923e-08
xa.x1.lpb                          1.64328e-08
xa.x1.na                               1.07376
doutb                                 0.524009
dout                                    0.5274
xa.x1.nb                               1.07353
doutn                                 0.488333
bdoutn#branch                                0
ean#branch                         4.93605e-13
eap#branch                         6.51534e-13
vclk#branch                        8.26795e-11
vd#branch                                    0
vcm#branch                         1.14514e-12
vsup#branch                       -4.19127e-05

 Reference value :  6.87500e-08
 Reference value :  1.80010e-07
 Reference value :  2.73550e-07
 Reference value :  3.70100e-07
 Reference value :  4.79699e-07
 Reference value :  5.74150e-07
 Reference value :  6.57394e-07
 Reference value :  7.73794e-07
 Reference value :  8.90695e-07
No. of Data Rows : 10784
dlev0               =  3.33196e-05
dlev1               =  4.10319e-05
dlev2               =  4.13561e-05
dlev3               =  4.16485e-05
dlev4               =  4.19282e-05
dlev5               =  4.22036e-05
dlev6               =  4.24762e-05
dlev7               =  4.27363e-05
dlev8               =  4.29587e-05
dlev9               =  4.30931e-05
dlev10              =  4.29749e-05
dlev11              =  4.27358e-05
dlev12              =  4.29855e-05
dlev13              =  4.39352e-05
dlev14              =  4.36882e-05
dlev15              =  4.34027e-05
dlev16              =  1.00001e+00
dlev17              =  1.00002e+00
dlev18              =  1.00002e+00
dlev19              =  1.00002e+00
dlev20              =  1.00002e+00
dlev21              =  1.00002e+00
dlev22              =  1.00002e+00
dlev23              =  1.00002e+00
dlev24              =  1.00002e+00
dlev25              =  1.00002e+00
dlev26              =  1.00002e+00
dlev27              =  1.00002e+00
dlev28              =  1.00002e+00
dlev29              =  1.00002e+00
dlev30              =  1.00002e+00
dlev31              =  1.00002e+00
dlev32              =  1.00002e+00
vos = -1.503034423e-03
lowcount = 1.5998988526e+01
vbias               =  3.21370e-01
Reset re-loads circuit * comparator-offset-transient-mc @ fs_mismatch_-40c_1.08v -- generated by sim/harness, do not edit

Circuit: * comparator-offset-transient-mc @ fs_mismatch_-40c_1.08v -- generated by sim/harness, do not edit

Doing analysis at TEMP = -40.000000 and TNOM = 27.000000

Using SPARSE 1.3 as Direct Linear Solver

Initial Transient Solution
--------------------------

Node                                   Voltage
----                                   -------
vdd                                       1.08
cm                                         0.6
vd                                      -0.048
ap                                       0.576
an                                       0.624
clk                                          0
ibn                                   0.323575
xa.x1.tmid                         7.25731e-08
xa.x1.tail                            0.562323
xa.x1.np                                  1.08
xa.x1.nn                                  1.08
xa.x1.ln                                  1.08
xa.x1.lp                                  1.08
xa.x1.lnb                          1.62686e-08
xa.x1.lpb                          1.72198e-08
xa.x1.na                               1.07369
doutb                                 0.532189
dout                                  0.526677
xa.x1.nb                               1.07427
doutn                                 0.487664
bdoutn#branch                                0
ean#branch                         4.93688e-13
eap#branch                         6.51673e-13
vclk#branch                        8.21303e-11
vd#branch                                    0
vcm#branch                         1.14536e-12
vsup#branch                       -4.10533e-05

 Reference value :  0.00000e+00
 Reference value :  1.12589e-07
 Reference value :  2.14750e-07
 Reference value :  3.07150e-07
 Reference value :  4.17089e-07
 Reference value :  5.30694e-07
 Reference value :  6.46829e-07
 Reference value :  7.62125e-07
 Reference value :  8.78750e-07
No. of Data Rows : 10797
dlev0               =  1.20609e-05
dlev1               =  2.32145e-05
dlev2               =  2.30458e-05
dlev3               =  2.28507e-05
dlev4               =  2.26327e-05
dlev5               =  2.24410e-05
dlev6               =  2.22917e-05
dlev7               =  2.21780e-05
dlev8               =  2.20862e-05
dlev9               =  2.20325e-05
dlev10              =  2.21488e-05
dlev11              =  2.23964e-05
dlev12              =  2.12301e-05
dlev13              =  2.12906e-05
dlev14              =  2.07855e-05
dlev15              =  1.00002e+00
dlev16              =  1.00002e+00
dlev17              =  1.00002e+00
dlev18              =  1.00002e+00
dlev19              =  1.00002e+00
dlev20              =  1.00002e+00
dlev21              =  1.00002e+00
dlev22              =  1.00002e+00
dlev23              =  1.00002e+00
dlev24              =  1.00002e+00
dlev25              =  1.00002e+00
dlev26              =  1.00002e+00
dlev27              =  1.00002e+00
dlev28              =  1.00002e+00
dlev29              =  1.00002e+00
dlev30              =  1.00002e+00
dlev31              =  1.00002e+00
dlev32              =  1.00002e+00
vos = -4.502009057e-03
lowcount = 1.4999330314e+01
vbias               =  3.23575e-01
Reset re-loads circuit * comparator-offset-transient-mc @ fs_mismatch_-40c_1.08v -- generated by sim/harness, do not edit

Circuit: * comparator-offset-transient-mc @ fs_mismatch_-40c_1.08v -- generated by sim/harness, do not edit

Doing analysis at TEMP = -40.000000 and TNOM = 27.000000

Using SPARSE 1.3 as Direct Linear Solver

Initial Transient Solution
--------------------------

Node                                   Voltage
----                                   -------
vdd                                       1.08
cm                                         0.6
vd                                      -0.048
ap                                       0.576
an                                       0.624
clk                                          0
ibn                                   0.325052
xa.x1.tmid                         6.73233e-08
xa.x1.tail                            0.564947
xa.x1.np                                  1.08
xa.x1.nn                                  1.08
xa.x1.ln                                  1.08
xa.x1.lp                                  1.08
xa.x1.lnb                          1.65855e-08
xa.x1.lpb                          1.64986e-08
xa.x1.na                               1.07338
doutb                                 0.530365
dout                                  0.528507
xa.x1.nb                               1.07432
doutn                                 0.489358
bdoutn#branch                                0
ean#branch                         4.93994e-13
eap#branch                         6.51923e-13
vclk#branch                        8.23335e-11
vd#branch                                    0
vcm#branch                         1.14592e-12
vsup#branch                       -4.10349e-05

 Reference value :  0.00000e+00
 Reference value :  1.11901e-07
 Reference value :  2.06899e-07
 Reference value :  2.88728e-07
 Reference value :  4.02030e-07
 Reference value :  5.16550e-07
 Reference value :  6.30010e-07
 Reference value :  7.41595e-07
 Reference value :  8.38897e-07
 Reference value :  9.38250e-07
No. of Data Rows : 10793
dlev0               =  4.27356e-05
dlev1               =  4.06675e-05
dlev2               =  4.10717e-05
dlev3               =  4.15668e-05
dlev4               =  4.22052e-05
dlev5               =  4.21642e-05
dlev6               =  4.19216e-05
dlev7               =  4.17329e-05
dlev8               =  4.17013e-05
dlev9               =  4.15290e-05
dlev10              =  4.12650e-05
dlev11              =  4.10088e-05
dlev12              =  4.09317e-05
dlev13              =  4.06283e-05
dlev14              =  3.99591e-05
dlev15              =  1.00002e+00
dlev16              =  1.00002e+00
dlev17              =  1.00002e+00
dlev18              =  1.00002e+00
dlev19              =  1.00002e+00
dlev20              =  1.00002e+00
dlev21              =  1.00002e+00
dlev22              =  1.00002e+00
dlev23              =  1.00002e+00
dlev24              =  1.00002e+00
dlev25              =  1.00002e+00
dlev26              =  1.00002e+00
dlev27              =  1.00002e+00
dlev28              =  1.00002e+00
dlev29              =  1.00002e+00
dlev30              =  1.00002e+00
dlev31              =  1.00002e+00
dlev32              =  1.00002e+00
vos = -4.502997266e-03
lowcount = 1.4999000911e+01
vbias               =  3.25052e-01
Reset re-loads circuit * comparator-offset-transient-mc @ fs_mismatch_-40c_1.08v -- generated by sim/harness, do not edit

Circuit: * comparator-offset-transient-mc @ fs_mismatch_-40c_1.08v -- generated by sim/harness, do not edit

Doing analysis at TEMP = -40.000000 and TNOM = 27.000000

Using SPARSE 1.3 as Direct Linear Solver

Initial Transient Solution
--------------------------

Node                                   Voltage
----                                   -------
vdd                                       1.08
cm                                         0.6
vd                                      -0.048
ap                                       0.576
an                                       0.624
clk                                          0
ibn                                   0.323857
xa.x1.tmid                         6.74022e-08
xa.x1.tail                            0.565673
xa.x1.np                                  1.08
xa.x1.nn                                  1.08
xa.x1.ln                                  1.08
xa.x1.lp                                  1.08
xa.x1.lnb                          1.65433e-08
xa.x1.lpb                          1.64966e-08
xa.x1.na                               1.07364
doutb                                 0.521015
dout                                  0.523452
xa.x1.nb                               1.07362
doutn                                 0.484678
bdoutn#branch                                0
ean#branch                         4.94021e-13
eap#branch                         6.52228e-13
vclk#branch                        8.22738e-11
vd#branch                                    0
vcm#branch                         1.14625e-12
vsup#branch                       -4.19103e-05

 Reference value :  4.08197e-08
 Reference value :  1.54050e-07
 Reference value :  2.53026e-07
 Reference value :  3.34950e-07
 Reference value :  4.49592e-07
 Reference value :  5.42650e-07
 Reference value :  6.24195e-07
 Reference value :  7.40203e-07
 Reference value :  8.51420e-07
 Reference value :  9.30550e-07
No. of Data Rows : 10798
dlev0               =  2.79176e-05
dlev1               =  2.81826e-05
dlev2               =  2.79899e-05
dlev3               =  2.77695e-05
dlev4               =  2.75106e-05
dlev5               =  2.72425e-05
dlev6               =  2.69973e-05
dlev7               =  2.67986e-05
dlev8               =  2.66573e-05
dlev9               =  2.66063e-05
dlev10              =  2.65964e-05
dlev11              =  2.66114e-05
dlev12              =  2.58810e-05
dlev13              =  2.49271e-05
dlev14              =  2.40528e-05
dlev15              =  1.00002e+00
dlev16              =  1.00002e+00
dlev17              =  1.00002e+00
dlev18              =  1.00002e+00
dlev19              =  1.00002e+00
dlev20              =  1.00002e+00
dlev21              =  1.00002e+00
dlev22              =  1.00002e+00
dlev23              =  1.00002e+00
dlev24              =  1.00002e+00
dlev25              =  1.00002e+00
dlev26              =  1.00002e+00
dlev27              =  1.00002e+00
dlev28              =  1.00002e+00
dlev29              =  1.00002e+00
dlev30              =  1.00002e+00
dlev31              =  1.00002e+00
dlev32              =  1.00002e+00
vos = -4.502312223e-03
lowcount = 1.4999229259e+01
vbias               =  3.23857e-01
Reset re-loads circuit * comparator-offset-transient-mc @ fs_mismatch_-40c_1.08v -- generated by sim/harness, do not edit

Circuit: * comparator-offset-transient-mc @ fs_mismatch_-40c_1.08v -- generated by sim/harness, do not edit

Doing analysis at TEMP = -40.000000 and TNOM = 27.000000

Using SPARSE 1.3 as Direct Linear Solver

Initial Transient Solution
--------------------------

Node                                   Voltage
----                                   -------
vdd                                       1.08
cm                                         0.6
vd                                      -0.048
ap                                       0.576
an                                       0.624
clk                                          0
ibn                                   0.320316
xa.x1.tmid                         7.06756e-08
xa.x1.tail                             0.56791
xa.x1.np                                  1.08
xa.x1.nn                                  1.08
xa.x1.ln                                  1.08
xa.x1.lp                                  1.08
xa.x1.lnb                            1.614e-08
xa.x1.lpb                          1.70085e-08
xa.x1.na                               1.07338
doutb                                 0.527079
dout                                  0.523406
xa.x1.nb                               1.07401
doutn                                 0.484635
bdoutn#branch                                0
ean#branch                         4.94299e-13
eap#branch                         6.52312e-13
vclk#branch                        8.25268e-11
vd#branch                                    0
vcm#branch                         1.14661e-12
vsup#branch                       -4.20941e-05

 Reference value :  1.97726e-08
 Reference value :  1.05016e-07
 Reference value :  2.19550e-07
 Reference value :  3.27597e-07
 Reference value :  4.10203e-07
 Reference value :  5.21389e-07
 Reference value :  6.31750e-07
 Reference value :  7.41596e-07
 Reference value :  8.54319e-07
 Reference value :  9.68050e-07
No. of Data Rows : 10797
dlev0               =  3.71286e-05
dlev1               =  3.99871e-05
dlev2               =  3.98575e-05
dlev3               =  3.97285e-05
dlev4               =  3.95944e-05
dlev5               =  3.94529e-05
dlev6               =  3.93073e-05
dlev7               =  3.91558e-05
dlev8               =  3.90037e-05
dlev9               =  3.88586e-05
dlev10              =  3.87376e-05
dlev11              =  3.86708e-05
dlev12              =  3.86723e-05
dlev13              =  3.82906e-05
dlev14              =  3.80422e-05
dlev15              =  3.75326e-05
dlev16              =  3.69279e-05
dlev17              =  1.00001e+00
dlev18              =  1.00002e+00
dlev19              =  1.00002e+00
dlev20              =  1.00002e+00
dlev21              =  1.00002e+00
dlev22              =  1.00002e+00
dlev23              =  1.00002e+00
dlev24              =  1.00002e+00
dlev25              =  1.00002e+00
dlev26              =  1.00002e+00
dlev27              =  1.00002e+00
dlev28              =  1.00002e+00
dlev29              =  1.00002e+00
dlev30              =  1.00002e+00
dlev31              =  1.00002e+00
dlev32              =  1.00002e+00
vos = 1.4969881550e-03
lowcount = 1.6998996052e+01
vbias               =  3.20316e-01
Reset re-loads circuit * comparator-offset-transient-mc @ fs_mismatch_-40c_1.08v -- generated by sim/harness, do not edit

Circuit: * comparator-offset-transient-mc @ fs_mismatch_-40c_1.08v -- generated by sim/harness, do not edit

Doing analysis at TEMP = -40.000000 and TNOM = 27.000000

Using SPARSE 1.3 as Direct Linear Solver

Initial Transient Solution
--------------------------

Node                                   Voltage
----                                   -------
vdd                                       1.08
cm                                         0.6
vd                                      -0.048
ap                                       0.576
an                                       0.624
clk                                          0
ibn                                   0.321902
xa.x1.tmid                         7.21141e-08
xa.x1.tail                            0.566666
xa.x1.np                                  1.08
xa.x1.nn                                  1.08
xa.x1.ln                                  1.08
xa.x1.lp                                  1.08
xa.x1.lnb                          1.65109e-08
xa.x1.lpb                          1.60362e-08
xa.x1.na                               1.07415
doutb                                  0.52886
dout                                  0.526174
xa.x1.nb                               1.07423
doutn                                 0.487198
bdoutn#branch                                0
ean#branch                         4.93966e-13
eap#branch                         6.52506e-13
vclk#branch                        8.29692e-11
vd#branch                                    0
vcm#branch                         1.14647e-12
vsup#branch                       -4.00202e-05

 Reference value :  4.00730e-08
 Reference value :  1.20010e-07
 Reference value :  2.01296e-07
 Reference value :  2.99096e-07
 Reference value :  3.94650e-07
 Reference value :  5.09195e-07
 Reference value :  6.17128e-07
 Reference value :  7.07225e-07
 Reference value :  7.99021e-07
 Reference value :  9.15517e-07
No. of Data Rows : 10782
dlev0               =  3.82503e-05
dlev1               =  3.80808e-05
dlev2               =  3.79075e-05
dlev3               =  3.77460e-05
dlev4               =  3.75933e-05
dlev5               =  3.74438e-05
dlev6               =  3.72921e-05
dlev7               =  3.71336e-05
dlev8               =  3.69604e-05
dlev9               =  3.67813e-05
dlev10              =  3.66055e-05
dlev11              =  3.64589e-05
dlev12              =  3.63916e-05
dlev13              =  3.63159e-05
dlev14              =  3.58542e-05
dlev15              =  3.56415e-05
dlev16              =  3.50291e-05
dlev17              =  1.00002e+00
dlev18              =  1.00002e+00
dlev19              =  1.00002e+00
dlev20              =  1.00002e+00
dlev21              =  1.00002e+00
dlev22              =  1.00002e+00
dlev23              =  1.00002e+00
dlev24              =  1.00002e+00
dlev25              =  1.00002e+00
dlev26              =  1.00002e+00
dlev27              =  1.00002e+00
dlev28              =  1.00002e+00
dlev29              =  1.00002e+00
dlev30              =  1.00002e+00
dlev31              =  1.00002e+00
dlev32              =  1.00002e+00
vos = 1.4971275422e-03
lowcount = 1.6999042514e+01
vbias               =  3.21902e-01
Reset re-loads circuit * comparator-offset-transient-mc @ fs_mismatch_-40c_1.08v -- generated by sim/harness, do not edit

Circuit: * comparator-offset-transient-mc @ fs_mismatch_-40c_1.08v -- generated by sim/harness, do not edit

Doing analysis at TEMP = -40.000000 and TNOM = 27.000000

Using SPARSE 1.3 as Direct Linear Solver

Initial Transient Solution
--------------------------

Node                                   Voltage
----                                   -------
vdd                                       1.08
cm                                         0.6
vd                                      -0.048
ap                                       0.576
an                                       0.624
clk                                          0
ibn                                   0.324877
xa.x1.tmid                         7.22341e-08
xa.x1.tail                            0.564346
xa.x1.np                                  1.08
xa.x1.nn                                  1.08
xa.x1.ln                                  1.08
xa.x1.lp                                  1.08
xa.x1.lnb                          1.64496e-08
xa.x1.lpb                          1.64619e-08
xa.x1.na                               1.07304
doutb                                 0.524437
dout                                   0.51799
xa.x1.nb                               1.07347
doutn                                 0.479621
bdoutn#branch                                0
ean#branch                         4.93883e-13
eap#branch                         6.52395e-13
vclk#branch                        8.25478e-11
vd#branch                                    0
vcm#branch                         1.14628e-12
vsup#branch                       -4.35046e-05

 Reference value :  1.10905e-08
 Reference value :  1.26650e-07
 Reference value :  2.38197e-07
 Reference value :  3.52694e-07
 Reference value :  4.66233e-07
 Reference value :  5.55033e-07
 Reference value :  6.63850e-07
 Reference value :  7.75701e-07
 Reference value :  8.91303e-07
No. of Data Rows : 10788
dlev0               =  3.35453e-05
dlev1               =  3.36213e-05
dlev2               =  3.34898e-05
dlev3               =  3.33536e-05
dlev4               =  3.32113e-05
dlev5               =  3.30604e-05
dlev6               =  3.28879e-05
dlev7               =  3.26756e-05
dlev8               =  3.24128e-05
dlev9               =  3.21477e-05
dlev10              =  3.19529e-05
dlev11              =  3.17744e-05
dlev12              =  3.14241e-05
dlev13              =  3.11299e-05
dlev14              =  3.01932e-05
dlev15              =  2.97162e-05
dlev16              =  1.00001e+00
dlev17              =  1.00002e+00
dlev18              =  1.00002e+00
dlev19              =  1.00002e+00
dlev20              =  1.00002e+00
dlev21              =  1.00002e+00
dlev22              =  1.00002e+00
dlev23              =  1.00002e+00
dlev24              =  1.00002e+00
dlev25              =  1.00002e+00
dlev26              =  1.00002e+00
dlev27              =  1.00002e+00
dlev28              =  1.00002e+00
dlev29              =  1.00002e+00
dlev30              =  1.00002e+00
dlev31              =  1.00002e+00
dlev32              =  1.00001e+00
vos = -1.502701789e-03
lowcount = 1.5999099404e+01
vbias               =  3.24877e-01
m_n_samples = 6.0000000000e+01
m_n_out_of_range = 0.0000000000e+00
m_sig_vos_raw_mv = 2.9899710907e+00
m_sig_vos_mv = 2.8618048717e+00
m_vos_3sig_mv = 8.5854146150e+00
m_mean_vos_uv = -9.027062750e+02
m_mean_vos_sem = -2.338595434e+00
m_vbias_anchor_mv = 3.2487670000e+02
Note: Simulation executed from .control section 

