
Note: No compatibility mode selected!


Circuit: * comparator-offset-transient-mc @ fs_mismatch_125c_1.08v -- generated by sim/harness, do not edit

Reset re-loads circuit * comparator-offset-transient-mc @ fs_mismatch_125c_1.08v -- generated by sim/harness, do not edit

Circuit: * comparator-offset-transient-mc @ fs_mismatch_125c_1.08v -- generated by sim/harness, do not edit

Doing analysis at TEMP = 125.000000 and TNOM = 27.000000

Using SPARSE 1.3 as Direct Linear Solver

Initial Transient Solution
--------------------------

Node                                   Voltage
----                                   -------
vdd                                       1.08
cm                                         0.6
vd                                      -0.048
ap                                       0.576
an                                       0.624
clk                                          0
ibn                                   0.226771
xa.x1.tmid                         0.000164382
xa.x1.tail                            0.573136
xa.x1.np                               1.07994
xa.x1.nn                               1.07981
xa.x1.ln                                  1.08
xa.x1.lp                                  1.08
xa.x1.lnb                          1.90091e-06
xa.x1.lpb                          1.72213e-06
xa.x1.na                                  1.08
doutb                              2.10033e-06
dout                                   1.07998
xa.x1.nb                               1.07999
doutn                                 0.999984
bdoutn#branch                                0
ean#branch                         2.28761e-12
eap#branch                          3.0233e-12
vclk#branch                        1.96007e-10
vd#branch                                    0
vcm#branch                         5.31092e-12
vsup#branch                       -2.03037e-05

 Reference value :  5.14393e-08
 Reference value :  1.70397e-07
 Reference value :  2.90130e-07
 Reference value :  4.06956e-07
 Reference value :  5.23656e-07
 Reference value :  6.41856e-07
 Reference value :  7.60656e-07
 Reference value :  8.80124e-07
No. of Data Rows : 10763
dlev0               =  1.02981e-05
dlev1               =  8.00945e-06
dlev2               =  8.06500e-06
dlev3               =  8.11807e-06
dlev4               =  8.22223e-06
dlev5               =  8.31506e-06
dlev6               =  8.36556e-06
dlev7               =  8.37924e-06
dlev8               =  8.36966e-06
dlev9               =  8.36068e-06
dlev10              =  8.36662e-06
dlev11              =  8.40393e-06
dlev12              =  8.53387e-06
dlev13              =  8.68928e-06
dlev14              =  8.48675e-06
dlev15              =  8.62177e-06
dlev16              =  9.99989e-01
dlev17              =  9.99988e-01
dlev18              =  9.99988e-01
dlev19              =  9.99988e-01
dlev20              =  9.99987e-01
dlev21              =  9.99987e-01
dlev22              =  9.99987e-01
dlev23              =  9.99986e-01
dlev24              =  9.99987e-01
dlev25              =  9.99987e-01
dlev26              =  9.99986e-01
dlev27              =  9.99986e-01
dlev28              =  9.99986e-01
dlev29              =  9.99986e-01
dlev30              =  9.99986e-01
dlev31              =  9.99986e-01
dlev32              =  9.99986e-01
vos = -1.499739316e-03
lowcount = 1.6000086895e+01
vbias               =  2.26771e-01
Reset re-loads circuit * comparator-offset-transient-mc @ fs_mismatch_125c_1.08v -- generated by sim/harness, do not edit

Circuit: * comparator-offset-transient-mc @ fs_mismatch_125c_1.08v -- generated by sim/harness, do not edit

Doing analysis at TEMP = 125.000000 and TNOM = 27.000000

Using SPARSE 1.3 as Direct Linear Solver

Initial Transient Solution
--------------------------

Node                                   Voltage
----                                   -------
vdd                                       1.08
cm                                         0.6
vd                                      -0.048
ap                                       0.576
an                                       0.624
clk                                          0
ibn                                    0.22869
xa.x1.tmid                         0.000173532
xa.x1.tail                            0.570137
xa.x1.np                               1.07994
xa.x1.nn                               1.07979
xa.x1.ln                                  1.08
xa.x1.lp                                  1.08
xa.x1.lnb                          1.73128e-06
xa.x1.lpb                          1.62071e-06
xa.x1.na                               1.07999
doutb                                  1.07998
dout                               2.23795e-06
xa.x1.nb                                  1.08
doutn                              2.07218e-06
bdoutn#branch                                0
ean#branch                         2.28351e-12
eap#branch                         3.02339e-12
vclk#branch                        1.95333e-10
vd#branch                                    0
vcm#branch                         5.30689e-12
vsup#branch                       -2.03219e-05

 Reference value :  0.00000e+00
 Reference value :  1.19042e-07
 Reference value :  2.36837e-07
 Reference value :  3.55536e-07
 Reference value :  4.73332e-07
 Reference value :  5.87364e-07
 Reference value :  7.03563e-07
 Reference value :  8.21863e-07
 Reference value :  9.40189e-07
No. of Data Rows : 10763
dlev0               =  6.36248e-06
dlev1               =  6.46721e-06
dlev2               =  6.57365e-06
dlev3               =  6.67972e-06
dlev4               =  8.59117e-06
dlev5               =  8.76255e-06
dlev6               =  8.93918e-06
dlev7               =  9.09810e-06
dlev8               =  9.21063e-06
dlev9               =  9.29126e-06
dlev10              =  9.41610e-06
dlev11              =  9.52986e-06
dlev12              =  9.87530e-06
dlev13              =  1.04310e-05
dlev14              =  1.10392e-05
dlev15              =  1.14647e-05
dlev16              =  1.19890e-05
dlev17              =  9.99990e-01
dlev18              =  9.99990e-01
dlev19              =  9.99990e-01
dlev20              =  9.99989e-01
dlev21              =  9.99989e-01
dlev22              =  9.99989e-01
dlev23              =  9.99989e-01
dlev24              =  9.99989e-01
dlev25              =  9.99989e-01
dlev26              =  9.99989e-01
dlev27              =  9.99988e-01
dlev28              =  9.99987e-01
dlev29              =  9.99987e-01
dlev30              =  9.99987e-01
dlev31              =  9.99987e-01
dlev32              =  9.99987e-01
vos = 1.5000902367e-03
lowcount = 1.7000030079e+01
vbias               =  2.28690e-01
Reset re-loads circuit * comparator-offset-transient-mc @ fs_mismatch_125c_1.08v -- generated by sim/harness, do not edit

Circuit: * comparator-offset-transient-mc @ fs_mismatch_125c_1.08v -- generated by sim/harness, do not edit

Doing analysis at TEMP = 125.000000 and TNOM = 27.000000

Using SPARSE 1.3 as Direct Linear Solver

Initial Transient Solution
--------------------------

Node                                   Voltage
----                                   -------
vdd                                       1.08
cm                                         0.6
vd                                      -0.048
ap                                       0.576
an                                       0.624
clk                                          0
ibn                                   0.228739
xa.x1.tmid                         0.000147411
xa.x1.tail                            0.577131
xa.x1.np                               1.07995
xa.x1.nn                               1.07983
xa.x1.ln                                  1.08
xa.x1.lp                                  1.08
xa.x1.lnb                          1.61891e-06
xa.x1.lpb                          1.62303e-06
xa.x1.na                               1.07999
doutb                                  1.07999
dout                               2.29049e-06
xa.x1.nb                                  1.08
doutn                              2.12082e-06
bdoutn#branch                                0
ean#branch                         2.29139e-12
eap#branch                         3.02555e-12
vclk#branch                        1.95116e-10
vd#branch                                    0
vcm#branch                         5.31694e-12
vsup#branch                       -2.02764e-05

 Reference value :  4.47499e-08
 Reference value :  1.64251e-07
 Reference value :  2.82951e-07
 Reference value :  4.02152e-07
 Reference value :  5.21131e-07
 Reference value :  6.40452e-07
 Reference value :  7.60150e-07
 Reference value :  8.78750e-07
No. of Data Rows : 10763
dlev0               =  3.37604e-06
dlev1               =  3.57463e-06
dlev2               =  3.76906e-06
dlev3               =  3.97229e-06
dlev4               =  4.18285e-06
dlev5               =  4.38788e-06
dlev6               =  4.56643e-06
dlev7               =  4.70446e-06
dlev8               =  4.80321e-06
dlev9               =  6.78058e-06
dlev10              =  6.93788e-06
dlev11              =  7.10647e-06
dlev12              =  7.30343e-06
dlev13              =  7.59618e-06
dlev14              =  7.85624e-06
dlev15              =  7.84142e-06
dlev16              =  8.00952e-06
dlev17              =  9.99994e-01
dlev18              =  9.99992e-01
dlev19              =  9.99992e-01
dlev20              =  9.99992e-01
dlev21              =  9.99992e-01
dlev22              =  9.99992e-01
dlev23              =  9.99992e-01
dlev24              =  9.99992e-01
dlev25              =  9.99992e-01
dlev26              =  9.99992e-01
dlev27              =  9.99991e-01
dlev28              =  9.99991e-01
dlev29              =  9.99991e-01
dlev30              =  9.99991e-01
dlev31              =  9.99991e-01
dlev32              =  9.99991e-01
vos = 1.5001119943e-03
lowcount = 1.7000037331e+01
vbias               =  2.28739e-01
Reset re-loads circuit * comparator-offset-transient-mc @ fs_mismatch_125c_1.08v -- generated by sim/harness, do not edit

Circuit: * comparator-offset-transient-mc @ fs_mismatch_125c_1.08v -- generated by sim/harness, do not edit

Doing analysis at TEMP = 125.000000 and TNOM = 27.000000

Using SPARSE 1.3 as Direct Linear Solver

Initial Transient Solution
--------------------------

Node                                   Voltage
----                                   -------
vdd                                       1.08
cm                                         0.6
vd                                      -0.048
ap                                       0.576
an                                       0.624
clk                                          0
ibn                                   0.229545
xa.x1.tmid                         0.000146712
xa.x1.tail                            0.576808
xa.x1.np                               1.07995
xa.x1.nn                               1.07983
xa.x1.ln                                  1.08
xa.x1.lp                                  1.08
xa.x1.lnb                          1.55634e-06
xa.x1.lpb                          1.63568e-06
xa.x1.na                               1.07999
doutb                                  1.07999
dout                               2.12699e-06
xa.x1.nb                                  1.08
doutn                              1.96943e-06
bdoutn#branch                                0
ean#branch                         2.29031e-12
eap#branch                          3.0238e-12
vclk#branch                        1.96036e-10
vd#branch                                    0
vcm#branch                         5.31411e-12
vsup#branch                       -2.02756e-05

 Reference value :  0.00000e+00
 Reference value :  1.20010e-07
 Reference value :  2.39870e-07
 Reference value :  3.58846e-07
 Reference value :  4.76444e-07
 Reference value :  5.93043e-07
 Reference value :  7.11944e-07
 Reference value :  8.30845e-07
 Reference value :  9.50208e-07
No. of Data Rows : 10763
dlev0               =  -3.19874e-07
dlev1               =  -1.17046e-07
dlev2               =  9.31836e-08
dlev3               =  3.05421e-07
dlev4               =  5.22688e-07
dlev5               =  7.50243e-07
dlev6               =  3.06052e-06
dlev7               =  3.42379e-06
dlev8               =  3.76797e-06
dlev9               =  4.07023e-06
dlev10              =  4.32636e-06
dlev11              =  4.55163e-06
dlev12              =  4.76965e-06
dlev13              =  5.00420e-06
dlev14              =  5.27658e-06
dlev15              =  5.68246e-06
dlev16              =  5.82153e-06
dlev17              =  6.26037e-06
dlev18              =  9.99988e-01
dlev19              =  9.99988e-01
dlev20              =  9.99988e-01
dlev21              =  9.99988e-01
dlev22              =  9.99988e-01
dlev23              =  9.99988e-01
dlev24              =  9.99988e-01
dlev25              =  9.99987e-01
dlev26              =  9.99987e-01
dlev27              =  9.99987e-01
dlev28              =  9.99987e-01
dlev29              =  9.99987e-01
dlev30              =  9.99987e-01
dlev31              =  9.99987e-01
dlev32              =  9.99987e-01
vos = 4.5003952503e-03
lowcount = 1.8000131750e+01
vbias               =  2.29545e-01
Reset re-loads circuit * comparator-offset-transient-mc @ fs_mismatch_125c_1.08v -- generated by sim/harness, do not edit

Circuit: * comparator-offset-transient-mc @ fs_mismatch_125c_1.08v -- generated by sim/harness, do not edit

Doing analysis at TEMP = 125.000000 and TNOM = 27.000000

Using SPARSE 1.3 as Direct Linear Solver

Initial Transient Solution
--------------------------

Node                                   Voltage
----                                   -------
vdd                                       1.08
cm                                         0.6
vd                                      -0.048
ap                                       0.576
an                                       0.624
clk                                          0
ibn                                   0.227234
xa.x1.tmid                         0.000166394
xa.x1.tail                            0.575187
xa.x1.np                               1.07995
xa.x1.nn                               1.07981
xa.x1.ln                                  1.08
xa.x1.lp                                  1.08
xa.x1.lnb                          1.77434e-06
xa.x1.lpb                          1.76788e-06
xa.x1.na                                  1.08
doutb                              1.97998e-06
dout                                   1.07999
xa.x1.nb                               1.07999
doutn                                 0.999986
bdoutn#branch                                0
ean#branch                         2.28803e-12
eap#branch                         3.02403e-12
vclk#branch                        1.94607e-10
vd#branch                                    0
vcm#branch                         5.31206e-12
vsup#branch                       -2.03054e-05

 Reference value :  6.19500e-08
 Reference value :  1.84250e-07
 Reference value :  2.99137e-07
 Reference value :  4.12138e-07
 Reference value :  5.31638e-07
 Reference value :  6.50028e-07
 Reference value :  7.65656e-07
 Reference value :  8.83556e-07
No. of Data Rows : 10763
dlev0               =  1.18944e-05
dlev1               =  7.57776e-06
dlev2               =  7.57128e-06
dlev3               =  7.56728e-06
dlev4               =  7.57008e-06
dlev5               =  7.58199e-06
dlev6               =  7.59794e-06
dlev7               =  7.60081e-06
dlev8               =  7.57234e-06
dlev9               =  7.49260e-06
dlev10              =  7.36446e-06
dlev11              =  7.20334e-06
dlev12              =  7.03121e-06
dlev13              =  6.87246e-06
dlev14              =  6.74250e-06
dlev15              =  6.66997e-06
dlev16              =  6.76294e-06
dlev17              =  6.50278e-06
dlev18              =  6.44054e-06
dlev19              =  6.42885e-06
dlev20              =  9.99992e-01
dlev21              =  9.99990e-01
dlev22              =  9.99990e-01
dlev23              =  9.99990e-01
dlev24              =  9.99990e-01
dlev25              =  9.99990e-01
dlev26              =  9.99990e-01
dlev27              =  9.99990e-01
dlev28              =  9.99990e-01
dlev29              =  9.99990e-01
dlev30              =  9.99990e-01
dlev31              =  9.99990e-01
dlev32              =  9.99990e-01
vos = 1.0499950364e-02
lowcount = 1.9999983455e+01
vbias               =  2.27234e-01
Reset re-loads circuit * comparator-offset-transient-mc @ fs_mismatch_125c_1.08v -- generated by sim/harness, do not edit

Circuit: * comparator-offset-transient-mc @ fs_mismatch_125c_1.08v -- generated by sim/harness, do not edit

Doing analysis at TEMP = 125.000000 and TNOM = 27.000000

Using SPARSE 1.3 as Direct Linear Solver

Initial Transient Solution
--------------------------

Node                                   Voltage
----                                   -------
vdd                                       1.08
cm                                         0.6
vd                                      -0.048
ap                                       0.576
an                                       0.624
clk                                          0
ibn                                    0.22746
xa.x1.tmid                         0.000159239
xa.x1.tail                            0.575257
xa.x1.np                               1.07994
xa.x1.nn                               1.07982
xa.x1.ln                                  1.08
xa.x1.lp                                  1.08
xa.x1.lnb                          1.45421e-06
xa.x1.lpb                          1.70741e-06
xa.x1.na                               1.07999
doutb                                  1.07998
dout                               2.22667e-06
xa.x1.nb                                  1.08
doutn                              2.06173e-06
bdoutn#branch                                0
ean#branch                         2.28825e-12
eap#branch                         3.02283e-12
vclk#branch                        1.94251e-10
vd#branch                                    0
vcm#branch                         5.31108e-12
vsup#branch                        -2.0294e-05

 Reference value :  0.00000e+00
 Reference value :  1.14446e-07
 Reference value :  2.32745e-07
 Reference value :  3.50110e-07
 Reference value :  4.67425e-07
 Reference value :  5.80754e-07
 Reference value :  6.96850e-07
 Reference value :  8.08635e-07
 Reference value :  9.13452e-07
No. of Data Rows : 10763
dlev0               =  3.60909e-06
dlev1               =  3.82553e-06
dlev2               =  3.97098e-06
dlev3               =  4.15654e-06
dlev4               =  4.33247e-06
dlev5               =  4.46564e-06
dlev6               =  4.55681e-06
dlev7               =  4.61794e-06
dlev8               =  4.66769e-06
dlev9               =  4.72774e-06
dlev10              =  4.81378e-06
dlev11              =  4.95764e-06
dlev12              =  5.24669e-06
dlev13              =  5.17960e-06
dlev14              =  5.27579e-06
dlev15              =  9.99994e-01
dlev16              =  9.99992e-01
dlev17              =  9.99992e-01
dlev18              =  9.99992e-01
dlev19              =  9.99992e-01
dlev20              =  9.99992e-01
dlev21              =  9.99992e-01
dlev22              =  9.99991e-01
dlev23              =  9.99991e-01
dlev24              =  9.99991e-01
dlev25              =  9.99991e-01
dlev26              =  9.99991e-01
dlev27              =  9.99991e-01
dlev28              =  9.99990e-01
dlev29              =  9.99990e-01
dlev30              =  9.99990e-01
dlev31              =  9.99990e-01
dlev32              =  9.99990e-01
vos = -4.499737512e-03
lowcount = 1.5000087496e+01
vbias               =  2.27460e-01
Reset re-loads circuit * comparator-offset-transient-mc @ fs_mismatch_125c_1.08v -- generated by sim/harness, do not edit

Circuit: * comparator-offset-transient-mc @ fs_mismatch_125c_1.08v -- generated by sim/harness, do not edit

Doing analysis at TEMP = 125.000000 and TNOM = 27.000000

Using SPARSE 1.3 as Direct Linear Solver

Initial Transient Solution
--------------------------

Node                                   Voltage
----                                   -------
vdd                                       1.08
cm                                         0.6
vd                                      -0.048
ap                                       0.576
an                                       0.624
clk                                          0
ibn                                   0.230047
xa.x1.tmid                         0.000166197
xa.x1.tail                            0.572639
xa.x1.np                               1.07994
xa.x1.nn                               1.07981
xa.x1.ln                                  1.08
xa.x1.lp                                  1.08
xa.x1.lnb                          1.72503e-06
xa.x1.lpb                          1.78632e-06
xa.x1.na                               1.07999
doutb                                  1.07999
dout                               1.95181e-06
xa.x1.nb                                  1.08
doutn                              1.80723e-06
bdoutn#branch                                0
ean#branch                         2.28612e-12
eap#branch                          3.0235e-12
vclk#branch                        1.95372e-10
vd#branch                                    0
vcm#branch                         5.30961e-12
vsup#branch                       -2.03051e-05

 Reference value :  2.04001e-08
 Reference value :  1.39556e-07
 Reference value :  2.52357e-07
 Reference value :  3.70100e-07
 Reference value :  4.84450e-07
 Reference value :  6.00070e-07
 Reference value :  7.19870e-07
 Reference value :  8.36449e-07
 Reference value :  9.50551e-07
No. of Data Rows : 10763
dlev0               =  4.99089e-06
dlev1               =  5.20746e-06
dlev2               =  5.43744e-06
dlev3               =  5.67792e-06
dlev4               =  5.92213e-06
dlev5               =  6.15096e-06
dlev6               =  6.34393e-06
dlev7               =  6.49296e-06
dlev8               =  6.60783e-06
dlev9               =  6.70858e-06
dlev10              =  6.81989e-06
dlev11              =  6.96093e-06
dlev12              =  7.18880e-06
dlev13              =  7.43891e-06
dlev14              =  7.38221e-06
dlev15              =  7.62025e-06
dlev16              =  9.99992e-01
dlev17              =  9.99992e-01
dlev18              =  9.99991e-01
dlev19              =  9.99991e-01
dlev20              =  9.99991e-01
dlev21              =  9.99990e-01
dlev22              =  9.99990e-01
dlev23              =  9.99990e-01
dlev24              =  9.99990e-01
dlev25              =  9.99990e-01
dlev26              =  9.99989e-01
dlev27              =  9.99989e-01
dlev28              =  9.99989e-01
dlev29              =  9.99989e-01
dlev30              =  9.99989e-01
dlev31              =  9.99989e-01
dlev32              =  9.99989e-01
vos = -1.499793753e-03
lowcount = 1.6000068749e+01
vbias               =  2.30047e-01
Reset re-loads circuit * comparator-offset-transient-mc @ fs_mismatch_125c_1.08v -- generated by sim/harness, do not edit

Circuit: * comparator-offset-transient-mc @ fs_mismatch_125c_1.08v -- generated by sim/harness, do not edit

Doing analysis at TEMP = 125.000000 and TNOM = 27.000000

Using SPARSE 1.3 as Direct Linear Solver

Initial Transient Solution
--------------------------

Node                                   Voltage
----                                   -------
vdd                                       1.08
cm                                         0.6
vd                                      -0.048
ap                                       0.576
an                                       0.624
clk                                          0
ibn                                    0.22589
xa.x1.tmid                         0.000166737
xa.x1.tail                            0.573263
xa.x1.np                               1.07994
xa.x1.nn                               1.07982
xa.x1.ln                                  1.08
xa.x1.lp                                  1.08
xa.x1.lnb                          1.83238e-06
xa.x1.lpb                          1.69339e-06
xa.x1.na                                  1.08
doutb                              2.41048e-06
dout                                   1.07999
xa.x1.nb                               1.07999
doutn                                 0.999988
bdoutn#branch                                0
ean#branch                          2.2882e-12
eap#branch                         3.02217e-12
vclk#branch                        1.92617e-10
vd#branch                                    0
vcm#branch                         5.31036e-12
vsup#branch                        -2.0298e-05

 Reference value :  6.03500e-08
 Reference value :  1.79935e-07
 Reference value :  2.97339e-07
 Reference value :  4.12338e-07
 Reference value :  5.27552e-07
 Reference value :  6.35350e-07
 Reference value :  7.40636e-07
 Reference value :  8.60837e-07
 Reference value :  9.80396e-07
No. of Data Rows : 10763
dlev0               =  8.46661e-06
dlev1               =  7.30523e-06
dlev2               =  7.43188e-06
dlev3               =  7.53764e-06
dlev4               =  7.62571e-06
dlev5               =  7.70151e-06
dlev6               =  7.77062e-06
dlev7               =  7.83966e-06
dlev8               =  7.91447e-06
dlev9               =  8.00203e-06
dlev10              =  8.13426e-06
dlev11              =  8.35515e-06
dlev12              =  8.34732e-06
dlev13              =  8.27442e-06
dlev14              =  8.39476e-06
dlev15              =  9.99993e-01
dlev16              =  9.99991e-01
dlev17              =  9.99991e-01
dlev18              =  9.99991e-01
dlev19              =  9.99991e-01
dlev20              =  9.99991e-01
dlev21              =  9.99991e-01
dlev22              =  9.99991e-01
dlev23              =  9.99991e-01
dlev24              =  9.99991e-01
dlev25              =  9.99991e-01
dlev26              =  9.99991e-01
dlev27              =  9.99991e-01
dlev28              =  9.99991e-01
dlev29              =  9.99991e-01
dlev30              =  9.99991e-01
dlev31              =  9.99991e-01
dlev32              =  9.99991e-01
vos = -4.499878804e-03
lowcount = 1.5000040399e+01
vbias               =  2.25890e-01
Reset re-loads circuit * comparator-offset-transient-mc @ fs_mismatch_125c_1.08v -- generated by sim/harness, do not edit

Circuit: * comparator-offset-transient-mc @ fs_mismatch_125c_1.08v -- generated by sim/harness, do not edit

Doing analysis at TEMP = 125.000000 and TNOM = 27.000000

Using SPARSE 1.3 as Direct Linear Solver

Initial Transient Solution
--------------------------

Node                                   Voltage
----                                   -------
vdd                                       1.08
cm                                         0.6
vd                                      -0.048
ap                                       0.576
an                                       0.624
clk                                          0
ibn                                   0.227012
xa.x1.tmid                         0.000159732
xa.x1.tail                            0.574475
xa.x1.np                               1.07994
xa.x1.nn                               1.07982
xa.x1.ln                                  1.08
xa.x1.lp                                  1.08
xa.x1.lnb                          1.75042e-06
xa.x1.lpb                          1.68253e-06
xa.x1.na                                  1.08
doutb                              2.10653e-06
dout                                   1.07999
xa.x1.nb                               1.07999
doutn                                 0.999988
bdoutn#branch                                0
ean#branch                         2.29008e-12
eap#branch                         3.02267e-12
vclk#branch                        1.94703e-10
vd#branch                                    0
vcm#branch                         5.31275e-12
vsup#branch                       -2.02925e-05

 Reference value :  9.26500e-08
 Reference value :  2.14550e-07
 Reference value :  3.34650e-07
 Reference value :  4.53850e-07
 Reference value :  5.68437e-07
 Reference value :  6.87739e-07
 Reference value :  8.06940e-07
 Reference value :  9.27445e-07
No. of Data Rows : 10763
dlev0               =  4.61719e-06
dlev1               =  3.04659e-06
dlev2               =  3.20981e-06
dlev3               =  3.38854e-06
dlev4               =  3.59980e-06
dlev5               =  3.77961e-06
dlev6               =  3.91925e-06
dlev7               =  4.02254e-06
dlev8               =  4.10205e-06
dlev9               =  4.17683e-06
dlev10              =  4.26862e-06
dlev11              =  4.39458e-06
dlev12              =  6.53701e-06
dlev13              =  6.86382e-06
dlev14              =  6.83252e-06
dlev15              =  7.07362e-06
dlev16              =  9.99992e-01
dlev17              =  9.99992e-01
dlev18              =  9.99992e-01
dlev19              =  9.99992e-01
dlev20              =  9.99992e-01
dlev21              =  9.99991e-01
dlev22              =  9.99991e-01
dlev23              =  9.99991e-01
dlev24              =  9.99991e-01
dlev25              =  9.99991e-01
dlev26              =  9.99991e-01
dlev27              =  9.99990e-01
dlev28              =  9.99990e-01
dlev29              =  9.99990e-01
dlev30              =  9.99990e-01
dlev31              =  9.99990e-01
dlev32              =  9.99990e-01
vos = -1.499758597e-03
lowcount = 1.6000080468e+01
vbias               =  2.27012e-01
Reset re-loads circuit * comparator-offset-transient-mc @ fs_mismatch_125c_1.08v -- generated by sim/harness, do not edit

Circuit: * comparator-offset-transient-mc @ fs_mismatch_125c_1.08v -- generated by sim/harness, do not edit

Doing analysis at TEMP = 125.000000 and TNOM = 27.000000

Using SPARSE 1.3 as Direct Linear Solver

Initial Transient Solution
--------------------------

Node                                   Voltage
----                                   -------
vdd                                       1.08
cm                                         0.6
vd                                      -0.048
ap                                       0.576
an                                       0.624
clk                                          0
ibn                                   0.228716
xa.x1.tmid                         0.000169034
xa.x1.tail                            0.570794
xa.x1.np                               1.07994
xa.x1.nn                               1.07981
xa.x1.ln                                  1.08
xa.x1.lp                                  1.08
xa.x1.lnb                          1.87694e-06
xa.x1.lpb                          1.77193e-06
xa.x1.na                               1.07999
doutb                                  1.07999
dout                               2.03684e-06
xa.x1.nb                                  1.08
doutn                              1.88596e-06
bdoutn#branch                                0
ean#branch                         2.28503e-12
eap#branch                         3.02186e-12
vclk#branch                        1.94176e-10
vd#branch                                    0
vcm#branch                         5.30689e-12
vsup#branch                       -2.03091e-05

 Reference value :  4.01000e-08
 Reference value :  1.60458e-07
 Reference value :  2.80758e-07
 Reference value :  4.01159e-07
 Reference value :  5.20759e-07
 Reference value :  6.41059e-07
 Reference value :  7.61458e-07
 Reference value :  8.81657e-07
No. of Data Rows : 10763
dlev0               =  3.22481e-06
dlev1               =  3.48111e-06
dlev2               =  3.73131e-06
dlev3               =  3.98869e-06
dlev4               =  4.25204e-06
dlev5               =  4.51275e-06
dlev6               =  4.75556e-06
dlev7               =  4.96917e-06
dlev8               =  5.15266e-06
dlev9               =  5.31431e-06
dlev10              =  5.47244e-06
dlev11              =  5.64080e-06
dlev12              =  7.69506e-06
dlev13              =  8.06495e-06
dlev14              =  8.33977e-06
dlev15              =  8.51992e-06
dlev16              =  9.99994e-01
dlev17              =  9.99991e-01
dlev18              =  9.99992e-01
dlev19              =  9.99992e-01
dlev20              =  9.99992e-01
dlev21              =  9.99992e-01
dlev22              =  9.99992e-01
dlev23              =  9.99992e-01
dlev24              =  9.99992e-01
dlev25              =  9.99992e-01
dlev26              =  9.99992e-01
dlev27              =  9.99992e-01
dlev28              =  9.99992e-01
dlev29              =  9.99992e-01
dlev30              =  9.99992e-01
dlev31              =  9.99992e-01
dlev32              =  9.99992e-01
vos = -1.499841346e-03
lowcount = 1.6000052885e+01
vbias               =  2.28716e-01
Reset re-loads circuit * comparator-offset-transient-mc @ fs_mismatch_125c_1.08v -- generated by sim/harness, do not edit

Circuit: * comparator-offset-transient-mc @ fs_mismatch_125c_1.08v -- generated by sim/harness, do not edit

Doing analysis at TEMP = 125.000000 and TNOM = 27.000000

Using SPARSE 1.3 as Direct Linear Solver

Initial Transient Solution
--------------------------

Node                                   Voltage
----                                   -------
vdd                                       1.08
cm                                         0.6
vd                                      -0.048
ap                                       0.576
an                                       0.624
clk                                          0
ibn                                   0.226289
xa.x1.tmid                         0.000185527
xa.x1.tail                            0.569451
xa.x1.np                               1.07993
xa.x1.nn                               1.07979
xa.x1.ln                                  1.08
xa.x1.lp                                  1.08
xa.x1.lnb                          1.74024e-06
xa.x1.lpb                          1.62045e-06
xa.x1.na                               1.07999
doutb                                  1.07999
dout                               2.20143e-06
xa.x1.nb                                  1.08
doutn                              2.03836e-06
bdoutn#branch                                0
ean#branch                         2.28287e-12
eap#branch                         3.01906e-12
vclk#branch                        1.96373e-10
vd#branch                                    0
vcm#branch                         5.30193e-12
vsup#branch                       -2.03331e-05

 Reference value :  0.00000e+00
 Reference value :  1.20030e-07
 Reference value :  2.39810e-07
 Reference value :  3.58837e-07
 Reference value :  4.76839e-07
 Reference value :  5.94738e-07
 Reference value :  7.13239e-07
 Reference value :  8.33540e-07
 Reference value :  9.53141e-07
No. of Data Rows : 10763
dlev0               =  3.97012e-06
dlev1               =  4.28384e-06
dlev2               =  4.51823e-06
dlev3               =  4.73748e-06
dlev4               =  6.79837e-06
dlev5               =  7.03495e-06
dlev6               =  7.27001e-06
dlev7               =  7.54241e-06
dlev8               =  7.81189e-06
dlev9               =  8.08779e-06
dlev10              =  8.77988e-06
dlev11              =  9.53623e-06
dlev12              =  1.02783e-05
dlev13              =  1.09248e-05
dlev14              =  1.15980e-05
dlev15              =  9.99992e-01
dlev16              =  9.99992e-01
dlev17              =  9.99992e-01
dlev18              =  9.99992e-01
dlev19              =  9.99992e-01
dlev20              =  9.99992e-01
dlev21              =  9.99992e-01
dlev22              =  9.99992e-01
dlev23              =  9.99992e-01
dlev24              =  9.99991e-01
dlev25              =  9.99991e-01
dlev26              =  9.99991e-01
dlev27              =  9.99991e-01
dlev28              =  9.99991e-01
dlev29              =  9.99991e-01
dlev30              =  9.99991e-01
dlev31              =  9.99991e-01
dlev32              =  9.99991e-01
vos = -4.499876017e-03
lowcount = 1.5000041328e+01
vbias               =  2.26289e-01
Reset re-loads circuit * comparator-offset-transient-mc @ fs_mismatch_125c_1.08v -- generated by sim/harness, do not edit

Circuit: * comparator-offset-transient-mc @ fs_mismatch_125c_1.08v -- generated by sim/harness, do not edit

Doing analysis at TEMP = 125.000000 and TNOM = 27.000000

Using SPARSE 1.3 as Direct Linear Solver

Initial Transient Solution
--------------------------

Node                                   Voltage
----                                   -------
vdd                                       1.08
cm                                         0.6
vd                                      -0.048
ap                                       0.576
an                                       0.624
clk                                          0
ibn                                    0.22425
xa.x1.tmid                         0.000171466
xa.x1.tail                            0.574495
xa.x1.np                               1.07994
xa.x1.nn                               1.07981
xa.x1.ln                                  1.08
xa.x1.lp                                  1.08
xa.x1.lnb                          1.55108e-06
xa.x1.lpb                          1.81279e-06
xa.x1.na                                  1.08
doutb                              2.23841e-06
dout                                   1.07998
xa.x1.nb                               1.07999
doutn                                 0.999984
bdoutn#branch                                0
ean#branch                         2.28789e-12
eap#branch                         3.02411e-12
vclk#branch                         1.9561e-10
vd#branch                                    0
vcm#branch                           5.312e-12
vsup#branch                       -2.03032e-05

 Reference value :  6.29500e-08
 Reference value :  1.81850e-07
 Reference value :  3.00550e-07
 Reference value :  4.19447e-07
 Reference value :  5.36640e-07
 Reference value :  6.54441e-07
 Reference value :  7.71042e-07
 Reference value :  8.90110e-07
No. of Data Rows : 10763
dlev0               =  -3.36838e-06
dlev1               =  -7.52127e-07
dlev2               =  -5.65019e-07
dlev3               =  -3.88047e-07
dlev4               =  -1.87726e-07
dlev5               =  1.06357e-08
dlev6               =  2.10893e-07
dlev7               =  4.14896e-07
dlev8               =  6.26359e-07
dlev9               =  8.53859e-07
dlev10              =  1.13278e-06
dlev11              =  3.45849e-06
dlev12              =  3.69646e-06
dlev13              =  3.88244e-06
dlev14              =  4.29761e-06
dlev15              =  4.93822e-06
dlev16              =  9.99989e-01
dlev17              =  9.99987e-01
dlev18              =  9.99987e-01
dlev19              =  9.99987e-01
dlev20              =  9.99987e-01
dlev21              =  9.99987e-01
dlev22              =  9.99987e-01
dlev23              =  9.99987e-01
dlev24              =  9.99987e-01
dlev25              =  9.99987e-01
dlev26              =  9.99986e-01
dlev27              =  9.99986e-01
dlev28              =  9.99986e-01
dlev29              =  9.99986e-01
dlev30              =  9.99986e-01
dlev31              =  9.99986e-01
dlev32              =  9.99986e-01
vos = -1.499376184e-03
lowcount = 1.6000207939e+01
vbias               =  2.24250e-01
Reset re-loads circuit * comparator-offset-transient-mc @ fs_mismatch_125c_1.08v -- generated by sim/harness, do not edit

Circuit: * comparator-offset-transient-mc @ fs_mismatch_125c_1.08v -- generated by sim/harness, do not edit

Doing analysis at TEMP = 125.000000 and TNOM = 27.000000

Using SPARSE 1.3 as Direct Linear Solver

Initial Transient Solution
--------------------------

Node                                   Voltage
----                                   -------
vdd                                       1.08
cm                                         0.6
vd                                      -0.048
ap                                       0.576
an                                       0.624
clk                                          0
ibn                                   0.226338
xa.x1.tmid                         0.000164603
xa.x1.tail                            0.574189
xa.x1.np                               1.07994
xa.x1.nn                               1.07981
xa.x1.ln                                  1.08
xa.x1.lp                                  1.08
xa.x1.lnb                          1.53601e-06
xa.x1.lpb                          1.69691e-06
xa.x1.na                               1.07999
doutb                                  1.07999
dout                               2.26076e-06
xa.x1.nb                                  1.08
doutn                              2.09329e-06
bdoutn#branch                                0
ean#branch                         2.28728e-12
eap#branch                         3.02294e-12
vclk#branch                        1.94644e-10
vd#branch                                    0
vcm#branch                         5.31022e-12
vsup#branch                       -2.02962e-05

 Reference value :  0.00000e+00
 Reference value :  1.17039e-07
 Reference value :  2.34339e-07
 Reference value :  3.50538e-07
 Reference value :  4.70200e-07
 Reference value :  5.86653e-07
 Reference value :  7.03653e-07
 Reference value :  8.21352e-07
 Reference value :  9.40100e-07
No. of Data Rows : 10763
dlev0               =  7.48750e-06
dlev1               =  7.68107e-06
dlev2               =  7.71870e-06
dlev3               =  7.73692e-06
dlev4               =  7.72854e-06
dlev5               =  7.77507e-06
dlev6               =  7.79248e-06
dlev7               =  7.78927e-06
dlev8               =  7.77642e-06
dlev9               =  7.76885e-06
dlev10              =  7.77545e-06
dlev11              =  7.80848e-06
dlev12              =  7.92353e-06
dlev13              =  8.11520e-06
dlev14              =  7.93231e-06
dlev15              =  7.92591e-06
dlev16              =  7.93032e-06
dlev17              =  9.99988e-01
dlev18              =  9.99989e-01
dlev19              =  9.99989e-01
dlev20              =  9.99989e-01
dlev21              =  9.99988e-01
dlev22              =  9.99987e-01
dlev23              =  9.99987e-01
dlev24              =  9.99987e-01
dlev25              =  9.99987e-01
dlev26              =  9.99987e-01
dlev27              =  9.99987e-01
dlev28              =  9.99987e-01
dlev29              =  9.99987e-01
dlev30              =  9.99987e-01
dlev31              =  9.99987e-01
dlev32              =  9.99987e-01
vos = 1.5002017019e-03
lowcount = 1.7000067234e+01
vbias               =  2.26338e-01
Reset re-loads circuit * comparator-offset-transient-mc @ fs_mismatch_125c_1.08v -- generated by sim/harness, do not edit

Circuit: * comparator-offset-transient-mc @ fs_mismatch_125c_1.08v -- generated by sim/harness, do not edit

Doing analysis at TEMP = 125.000000 and TNOM = 27.000000

Using SPARSE 1.3 as Direct Linear Solver

Initial Transient Solution
--------------------------

Node                                   Voltage
----                                   -------
vdd                                       1.08
cm                                         0.6
vd                                      -0.048
ap                                       0.576
an                                       0.624
clk                                          0
ibn                                    0.22813
xa.x1.tmid                         0.000176597
xa.x1.tail                            0.570262
xa.x1.np                               1.07994
xa.x1.nn                               1.07979
xa.x1.ln                                  1.08
xa.x1.lp                                  1.08
xa.x1.lnb                          1.71585e-06
xa.x1.lpb                          1.71153e-06
xa.x1.na                                  1.08
doutb                              2.07028e-06
dout                                   1.07999
xa.x1.nb                               1.07999
doutn                                 0.999987
bdoutn#branch                                0
ean#branch                         2.28403e-12
eap#branch                         3.02153e-12
vclk#branch                        1.94292e-10
vd#branch                                    0
vcm#branch                         5.30556e-12
vsup#branch                       -2.03231e-05

 Reference value :  4.61606e-08
 Reference value :  1.67762e-07
 Reference value :  2.88063e-07
 Reference value :  4.03363e-07
 Reference value :  5.22827e-07
 Reference value :  6.42063e-07
 Reference value :  7.62162e-07
 Reference value :  8.82561e-07
No. of Data Rows : 10763
dlev0               =  5.59687e-06
dlev1               =  4.82849e-06
dlev2               =  4.96707e-06
dlev3               =  5.10738e-06
dlev4               =  5.25588e-06
dlev5               =  5.44578e-06
dlev6               =  5.68312e-06
dlev7               =  7.79800e-06
dlev8               =  8.06549e-06
dlev9               =  8.27428e-06
dlev10              =  8.44231e-06
dlev11              =  8.60166e-06
dlev12              =  8.78749e-06
dlev13              =  9.03076e-06
dlev14              =  9.45332e-06
dlev15              =  9.53460e-06
dlev16              =  1.02068e-05
dlev17              =  9.99987e-01
dlev18              =  9.99987e-01
dlev19              =  9.99987e-01
dlev20              =  9.99987e-01
dlev21              =  9.99987e-01
dlev22              =  9.99987e-01
dlev23              =  9.99987e-01
dlev24              =  9.99987e-01
dlev25              =  9.99987e-01
dlev26              =  9.99986e-01
dlev27              =  9.99986e-01
dlev28              =  9.99986e-01
dlev29              =  9.99986e-01
dlev30              =  9.99986e-01
dlev31              =  9.99986e-01
dlev32              =  9.99986e-01
vos = 1.5002718620e-03
lowcount = 1.7000090621e+01
vbias               =  2.28130e-01
Reset re-loads circuit * comparator-offset-transient-mc @ fs_mismatch_125c_1.08v -- generated by sim/harness, do not edit

Circuit: * comparator-offset-transient-mc @ fs_mismatch_125c_1.08v -- generated by sim/harness, do not edit

Doing analysis at TEMP = 125.000000 and TNOM = 27.000000

Using SPARSE 1.3 as Direct Linear Solver

Initial Transient Solution
--------------------------

Node                                   Voltage
----                                   -------
vdd                                       1.08
cm                                         0.6
vd                                      -0.048
ap                                       0.576
an                                       0.624
clk                                          0
ibn                                   0.227276
xa.x1.tmid                         0.000186211
xa.x1.tail                            0.567753
xa.x1.np                               1.07993
xa.x1.nn                               1.07979
xa.x1.ln                                  1.08
xa.x1.lp                                  1.08
xa.x1.lnb                          1.61077e-06
xa.x1.lpb                          1.69271e-06
xa.x1.na                               1.07999
doutb                                  1.07999
dout                               2.12169e-06
xa.x1.nb                                  1.08
doutn                              1.96453e-06
bdoutn#branch                                0
ean#branch                         2.28245e-12
eap#branch                          3.0182e-12
vclk#branch                        1.94378e-10
vd#branch                                    0
vcm#branch                         5.30065e-12
vsup#branch                        -2.0335e-05

 Reference value :  0.00000e+00
 Reference value :  1.20010e-07
 Reference value :  2.40650e-07
 Reference value :  3.59800e-07
 Reference value :  4.75428e-07
 Reference value :  5.94530e-07
 Reference value :  7.10934e-07
 Reference value :  8.30836e-07
 Reference value :  9.50276e-07
No. of Data Rows : 10763
dlev0               =  7.90501e-06
dlev1               =  8.04117e-06
dlev2               =  8.14369e-06
dlev3               =  8.25006e-06
dlev4               =  8.34358e-06
dlev5               =  8.40403e-06
dlev6               =  8.41239e-06
dlev7               =  8.37325e-06
dlev8               =  8.30560e-06
dlev9               =  8.23924e-06
dlev10              =  8.19568e-06
dlev11              =  8.28269e-06
dlev12              =  8.53680e-06
dlev13              =  8.50740e-06
dlev14              =  8.53512e-06
dlev15              =  9.99991e-01
dlev16              =  9.99991e-01
dlev17              =  9.99991e-01
dlev18              =  9.99990e-01
dlev19              =  9.99990e-01
dlev20              =  9.99990e-01
dlev21              =  9.99990e-01
dlev22              =  9.99989e-01
dlev23              =  9.99989e-01
dlev24              =  9.99989e-01
dlev25              =  9.99989e-01
dlev26              =  9.99989e-01
dlev27              =  9.99989e-01
dlev28              =  9.99988e-01
dlev29              =  9.99988e-01
dlev30              =  9.99988e-01
dlev31              =  9.99987e-01
dlev32              =  9.99987e-01
vos = -4.499786627e-03
lowcount = 1.5000071124e+01
vbias               =  2.27276e-01
Reset re-loads circuit * comparator-offset-transient-mc @ fs_mismatch_125c_1.08v -- generated by sim/harness, do not edit

Circuit: * comparator-offset-transient-mc @ fs_mismatch_125c_1.08v -- generated by sim/harness, do not edit

Doing analysis at TEMP = 125.000000 and TNOM = 27.000000

Using SPARSE 1.3 as Direct Linear Solver

Initial Transient Solution
--------------------------

Node                                   Voltage
----                                   -------
vdd                                       1.08
cm                                         0.6
vd                                      -0.048
ap                                       0.576
an                                       0.624
clk                                          0
ibn                                    0.23017
xa.x1.tmid                         0.000161436
xa.x1.tail                            0.575051
xa.x1.np                               1.07994
xa.x1.nn                               1.07982
xa.x1.ln                                  1.08
xa.x1.lp                                  1.08
xa.x1.lnb                          1.66436e-06
xa.x1.lpb                          1.52803e-06
xa.x1.na                               1.05811
doutb                                 0.517618
dout                                  0.525566
xa.x1.nb                               1.05712
doutn                                 0.486636
bdoutn#branch                                0
ean#branch                         2.28964e-12
eap#branch                         3.02583e-12
vclk#branch                        1.95245e-10
vd#branch                                    0
vcm#branch                         5.31547e-12
vsup#branch                       -8.57373e-05

 Reference value :  5.60414e-08
 Reference value :  1.74740e-07
 Reference value :  2.82157e-07
 Reference value :  4.00858e-07
 Reference value :  5.20110e-07
 Reference value :  6.37850e-07
 Reference value :  7.55150e-07
 Reference value :  8.73350e-07
No. of Data Rows : 10763
dlev0               =  6.81481e-06
dlev1               =  6.99007e-06
dlev2               =  7.16398e-06
dlev3               =  7.34284e-06
dlev4               =  7.53195e-06
dlev5               =  7.73219e-06
dlev6               =  7.92990e-06
dlev7               =  9.88215e-06
dlev8               =  1.00845e-05
dlev9               =  1.02384e-05
dlev10              =  1.03634e-05
dlev11              =  1.04884e-05
dlev12              =  1.06340e-05
dlev13              =  1.08304e-05
dlev14              =  1.11666e-05
dlev15              =  1.11221e-05
dlev16              =  1.13324e-05
dlev17              =  9.99987e-01
dlev18              =  9.99985e-01
dlev19              =  9.99985e-01
dlev20              =  9.99985e-01
dlev21              =  9.99985e-01
dlev22              =  9.99985e-01
dlev23              =  9.99985e-01
dlev24              =  9.99985e-01
dlev25              =  9.99985e-01
dlev26              =  9.99985e-01
dlev27              =  9.99985e-01
dlev28              =  9.99985e-01
dlev29              =  9.99985e-01
dlev30              =  9.99985e-01
dlev31              =  9.99985e-01
dlev32              =  9.99985e-01
vos = 1.5002542559e-03
lowcount = 1.7000084752e+01
vbias               =  2.30170e-01
Reset re-loads circuit * comparator-offset-transient-mc @ fs_mismatch_125c_1.08v -- generated by sim/harness, do not edit

Circuit: * comparator-offset-transient-mc @ fs_mismatch_125c_1.08v -- generated by sim/harness, do not edit

Doing analysis at TEMP = 125.000000 and TNOM = 27.000000

Using SPARSE 1.3 as Direct Linear Solver

Initial Transient Solution
--------------------------

Node                                   Voltage
----                                   -------
vdd                                       1.08
cm                                         0.6
vd                                      -0.048
ap                                       0.576
an                                       0.624
clk                                          0
ibn                                   0.227303
xa.x1.tmid                         0.000176581
xa.x1.tail                            0.572148
xa.x1.np                               1.07994
xa.x1.nn                                1.0798
xa.x1.ln                                  1.08
xa.x1.lp                                  1.08
xa.x1.lnb                          1.79867e-06
xa.x1.lpb                          1.81338e-06
xa.x1.na                               1.05924
doutb                                 0.535457
dout                                  0.524349
xa.x1.nb                               1.05966
doutn                                 0.485508
bdoutn#branch                                0
ean#branch                         2.28542e-12
eap#branch                         3.02058e-12
vclk#branch                        1.96943e-10
vd#branch                                    0
vcm#branch                         5.30601e-12
vsup#branch                       -8.12039e-05

 Reference value :  0.00000e+00
 Reference value :  1.18250e-07
 Reference value :  2.35948e-07
 Reference value :  3.54547e-07
 Reference value :  4.72342e-07
 Reference value :  5.90203e-07
 Reference value :  7.07658e-07
 Reference value :  8.25657e-07
 Reference value :  9.41656e-07
No. of Data Rows : 10763
dlev0               =  1.36635e-06
dlev1               =  1.65610e-06
dlev2               =  1.92598e-06
dlev3               =  2.19808e-06
dlev4               =  2.46925e-06
dlev5               =  2.73369e-06
dlev6               =  2.98565e-06
dlev7               =  3.22119e-06
dlev8               =  3.44051e-06
dlev9               =  3.64735e-06
dlev10              =  3.84764e-06
dlev11              =  4.04925e-06
dlev12              =  4.25780e-06
dlev13              =  4.48176e-06
dlev14              =  6.60281e-06
dlev15              =  6.95809e-06
dlev16              =  7.14630e-06
dlev17              =  7.54304e-06
dlev18              =  9.99993e-01
dlev19              =  9.99992e-01
dlev20              =  9.99992e-01
dlev21              =  9.99992e-01
dlev22              =  9.99992e-01
dlev23              =  9.99992e-01
dlev24              =  9.99991e-01
dlev25              =  9.99990e-01
dlev26              =  9.99990e-01
dlev27              =  9.99990e-01
dlev28              =  9.99990e-01
dlev29              =  9.99990e-01
dlev30              =  9.99990e-01
dlev31              =  9.99990e-01
dlev32              =  9.99990e-01
vos = 4.5001898075e-03
lowcount = 1.8000063269e+01
vbias               =  2.27303e-01
Reset re-loads circuit * comparator-offset-transient-mc @ fs_mismatch_125c_1.08v -- generated by sim/harness, do not edit

Circuit: * comparator-offset-transient-mc @ fs_mismatch_125c_1.08v -- generated by sim/harness, do not edit

Doing analysis at TEMP = 125.000000 and TNOM = 27.000000

Using SPARSE 1.3 as Direct Linear Solver

Initial Transient Solution
--------------------------

Node                                   Voltage
----                                   -------
vdd                                       1.08
cm                                         0.6
vd                                      -0.048
ap                                       0.576
an                                       0.624
clk                                          0
ibn                                   0.228461
xa.x1.tmid                         0.000176121
xa.x1.tail                            0.570076
xa.x1.np                               1.07993
xa.x1.nn                                1.0798
xa.x1.ln                                  1.08
xa.x1.lp                                  1.08
xa.x1.lnb                          1.87325e-06
xa.x1.lpb                          1.86243e-06
xa.x1.na                                  1.08
doutb                              2.30344e-06
dout                                   1.07999
xa.x1.nb                               1.07999
doutn                                 0.999987
bdoutn#branch                                0
ean#branch                         2.28353e-12
eap#branch                         3.02039e-12
vclk#branch                        1.94344e-10
vd#branch                                    0
vcm#branch                         5.30392e-12
vsup#branch                       -2.03229e-05

 Reference value :  4.97580e-08
 Reference value :  1.67659e-07
 Reference value :  2.87560e-07
 Reference value :  4.06960e-07
 Reference value :  5.23460e-07
 Reference value :  6.41360e-07
 Reference value :  7.61159e-07
 Reference value :  8.81258e-07
No. of Data Rows : 10763
dlev0               =  7.06303e-06
dlev1               =  5.67821e-06
dlev2               =  5.85751e-06
dlev3               =  6.04491e-06
dlev4               =  8.14557e-06
dlev5               =  8.45676e-06
dlev6               =  8.76080e-06
dlev7               =  9.03302e-06
dlev8               =  9.25612e-06
dlev9               =  9.42936e-06
dlev10              =  9.56712e-06
dlev11              =  9.69177e-06
dlev12              =  9.82823e-06
dlev13              =  1.01345e-05
dlev14              =  1.07854e-05
dlev15              =  1.14409e-05
dlev16              =  1.18352e-05
dlev17              =  1.23635e-05
dlev18              =  9.99991e-01
dlev19              =  9.99990e-01
dlev20              =  9.99990e-01
dlev21              =  9.99990e-01
dlev22              =  9.99990e-01
dlev23              =  9.99990e-01
dlev24              =  9.99990e-01
dlev25              =  9.99990e-01
dlev26              =  9.99990e-01
dlev27              =  9.99990e-01
dlev28              =  9.99990e-01
dlev29              =  9.99990e-01
dlev30              =  9.99990e-01
dlev31              =  9.99990e-01
dlev32              =  9.99990e-01
vos = 4.4999643844e-03
lowcount = 1.7999988128e+01
vbias               =  2.28461e-01
Reset re-loads circuit * comparator-offset-transient-mc @ fs_mismatch_125c_1.08v -- generated by sim/harness, do not edit

Circuit: * comparator-offset-transient-mc @ fs_mismatch_125c_1.08v -- generated by sim/harness, do not edit

Doing analysis at TEMP = 125.000000 and TNOM = 27.000000

Using SPARSE 1.3 as Direct Linear Solver

Initial Transient Solution
--------------------------

Node                                   Voltage
----                                   -------
vdd                                       1.08
cm                                         0.6
vd                                      -0.048
ap                                       0.576
an                                       0.624
clk                                          0
ibn                                   0.226098
xa.x1.tmid                         0.000173412
xa.x1.tail                            0.569257
xa.x1.np                               1.07994
xa.x1.nn                               1.07982
xa.x1.ln                                  1.08
xa.x1.lp                                  1.08
xa.x1.lnb                          1.60341e-06
xa.x1.lpb                          1.70588e-06
xa.x1.na                                  1.08
doutb                              1.96947e-06
dout                                   1.07999
xa.x1.nb                               1.07999
doutn                                 0.999987
bdoutn#branch                                0
ean#branch                         2.28431e-12
eap#branch                         3.01884e-12
vclk#branch                        1.93651e-10
vd#branch                                    0
vcm#branch                         5.30315e-12
vsup#branch                       -2.03047e-05

 Reference value :  0.00000e+00
 Reference value :  1.19935e-07
 Reference value :  2.39237e-07
 Reference value :  3.58236e-07
 Reference value :  4.72228e-07
 Reference value :  5.90165e-07
 Reference value :  7.05055e-07
 Reference value :  8.21254e-07
 Reference value :  9.40046e-07
No. of Data Rows : 10763
dlev0               =  1.04609e-05
dlev1               =  8.29345e-06
dlev2               =  8.30888e-06
dlev3               =  8.30571e-06
dlev4               =  8.28851e-06
dlev5               =  8.26216e-06
dlev6               =  8.23400e-06
dlev7               =  8.20745e-06
dlev8               =  8.18763e-06
dlev9               =  8.18563e-06
dlev10              =  8.25256e-06
dlev11              =  8.35297e-06
dlev12              =  8.17251e-06
dlev13              =  8.00409e-06
dlev14              =  8.04320e-06
dlev15              =  9.99993e-01
dlev16              =  9.99991e-01
dlev17              =  9.99991e-01
dlev18              =  9.99991e-01
dlev19              =  9.99991e-01
dlev20              =  9.99991e-01
dlev21              =  9.99991e-01
dlev22              =  9.99991e-01
dlev23              =  9.99991e-01
dlev24              =  9.99991e-01
dlev25              =  9.99991e-01
dlev26              =  9.99991e-01
dlev27              =  9.99991e-01
dlev28              =  9.99991e-01
dlev29              =  9.99991e-01
dlev30              =  9.99991e-01
dlev31              =  9.99991e-01
dlev32              =  9.99991e-01
vos = -4.499896079e-03
lowcount = 1.5000034640e+01
vbias               =  2.26098e-01
Reset re-loads circuit * comparator-offset-transient-mc @ fs_mismatch_125c_1.08v -- generated by sim/harness, do not edit

Circuit: * comparator-offset-transient-mc @ fs_mismatch_125c_1.08v -- generated by sim/harness, do not edit

Doing analysis at TEMP = 125.000000 and TNOM = 27.000000

Using SPARSE 1.3 as Direct Linear Solver

Initial Transient Solution
--------------------------

Node                                   Voltage
----                                   -------
vdd                                       1.08
cm                                         0.6
vd                                      -0.048
ap                                       0.576
an                                       0.624
clk                                          0
ibn                                   0.227911
xa.x1.tmid                         0.000165608
xa.x1.tail                            0.574468
xa.x1.np                               1.07994
xa.x1.nn                                1.0798
xa.x1.ln                                  1.08
xa.x1.lp                                  1.08
xa.x1.lnb                           1.7175e-06
xa.x1.lpb                          1.61493e-06
xa.x1.na                                  1.08
doutb                              2.22471e-06
dout                                   1.07998
xa.x1.nb                               1.07999
doutn                                 0.999985
bdoutn#branch                                0
ean#branch                         2.28759e-12
eap#branch                         3.02364e-12
vclk#branch                        1.94833e-10
vd#branch                                    0
vcm#branch                         5.31122e-12
vsup#branch                       -2.03059e-05

 Reference value :  4.34524e-08
 Reference value :  1.61153e-07
 Reference value :  2.75750e-07
 Reference value :  3.90750e-07
 Reference value :  5.02828e-07
 Reference value :  6.17254e-07
 Reference value :  7.31654e-07
 Reference value :  8.47850e-07
 Reference value :  9.64250e-07
No. of Data Rows : 10763
dlev0               =  6.34773e-06
dlev1               =  5.85709e-06
dlev2               =  6.03060e-06
dlev3               =  6.18149e-06
dlev4               =  6.29389e-06
dlev5               =  6.36645e-06
dlev6               =  6.40769e-06
dlev7               =  6.43271e-06
dlev8               =  6.46134e-06
dlev9               =  6.50526e-06
dlev10              =  6.58870e-06
dlev11              =  6.80938e-06
dlev12              =  6.83538e-06
dlev13              =  6.71938e-06
dlev14              =  6.77238e-06
dlev15              =  9.99991e-01
dlev16              =  9.99991e-01
dlev17              =  9.99991e-01
dlev18              =  9.99991e-01
dlev19              =  9.99991e-01
dlev20              =  9.99990e-01
dlev21              =  9.99990e-01
dlev22              =  9.99990e-01
dlev23              =  9.99990e-01
dlev24              =  9.99989e-01
dlev25              =  9.99989e-01
dlev26              =  9.99989e-01
dlev27              =  9.99988e-01
dlev28              =  9.99988e-01
dlev29              =  9.99988e-01
dlev30              =  9.99988e-01
dlev31              =  9.99988e-01
dlev32              =  9.99988e-01
vos = -4.499726728e-03
lowcount = 1.5000091091e+01
vbias               =  2.27911e-01
Reset re-loads circuit * comparator-offset-transient-mc @ fs_mismatch_125c_1.08v -- generated by sim/harness, do not edit

Circuit: * comparator-offset-transient-mc @ fs_mismatch_125c_1.08v -- generated by sim/harness, do not edit

Doing analysis at TEMP = 125.000000 and TNOM = 27.000000

Using SPARSE 1.3 as Direct Linear Solver

Initial Transient Solution
--------------------------

Node                                   Voltage
----                                   -------
vdd                                       1.08
cm                                         0.6
vd                                      -0.048
ap                                       0.576
an                                       0.624
clk                                          0
ibn                                   0.227436
xa.x1.tmid                         0.000159935
xa.x1.tail                             0.57288
xa.x1.np                               1.07994
xa.x1.nn                               1.07981
xa.x1.ln                                  1.08
xa.x1.lp                                  1.08
xa.x1.lnb                          1.61961e-06
xa.x1.lpb                          1.83293e-06
xa.x1.na                               1.07999
doutb                                  1.07998
dout                               2.09368e-06
xa.x1.nb                                  1.08
doutn                              1.93859e-06
bdoutn#branch                                0
ean#branch                         2.28667e-12
eap#branch                         3.02236e-12
vclk#branch                        1.95636e-10
vd#branch                                    0
vcm#branch                         5.30903e-12
vsup#branch                       -2.02961e-05

 Reference value :  7.07528e-08
 Reference value :  1.90003e-07
 Reference value :  3.02450e-07
 Reference value :  4.20070e-07
 Reference value :  5.35443e-07
 Reference value :  6.48555e-07
 Reference value :  7.63854e-07
 Reference value :  8.81653e-07
No. of Data Rows : 10763
dlev0               =  6.81225e-06
dlev1               =  6.90579e-06
dlev2               =  6.94554e-06
dlev3               =  6.98944e-06
dlev4               =  7.02007e-06
dlev5               =  7.01833e-06
dlev6               =  6.97597e-06
dlev7               =  6.96226e-06
dlev8               =  6.91454e-06
dlev9               =  6.85586e-06
dlev10              =  6.81264e-06
dlev11              =  6.80403e-06
dlev12              =  6.88247e-06
dlev13              =  7.08050e-06
dlev14              =  6.81052e-06
dlev15              =  6.92414e-06
dlev16              =  9.99985e-01
dlev17              =  9.99989e-01
dlev18              =  9.99988e-01
dlev19              =  9.99988e-01
dlev20              =  9.99987e-01
dlev21              =  9.99987e-01
dlev22              =  9.99987e-01
dlev23              =  9.99987e-01
dlev24              =  9.99987e-01
dlev25              =  9.99987e-01
dlev26              =  9.99985e-01
dlev27              =  9.99985e-01
dlev28              =  9.99985e-01
dlev29              =  9.99985e-01
dlev30              =  9.99985e-01
dlev31              =  9.99985e-01
dlev32              =  9.99985e-01
vos = -1.499629843e-03
lowcount = 1.6000123386e+01
vbias               =  2.27436e-01
Reset re-loads circuit * comparator-offset-transient-mc @ fs_mismatch_125c_1.08v -- generated by sim/harness, do not edit

Circuit: * comparator-offset-transient-mc @ fs_mismatch_125c_1.08v -- generated by sim/harness, do not edit

Doing analysis at TEMP = 125.000000 and TNOM = 27.000000

Using SPARSE 1.3 as Direct Linear Solver

Initial Transient Solution
--------------------------

Node                                   Voltage
----                                   -------
vdd                                       1.08
cm                                         0.6
vd                                      -0.048
ap                                       0.576
an                                       0.624
clk                                          0
ibn                                   0.224711
xa.x1.tmid                         0.000178624
xa.x1.tail                            0.574292
xa.x1.np                               1.07994
xa.x1.nn                                1.0798
xa.x1.ln                                  1.08
xa.x1.lp                                  1.08
xa.x1.lnb                           1.8342e-06
xa.x1.lpb                          1.45173e-06
xa.x1.na                                  1.08
doutb                              2.12177e-06
dout                                   1.07999
xa.x1.nb                               1.07999
doutn                                  0.99999
bdoutn#branch                                0
ean#branch                         2.28756e-12
eap#branch                          3.0235e-12
vclk#branch                        1.95659e-10
vd#branch                                    0
vcm#branch                         5.31106e-12
vsup#branch                       -2.03132e-05

 Reference value :  0.00000e+00
 Reference value :  1.11439e-07
 Reference value :  2.21752e-07
 Reference value :  3.37350e-07
 Reference value :  4.46132e-07
 Reference value :  5.60202e-07
 Reference value :  6.76752e-07
 Reference value :  7.93852e-07
 Reference value :  9.10003e-07
No. of Data Rows : 10763
dlev0               =  8.71377e-06
dlev1               =  8.14479e-06
dlev2               =  8.28764e-06
dlev3               =  8.41529e-06
dlev4               =  8.52999e-06
dlev5               =  8.63543e-06
dlev6               =  8.73611e-06
dlev7               =  8.83573e-06
dlev8               =  8.93821e-06
dlev9               =  1.09363e-05
dlev10              =  1.11508e-05
dlev11              =  1.14203e-05
dlev12              =  1.17484e-05
dlev13              =  1.18482e-05
dlev14              =  1.18865e-05
dlev15              =  1.22608e-05
dlev16              =  9.99991e-01
dlev17              =  9.99994e-01
dlev18              =  9.99994e-01
dlev19              =  9.99993e-01
dlev20              =  9.99993e-01
dlev21              =  9.99993e-01
dlev22              =  9.99993e-01
dlev23              =  9.99992e-01
dlev24              =  9.99992e-01
dlev25              =  9.99992e-01
dlev26              =  9.99991e-01
dlev27              =  9.99991e-01
dlev28              =  9.99991e-01
dlev29              =  9.99991e-01
dlev30              =  9.99991e-01
dlev31              =  9.99991e-01
dlev32              =  9.99991e-01
vos = -1.500069565e-03
lowcount = 1.5999976812e+01
vbias               =  2.24711e-01
Reset re-loads circuit * comparator-offset-transient-mc @ fs_mismatch_125c_1.08v -- generated by sim/harness, do not edit

Circuit: * comparator-offset-transient-mc @ fs_mismatch_125c_1.08v -- generated by sim/harness, do not edit

Doing analysis at TEMP = 125.000000 and TNOM = 27.000000

Using SPARSE 1.3 as Direct Linear Solver

Initial Transient Solution
--------------------------

Node                                   Voltage
----                                   -------
vdd                                       1.08
cm                                         0.6
vd                                      -0.048
ap                                       0.576
an                                       0.624
clk                                          0
ibn                                   0.225868
xa.x1.tmid                         0.000164336
xa.x1.tail                            0.574005
xa.x1.np                               1.07994
xa.x1.nn                               1.07982
xa.x1.ln                                  1.08
xa.x1.lp                                  1.08
xa.x1.lnb                          1.32989e-06
xa.x1.lpb                          1.69648e-06
xa.x1.na                               1.07999
doutb                                  1.07999
dout                                2.3021e-06
xa.x1.nb                                  1.08
doutn                              2.13157e-06
bdoutn#branch                                0
ean#branch                         2.28656e-12
eap#branch                         3.02267e-12
vclk#branch                        1.94849e-10
vd#branch                                    0
vcm#branch                         5.30923e-12
vsup#branch                       -2.02921e-05

 Reference value :  1.47568e-08
 Reference value :  1.34452e-07
 Reference value :  2.54552e-07
 Reference value :  3.73453e-07
 Reference value :  4.91828e-07
 Reference value :  6.10003e-07
 Reference value :  7.24750e-07
 Reference value :  8.42250e-07
 Reference value :  9.59870e-07
No. of Data Rows : 10763
dlev0               =  6.45307e-06
dlev1               =  6.64811e-06
dlev2               =  6.78613e-06
dlev3               =  6.89874e-06
dlev4               =  6.98601e-06
dlev5               =  7.05559e-06
dlev6               =  7.11397e-06
dlev7               =  7.16790e-06
dlev8               =  7.22499e-06
dlev9               =  7.29098e-06
dlev10              =  7.37807e-06
dlev11              =  7.54327e-06
dlev12              =  7.68257e-06
dlev13              =  7.56412e-06
dlev14              =  7.68169e-06
dlev15              =  7.73624e-06
dlev16              =  9.99995e-01
dlev17              =  9.99993e-01
dlev18              =  9.99993e-01
dlev19              =  9.99993e-01
dlev20              =  9.99993e-01
dlev21              =  9.99993e-01
dlev22              =  9.99993e-01
dlev23              =  9.99992e-01
dlev24              =  9.99992e-01
dlev25              =  9.99992e-01
dlev26              =  9.99992e-01
dlev27              =  9.99992e-01
dlev28              =  9.99992e-01
dlev29              =  9.99992e-01
dlev30              =  9.99992e-01
dlev31              =  9.99992e-01
dlev32              =  9.99992e-01
vos = -1.499945134e-03
lowcount = 1.6000018289e+01
vbias               =  2.25868e-01
Reset re-loads circuit * comparator-offset-transient-mc @ fs_mismatch_125c_1.08v -- generated by sim/harness, do not edit

Circuit: * comparator-offset-transient-mc @ fs_mismatch_125c_1.08v -- generated by sim/harness, do not edit

Doing analysis at TEMP = 125.000000 and TNOM = 27.000000

Using SPARSE 1.3 as Direct Linear Solver

Initial Transient Solution
--------------------------

Node                                   Voltage
----                                   -------
vdd                                       1.08
cm                                         0.6
vd                                      -0.048
ap                                       0.576
an                                       0.624
clk                                          0
ibn                                   0.227495
xa.x1.tmid                         0.000170612
xa.x1.tail                            0.571598
xa.x1.np                               1.07994
xa.x1.nn                                1.0798
xa.x1.ln                                  1.08
xa.x1.lp                                  1.08
xa.x1.lnb                          1.55228e-06
xa.x1.lpb                          1.83324e-06
xa.x1.na                               1.07999
doutb                                  1.07999
dout                               2.16743e-06
xa.x1.nb                                  1.08
doutn                              2.00688e-06
bdoutn#branch                                0
ean#branch                         2.28662e-12
eap#branch                         3.02233e-12
vclk#branch                        1.94571e-10
vd#branch                                    0
vcm#branch                         5.30895e-12
vsup#branch                       -2.03099e-05

 Reference value :  7.00000e-08
 Reference value :  1.85250e-07
 Reference value :  3.03250e-07
 Reference value :  4.21450e-07
 Reference value :  5.39125e-07
 Reference value :  6.57237e-07
 Reference value :  7.75836e-07
 Reference value :  8.94136e-07
No. of Data Rows : 10763
dlev0               =  8.58764e-06
dlev1               =  8.69123e-06
dlev2               =  8.77091e-06
dlev3               =  8.86177e-06
dlev4               =  8.95886e-06
dlev5               =  9.04435e-06
dlev6               =  9.09246e-06
dlev7               =  9.08760e-06
dlev8               =  9.03221e-06
dlev9               =  8.94453e-06
dlev10              =  8.85101e-06
dlev11              =  8.77874e-06
dlev12              =  8.74863e-06
dlev13              =  8.84847e-06
dlev14              =  8.89932e-06
dlev15              =  8.60718e-06
dlev16              =  8.55270e-06
dlev17              =  9.99991e-01
dlev18              =  9.99988e-01
dlev19              =  9.99988e-01
dlev20              =  9.99988e-01
dlev21              =  9.99988e-01
dlev22              =  9.99988e-01
dlev23              =  9.99989e-01
dlev24              =  9.99989e-01
dlev25              =  9.99989e-01
dlev26              =  9.99989e-01
dlev27              =  9.99989e-01
dlev28              =  9.99989e-01
dlev29              =  9.99989e-01
dlev30              =  9.99989e-01
dlev31              =  9.99989e-01
dlev32              =  9.99989e-01
vos = 1.5000829272e-03
lowcount = 1.7000027642e+01
vbias               =  2.27495e-01
Reset re-loads circuit * comparator-offset-transient-mc @ fs_mismatch_125c_1.08v -- generated by sim/harness, do not edit

Circuit: * comparator-offset-transient-mc @ fs_mismatch_125c_1.08v -- generated by sim/harness, do not edit

Doing analysis at TEMP = 125.000000 and TNOM = 27.000000

Using SPARSE 1.3 as Direct Linear Solver

Initial Transient Solution
--------------------------

Node                                   Voltage
----                                   -------
vdd                                       1.08
cm                                         0.6
vd                                      -0.048
ap                                       0.576
an                                       0.624
clk                                          0
ibn                                   0.229257
xa.x1.tmid                         0.000164057
xa.x1.tail                            0.571091
xa.x1.np                               1.07994
xa.x1.nn                               1.07982
xa.x1.ln                                  1.08
xa.x1.lp                                  1.08
xa.x1.lnb                          1.58451e-06
xa.x1.lpb                           1.5701e-06
xa.x1.na                                  1.08
doutb                              2.16719e-06
dout                                   1.07999
xa.x1.nb                               1.07999
doutn                                 0.999988
bdoutn#branch                                0
ean#branch                         2.28509e-12
eap#branch                         3.02278e-12
vclk#branch                        1.95815e-10
vd#branch                                    0
vcm#branch                         5.30787e-12
vsup#branch                       -2.02988e-05

 Reference value :  0.00000e+00
 Reference value :  1.18246e-07
 Reference value :  2.35141e-07
 Reference value :  3.51339e-07
 Reference value :  4.68655e-07
 Reference value :  5.84655e-07
 Reference value :  7.02255e-07
 Reference value :  8.19650e-07
 Reference value :  9.37350e-07
No. of Data Rows : 10763
dlev0               =  4.83109e-06
dlev1               =  4.22455e-06
dlev2               =  4.40680e-06
dlev3               =  4.57175e-06
dlev4               =  6.71687e-06
dlev5               =  6.99803e-06
dlev6               =  7.26284e-06
dlev7               =  7.51681e-06
dlev8               =  7.76649e-06
dlev9               =  8.01902e-06
dlev10              =  8.27933e-06
dlev11              =  8.56208e-06
dlev12              =  8.92911e-06
dlev13              =  9.19626e-06
dlev14              =  9.54379e-06
dlev15              =  1.02567e-05
dlev16              =  9.99993e-01
dlev17              =  9.99991e-01
dlev18              =  9.99991e-01
dlev19              =  9.99991e-01
dlev20              =  9.99991e-01
dlev21              =  9.99991e-01
dlev22              =  9.99991e-01
dlev23              =  9.99991e-01
dlev24              =  9.99991e-01
dlev25              =  9.99991e-01
dlev26              =  9.99991e-01
dlev27              =  9.99991e-01
dlev28              =  9.99991e-01
dlev29              =  9.99991e-01
dlev30              =  9.99991e-01
dlev31              =  9.99991e-01
dlev32              =  9.99991e-01
vos = -1.499902745e-03
lowcount = 1.6000032418e+01
vbias               =  2.29257e-01
Reset re-loads circuit * comparator-offset-transient-mc @ fs_mismatch_125c_1.08v -- generated by sim/harness, do not edit

Circuit: * comparator-offset-transient-mc @ fs_mismatch_125c_1.08v -- generated by sim/harness, do not edit

Doing analysis at TEMP = 125.000000 and TNOM = 27.000000

Using SPARSE 1.3 as Direct Linear Solver

Initial Transient Solution
--------------------------

Node                                   Voltage
----                                   -------
vdd                                       1.08
cm                                         0.6
vd                                      -0.048
ap                                       0.576
an                                       0.624
clk                                          0
ibn                                   0.227668
xa.x1.tmid                         0.000167409
xa.x1.tail                            0.574147
xa.x1.np                               1.07994
xa.x1.nn                                1.0798
xa.x1.ln                                  1.08
xa.x1.lp                                  1.08
xa.x1.lnb                           1.8248e-06
xa.x1.lpb                          1.68899e-06
xa.x1.na                                  1.08
doutb                              2.17399e-06
dout                                   1.07999
xa.x1.nb                               1.07999
doutn                                 0.999987
bdoutn#branch                                0
ean#branch                         2.28714e-12
eap#branch                         3.02339e-12
vclk#branch                        1.93018e-10
vd#branch                                    0
vcm#branch                         5.31053e-12
vsup#branch                       -2.03049e-05

 Reference value :  4.23516e-08
 Reference value :  1.62053e-07
 Reference value :  2.80953e-07
 Reference value :  4.00110e-07
 Reference value :  5.17950e-07
 Reference value :  6.25139e-07
 Reference value :  7.40277e-07
 Reference value :  8.56852e-07
 Reference value :  9.70651e-07
No. of Data Rows : 10763
dlev0               =  8.72889e-06
dlev1               =  6.91375e-06
dlev2               =  7.01412e-06
dlev3               =  7.08653e-06
dlev4               =  7.12339e-06
dlev5               =  7.12737e-06
dlev6               =  7.10578e-06
dlev7               =  7.06912e-06
dlev8               =  7.03384e-06
dlev9               =  7.00951e-06
dlev10              =  7.04852e-06
dlev11              =  7.18911e-06
dlev12              =  7.46253e-06
dlev13              =  7.42018e-06
dlev14              =  7.35111e-06
dlev15              =  9.26850e-06
dlev16              =  9.99991e-01
dlev17              =  9.99990e-01
dlev18              =  9.99990e-01
dlev19              =  9.99990e-01
dlev20              =  9.99990e-01
dlev21              =  9.99990e-01
dlev22              =  9.99990e-01
dlev23              =  9.99990e-01
dlev24              =  9.99990e-01
dlev25              =  9.99990e-01
dlev26              =  9.99990e-01
dlev27              =  9.99990e-01
dlev28              =  9.99990e-01
dlev29              =  9.99990e-01
dlev30              =  9.99990e-01
dlev31              =  9.99990e-01
dlev32              =  9.99990e-01
vos = -1.499834857e-03
lowcount = 1.6000055048e+01
vbias               =  2.27668e-01
Reset re-loads circuit * comparator-offset-transient-mc @ fs_mismatch_125c_1.08v -- generated by sim/harness, do not edit

Circuit: * comparator-offset-transient-mc @ fs_mismatch_125c_1.08v -- generated by sim/harness, do not edit

Doing analysis at TEMP = 125.000000 and TNOM = 27.000000

Using SPARSE 1.3 as Direct Linear Solver

Initial Transient Solution
--------------------------

Node                                   Voltage
----                                   -------
vdd                                       1.08
cm                                         0.6
vd                                      -0.048
ap                                       0.576
an                                       0.624
clk                                          0
ibn                                    0.22663
xa.x1.tmid                         0.000153862
xa.x1.tail                            0.577743
xa.x1.np                               1.07995
xa.x1.nn                               1.07983
xa.x1.ln                                  1.08
xa.x1.lp                                  1.08
xa.x1.lnb                          1.70147e-06
xa.x1.lpb                          1.70467e-06
xa.x1.na                               1.07999
doutb                                  1.07999
dout                               2.41504e-06
xa.x1.nb                                  1.08
doutn                              2.23615e-06
bdoutn#branch                                0
ean#branch                         2.29075e-12
eap#branch                         3.02575e-12
vclk#branch                        1.94838e-10
vd#branch                                    0
vcm#branch                          5.3165e-12
vsup#branch                       -2.02799e-05

 Reference value :  7.79491e-08
 Reference value :  1.94749e-07
 Reference value :  3.12049e-07
 Reference value :  4.30047e-07
 Reference value :  5.46450e-07
 Reference value :  6.63950e-07
 Reference value :  7.79870e-07
 Reference value :  8.97844e-07
No. of Data Rows : 10763
dlev0               =  7.71822e-06
dlev1               =  7.86658e-06
dlev2               =  7.93566e-06
dlev3               =  7.97813e-06
dlev4               =  7.98641e-06
dlev5               =  7.96213e-06
dlev6               =  7.91277e-06
dlev7               =  7.84946e-06
dlev8               =  7.78402e-06
dlev9               =  7.72806e-06
dlev10              =  7.68824e-06
dlev11              =  7.68280e-06
dlev12              =  7.79457e-06
dlev13              =  7.78785e-06
dlev14              =  9.17209e-06
dlev15              =  9.35802e-06
dlev16              =  9.99994e-01
dlev17              =  9.99993e-01
dlev18              =  9.99993e-01
dlev19              =  9.99993e-01
dlev20              =  9.99992e-01
dlev21              =  9.99992e-01
dlev22              =  9.99992e-01
dlev23              =  9.99991e-01
dlev24              =  9.99991e-01
dlev25              =  9.99991e-01
dlev26              =  9.99991e-01
dlev27              =  9.99991e-01
dlev28              =  9.99991e-01
dlev29              =  9.99991e-01
dlev30              =  9.99991e-01
dlev31              =  9.99991e-01
dlev32              =  9.99991e-01
vos = -1.499961315e-03
lowcount = 1.6000012895e+01
vbias               =  2.26630e-01
Reset re-loads circuit * comparator-offset-transient-mc @ fs_mismatch_125c_1.08v -- generated by sim/harness, do not edit

Circuit: * comparator-offset-transient-mc @ fs_mismatch_125c_1.08v -- generated by sim/harness, do not edit

Doing analysis at TEMP = 125.000000 and TNOM = 27.000000

Using SPARSE 1.3 as Direct Linear Solver

Initial Transient Solution
--------------------------

Node                                   Voltage
----                                   -------
vdd                                       1.08
cm                                         0.6
vd                                      -0.048
ap                                       0.576
an                                       0.624
clk                                          0
ibn                                   0.227766
xa.x1.tmid                         0.000165852
xa.x1.tail                            0.572705
xa.x1.np                               1.07994
xa.x1.nn                               1.07982
xa.x1.ln                                  1.08
xa.x1.lp                                  1.08
xa.x1.lnb                          1.65692e-06
xa.x1.lpb                          1.99295e-06
xa.x1.na                                  1.08
doutb                              2.13719e-06
dout                                   1.07999
xa.x1.nb                               1.07999
doutn                                 0.999988
bdoutn#branch                                0
ean#branch                         2.28637e-12
eap#branch                         3.02158e-12
vclk#branch                        1.94791e-10
vd#branch                                    0
vcm#branch                         5.30795e-12
vsup#branch                       -2.03032e-05

 Reference value :  3.52800e-09
 Reference value :  1.22250e-07
 Reference value :  2.37640e-07
 Reference value :  3.53239e-07
 Reference value :  4.71044e-07
 Reference value :  5.89557e-07
 Reference value :  7.07856e-07
 Reference value :  8.24655e-07
 Reference value :  9.41954e-07
No. of Data Rows : 10763
dlev0               =  9.18449e-06
dlev1               =  6.84345e-06
dlev2               =  7.00647e-06
dlev3               =  7.16637e-06
dlev4               =  7.29520e-06
dlev5               =  7.37173e-06
dlev6               =  7.39457e-06
dlev7               =  7.38085e-06
dlev8               =  7.36485e-06
dlev9               =  7.37214e-06
dlev10              =  7.42690e-06
dlev11              =  7.63619e-06
dlev12              =  7.61124e-06
dlev13              =  7.58785e-06
dlev14              =  9.99991e-01
dlev15              =  9.99990e-01
dlev16              =  9.99990e-01
dlev17              =  9.99990e-01
dlev18              =  9.99990e-01
dlev19              =  9.99989e-01
dlev20              =  9.99989e-01
dlev21              =  9.99988e-01
dlev22              =  9.99988e-01
dlev23              =  9.99988e-01
dlev24              =  9.99988e-01
dlev25              =  9.99988e-01
dlev26              =  9.99988e-01
dlev27              =  9.99988e-01
dlev28              =  9.99987e-01
dlev29              =  9.99987e-01
dlev30              =  9.99987e-01
dlev31              =  9.99987e-01
dlev32              =  9.99987e-01
vos = -7.499653027e-03
lowcount = 1.4000115658e+01
vbias               =  2.27766e-01
Reset re-loads circuit * comparator-offset-transient-mc @ fs_mismatch_125c_1.08v -- generated by sim/harness, do not edit

Circuit: * comparator-offset-transient-mc @ fs_mismatch_125c_1.08v -- generated by sim/harness, do not edit

Doing analysis at TEMP = 125.000000 and TNOM = 27.000000

Using SPARSE 1.3 as Direct Linear Solver

Initial Transient Solution
--------------------------

Node                                   Voltage
----                                   -------
vdd                                       1.08
cm                                         0.6
vd                                      -0.048
ap                                       0.576
an                                       0.624
clk                                          0
ibn                                   0.230423
xa.x1.tmid                         0.000151661
xa.x1.tail                              0.5756
xa.x1.np                               1.07995
xa.x1.nn                               1.07982
xa.x1.ln                                  1.08
xa.x1.lp                                  1.08
xa.x1.lnb                          1.62684e-06
xa.x1.lpb                          1.69623e-06
xa.x1.na                               1.07999
doutb                                  1.07999
dout                               2.11514e-06
xa.x1.nb                                  1.08
doutn                              1.95846e-06
bdoutn#branch                                0
ean#branch                         2.29028e-12
eap#branch                         3.02455e-12
vclk#branch                         1.9555e-10
vd#branch                                    0
vcm#branch                         5.31483e-12
vsup#branch                       -2.02874e-05

 Reference value :  5.01650e-08
 Reference value :  1.68655e-07
 Reference value :  2.80100e-07
 Reference value :  3.94050e-07
 Reference value :  5.09810e-07
 Reference value :  6.27141e-07
 Reference value :  7.43041e-07
 Reference value :  8.61842e-07
 Reference value :  9.76154e-07
No. of Data Rows : 10763
dlev0               =  -2.71662e-06
dlev1               =  -2.51798e-06
dlev2               =  -2.25527e-06
dlev3               =  -1.99126e-06
dlev4               =  -1.72390e-06
dlev5               =  -1.44911e-06
dlev6               =  -1.16342e-06
dlev7               =  -8.74435e-07
dlev8               =  -6.02356e-07
dlev9               =  -3.63129e-07
dlev10              =  -1.54608e-07
dlev11              =  4.03415e-08
dlev12              =  2.45454e-07
dlev13              =  2.40979e-06
dlev14              =  2.84324e-06
dlev15              =  3.10391e-06
dlev16              =  3.45171e-06
dlev17              =  9.99992e-01
dlev18              =  9.99990e-01
dlev19              =  9.99990e-01
dlev20              =  9.99990e-01
dlev21              =  9.99990e-01
dlev22              =  9.99990e-01
dlev23              =  9.99990e-01
dlev24              =  9.99990e-01
dlev25              =  9.99990e-01
dlev26              =  9.99990e-01
dlev27              =  9.99990e-01
dlev28              =  9.99990e-01
dlev29              =  9.99990e-01
dlev30              =  9.99990e-01
dlev31              =  9.99990e-01
dlev32              =  9.99990e-01
vos = 1.5004827529e-03
lowcount = 1.7000160918e+01
vbias               =  2.30423e-01
Reset re-loads circuit * comparator-offset-transient-mc @ fs_mismatch_125c_1.08v -- generated by sim/harness, do not edit

Circuit: * comparator-offset-transient-mc @ fs_mismatch_125c_1.08v -- generated by sim/harness, do not edit

Doing analysis at TEMP = 125.000000 and TNOM = 27.000000

Using SPARSE 1.3 as Direct Linear Solver

Initial Transient Solution
--------------------------

Node                                   Voltage
----                                   -------
vdd                                       1.08
cm                                         0.6
vd                                      -0.048
ap                                       0.576
an                                       0.624
clk                                          0
ibn                                   0.229043
xa.x1.tmid                         0.000164159
xa.x1.tail                            0.573986
xa.x1.np                               1.07994
xa.x1.nn                               1.07982
xa.x1.ln                                  1.08
xa.x1.lp                                  1.08
xa.x1.lnb                          1.93329e-06
xa.x1.lpb                          1.68982e-06
xa.x1.na                               1.07999
doutb                                  1.07999
dout                               2.22534e-06
xa.x1.nb                                  1.08
doutn                               2.0605e-06
bdoutn#branch                                0
ean#branch                         2.28911e-12
eap#branch                         3.02189e-12
vclk#branch                        1.94255e-10
vd#branch                                    0
vcm#branch                           5.311e-12
vsup#branch                       -2.03019e-05

 Reference value :  7.97533e-08
 Reference value :  1.95654e-07
 Reference value :  2.96136e-07
 Reference value :  4.10110e-07
 Reference value :  5.24655e-07
 Reference value :  6.42655e-07
 Reference value :  7.62654e-07
 Reference value :  8.81953e-07
No. of Data Rows : 10763
dlev0               =  8.26947e-06
dlev1               =  8.43565e-06
dlev2               =  8.53516e-06
dlev3               =  8.63198e-06
dlev4               =  8.70840e-06
dlev5               =  8.74699e-06
dlev6               =  8.73979e-06
dlev7               =  8.69432e-06
dlev8               =  8.62718e-06
dlev9               =  8.55735e-06
dlev10              =  8.50186e-06
dlev11              =  8.47414e-06
dlev12              =  8.52822e-06
dlev13              =  8.65800e-06
dlev14              =  8.38336e-06
dlev15              =  8.52158e-06
dlev16              =  9.99989e-01
dlev17              =  9.99989e-01
dlev18              =  9.99989e-01
dlev19              =  9.99989e-01
dlev20              =  9.99989e-01
dlev21              =  9.99989e-01
dlev22              =  9.99988e-01
dlev23              =  9.99988e-01
dlev24              =  9.99988e-01
dlev25              =  9.99988e-01
dlev26              =  9.99988e-01
dlev27              =  9.99988e-01
dlev28              =  9.99988e-01
dlev29              =  9.99988e-01
dlev30              =  9.99988e-01
dlev31              =  9.99988e-01
dlev32              =  9.99988e-01
vos = -1.499817340e-03
lowcount = 1.6000060887e+01
vbias               =  2.29043e-01
Reset re-loads circuit * comparator-offset-transient-mc @ fs_mismatch_125c_1.08v -- generated by sim/harness, do not edit

Circuit: * comparator-offset-transient-mc @ fs_mismatch_125c_1.08v -- generated by sim/harness, do not edit

Doing analysis at TEMP = 125.000000 and TNOM = 27.000000

Using SPARSE 1.3 as Direct Linear Solver

Initial Transient Solution
--------------------------

Node                                   Voltage
----                                   -------
vdd                                       1.08
cm                                         0.6
vd                                      -0.048
ap                                       0.576
an                                       0.624
clk                                          0
ibn                                   0.224092
xa.x1.tmid                         0.000177236
xa.x1.tail                            0.574846
xa.x1.np                               1.07994
xa.x1.nn                                1.0798
xa.x1.ln                                  1.08
xa.x1.lp                                  1.08
xa.x1.lnb                          1.73283e-06
xa.x1.lpb                          1.67793e-06
xa.x1.na                                  1.08
doutb                              2.27443e-06
dout                                   1.07998
xa.x1.nb                               1.07999
doutn                                 0.999981
bdoutn#branch                                0
ean#branch                         2.28878e-12
eap#branch                         3.02347e-12
vclk#branch                        1.92906e-10
vd#branch                                    0
vcm#branch                         5.31225e-12
vsup#branch                       -2.03182e-05

 Reference value :  0.00000e+00
 Reference value :  1.16732e-07
 Reference value :  2.37132e-07
 Reference value :  3.52533e-07
 Reference value :  4.70218e-07
 Reference value :  5.85054e-07
 Reference value :  7.01953e-07
 Reference value :  8.18850e-07
 Reference value :  9.30650e-07
No. of Data Rows : 10763
dlev0               =  1.34883e-05
dlev1               =  1.03252e-05
dlev2               =  1.03171e-05
dlev3               =  1.02831e-05
dlev4               =  1.02224e-05
dlev5               =  1.01366e-05
dlev6               =  1.00313e-05
dlev7               =  9.91341e-06
dlev8               =  9.79029e-06
dlev9               =  9.67057e-06
dlev10              =  9.55895e-06
dlev11              =  9.46338e-06
dlev12              =  9.41979e-06
dlev13              =  9.48724e-06
dlev14              =  9.32032e-06
dlev15              =  8.99751e-06
dlev16              =  9.07611e-06
dlev17              =  8.87674e-06
dlev18              =  9.99986e-01
dlev19              =  9.99984e-01
dlev20              =  9.99984e-01
dlev21              =  9.99984e-01
dlev22              =  9.99984e-01
dlev23              =  9.99984e-01
dlev24              =  9.99984e-01
dlev25              =  9.99984e-01
dlev26              =  9.99984e-01
dlev27              =  9.99984e-01
dlev28              =  9.99984e-01
dlev29              =  9.99984e-01
dlev30              =  9.99984e-01
dlev31              =  9.99984e-01
dlev32              =  9.99984e-01
vos = 4.5001761653e-03
lowcount = 1.8000058722e+01
vbias               =  2.24092e-01
Reset re-loads circuit * comparator-offset-transient-mc @ fs_mismatch_125c_1.08v -- generated by sim/harness, do not edit

Circuit: * comparator-offset-transient-mc @ fs_mismatch_125c_1.08v -- generated by sim/harness, do not edit

Doing analysis at TEMP = 125.000000 and TNOM = 27.000000

Using SPARSE 1.3 as Direct Linear Solver

Initial Transient Solution
--------------------------

Node                                   Voltage
----                                   -------
vdd                                       1.08
cm                                         0.6
vd                                      -0.048
ap                                       0.576
an                                       0.624
clk                                          0
ibn                                   0.225671
xa.x1.tmid                         0.000186404
xa.x1.tail                            0.570299
xa.x1.np                               1.07993
xa.x1.nn                               1.07978
xa.x1.ln                                  1.08
xa.x1.lp                                  1.08
xa.x1.lnb                          1.68416e-06
xa.x1.lpb                           1.7459e-06
xa.x1.na                               1.07999
doutb                                  1.07999
dout                               2.27548e-06
xa.x1.nb                                  1.08
doutn                              2.10693e-06
bdoutn#branch                                0
ean#branch                          2.2837e-12
eap#branch                         3.02289e-12
vclk#branch                        1.96171e-10
vd#branch                                    0
vcm#branch                         5.30659e-12
vsup#branch                       -2.03363e-05

 Reference value :  3.66500e-08
 Reference value :  1.53250e-07
 Reference value :  2.65546e-07
 Reference value :  3.83046e-07
 Reference value :  5.00741e-07
 Reference value :  6.16764e-07
 Reference value :  7.31763e-07
 Reference value :  8.49450e-07
 Reference value :  9.61750e-07
No. of Data Rows : 10763
dlev0               =  2.61939e-06
dlev1               =  2.78219e-06
dlev2               =  2.97247e-06
dlev3               =  3.17836e-06
dlev4               =  3.39645e-06
dlev5               =  3.62021e-06
dlev6               =  3.83107e-06
dlev7               =  4.00849e-06
dlev8               =  4.13983e-06
dlev9               =  4.23327e-06
dlev10              =  4.30621e-06
dlev11              =  4.38344e-06
dlev12              =  4.48265e-06
dlev13              =  6.45785e-06
dlev14              =  6.82144e-06
dlev15              =  7.03465e-06
dlev16              =  7.05892e-06
dlev17              =  7.29335e-06
dlev18              =  9.99992e-01
dlev19              =  9.99991e-01
dlev20              =  9.99991e-01
dlev21              =  9.99990e-01
dlev22              =  9.99990e-01
dlev23              =  9.99990e-01
dlev24              =  9.99990e-01
dlev25              =  9.99990e-01
dlev26              =  9.99990e-01
dlev27              =  9.99990e-01
dlev28              =  9.99990e-01
dlev29              =  9.99990e-01
dlev30              =  9.99990e-01
dlev31              =  9.99990e-01
dlev32              =  9.99990e-01
vos = 4.5001838394e-03
lowcount = 1.8000061280e+01
vbias               =  2.25671e-01
Reset re-loads circuit * comparator-offset-transient-mc @ fs_mismatch_125c_1.08v -- generated by sim/harness, do not edit

Circuit: * comparator-offset-transient-mc @ fs_mismatch_125c_1.08v -- generated by sim/harness, do not edit

Doing analysis at TEMP = 125.000000 and TNOM = 27.000000

Using SPARSE 1.3 as Direct Linear Solver

Initial Transient Solution
--------------------------

Node                                   Voltage
----                                   -------
vdd                                       1.08
cm                                         0.6
vd                                      -0.048
ap                                       0.576
an                                       0.624
clk                                          0
ibn                                   0.229123
xa.x1.tmid                         0.000175114
xa.x1.tail                            0.573514
xa.x1.np                               1.07994
xa.x1.nn                                1.0798
xa.x1.ln                                  1.08
xa.x1.lp                                  1.08
xa.x1.lnb                          1.87921e-06
xa.x1.lpb                          1.59606e-06
xa.x1.na                               1.07999
doutb                                  1.07999
dout                               2.09154e-06
xa.x1.nb                                  1.08
doutn                              1.93661e-06
bdoutn#branch                                0
ean#branch                         2.28659e-12
eap#branch                         3.02208e-12
vclk#branch                        1.95739e-10
vd#branch                                    0
vcm#branch                         5.30867e-12
vsup#branch                       -2.03218e-05

 Reference value :  6.86500e-08
 Reference value :  1.76041e-07
 Reference value :  2.95440e-07
 Reference value :  4.06858e-07
 Reference value :  5.24131e-07
 Reference value :  6.42458e-07
 Reference value :  7.57750e-07
 Reference value :  8.74550e-07
No. of Data Rows : 10763
dlev0               =  6.09955e-06
dlev1               =  6.33798e-06
dlev2               =  6.56831e-06
dlev3               =  6.80618e-06
dlev4               =  7.04896e-06
dlev5               =  7.28566e-06
dlev6               =  7.50161e-06
dlev7               =  7.68371e-06
dlev8               =  7.83330e-06
dlev9               =  7.96177e-06
dlev10              =  8.08510e-06
dlev11              =  8.21974e-06
dlev12              =  8.37982e-06
dlev13              =  1.03949e-05
dlev14              =  1.06922e-05
dlev15              =  1.07530e-05
dlev16              =  1.12269e-05
dlev17              =  9.99994e-01
dlev18              =  9.99994e-01
dlev19              =  9.99994e-01
dlev20              =  9.99994e-01
dlev21              =  9.99994e-01
dlev22              =  9.99993e-01
dlev23              =  9.99992e-01
dlev24              =  9.99992e-01
dlev25              =  9.99992e-01
dlev26              =  9.99992e-01
dlev27              =  9.99992e-01
dlev28              =  9.99992e-01
dlev29              =  9.99992e-01
dlev30              =  9.99991e-01
dlev31              =  9.99991e-01
dlev32              =  9.99991e-01
vos = 1.4999418640e-03
lowcount = 1.6999980621e+01
vbias               =  2.29123e-01
Reset re-loads circuit * comparator-offset-transient-mc @ fs_mismatch_125c_1.08v -- generated by sim/harness, do not edit

Circuit: * comparator-offset-transient-mc @ fs_mismatch_125c_1.08v -- generated by sim/harness, do not edit

Doing analysis at TEMP = 125.000000 and TNOM = 27.000000

Using SPARSE 1.3 as Direct Linear Solver

Initial Transient Solution
--------------------------

Node                                   Voltage
----                                   -------
vdd                                       1.08
cm                                         0.6
vd                                      -0.048
ap                                       0.576
an                                       0.624
clk                                          0
ibn                                   0.226296
xa.x1.tmid                         0.000159115
xa.x1.tail                            0.574125
xa.x1.np                               1.07994
xa.x1.nn                               1.07982
xa.x1.ln                                  1.08
xa.x1.lp                                  1.08
xa.x1.lnb                           1.6139e-06
xa.x1.lpb                          1.67811e-06
xa.x1.na                                  1.08
doutb                               2.2025e-06
dout                                   1.07998
xa.x1.nb                               1.07999
doutn                                 0.999986
bdoutn#branch                                0
ean#branch                         2.28806e-12
eap#branch                         3.02264e-12
vclk#branch                        1.94979e-10
vd#branch                                    0
vcm#branch                          5.3107e-12
vsup#branch                       -2.02914e-05

 Reference value :  0.00000e+00
 Reference value :  1.17539e-07
 Reference value :  2.31439e-07
 Reference value :  3.50739e-07
 Reference value :  4.69154e-07
 Reference value :  5.84854e-07
 Reference value :  7.01354e-07
 Reference value :  8.17350e-07
 Reference value :  9.33250e-07
No. of Data Rows : 10763
dlev0               =  1.00603e-05
dlev1               =  7.14026e-06
dlev2               =  7.25044e-06
dlev3               =  7.33233e-06
dlev4               =  7.37449e-06
dlev5               =  7.37496e-06
dlev6               =  7.34154e-06
dlev7               =  7.28896e-06
dlev8               =  7.23412e-06
dlev9               =  7.19346e-06
dlev10              =  7.18022e-06
dlev11              =  7.23761e-06
dlev12              =  7.42045e-06
dlev13              =  7.21482e-06
dlev14              =  7.15516e-06
dlev15              =  7.06261e-06
dlev16              =  9.99987e-01
dlev17              =  9.99988e-01
dlev18              =  9.99987e-01
dlev19              =  9.99987e-01
dlev20              =  9.99987e-01
dlev21              =  9.99987e-01
dlev22              =  9.99987e-01
dlev23              =  9.99986e-01
dlev24              =  9.99986e-01
dlev25              =  9.99986e-01
dlev26              =  9.99985e-01
dlev27              =  9.99985e-01
dlev28              =  9.99985e-01
dlev29              =  9.99985e-01
dlev30              =  9.99984e-01
dlev31              =  9.99984e-01
dlev32              =  9.99984e-01
vos = -1.499635085e-03
lowcount = 1.6000121638e+01
vbias               =  2.26296e-01
Reset re-loads circuit * comparator-offset-transient-mc @ fs_mismatch_125c_1.08v -- generated by sim/harness, do not edit

Circuit: * comparator-offset-transient-mc @ fs_mismatch_125c_1.08v -- generated by sim/harness, do not edit

Doing analysis at TEMP = 125.000000 and TNOM = 27.000000

Using SPARSE 1.3 as Direct Linear Solver

Initial Transient Solution
--------------------------

Node                                   Voltage
----                                   -------
vdd                                       1.08
cm                                         0.6
vd                                      -0.048
ap                                       0.576
an                                       0.624
clk                                          0
ibn                                   0.230339
xa.x1.tmid                         0.000161849
xa.x1.tail                            0.573419
xa.x1.np                               1.07994
xa.x1.nn                                1.0798
xa.x1.ln                                  1.08
xa.x1.lp                                  1.08
xa.x1.lnb                          1.50886e-06
xa.x1.lpb                          1.63033e-06
xa.x1.na                               1.07999
doutb                                  1.07998
dout                               2.18182e-06
xa.x1.nb                                  1.08
doutn                               2.0202e-06
bdoutn#branch                                0
ean#branch                         2.28634e-12
eap#branch                         3.02378e-12
vclk#branch                        1.95872e-10
vd#branch                                    0
vcm#branch                         5.31011e-12
vsup#branch                       -2.03048e-05

 Reference value :  4.19579e-08
 Reference value :  1.60003e-07
 Reference value :  2.64643e-07
 Reference value :  3.58443e-07
 Reference value :  4.70203e-07
 Reference value :  5.82460e-07
 Reference value :  7.00260e-07
 Reference value :  8.17650e-07
 Reference value :  9.32850e-07
No. of Data Rows : 10763
dlev0               =  4.44953e-06
dlev1               =  4.54880e-06
dlev2               =  4.71844e-06
dlev3               =  4.88987e-06
dlev4               =  5.06789e-06
dlev5               =  5.26075e-06
dlev6               =  5.47119e-06
dlev7               =  5.67405e-06
dlev8               =  5.83091e-06
dlev9               =  5.91874e-06
dlev10              =  5.95852e-06
dlev11              =  5.99152e-06
dlev12              =  6.05781e-06
dlev13              =  6.20367e-06
dlev14              =  6.47506e-06
dlev15              =  6.33248e-06
dlev16              =  9.99995e-01
dlev17              =  9.99992e-01
dlev18              =  9.99992e-01
dlev19              =  9.99992e-01
dlev20              =  9.99992e-01
dlev21              =  9.99992e-01
dlev22              =  9.99992e-01
dlev23              =  9.99992e-01
dlev24              =  9.99992e-01
dlev25              =  9.99992e-01
dlev26              =  9.99992e-01
dlev27              =  9.99992e-01
dlev28              =  9.99992e-01
dlev29              =  9.99992e-01
dlev30              =  9.99992e-01
dlev31              =  9.99992e-01
dlev32              =  9.99992e-01
vos = -1.499866648e-03
lowcount = 1.6000044451e+01
vbias               =  2.30339e-01
Reset re-loads circuit * comparator-offset-transient-mc @ fs_mismatch_125c_1.08v -- generated by sim/harness, do not edit

Circuit: * comparator-offset-transient-mc @ fs_mismatch_125c_1.08v -- generated by sim/harness, do not edit

Doing analysis at TEMP = 125.000000 and TNOM = 27.000000

Using SPARSE 1.3 as Direct Linear Solver

Initial Transient Solution
--------------------------

Node                                   Voltage
----                                   -------
vdd                                       1.08
cm                                         0.6
vd                                      -0.048
ap                                       0.576
an                                       0.624
clk                                          0
ibn                                   0.229488
xa.x1.tmid                         0.000166551
xa.x1.tail                            0.573957
xa.x1.np                               1.07994
xa.x1.nn                                1.0798
xa.x1.ln                                  1.08
xa.x1.lp                                  1.08
xa.x1.lnb                          1.64515e-06
xa.x1.lpb                          1.56367e-06
xa.x1.na                                  1.08
doutb                               2.4731e-06
dout                                   1.07999
xa.x1.nb                               1.07999
doutn                                 0.999987
bdoutn#branch                                0
ean#branch                         2.28634e-12
eap#branch                         3.02425e-12
vclk#branch                        1.94021e-10
vd#branch                                    0
vcm#branch                         5.31059e-12
vsup#branch                        -2.0313e-05

 Reference value :  4.00461e-08
 Reference value :  1.58450e-07
 Reference value :  2.68039e-07
 Reference value :  3.86638e-07
 Reference value :  5.04234e-07
 Reference value :  6.21240e-07
 Reference value :  7.30100e-07
 Reference value :  8.47950e-07
 Reference value :  9.64650e-07
No. of Data Rows : 10763
dlev0               =  7.71297e-06
dlev1               =  7.39099e-06
dlev2               =  7.47568e-06
dlev3               =  7.56017e-06
dlev4               =  7.65017e-06
dlev5               =  7.78519e-06
dlev6               =  7.96794e-06
dlev7               =  8.13101e-06
dlev8               =  8.24494e-06
dlev9               =  8.30254e-06
dlev10              =  8.32718e-06
dlev11              =  8.35220e-06
dlev12              =  8.40750e-06
dlev13              =  8.53108e-06
dlev14              =  8.77984e-06
dlev15              =  8.62772e-06
dlev16              =  1.04955e-05
dlev17              =  9.99992e-01
dlev18              =  9.99990e-01
dlev19              =  9.99990e-01
dlev20              =  9.99990e-01
dlev21              =  9.99990e-01
dlev22              =  9.99990e-01
dlev23              =  9.99990e-01
dlev24              =  9.99990e-01
dlev25              =  9.99989e-01
dlev26              =  9.99989e-01
dlev27              =  9.99989e-01
dlev28              =  9.99989e-01
dlev29              =  9.99989e-01
dlev30              =  9.99989e-01
dlev31              =  9.99989e-01
dlev32              =  9.99989e-01
vos = 1.5000796722e-03
lowcount = 1.7000026557e+01
vbias               =  2.29488e-01
Reset re-loads circuit * comparator-offset-transient-mc @ fs_mismatch_125c_1.08v -- generated by sim/harness, do not edit

Circuit: * comparator-offset-transient-mc @ fs_mismatch_125c_1.08v -- generated by sim/harness, do not edit

Doing analysis at TEMP = 125.000000 and TNOM = 27.000000

Using SPARSE 1.3 as Direct Linear Solver

Initial Transient Solution
--------------------------

Node                                   Voltage
----                                   -------
vdd                                       1.08
cm                                         0.6
vd                                      -0.048
ap                                       0.576
an                                       0.624
clk                                          0
ibn                                   0.228555
xa.x1.tmid                         0.000150779
xa.x1.tail                            0.575307
xa.x1.np                               1.07995
xa.x1.nn                               1.07983
xa.x1.ln                                  1.08
xa.x1.lp                                  1.08
xa.x1.lnb                          1.73238e-06
xa.x1.lpb                          1.70342e-06
xa.x1.na                               1.05725
doutb                                 0.521923
dout                                  0.525572
xa.x1.nb                               1.05762
doutn                                 0.486641
bdoutn#branch                                0
ean#branch                         2.28992e-12
eap#branch                         3.02292e-12
vclk#branch                        1.95492e-10
vd#branch                                    0
vcm#branch                         5.31283e-12
vsup#branch                       -8.55845e-05

 Reference value :  6.68500e-08
 Reference value :  1.82250e-07
 Reference value :  3.00000e-07
 Reference value :  4.15737e-07
 Reference value :  5.25823e-07
 Reference value :  6.43752e-07
 Reference value :  7.62251e-07
 Reference value :  8.80124e-07
No. of Data Rows : 10763
dlev0               =  6.12597e-06
dlev1               =  4.76554e-06
dlev2               =  6.82082e-06
dlev3               =  7.13949e-06
dlev4               =  7.45847e-06
dlev5               =  7.76353e-06
dlev6               =  8.04063e-06
dlev7               =  8.27837e-06
dlev8               =  8.47994e-06
dlev9               =  8.65710e-06
dlev10              =  8.82611e-06
dlev11              =  9.00389e-06
dlev12              =  9.20417e-06
dlev13              =  9.47621e-06
dlev14              =  9.81075e-06
dlev15              =  9.78776e-06
dlev16              =  1.00309e-05
dlev17              =  9.99987e-01
dlev18              =  9.99986e-01
dlev19              =  9.99986e-01
dlev20              =  9.99986e-01
dlev21              =  9.99986e-01
dlev22              =  9.99986e-01
dlev23              =  9.99986e-01
dlev24              =  9.99986e-01
dlev25              =  9.99986e-01
dlev26              =  9.99986e-01
dlev27              =  9.99986e-01
dlev28              =  9.99985e-01
dlev29              =  9.99985e-01
dlev30              =  9.99985e-01
dlev31              =  9.99985e-01
dlev32              =  9.99985e-01
vos = 1.5002658911e-03
lowcount = 1.7000088630e+01
vbias               =  2.28555e-01
Reset re-loads circuit * comparator-offset-transient-mc @ fs_mismatch_125c_1.08v -- generated by sim/harness, do not edit

Circuit: * comparator-offset-transient-mc @ fs_mismatch_125c_1.08v -- generated by sim/harness, do not edit

Doing analysis at TEMP = 125.000000 and TNOM = 27.000000

Using SPARSE 1.3 as Direct Linear Solver

Initial Transient Solution
--------------------------

Node                                   Voltage
----                                   -------
vdd                                       1.08
cm                                         0.6
vd                                      -0.048
ap                                       0.576
an                                       0.624
clk                                          0
ibn                                   0.228341
xa.x1.tmid                         0.000154021
xa.x1.tail                            0.577104
xa.x1.np                               1.07995
xa.x1.nn                               1.07981
xa.x1.ln                                  1.08
xa.x1.lp                                  1.08
xa.x1.lnb                          1.84327e-06
xa.x1.lpb                          1.85417e-06
xa.x1.na                               1.07999
doutb                                  1.07999
dout                               2.52702e-06
xa.x1.nb                                  1.08
doutn                              2.33984e-06
bdoutn#branch                                0
ean#branch                         2.29089e-12
eap#branch                         3.02564e-12
vclk#branch                        1.95204e-10
vd#branch                                    0
vcm#branch                         5.31652e-12
vsup#branch                       -2.02851e-05

 Reference value :  0.00000e+00
 Reference value :  1.18642e-07
 Reference value :  2.38641e-07
 Reference value :  3.53042e-07
 Reference value :  4.70279e-07
 Reference value :  5.85454e-07
 Reference value :  7.02354e-07
 Reference value :  8.20103e-07
 Reference value :  9.36550e-07
No. of Data Rows : 10763
dlev0               =  6.13778e-06
dlev1               =  6.08550e-06
dlev2               =  6.03576e-06
dlev3               =  5.99495e-06
dlev4               =  6.05173e-06
dlev5               =  6.13100e-06
dlev6               =  6.19788e-06
dlev7               =  6.22428e-06
dlev8               =  6.19645e-06
dlev9               =  6.12319e-06
dlev10              =  6.02671e-06
dlev11              =  5.93816e-06
dlev12              =  5.87613e-06
dlev13              =  5.86269e-06
dlev14              =  6.00422e-06
dlev15              =  5.89314e-06
dlev16              =  5.73291e-06
dlev17              =  5.68427e-06
dlev18              =  9.99989e-01
dlev19              =  9.99987e-01
dlev20              =  9.99987e-01
dlev21              =  9.99987e-01
dlev22              =  9.99987e-01
dlev23              =  9.99987e-01
dlev24              =  9.99987e-01
dlev25              =  9.99988e-01
dlev26              =  9.99988e-01
dlev27              =  9.99988e-01
dlev28              =  9.99988e-01
dlev29              =  9.99988e-01
dlev30              =  9.99988e-01
dlev31              =  9.99988e-01
dlev32              =  9.99988e-01
vos = 4.5002328097e-03
lowcount = 1.8000077603e+01
vbias               =  2.28341e-01
Reset re-loads circuit * comparator-offset-transient-mc @ fs_mismatch_125c_1.08v -- generated by sim/harness, do not edit

Circuit: * comparator-offset-transient-mc @ fs_mismatch_125c_1.08v -- generated by sim/harness, do not edit

Doing analysis at TEMP = 125.000000 and TNOM = 27.000000

Using SPARSE 1.3 as Direct Linear Solver

Initial Transient Solution
--------------------------

Node                                   Voltage
----                                   -------
vdd                                       1.08
cm                                         0.6
vd                                      -0.048
ap                                       0.576
an                                       0.624
clk                                          0
ibn                                   0.226452
xa.x1.tmid                         0.000163964
xa.x1.tail                            0.574333
xa.x1.np                               1.07994
xa.x1.nn                               1.07982
xa.x1.ln                                  1.08
xa.x1.lp                                  1.08
xa.x1.lnb                           1.9361e-06
xa.x1.lpb                          1.92095e-06
xa.x1.na                               1.07999
doutb                                  1.07999
dout                               2.04643e-06
xa.x1.nb                                  1.08
doutn                              1.89484e-06
bdoutn#branch                                0
ean#branch                         2.28964e-12
eap#branch                         3.02328e-12
vclk#branch                         1.9554e-10
vd#branch                                    0
vcm#branch                         5.31292e-12
vsup#branch                       -2.02965e-05

 Reference value :  3.92500e-08
 Reference value :  1.56150e-07
 Reference value :  2.61342e-07
 Reference value :  3.70073e-07
 Reference value :  4.85150e-07
 Reference value :  6.00030e-07
 Reference value :  7.06853e-07
 Reference value :  8.21553e-07
 Reference value :  9.37350e-07
No. of Data Rows : 10763
dlev0               =  5.25444e-06
dlev1               =  5.53748e-06
dlev2               =  5.73680e-06
dlev3               =  5.90946e-06
dlev4               =  6.04137e-06
dlev5               =  6.13567e-06
dlev6               =  6.20117e-06
dlev7               =  6.25124e-06
dlev8               =  6.30577e-06
dlev9               =  6.37744e-06
dlev10              =  6.48321e-06
dlev11              =  6.69543e-06
dlev12              =  6.92180e-06
dlev13              =  6.76558e-06
dlev14              =  8.90196e-06
dlev15              =  9.99992e-01
dlev16              =  9.99990e-01
dlev17              =  9.99990e-01
dlev18              =  9.99990e-01
dlev19              =  9.99990e-01
dlev20              =  9.99990e-01
dlev21              =  9.99990e-01
dlev22              =  9.99990e-01
dlev23              =  9.99990e-01
dlev24              =  9.99990e-01
dlev25              =  9.99990e-01
dlev26              =  9.99990e-01
dlev27              =  9.99990e-01
dlev28              =  9.99990e-01
dlev29              =  9.99989e-01
dlev30              =  9.99989e-01
dlev31              =  9.99989e-01
dlev32              =  9.99989e-01
vos = -4.499733357e-03
lowcount = 1.5000088881e+01
vbias               =  2.26452e-01
Reset re-loads circuit * comparator-offset-transient-mc @ fs_mismatch_125c_1.08v -- generated by sim/harness, do not edit

Circuit: * comparator-offset-transient-mc @ fs_mismatch_125c_1.08v -- generated by sim/harness, do not edit

Doing analysis at TEMP = 125.000000 and TNOM = 27.000000

Using SPARSE 1.3 as Direct Linear Solver

Initial Transient Solution
--------------------------

Node                                   Voltage
----                                   -------
vdd                                       1.08
cm                                         0.6
vd                                      -0.048
ap                                       0.576
an                                       0.624
clk                                          0
ibn                                   0.229874
xa.x1.tmid                         0.000152288
xa.x1.tail                            0.577021
xa.x1.np                               1.07995
xa.x1.nn                               1.07982
xa.x1.ln                                  1.08
xa.x1.lp                                  1.08
xa.x1.lnb                          1.73258e-06
xa.x1.lpb                          1.55078e-06
xa.x1.na                               1.07999
doutb                                  1.07999
dout                               2.24447e-06
xa.x1.nb                                  1.08
doutn                              2.07821e-06
bdoutn#branch                                0
ean#branch                         2.29022e-12
eap#branch                         3.02527e-12
vclk#branch                        1.94405e-10
vd#branch                                    0
vcm#branch                          5.3155e-12
vsup#branch                       -2.02874e-05

 Reference value :  3.35500e-08
 Reference value :  1.51550e-07
 Reference value :  2.70000e-07
 Reference value :  3.88543e-07
 Reference value :  5.02132e-07
 Reference value :  6.20208e-07
 Reference value :  7.39454e-07
 Reference value :  8.57553e-07
 Reference value :  9.74752e-07
No. of Data Rows : 10763
dlev0               =  5.47698e-06
dlev1               =  5.56015e-06
dlev2               =  5.63532e-06
dlev3               =  5.71657e-06
dlev4               =  5.80994e-06
dlev5               =  5.91125e-06
dlev6               =  5.99759e-06
dlev7               =  6.03988e-06
dlev8               =  6.02135e-06
dlev9               =  5.97388e-06
dlev10              =  5.97775e-06
dlev11              =  5.99875e-06
dlev12              =  6.06337e-06
dlev13              =  6.26289e-06
dlev14              =  8.24665e-06
dlev15              =  8.21317e-06
dlev16              =  9.99992e-01
dlev17              =  9.99989e-01
dlev18              =  9.99990e-01
dlev19              =  9.99989e-01
dlev20              =  9.99989e-01
dlev21              =  9.99989e-01
dlev22              =  9.99989e-01
dlev23              =  9.99990e-01
dlev24              =  9.99990e-01
dlev25              =  9.99990e-01
dlev26              =  9.99989e-01
dlev27              =  9.99989e-01
dlev28              =  9.99989e-01
dlev29              =  9.99989e-01
dlev30              =  9.99989e-01
dlev31              =  9.99989e-01
dlev32              =  9.99989e-01
vos = -1.499763316e-03
lowcount = 1.6000078895e+01
vbias               =  2.29874e-01
Reset re-loads circuit * comparator-offset-transient-mc @ fs_mismatch_125c_1.08v -- generated by sim/harness, do not edit

Circuit: * comparator-offset-transient-mc @ fs_mismatch_125c_1.08v -- generated by sim/harness, do not edit

Doing analysis at TEMP = 125.000000 and TNOM = 27.000000

Using SPARSE 1.3 as Direct Linear Solver

Initial Transient Solution
--------------------------

Node                                   Voltage
----                                   -------
vdd                                       1.08
cm                                         0.6
vd                                      -0.048
ap                                       0.576
an                                       0.624
clk                                          0
ibn                                   0.226207
xa.x1.tmid                         0.000179683
xa.x1.tail                            0.569005
xa.x1.np                               1.07993
xa.x1.nn                                1.0798
xa.x1.ln                                  1.08
xa.x1.lp                                  1.08
xa.x1.lnb                          1.50303e-06
xa.x1.lpb                          1.57669e-06
xa.x1.na                                  1.08
doutb                              2.10104e-06
dout                                   1.07998
xa.x1.nb                               1.07999
doutn                                 0.999984
bdoutn#branch                                0
ean#branch                         2.28262e-12
eap#branch                         3.01933e-12
vclk#branch                        1.93186e-10
vd#branch                                    0
vcm#branch                         5.30195e-12
vsup#branch                       -2.03256e-05

 Reference value :  7.88575e-08
 Reference value :  1.93258e-07
 Reference value :  3.10459e-07
 Reference value :  3.93650e-07
 Reference value :  5.03136e-07
 Reference value :  6.19959e-07
 Reference value :  7.34959e-07
 Reference value :  8.52458e-07
 Reference value :  9.70457e-07
No. of Data Rows : 10763
dlev0               =  1.02782e-05
dlev1               =  8.53164e-06
dlev2               =  8.64060e-06
dlev3               =  8.71865e-06
dlev4               =  8.76509e-06
dlev5               =  8.78493e-06
dlev6               =  8.78743e-06
dlev7               =  8.78240e-06
dlev8               =  8.78094e-06
dlev9               =  8.83169e-06
dlev10              =  8.96721e-06
dlev11              =  9.23861e-06
dlev12              =  9.33655e-06
dlev13              =  9.22370e-06
dlev14              =  9.43379e-06
dlev15              =  9.99987e-01
dlev16              =  9.99988e-01
dlev17              =  9.99988e-01
dlev18              =  9.99988e-01
dlev19              =  9.99987e-01
dlev20              =  9.99987e-01
dlev21              =  9.99987e-01
dlev22              =  9.99986e-01
dlev23              =  9.99986e-01
dlev24              =  9.99986e-01
dlev25              =  9.99986e-01
dlev26              =  9.99986e-01
dlev27              =  9.99986e-01
dlev28              =  9.99985e-01
dlev29              =  9.99985e-01
dlev30              =  9.99985e-01
dlev31              =  9.99985e-01
dlev32              =  9.99985e-01
vos = -4.499664904e-03
lowcount = 1.5000111699e+01
vbias               =  2.26207e-01
Reset re-loads circuit * comparator-offset-transient-mc @ fs_mismatch_125c_1.08v -- generated by sim/harness, do not edit

Circuit: * comparator-offset-transient-mc @ fs_mismatch_125c_1.08v -- generated by sim/harness, do not edit

Doing analysis at TEMP = 125.000000 and TNOM = 27.000000

Using SPARSE 1.3 as Direct Linear Solver

Initial Transient Solution
--------------------------

Node                                   Voltage
----                                   -------
vdd                                       1.08
cm                                         0.6
vd                                      -0.048
ap                                       0.576
an                                       0.624
clk                                          0
ibn                                   0.226324
xa.x1.tmid                         0.000159496
xa.x1.tail                            0.578076
xa.x1.np                               1.07994
xa.x1.nn                               1.07983
xa.x1.ln                                  1.08
xa.x1.lp                                  1.08
xa.x1.lnb                          1.78702e-06
xa.x1.lpb                            1.677e-06
xa.x1.na                               1.07999
doutb                                  1.07999
dout                               2.09161e-06
xa.x1.nb                                  1.08
doutn                              1.93667e-06
bdoutn#branch                                0
ean#branch                         2.29122e-12
eap#branch                         3.02383e-12
vclk#branch                        1.94136e-10
vd#branch                                    0
vcm#branch                         5.31505e-12
vsup#branch                       -2.02885e-05

 Reference value :  7.46517e-08
 Reference value :  1.90003e-07
 Reference value :  3.02750e-07
 Reference value :  4.16240e-07
 Reference value :  5.23051e-07
 Reference value :  6.38250e-07
 Reference value :  7.52950e-07
 Reference value :  8.65542e-07
 Reference value :  9.77752e-07
No. of Data Rows : 10763
dlev0               =  6.54982e-06
dlev1               =  6.61352e-06
dlev2               =  6.63156e-06
dlev3               =  6.62386e-06
dlev4               =  6.57307e-06
dlev5               =  6.47850e-06
dlev6               =  6.34984e-06
dlev7               =  6.20279e-06
dlev8               =  6.05417e-06
dlev9               =  5.91924e-06
dlev10              =  5.80903e-06
dlev11              =  5.75466e-06
dlev12              =  5.84423e-06
dlev13              =  5.64025e-06
dlev14              =  5.35708e-06
dlev15              =  5.22101e-06
dlev16              =  9.99989e-01
dlev17              =  9.99988e-01
dlev18              =  9.99989e-01
dlev19              =  9.99988e-01
dlev20              =  9.99988e-01
dlev21              =  9.99988e-01
dlev22              =  9.99988e-01
dlev23              =  9.99988e-01
dlev24              =  9.99988e-01
dlev25              =  9.99988e-01
dlev26              =  9.99988e-01
dlev27              =  9.99988e-01
dlev28              =  9.99988e-01
dlev29              =  9.99988e-01
dlev30              =  9.99988e-01
dlev31              =  9.99988e-01
dlev32              =  9.99988e-01
vos = -1.499700968e-03
lowcount = 1.6000099677e+01
vbias               =  2.26324e-01
Reset re-loads circuit * comparator-offset-transient-mc @ fs_mismatch_125c_1.08v -- generated by sim/harness, do not edit

Circuit: * comparator-offset-transient-mc @ fs_mismatch_125c_1.08v -- generated by sim/harness, do not edit

Doing analysis at TEMP = 125.000000 and TNOM = 27.000000

Using SPARSE 1.3 as Direct Linear Solver

Initial Transient Solution
--------------------------

Node                                   Voltage
----                                   -------
vdd                                       1.08
cm                                         0.6
vd                                      -0.048
ap                                       0.576
an                                       0.624
clk                                          0
ibn                                   0.225817
xa.x1.tmid                          0.00014263
xa.x1.tail                             0.57851
xa.x1.np                               1.07995
xa.x1.nn                               1.07985
xa.x1.ln                                  1.08
xa.x1.lp                                  1.08
xa.x1.lnb                          1.87392e-06
xa.x1.lpb                          1.67675e-06
xa.x1.na                               1.07999
doutb                                  1.07998
dout                               2.07541e-06
xa.x1.nb                                  1.08
doutn                              1.92168e-06
bdoutn#branch                                0
ean#branch                         2.29197e-12
eap#branch                         3.02539e-12
vclk#branch                        1.93472e-10
vd#branch                                    0
vcm#branch                         5.31736e-12
vsup#branch                       -2.02633e-05

 Reference value :  8.48396e-08
 Reference value :  1.97750e-07
 Reference value :  3.14849e-07
 Reference value :  4.25550e-07
 Reference value :  5.42250e-07
 Reference value :  6.59541e-07
 Reference value :  7.75640e-07
 Reference value :  8.91940e-07
No. of Data Rows : 10763
dlev0               =  6.41291e-06
dlev1               =  6.31360e-06
dlev2               =  6.27029e-06
dlev3               =  6.18717e-06
dlev4               =  6.07069e-06
dlev5               =  5.93358e-06
dlev6               =  5.79047e-06
dlev7               =  5.65742e-06
dlev8               =  5.54292e-06
dlev9               =  5.46290e-06
dlev10              =  5.49827e-06
dlev11              =  5.46758e-06
dlev12              =  5.13079e-06
dlev13              =  5.19312e-06
dlev14              =  9.99991e-01
dlev15              =  9.99988e-01
dlev16              =  9.99988e-01
dlev17              =  9.99988e-01
dlev18              =  9.99988e-01
dlev19              =  9.99988e-01
dlev20              =  9.99988e-01
dlev21              =  9.99988e-01
dlev22              =  9.99988e-01
dlev23              =  9.99988e-01
dlev24              =  9.99988e-01
dlev25              =  9.99988e-01
dlev26              =  9.99988e-01
dlev27              =  9.99988e-01
dlev28              =  9.99988e-01
dlev29              =  9.99988e-01
dlev30              =  9.99988e-01
dlev31              =  9.99988e-01
dlev32              =  9.99988e-01
vos = -7.499580695e-03
lowcount = 1.4000139768e+01
vbias               =  2.25817e-01
Reset re-loads circuit * comparator-offset-transient-mc @ fs_mismatch_125c_1.08v -- generated by sim/harness, do not edit

Circuit: * comparator-offset-transient-mc @ fs_mismatch_125c_1.08v -- generated by sim/harness, do not edit

Doing analysis at TEMP = 125.000000 and TNOM = 27.000000

Using SPARSE 1.3 as Direct Linear Solver

Initial Transient Solution
--------------------------

Node                                   Voltage
----                                   -------
vdd                                       1.08
cm                                         0.6
vd                                      -0.048
ap                                       0.576
an                                       0.624
clk                                          0
ibn                                   0.225644
xa.x1.tmid                         0.000164396
xa.x1.tail                            0.574691
xa.x1.np                               1.07994
xa.x1.nn                               1.07981
xa.x1.ln                                  1.08
xa.x1.lp                                  1.08
xa.x1.lnb                          1.65149e-06
xa.x1.lpb                           1.6656e-06
xa.x1.na                               1.07999
doutb                                  1.07998
dout                               2.34594e-06
xa.x1.nb                                  1.08
doutn                              2.17217e-06
bdoutn#branch                                0
ean#branch                         2.28831e-12
eap#branch                         3.02447e-12
vclk#branch                        1.95161e-10
vd#branch                                    0
vcm#branch                         5.31278e-12
vsup#branch                       -2.02988e-05

 Reference value :  6.40000e-11
 Reference value :  1.14637e-07
 Reference value :  2.18350e-07
 Reference value :  3.10551e-07
 Reference value :  4.21550e-07
 Reference value :  5.27852e-07
 Reference value :  6.40110e-07
 Reference value :  7.41740e-07
 Reference value :  8.55150e-07
 Reference value :  9.70183e-07
No. of Data Rows : 10763
dlev0               =  7.48371e-06
dlev1               =  7.73034e-06
dlev2               =  7.75795e-06
dlev3               =  9.68612e-06
dlev4               =  9.71535e-06
dlev5               =  9.83495e-06
dlev6               =  9.95967e-06
dlev7               =  1.00805e-05
dlev8               =  1.02080e-05
dlev9               =  1.03497e-05
dlev10              =  1.05208e-05
dlev11              =  1.07963e-05
dlev12              =  1.10655e-05
dlev13              =  1.09838e-05
dlev14              =  1.10839e-05
dlev15              =  1.12088e-05
dlev16              =  9.99992e-01
dlev17              =  9.99990e-01
dlev18              =  9.99990e-01
dlev19              =  9.99990e-01
dlev20              =  9.99990e-01
dlev21              =  9.99990e-01
dlev22              =  9.99990e-01
dlev23              =  9.99990e-01
dlev24              =  9.99990e-01
dlev25              =  9.99990e-01
dlev26              =  9.99990e-01
dlev27              =  9.99990e-01
dlev28              =  9.99990e-01
dlev29              =  9.99990e-01
dlev30              =  9.99990e-01
dlev31              =  9.99990e-01
dlev32              =  9.99990e-01
vos = -1.499969596e-03
lowcount = 1.6000010135e+01
vbias               =  2.25644e-01
Reset re-loads circuit * comparator-offset-transient-mc @ fs_mismatch_125c_1.08v -- generated by sim/harness, do not edit

Circuit: * comparator-offset-transient-mc @ fs_mismatch_125c_1.08v -- generated by sim/harness, do not edit

Doing analysis at TEMP = 125.000000 and TNOM = 27.000000

Using SPARSE 1.3 as Direct Linear Solver

Initial Transient Solution
--------------------------

Node                                   Voltage
----                                   -------
vdd                                       1.08
cm                                         0.6
vd                                      -0.048
ap                                       0.576
an                                       0.624
clk                                          0
ibn                                   0.226786
xa.x1.tmid                         0.000163066
xa.x1.tail                            0.575581
xa.x1.np                               1.07994
xa.x1.nn                               1.07981
xa.x1.ln                                  1.08
xa.x1.lp                                  1.08
xa.x1.lnb                          1.77879e-06
xa.x1.lpb                          1.76782e-06
xa.x1.na                                  1.08
doutb                              2.15584e-06
dout                                   1.07999
xa.x1.nb                               1.07999
doutn                                 0.999988
bdoutn#branch                                0
ean#branch                         2.28936e-12
eap#branch                         3.02555e-12
vclk#branch                        1.96054e-10
vd#branch                                    0
vcm#branch                         5.31492e-12
vsup#branch                       -2.02954e-05

 Reference value :  7.62520e-08
 Reference value :  1.92053e-07
 Reference value :  3.10073e-07
 Reference value :  4.24050e-07
 Reference value :  5.41550e-07
 Reference value :  6.50535e-07
 Reference value :  7.70027e-07
 Reference value :  8.85152e-07
No. of Data Rows : 10763
dlev0               =  7.27777e-06
dlev1               =  5.50012e-06
dlev2               =  5.59947e-06
dlev3               =  5.75759e-06
dlev4               =  5.89695e-06
dlev5               =  6.00854e-06
dlev6               =  6.09119e-06
dlev7               =  6.14928e-06
dlev8               =  6.19172e-06
dlev9               =  6.22914e-06
dlev10              =  8.16630e-06
dlev11              =  8.30653e-06
dlev12              =  8.47261e-06
dlev13              =  8.73340e-06
dlev14              =  8.95995e-06
dlev15              =  8.88693e-06
dlev16              =  9.10732e-06
dlev17              =  9.05202e-06
dlev18              =  9.99994e-01
dlev19              =  9.99991e-01
dlev20              =  9.99992e-01
dlev21              =  9.99992e-01
dlev22              =  9.99992e-01
dlev23              =  9.99992e-01
dlev24              =  9.99992e-01
dlev25              =  9.99992e-01
dlev26              =  9.99992e-01
dlev27              =  9.99992e-01
dlev28              =  9.99992e-01
dlev29              =  9.99991e-01
dlev30              =  9.99991e-01
dlev31              =  9.99991e-01
dlev32              =  9.99991e-01
vos = 4.4999847395e-03
lowcount = 1.7999994913e+01
vbias               =  2.26786e-01
Reset re-loads circuit * comparator-offset-transient-mc @ fs_mismatch_125c_1.08v -- generated by sim/harness, do not edit

Circuit: * comparator-offset-transient-mc @ fs_mismatch_125c_1.08v -- generated by sim/harness, do not edit

Doing analysis at TEMP = 125.000000 and TNOM = 27.000000

Using SPARSE 1.3 as Direct Linear Solver

Initial Transient Solution
--------------------------

Node                                   Voltage
----                                   -------
vdd                                       1.08
cm                                         0.6
vd                                      -0.048
ap                                       0.576
an                                       0.624
clk                                          0
ibn                                   0.224931
xa.x1.tmid                         0.000156346
xa.x1.tail                            0.577423
xa.x1.np                               1.07994
xa.x1.nn                               1.07983
xa.x1.ln                                  1.08
xa.x1.lp                                  1.08
xa.x1.lnb                          1.62351e-06
xa.x1.lpb                          1.45822e-06
xa.x1.na                                  1.08
doutb                                  1.07999
dout                               2.30418e-06
xa.x1.nb                                  1.08
doutn                               2.1335e-06
bdoutn#branch                                0
ean#branch                         2.29014e-12
eap#branch                         3.02469e-12
vclk#branch                        1.96599e-10
vd#branch                                    0
vcm#branch                         5.31483e-12
vsup#branch                       -2.02765e-05

 Reference value :  0.00000e+00
 Reference value :  1.15140e-07
 Reference value :  2.32440e-07
 Reference value :  3.50238e-07
 Reference value :  4.69048e-07
 Reference value :  5.82648e-07
 Reference value :  6.98850e-07
 Reference value :  8.07541e-07
 Reference value :  9.20202e-07
No. of Data Rows : 10763
dlev0               =  7.58941e-06
dlev1               =  7.50814e-06
dlev2               =  7.45505e-06
dlev3               =  7.39511e-06
dlev4               =  7.33396e-06
dlev5               =  7.27718e-06
dlev6               =  7.22729e-06
dlev7               =  7.19174e-06
dlev8               =  7.20311e-06
dlev9               =  7.30850e-06
dlev10              =  7.23347e-06
dlev11              =  6.99737e-06
dlev12              =  7.00345e-06
dlev13              =  6.87972e-06
dlev14              =  9.99991e-01
dlev15              =  9.99991e-01
dlev16              =  9.99991e-01
dlev17              =  9.99991e-01
dlev18              =  9.99991e-01
dlev19              =  9.99990e-01
dlev20              =  9.99990e-01
dlev21              =  9.99990e-01
dlev22              =  9.99990e-01
dlev23              =  9.99990e-01
dlev24              =  9.99990e-01
dlev25              =  9.99990e-01
dlev26              =  9.99989e-01
dlev27              =  9.99989e-01
dlev28              =  9.99989e-01
dlev29              =  9.99989e-01
dlev30              =  9.99989e-01
dlev31              =  9.99989e-01
dlev32              =  9.99989e-01
vos = -7.499730010e-03
lowcount = 1.4000089997e+01
vbias               =  2.24931e-01
Reset re-loads circuit * comparator-offset-transient-mc @ fs_mismatch_125c_1.08v -- generated by sim/harness, do not edit

Circuit: * comparator-offset-transient-mc @ fs_mismatch_125c_1.08v -- generated by sim/harness, do not edit

Doing analysis at TEMP = 125.000000 and TNOM = 27.000000

Using SPARSE 1.3 as Direct Linear Solver

Initial Transient Solution
--------------------------

Node                                   Voltage
----                                   -------
vdd                                       1.08
cm                                         0.6
vd                                      -0.048
ap                                       0.576
an                                       0.624
clk                                          0
ibn                                   0.230149
xa.x1.tmid                         0.000134212
xa.x1.tail                            0.579904
xa.x1.np                               1.07995
xa.x1.nn                               1.07984
xa.x1.ln                                  1.08
xa.x1.lp                                  1.08
xa.x1.lnb                          1.60585e-06
xa.x1.lpb                          1.56318e-06
xa.x1.na                               1.07999
doutb                                  1.07999
dout                               2.48257e-06
xa.x1.nb                                  1.08
doutn                              2.29868e-06
bdoutn#branch                                0
ean#branch                         2.29247e-12
eap#branch                         3.02533e-12
vclk#branch                        1.94307e-10
vd#branch                                    0
vcm#branch                          5.3178e-12
vsup#branch                       -2.02599e-05

 Reference value :  2.12392e-08
 Reference value :  1.40445e-07
 Reference value :  2.59161e-07
 Reference value :  3.75561e-07
 Reference value :  4.90961e-07
 Reference value :  6.08850e-07
 Reference value :  7.21950e-07
 Reference value :  8.39339e-07
 Reference value :  9.53639e-07
No. of Data Rows : 10763
dlev0               =  7.18357e-06
dlev1               =  7.08886e-06
dlev2               =  7.07342e-06
dlev3               =  7.05197e-06
dlev4               =  7.02517e-06
dlev5               =  6.99690e-06
dlev6               =  6.97261e-06
dlev7               =  6.96481e-06
dlev8               =  6.98950e-06
dlev9               =  7.01044e-06
dlev10              =  6.94389e-06
dlev11              =  6.77555e-06
dlev12              =  6.57146e-06
dlev13              =  6.41111e-06
dlev14              =  6.36282e-06
dlev15              =  6.35355e-06
dlev16              =  6.25586e-06
dlev17              =  9.99992e-01
dlev18              =  9.99990e-01
dlev19              =  9.99990e-01
dlev20              =  9.99990e-01
dlev21              =  9.99990e-01
dlev22              =  9.99990e-01
dlev23              =  9.99990e-01
dlev24              =  9.99990e-01
dlev25              =  9.99990e-01
dlev26              =  9.99990e-01
dlev27              =  9.99990e-01
dlev28              =  9.99990e-01
dlev29              =  9.99990e-01
dlev30              =  9.99990e-01
dlev31              =  9.99990e-01
dlev32              =  9.99990e-01
vos = 1.5001103056e-03
lowcount = 1.7000036769e+01
vbias               =  2.30149e-01
Reset re-loads circuit * comparator-offset-transient-mc @ fs_mismatch_125c_1.08v -- generated by sim/harness, do not edit

Circuit: * comparator-offset-transient-mc @ fs_mismatch_125c_1.08v -- generated by sim/harness, do not edit

Doing analysis at TEMP = 125.000000 and TNOM = 27.000000

Using SPARSE 1.3 as Direct Linear Solver

Initial Transient Solution
--------------------------

Node                                   Voltage
----                                   -------
vdd                                       1.08
cm                                         0.6
vd                                      -0.048
ap                                       0.576
an                                       0.624
clk                                          0
ibn                                   0.227445
xa.x1.tmid                         0.000169155
xa.x1.tail                            0.570592
xa.x1.np                               1.07993
xa.x1.nn                               1.07981
xa.x1.ln                                  1.08
xa.x1.lp                                  1.08
xa.x1.lnb                          1.62393e-06
xa.x1.lpb                          1.79655e-06
xa.x1.na                               1.07999
doutb                                  1.07999
dout                                2.0723e-06
xa.x1.nb                                  1.08
doutn                               1.9188e-06
bdoutn#branch                                0
ean#branch                         2.28467e-12
eap#branch                         3.02194e-12
vclk#branch                        1.94107e-10
vd#branch                                    0
vcm#branch                         5.30662e-12
vsup#branch                        -2.0307e-05

 Reference value :  6.44500e-08
 Reference value :  1.80650e-07
 Reference value :  2.99138e-07
 Reference value :  4.12939e-07
 Reference value :  5.30313e-07
 Reference value :  6.49157e-07
 Reference value :  7.65356e-07
 Reference value :  8.76250e-07
No. of Data Rows : 10763
dlev0               =  7.61188e-06
dlev1               =  7.66627e-06
dlev2               =  7.58134e-06
dlev3               =  7.46941e-06
dlev4               =  7.31800e-06
dlev5               =  7.12607e-06
dlev6               =  6.90482e-06
dlev7               =  6.67203e-06
dlev8               =  6.45151e-06
dlev9               =  6.25864e-06
dlev10              =  6.13600e-06
dlev11              =  6.18000e-06
dlev12              =  6.09541e-06
dlev13              =  5.76411e-06
dlev14              =  5.64196e-06
dlev15              =  9.99992e-01
dlev16              =  9.99993e-01
dlev17              =  9.99993e-01
dlev18              =  9.99993e-01
dlev19              =  9.99992e-01
dlev20              =  9.99992e-01
dlev21              =  9.99992e-01
dlev22              =  9.99992e-01
dlev23              =  9.99992e-01
dlev24              =  9.99992e-01
dlev25              =  9.99992e-01
dlev26              =  9.99992e-01
dlev27              =  9.99990e-01
dlev28              =  9.99990e-01
dlev29              =  9.99990e-01
dlev30              =  9.99990e-01
dlev31              =  9.99990e-01
dlev32              =  9.99990e-01
vos = -4.499842732e-03
lowcount = 1.5000052423e+01
vbias               =  2.27445e-01
Reset re-loads circuit * comparator-offset-transient-mc @ fs_mismatch_125c_1.08v -- generated by sim/harness, do not edit

Circuit: * comparator-offset-transient-mc @ fs_mismatch_125c_1.08v -- generated by sim/harness, do not edit

Doing analysis at TEMP = 125.000000 and TNOM = 27.000000

Using SPARSE 1.3 as Direct Linear Solver

Initial Transient Solution
--------------------------

Node                                   Voltage
----                                   -------
vdd                                       1.08
cm                                         0.6
vd                                      -0.048
ap                                       0.576
an                                       0.624
clk                                          0
ibn                                   0.227652
xa.x1.tmid                         0.000160879
xa.x1.tail                            0.574662
xa.x1.np                               1.07994
xa.x1.nn                               1.07982
xa.x1.ln                                  1.08
xa.x1.lp                                  1.08
xa.x1.lnb                          1.55109e-06
xa.x1.lpb                          1.75027e-06
xa.x1.na                               1.07999
doutb                                  1.07998
dout                               2.15111e-06
xa.x1.nb                                  1.08
doutn                              1.99177e-06
bdoutn#branch                                0
ean#branch                         2.28817e-12
eap#branch                         3.02433e-12
vclk#branch                        1.94173e-10
vd#branch                                    0
vcm#branch                          5.3125e-12
vsup#branch                       -2.02963e-05

 Reference value :  0.00000e+00
 Reference value :  1.12138e-07
 Reference value :  2.25852e-07
 Reference value :  3.39550e-07
 Reference value :  4.53450e-07
 Reference value :  5.66333e-07
 Reference value :  6.80200e-07
 Reference value :  7.97652e-07
 Reference value :  9.15051e-07
No. of Data Rows : 10763
dlev0               =  8.34560e-06
dlev1               =  8.58640e-06
dlev2               =  8.72332e-06
dlev3               =  8.83694e-06
dlev4               =  8.91506e-06
dlev5               =  8.95685e-06
dlev6               =  8.96891e-06
dlev7               =  8.96390e-06
dlev8               =  8.95691e-06
dlev9               =  8.96337e-06
dlev10              =  8.99585e-06
dlev11              =  9.09911e-06
dlev12              =  9.32804e-06
dlev13              =  9.17972e-06
dlev14              =  9.14445e-06
dlev15              =  1.10151e-05
dlev16              =  9.99988e-01
dlev17              =  9.99985e-01
dlev18              =  9.99985e-01
dlev19              =  9.99985e-01
dlev20              =  9.99985e-01
dlev21              =  9.99985e-01
dlev22              =  9.99985e-01
dlev23              =  9.99985e-01
dlev24              =  9.99985e-01
dlev25              =  9.99985e-01
dlev26              =  9.99986e-01
dlev27              =  9.99986e-01
dlev28              =  9.99986e-01
dlev29              =  9.99986e-01
dlev30              =  9.99985e-01
dlev31              =  9.99985e-01
dlev32              =  9.99985e-01
vos = -1.499695438e-03
lowcount = 1.6000101521e+01
vbias               =  2.27652e-01
Reset re-loads circuit * comparator-offset-transient-mc @ fs_mismatch_125c_1.08v -- generated by sim/harness, do not edit

Circuit: * comparator-offset-transient-mc @ fs_mismatch_125c_1.08v -- generated by sim/harness, do not edit

Doing analysis at TEMP = 125.000000 and TNOM = 27.000000

Using SPARSE 1.3 as Direct Linear Solver

Initial Transient Solution
--------------------------

Node                                   Voltage
----                                   -------
vdd                                       1.08
cm                                         0.6
vd                                      -0.048
ap                                       0.576
an                                       0.624
clk                                          0
ibn                                   0.227937
xa.x1.tmid                         0.000154557
xa.x1.tail                            0.576341
xa.x1.np                               1.07994
xa.x1.nn                               1.07982
xa.x1.ln                                  1.08
xa.x1.lp                                  1.08
xa.x1.lnb                           1.7274e-06
xa.x1.lpb                          1.84267e-06
xa.x1.na                               1.07999
doutb                                  1.07998
dout                               2.30235e-06
xa.x1.nb                                  1.08
doutn                               2.1318e-06
bdoutn#branch                                0
ean#branch                         2.29147e-12
eap#branch                         3.02605e-12
vclk#branch                        1.95808e-10
vd#branch                                    0
vcm#branch                         5.31752e-12
vsup#branch                       -2.02869e-05

 Reference value :  1.49578e-08
 Reference value :  1.29850e-07
 Reference value :  2.43050e-07
 Reference value :  3.57043e-07
 Reference value :  4.61853e-07
 Reference value :  5.78050e-07
 Reference value :  6.92550e-07
 Reference value :  8.07645e-07
 Reference value :  9.23046e-07
No. of Data Rows : 10763
dlev0               =  8.24673e-07
dlev1               =  1.03080e-06
dlev2               =  3.30976e-06
dlev3               =  3.66773e-06
dlev4               =  4.03579e-06
dlev5               =  4.40884e-06
dlev6               =  4.77012e-06
dlev7               =  5.10276e-06
dlev8               =  5.39509e-06
dlev9               =  5.65262e-06
dlev10              =  5.88833e-06
dlev11              =  6.12305e-06
dlev12              =  6.37022e-06
dlev13              =  6.64518e-06
dlev14              =  7.01392e-06
dlev15              =  7.35598e-06
dlev16              =  7.42523e-06
dlev17              =  7.84964e-06
dlev18              =  9.99991e-01
dlev19              =  9.99989e-01
dlev20              =  9.99989e-01
dlev21              =  9.99989e-01
dlev22              =  9.99989e-01
dlev23              =  9.99989e-01
dlev24              =  9.99989e-01
dlev25              =  9.99989e-01
dlev26              =  9.99989e-01
dlev27              =  9.99989e-01
dlev28              =  9.99989e-01
dlev29              =  9.99989e-01
dlev30              =  9.99989e-01
dlev31              =  9.99989e-01
dlev32              =  9.99989e-01
vos = 4.5002154908e-03
lowcount = 1.8000071830e+01
vbias               =  2.27937e-01
Reset re-loads circuit * comparator-offset-transient-mc @ fs_mismatch_125c_1.08v -- generated by sim/harness, do not edit

Circuit: * comparator-offset-transient-mc @ fs_mismatch_125c_1.08v -- generated by sim/harness, do not edit

Doing analysis at TEMP = 125.000000 and TNOM = 27.000000

Using SPARSE 1.3 as Direct Linear Solver

Initial Transient Solution
--------------------------

Node                                   Voltage
----                                   -------
vdd                                       1.08
cm                                         0.6
vd                                      -0.048
ap                                       0.576
an                                       0.624
clk                                          0
ibn                                   0.226434
xa.x1.tmid                         0.000165171
xa.x1.tail                            0.572141
xa.x1.np                               1.07994
xa.x1.nn                               1.07981
xa.x1.ln                                  1.08
xa.x1.lp                                  1.08
xa.x1.lnb                          1.79846e-06
xa.x1.lpb                          1.74165e-06
xa.x1.na                                  1.08
doutb                              2.18717e-06
dout                                   1.07999
xa.x1.nb                               1.07999
doutn                                 0.999988
bdoutn#branch                                0
ean#branch                         2.28723e-12
eap#branch                         3.02294e-12
vclk#branch                        1.95105e-10
vd#branch                                    0
vcm#branch                         5.31017e-12
vsup#branch                       -2.03008e-05

 Reference value :  2.40475e-08
 Reference value :  1.40217e-07
 Reference value :  2.55156e-07
 Reference value :  3.71856e-07
 Reference value :  4.86050e-07
 Reference value :  6.01650e-07
 Reference value :  7.13439e-07
 Reference value :  8.26255e-07
 Reference value :  9.11354e-07
No. of Data Rows : 10763
dlev0               =  3.45603e-06
dlev1               =  3.00113e-06
dlev2               =  3.25810e-06
dlev3               =  3.50074e-06
dlev4               =  3.71807e-06
dlev5               =  3.90915e-06
dlev6               =  4.07978e-06
dlev7               =  4.24050e-06
dlev8               =  4.40572e-06
dlev9               =  4.58586e-06
dlev10              =  4.80009e-06
dlev11              =  5.12256e-06
dlev12              =  5.24571e-06
dlev13              =  7.18719e-06
dlev14              =  7.45448e-06
dlev15              =  9.99993e-01
dlev16              =  9.99992e-01
dlev17              =  9.99992e-01
dlev18              =  9.99992e-01
dlev19              =  9.99992e-01
dlev20              =  9.99992e-01
dlev21              =  9.99992e-01
dlev22              =  9.99991e-01
dlev23              =  9.99991e-01
dlev24              =  9.99991e-01
dlev25              =  9.99991e-01
dlev26              =  9.99991e-01
dlev27              =  9.99991e-01
dlev28              =  9.99991e-01
dlev29              =  9.99990e-01
dlev30              =  9.99989e-01
dlev31              =  9.99989e-01
dlev32              =  9.99989e-01
vos = -4.499720595e-03
lowcount = 1.5000093135e+01
vbias               =  2.26434e-01
Reset re-loads circuit * comparator-offset-transient-mc @ fs_mismatch_125c_1.08v -- generated by sim/harness, do not edit

Circuit: * comparator-offset-transient-mc @ fs_mismatch_125c_1.08v -- generated by sim/harness, do not edit

Doing analysis at TEMP = 125.000000 and TNOM = 27.000000

Using SPARSE 1.3 as Direct Linear Solver

Initial Transient Solution
--------------------------

Node                                   Voltage
----                                   -------
vdd                                       1.08
cm                                         0.6
vd                                      -0.048
ap                                       0.576
an                                       0.624
clk                                          0
ibn                                   0.228059
xa.x1.tmid                         0.000166113
xa.x1.tail                            0.574189
xa.x1.np                               1.07994
xa.x1.nn                               1.07981
xa.x1.ln                                  1.08
xa.x1.lp                                  1.08
xa.x1.lnb                          1.59921e-06
xa.x1.lpb                          1.53924e-06
xa.x1.na                                  1.08
doutb                              1.91437e-06
dout                                   1.07999
xa.x1.nb                               1.07999
doutn                                 0.999986
bdoutn#branch                                0
ean#branch                          2.2877e-12
eap#branch                         3.02378e-12
vclk#branch                        1.96786e-10
vd#branch                                    0
vcm#branch                         5.31147e-12
vsup#branch                       -2.03074e-05

 Reference value :  1.05728e-08
 Reference value :  1.24950e-07
 Reference value :  2.42750e-07
 Reference value :  3.59236e-07
 Reference value :  4.70208e-07
 Reference value :  5.85058e-07
 Reference value :  7.01557e-07
 Reference value :  8.18050e-07
 Reference value :  9.30350e-07
No. of Data Rows : 10763
dlev0               =  1.11551e-05
dlev1               =  8.64156e-06
dlev2               =  8.67640e-06
dlev3               =  8.80256e-06
dlev4               =  8.93405e-06
dlev5               =  9.05435e-06
dlev6               =  9.14286e-06
dlev7               =  9.18175e-06
dlev8               =  9.17618e-06
dlev9               =  9.14493e-06
dlev10              =  9.11175e-06
dlev11              =  9.09796e-06
dlev12              =  9.12406e-06
dlev13              =  9.29043e-06
dlev14              =  9.28385e-06
dlev15              =  9.13289e-06
dlev16              =  9.18525e-06
dlev17              =  9.99991e-01
dlev18              =  9.99990e-01
dlev19              =  9.99990e-01
dlev20              =  9.99990e-01
dlev21              =  9.99990e-01
dlev22              =  9.99990e-01
dlev23              =  9.99990e-01
dlev24              =  9.99989e-01
dlev25              =  9.99989e-01
dlev26              =  9.99989e-01
dlev27              =  9.99988e-01
dlev28              =  9.99988e-01
dlev29              =  9.99988e-01
dlev30              =  9.99988e-01
dlev31              =  9.99988e-01
dlev32              =  9.99988e-01
vos = 1.5000544922e-03
lowcount = 1.7000018164e+01
vbias               =  2.28059e-01
Reset re-loads circuit * comparator-offset-transient-mc @ fs_mismatch_125c_1.08v -- generated by sim/harness, do not edit

Circuit: * comparator-offset-transient-mc @ fs_mismatch_125c_1.08v -- generated by sim/harness, do not edit

Doing analysis at TEMP = 125.000000 and TNOM = 27.000000

Using SPARSE 1.3 as Direct Linear Solver

Initial Transient Solution
--------------------------

Node                                   Voltage
----                                   -------
vdd                                       1.08
cm                                         0.6
vd                                      -0.048
ap                                       0.576
an                                       0.624
clk                                          0
ibn                                   0.230305
xa.x1.tmid                         0.000167583
xa.x1.tail                            0.570912
xa.x1.np                               1.07993
xa.x1.nn                               1.07981
xa.x1.ln                                  1.08
xa.x1.lp                                  1.08
xa.x1.lnb                          1.78062e-06
xa.x1.lpb                          1.55353e-06
xa.x1.na                                  1.08
doutb                              2.30873e-06
dout                                   1.07998
xa.x1.nb                               1.07999
doutn                                 0.999984
bdoutn#branch                                0
ean#branch                         2.28484e-12
eap#branch                         3.02025e-12
vclk#branch                        1.94294e-10
vd#branch                                    0
vcm#branch                         5.30509e-12
vsup#branch                       -2.03148e-05

 Reference value :  4.00031e-08
 Reference value :  1.59350e-07
 Reference value :  2.66335e-07
 Reference value :  3.83834e-07
 Reference value :  5.00200e-07
 Reference value :  6.19160e-07
 Reference value :  7.31059e-07
 Reference value :  8.50009e-07
 Reference value :  9.66850e-07
No. of Data Rows : 10763
dlev0               =  1.20424e-05
dlev1               =  9.62924e-06
dlev2               =  9.72479e-06
dlev3               =  9.83209e-06
dlev4               =  9.95160e-06
dlev5               =  1.00645e-05
dlev6               =  1.01361e-05
dlev7               =  1.01452e-05
dlev8               =  1.01007e-05
dlev9               =  1.00317e-05
dlev10              =  9.97466e-06
dlev11              =  9.95471e-06
dlev12              =  1.00359e-05
dlev13              =  1.01404e-05
dlev14              =  1.16033e-05
dlev15              =  1.16254e-05
dlev16              =  9.99990e-01
dlev17              =  9.99988e-01
dlev18              =  9.99988e-01
dlev19              =  9.99988e-01
dlev20              =  9.99988e-01
dlev21              =  9.99988e-01
dlev22              =  9.99988e-01
dlev23              =  9.99988e-01
dlev24              =  9.99988e-01
dlev25              =  9.99988e-01
dlev26              =  9.99988e-01
dlev27              =  9.99988e-01
dlev28              =  9.99988e-01
dlev29              =  9.99988e-01
dlev30              =  9.99988e-01
dlev31              =  9.99988e-01
dlev32              =  9.99988e-01
vos = -1.499891078e-03
lowcount = 1.6000036307e+01
vbias               =  2.30305e-01
Reset re-loads circuit * comparator-offset-transient-mc @ fs_mismatch_125c_1.08v -- generated by sim/harness, do not edit

Circuit: * comparator-offset-transient-mc @ fs_mismatch_125c_1.08v -- generated by sim/harness, do not edit

Doing analysis at TEMP = 125.000000 and TNOM = 27.000000

Using SPARSE 1.3 as Direct Linear Solver

Initial Transient Solution
--------------------------

Node                                   Voltage
----                                   -------
vdd                                       1.08
cm                                         0.6
vd                                      -0.048
ap                                       0.576
an                                       0.624
clk                                          0
ibn                                   0.225856
xa.x1.tmid                          0.00018895
xa.x1.tail                            0.567472
xa.x1.np                               1.07993
xa.x1.nn                               1.07979
xa.x1.ln                                  1.08
xa.x1.lp                                  1.08
xa.x1.lnb                          1.73692e-06
xa.x1.lpb                          1.79039e-06
xa.x1.na                                  1.08
doutb                              2.10102e-06
dout                                   1.07999
xa.x1.nb                               1.07999
doutn                                 0.999988
bdoutn#branch                                0
ean#branch                          2.2822e-12
eap#branch                         3.01814e-12
vclk#branch                         1.9472e-10
vd#branch                                    0
vcm#branch                         5.30034e-12
vsup#branch                       -2.03382e-05

 Reference value :  7.11590e-08
 Reference value :  1.87750e-07
 Reference value :  3.02850e-07
 Reference value :  4.16540e-07
 Reference value :  5.30202e-07
 Reference value :  6.42261e-07
 Reference value :  7.60073e-07
 Reference value :  8.77550e-07
No. of Data Rows : 10763
dlev0               =  3.12363e-06
dlev1               =  2.83745e-06
dlev2               =  3.10903e-06
dlev3               =  3.37331e-06
dlev4               =  3.62278e-06
dlev5               =  3.85085e-06
dlev6               =  4.05702e-06
dlev7               =  4.24548e-06
dlev8               =  4.42350e-06
dlev9               =  6.49606e-06
dlev10              =  6.78026e-06
dlev11              =  7.07738e-06
dlev12              =  7.41702e-06
dlev13              =  7.82999e-06
dlev14              =  8.51766e-06
dlev15              =  9.21521e-06
dlev16              =  9.91044e-06
dlev17              =  9.99992e-01
dlev18              =  9.99993e-01
dlev19              =  9.99993e-01
dlev20              =  9.99993e-01
dlev21              =  9.99992e-01
dlev22              =  9.99992e-01
dlev23              =  9.99992e-01
dlev24              =  9.99992e-01
dlev25              =  9.99992e-01
dlev26              =  9.99992e-01
dlev27              =  9.99991e-01
dlev28              =  9.99991e-01
dlev29              =  9.99991e-01
dlev30              =  9.99991e-01
dlev31              =  9.99991e-01
dlev32              =  9.99991e-01
vos = 1.5001059388e-03
lowcount = 1.7000035313e+01
vbias               =  2.25856e-01
Reset re-loads circuit * comparator-offset-transient-mc @ fs_mismatch_125c_1.08v -- generated by sim/harness, do not edit

Circuit: * comparator-offset-transient-mc @ fs_mismatch_125c_1.08v -- generated by sim/harness, do not edit

Doing analysis at TEMP = 125.000000 and TNOM = 27.000000

Using SPARSE 1.3 as Direct Linear Solver

Initial Transient Solution
--------------------------

Node                                   Voltage
----                                   -------
vdd                                       1.08
cm                                         0.6
vd                                      -0.048
ap                                       0.576
an                                       0.624
clk                                          0
ibn                                   0.228155
xa.x1.tmid                         0.000162701
xa.x1.tail                            0.571722
xa.x1.np                               1.07994
xa.x1.nn                               1.07982
xa.x1.ln                                  1.08
xa.x1.lp                                  1.08
xa.x1.lnb                          1.82268e-06
xa.x1.lpb                          2.04895e-06
xa.x1.na                                  1.08
doutb                              2.19332e-06
dout                                   1.07999
xa.x1.nb                               1.07999
doutn                                 0.999987
bdoutn#branch                                0
ean#branch                         2.28634e-12
eap#branch                         3.02117e-12
vclk#branch                        1.94005e-10
vd#branch                                    0
vcm#branch                          5.3075e-12
vsup#branch                          -2.03e-05

 Reference value :  0.00000e+00
 Reference value :  1.14836e-07
 Reference value :  2.31336e-07
 Reference value :  3.47356e-07
 Reference value :  4.60857e-07
 Reference value :  5.78550e-07
 Reference value :  6.97150e-07
 Reference value :  8.12150e-07
 Reference value :  9.30000e-07
No. of Data Rows : 10763
dlev0               =  1.09822e-05
dlev1               =  7.71947e-06
dlev2               =  7.73979e-06
dlev3               =  7.74465e-06
dlev4               =  7.71289e-06
dlev5               =  7.62498e-06
dlev6               =  7.48776e-06
dlev7               =  7.32074e-06
dlev8               =  7.15754e-06
dlev9               =  7.01985e-06
dlev10              =  6.92879e-06
dlev11              =  6.99104e-06
dlev12              =  6.83612e-06
dlev13              =  6.59137e-06
dlev14              =  9.99993e-01
dlev15              =  9.99991e-01
dlev16              =  9.99991e-01
dlev17              =  9.99990e-01
dlev18              =  9.99990e-01
dlev19              =  9.99990e-01
dlev20              =  9.99990e-01
dlev21              =  9.99990e-01
dlev22              =  9.99990e-01
dlev23              =  9.99990e-01
dlev24              =  9.99990e-01
dlev25              =  9.99990e-01
dlev26              =  9.99990e-01
dlev27              =  9.99990e-01
dlev28              =  9.99990e-01
dlev29              =  9.99990e-01
dlev30              =  9.99990e-01
dlev31              =  9.99990e-01
dlev32              =  9.99990e-01
vos = -7.499763471e-03
lowcount = 1.4000078843e+01
vbias               =  2.28155e-01
Reset re-loads circuit * comparator-offset-transient-mc @ fs_mismatch_125c_1.08v -- generated by sim/harness, do not edit

Circuit: * comparator-offset-transient-mc @ fs_mismatch_125c_1.08v -- generated by sim/harness, do not edit

Doing analysis at TEMP = 125.000000 and TNOM = 27.000000

Using SPARSE 1.3 as Direct Linear Solver

Initial Transient Solution
--------------------------

Node                                   Voltage
----                                   -------
vdd                                       1.08
cm                                         0.6
vd                                      -0.048
ap                                       0.576
an                                       0.624
clk                                          0
ibn                                   0.229625
xa.x1.tmid                         0.000147729
xa.x1.tail                            0.575848
xa.x1.np                               1.07994
xa.x1.nn                               1.07982
xa.x1.ln                                  1.08
xa.x1.lp                                  1.08
xa.x1.lnb                          1.75166e-06
xa.x1.lpb                          1.55678e-06
xa.x1.na                               1.07999
doutb                                  1.07998
dout                               2.18611e-06
xa.x1.nb                                  1.08
doutn                              2.02418e-06
bdoutn#branch                                0
ean#branch                         2.28975e-12
eap#branch                         3.02336e-12
vclk#branch                        1.94506e-10
vd#branch                                    0
vcm#branch                         5.31311e-12
vsup#branch                       -2.02766e-05

 Reference value :  3.75500e-08
 Reference value :  1.54550e-07
 Reference value :  2.70550e-07
 Reference value :  3.85642e-07
 Reference value :  4.93854e-07
 Reference value :  6.10003e-07
 Reference value :  7.22450e-07
 Reference value :  8.40000e-07
 Reference value :  9.52943e-07
No. of Data Rows : 10763
dlev0               =  4.71314e-06
dlev1               =  4.82315e-06
dlev2               =  4.93758e-06
dlev3               =  5.14190e-06
dlev4               =  5.34850e-06
dlev5               =  5.51649e-06
dlev6               =  5.62270e-06
dlev7               =  5.67765e-06
dlev8               =  5.70713e-06
dlev9               =  5.74591e-06
dlev10              =  5.81860e-06
dlev11              =  5.97045e-06
dlev12              =  6.28542e-06
dlev13              =  6.12004e-06
dlev14              =  6.19278e-06
dlev15              =  9.99991e-01
dlev16              =  9.99989e-01
dlev17              =  9.99989e-01
dlev18              =  9.99989e-01
dlev19              =  9.99989e-01
dlev20              =  9.99989e-01
dlev21              =  9.99989e-01
dlev22              =  9.99989e-01
dlev23              =  9.99989e-01
dlev24              =  9.99989e-01
dlev25              =  9.99989e-01
dlev26              =  9.99989e-01
dlev27              =  9.99988e-01
dlev28              =  9.99988e-01
dlev29              =  9.99988e-01
dlev30              =  9.99988e-01
dlev31              =  9.99988e-01
dlev32              =  9.99988e-01
vos = -4.499643364e-03
lowcount = 1.5000118879e+01
vbias               =  2.29625e-01
Reset re-loads circuit * comparator-offset-transient-mc @ fs_mismatch_125c_1.08v -- generated by sim/harness, do not edit

Circuit: * comparator-offset-transient-mc @ fs_mismatch_125c_1.08v -- generated by sim/harness, do not edit

Doing analysis at TEMP = 125.000000 and TNOM = 27.000000

Using SPARSE 1.3 as Direct Linear Solver

Initial Transient Solution
--------------------------

Node                                   Voltage
----                                   -------
vdd                                       1.08
cm                                         0.6
vd                                      -0.048
ap                                       0.576
an                                       0.624
clk                                          0
ibn                                   0.228446
xa.x1.tmid                          0.00015321
xa.x1.tail                             0.57543
xa.x1.np                               1.07994
xa.x1.nn                               1.07983
xa.x1.ln                                  1.08
xa.x1.lp                                  1.08
xa.x1.lnb                          1.74272e-06
xa.x1.lpb                           1.5445e-06
xa.x1.na                               1.07999
doutb                                  1.07999
dout                               1.84378e-06
xa.x1.nb                                  1.08
doutn                               1.7072e-06
bdoutn#branch                                0
ean#branch                         2.28911e-12
eap#branch                         3.02416e-12
vclk#branch                        1.94426e-10
vd#branch                                    0
vcm#branch                         5.31328e-12
vsup#branch                       -2.02834e-05

 Reference value :  5.07358e-08
 Reference value :  1.40238e-07
 Reference value :  2.46150e-07
 Reference value :  3.60000e-07
 Reference value :  4.75837e-07
 Reference value :  5.92140e-07
 Reference value :  7.10398e-07
 Reference value :  8.30200e-07
 Reference value :  9.44150e-07
No. of Data Rows : 10763
dlev0               =  8.04374e-06
dlev1               =  8.18749e-06
dlev2               =  8.21887e-06
dlev3               =  8.22937e-06
dlev4               =  8.20065e-06
dlev5               =  8.12292e-06
dlev6               =  8.00279e-06
dlev7               =  7.85702e-06
dlev8               =  7.70599e-06
dlev9               =  7.56939e-06
dlev10              =  7.46247e-06
dlev11              =  7.44022e-06
dlev12              =  7.50341e-06
dlev13              =  7.14237e-06
dlev14              =  7.19448e-06
dlev15              =  9.99991e-01
dlev16              =  9.99990e-01
dlev17              =  9.99990e-01
dlev18              =  9.99990e-01
dlev19              =  9.99990e-01
dlev20              =  9.99990e-01
dlev21              =  9.99990e-01
dlev22              =  9.99990e-01
dlev23              =  9.99990e-01
dlev24              =  9.99990e-01
dlev25              =  9.99990e-01
dlev26              =  9.99990e-01
dlev27              =  9.99989e-01
dlev28              =  9.99989e-01
dlev29              =  9.99989e-01
dlev30              =  9.99989e-01
dlev31              =  9.99989e-01
dlev32              =  9.99989e-01
vos = -4.499788743e-03
lowcount = 1.5000070419e+01
vbias               =  2.28446e-01
Reset re-loads circuit * comparator-offset-transient-mc @ fs_mismatch_125c_1.08v -- generated by sim/harness, do not edit

Circuit: * comparator-offset-transient-mc @ fs_mismatch_125c_1.08v -- generated by sim/harness, do not edit

Doing analysis at TEMP = 125.000000 and TNOM = 27.000000

Using SPARSE 1.3 as Direct Linear Solver

Initial Transient Solution
--------------------------

Node                                   Voltage
----                                   -------
vdd                                       1.08
cm                                         0.6
vd                                      -0.048
ap                                       0.576
an                                       0.624
clk                                          0
ibn                                   0.224981
xa.x1.tmid                         0.000160777
xa.x1.tail                             0.57646
xa.x1.np                               1.07995
xa.x1.nn                               1.07982
xa.x1.ln                                  1.08
xa.x1.lp                                  1.08
xa.x1.lnb                           1.7202e-06
xa.x1.lpb                          1.72531e-06
xa.x1.na                                  1.08
doutb                              2.18058e-06
dout                                   1.07999
xa.x1.nb                               1.07999
doutn                                 0.999987
bdoutn#branch                                0
ean#branch                         2.28956e-12
eap#branch                         3.02408e-12
vclk#branch                        1.94845e-10
vd#branch                                    0
vcm#branch                         5.31364e-12
vsup#branch                       -2.02898e-05

 Reference value :  4.90481e-08
 Reference value :  1.66749e-07
 Reference value :  2.82150e-07
 Reference value :  4.00100e-07
 Reference value :  5.12050e-07
 Reference value :  6.29237e-07
 Reference value :  7.45941e-07
 Reference value :  8.60277e-07
 Reference value :  9.75648e-07
No. of Data Rows : 10763
dlev0               =  6.32471e-06
dlev1               =  4.48999e-06
dlev2               =  4.58240e-06
dlev3               =  4.64834e-06
dlev4               =  4.68643e-06
dlev5               =  4.69873e-06
dlev6               =  4.69114e-06
dlev7               =  4.69260e-06
dlev8               =  4.75405e-06
dlev9               =  4.82664e-06
dlev10              =  4.91858e-06
dlev11              =  5.05556e-06
dlev12              =  5.32267e-06
dlev13              =  5.41751e-06
dlev14              =  5.29107e-06
dlev15              =  5.60615e-06
dlev16              =  9.99993e-01
dlev17              =  9.99991e-01
dlev18              =  9.99991e-01
dlev19              =  9.99991e-01
dlev20              =  9.99991e-01
dlev21              =  9.99991e-01
dlev22              =  9.99991e-01
dlev23              =  9.99990e-01
dlev24              =  9.99989e-01
dlev25              =  9.99989e-01
dlev26              =  9.99989e-01
dlev27              =  9.99989e-01
dlev28              =  9.99989e-01
dlev29              =  9.99989e-01
dlev30              =  9.99989e-01
dlev31              =  9.99989e-01
dlev32              =  9.99989e-01
vos = -1.499732120e-03
lowcount = 1.6000089293e+01
vbias               =  2.24981e-01
Reset re-loads circuit * comparator-offset-transient-mc @ fs_mismatch_125c_1.08v -- generated by sim/harness, do not edit

Circuit: * comparator-offset-transient-mc @ fs_mismatch_125c_1.08v -- generated by sim/harness, do not edit

Doing analysis at TEMP = 125.000000 and TNOM = 27.000000

Using SPARSE 1.3 as Direct Linear Solver

Initial Transient Solution
--------------------------

Node                                   Voltage
----                                   -------
vdd                                       1.08
cm                                         0.6
vd                                      -0.048
ap                                       0.576
an                                       0.624
clk                                          0
ibn                                   0.226641
xa.x1.tmid                         0.000152579
xa.x1.tail                            0.577506
xa.x1.np                               1.07995
xa.x1.nn                               1.07983
xa.x1.ln                                  1.08
xa.x1.lp                                  1.08
xa.x1.lnb                          1.82665e-06
xa.x1.lpb                           1.8099e-06
xa.x1.na                               1.07999
doutb                                  1.07999
dout                               2.03864e-06
xa.x1.nb                                  1.08
doutn                              1.88763e-06
bdoutn#branch                                0
ean#branch                         2.28995e-12
eap#branch                         3.02619e-12
vclk#branch                        1.95787e-10
vd#branch                                    0
vcm#branch                         5.31614e-12
vsup#branch                        -2.0277e-05

 Reference value :  7.06549e-08
 Reference value :  1.86250e-07
 Reference value :  3.00450e-07
 Reference value :  4.18336e-07
 Reference value :  5.30945e-07
 Reference value :  6.48354e-07
 Reference value :  7.63154e-07
 Reference value :  8.76250e-07
 Reference value :  9.58650e-07
No. of Data Rows : 10763
dlev0               =  6.01303e-06
dlev1               =  6.11760e-06
dlev2               =  6.26575e-06
dlev3               =  6.42350e-06
dlev4               =  6.58259e-06
dlev5               =  6.72365e-06
dlev6               =  6.82711e-06
dlev7               =  6.88323e-06
dlev8               =  6.89885e-06
dlev9               =  6.88869e-06
dlev10              =  6.87779e-06
dlev11              =  8.74258e-06
dlev12              =  8.85794e-06
dlev13              =  9.05000e-06
dlev14              =  9.32834e-06
dlev15              =  9.20371e-06
dlev16              =  9.40059e-06
dlev17              =  9.99988e-01
dlev18              =  9.99988e-01
dlev19              =  9.99988e-01
dlev20              =  9.99988e-01
dlev21              =  9.99988e-01
dlev22              =  9.99988e-01
dlev23              =  9.99988e-01
dlev24              =  9.99987e-01
dlev25              =  9.99987e-01
dlev26              =  9.99987e-01
dlev27              =  9.99987e-01
dlev28              =  9.99987e-01
dlev29              =  9.99987e-01
dlev30              =  9.99987e-01
dlev31              =  9.99987e-01
dlev32              =  9.99987e-01
vos = 1.5002202452e-03
lowcount = 1.7000073415e+01
vbias               =  2.26641e-01
Reset re-loads circuit * comparator-offset-transient-mc @ fs_mismatch_125c_1.08v -- generated by sim/harness, do not edit

Circuit: * comparator-offset-transient-mc @ fs_mismatch_125c_1.08v -- generated by sim/harness, do not edit

Doing analysis at TEMP = 125.000000 and TNOM = 27.000000

Using SPARSE 1.3 as Direct Linear Solver

Initial Transient Solution
--------------------------

Node                                   Voltage
----                                   -------
vdd                                       1.08
cm                                         0.6
vd                                      -0.048
ap                                       0.576
an                                       0.624
clk                                          0
ibn                                   0.229495
xa.x1.tmid                         0.000157736
xa.x1.tail                            0.574358
xa.x1.np                               1.07994
xa.x1.nn                               1.07982
xa.x1.ln                                  1.08
xa.x1.lp                                  1.08
xa.x1.lnb                          1.66761e-06
xa.x1.lpb                          1.73497e-06
xa.x1.na                                  1.08
doutb                              2.18885e-06
dout                                   1.07999
xa.x1.nb                               1.07999
doutn                                 0.999988
bdoutn#branch                                0
ean#branch                         2.28817e-12
eap#branch                           3.025e-12
vclk#branch                        1.94857e-10
vd#branch                                    0
vcm#branch                         5.31317e-12
vsup#branch                       -2.02946e-05

 Reference value :  5.28410e-08
 Reference value :  1.70398e-07
 Reference value :  2.89057e-07
 Reference value :  4.05558e-07
 Reference value :  5.22858e-07
 Reference value :  6.38450e-07
 Reference value :  7.51050e-07
 Reference value :  8.61847e-07
 Reference value :  9.74556e-07
No. of Data Rows : 10763
dlev0               =  9.37490e-06
dlev1               =  6.64487e-06
dlev2               =  6.71985e-06
dlev3               =  6.79608e-06
dlev4               =  6.87994e-06
dlev5               =  6.98026e-06
dlev6               =  7.09138e-06
dlev7               =  7.17870e-06
dlev8               =  7.20376e-06
dlev9               =  7.16066e-06
dlev10              =  7.07959e-06
dlev11              =  7.00604e-06
dlev12              =  6.97374e-06
dlev13              =  7.05561e-06
dlev14              =  7.09099e-06
dlev15              =  6.97726e-06
dlev16              =  9.99991e-01
dlev17              =  9.99991e-01
dlev18              =  9.99991e-01
dlev19              =  9.99990e-01
dlev20              =  9.99990e-01
dlev21              =  9.99990e-01
dlev22              =  9.99990e-01
dlev23              =  9.99990e-01
dlev24              =  9.99990e-01
dlev25              =  9.99990e-01
dlev26              =  9.99990e-01
dlev27              =  9.99989e-01
dlev28              =  9.99989e-01
dlev29              =  9.99989e-01
dlev30              =  9.99989e-01
dlev31              =  9.99989e-01
dlev32              =  9.99989e-01
vos = -1.499826941e-03
lowcount = 1.6000057686e+01
vbias               =  2.29495e-01
m_n_samples = 6.0000000000e+01
m_n_out_of_range = 0.0000000000e+00
m_sig_vos_raw_mv = 3.6068928302e+00
m_sig_vos_mv = 3.5013819969e+00
m_vos_3sig_mv = 1.0504145991e+01
m_mean_vos_uv = -7.998034477e+02
m_mean_vos_sem = -1.717614345e+00
m_vbias_anchor_mv = 2.2949540000e+02
Note: Simulation executed from .control section 

Note: Starting dynamic gmin stepping
Note: Dynamic gmin stepping completed
Note: Starting dynamic gmin stepping
Note: Dynamic gmin stepping completed
Note: Starting dynamic gmin stepping
Note: Dynamic gmin stepping completed
Note: Starting dynamic gmin stepping
Note: Dynamic gmin stepping completed
Note: Starting dynamic gmin stepping
Note: Dynamic gmin stepping completed
Note: Starting dynamic gmin stepping
Note: Dynamic gmin stepping completed
Note: Starting dynamic gmin stepping
Note: Dynamic gmin stepping completed
Note: Starting dynamic gmin stepping
Note: Dynamic gmin stepping completed
Note: Starting dynamic gmin stepping
Note: Dynamic gmin stepping completed
Note: Starting dynamic gmin stepping
Note: Dynamic gmin stepping completed
Note: Starting dynamic gmin stepping
Note: Dynamic gmin stepping completed
Note: Starting dynamic gmin stepping
Note: Dynamic gmin stepping completed
Note: Starting dynamic gmin stepping
Note: Dynamic gmin stepping completed
Note: Starting dynamic gmin stepping
Note: Dynamic gmin stepping completed
Note: Starting dynamic gmin stepping
Note: Dynamic gmin stepping completed
Note: Starting dynamic gmin stepping
Note: Dynamic gmin stepping completed
Note: Starting dynamic gmin stepping
Note: Dynamic gmin stepping completed
