
Note: No compatibility mode selected!


Circuit: * comparator-offset-transient-mc @ sf_mismatch_-40c_1.20v -- generated by sim/harness, do not edit

Reset re-loads circuit * comparator-offset-transient-mc @ sf_mismatch_-40c_1.20v -- generated by sim/harness, do not edit

Circuit: * comparator-offset-transient-mc @ sf_mismatch_-40c_1.20v -- generated by sim/harness, do not edit

Doing analysis at TEMP = -40.000000 and TNOM = 27.000000

Using SPARSE 1.3 as Direct Linear Solver

Initial Transient Solution
--------------------------

Node                                   Voltage
----                                   -------
vdd                                        1.2
cm                                         0.6
vd                                      -0.048
ap                                       0.576
an                                       0.624
clk                                          0
ibn                                   0.367135
xa.x1.tmid                         5.45399e-09
xa.x1.tail                            0.580333
xa.x1.np                                   1.2
xa.x1.nn                                   1.2
xa.x1.ln                                   1.2
xa.x1.lp                                   1.2
xa.x1.lnb                          4.29469e-08
xa.x1.lpb                          4.26447e-08
xa.x1.na                                   1.2
doutb                              4.41904e-08
dout                                       1.2
xa.x1.nb                                   1.2
doutn                                        1
bdoutn#branch                                0
ean#branch                         2.19047e-13
eap#branch                          2.8208e-13
vclk#branch                        3.65622e-10
vd#branch                                    0
vcm#branch                         5.01127e-13
vsup#branch                       -2.00007e-05

 Reference value :  5.02052e-08
 Reference value :  1.69794e-07
 Reference value :  2.73750e-07
 Reference value :  3.90550e-07
 Reference value :  5.03298e-07
 Reference value :  6.20200e-07
 Reference value :  7.35302e-07
 Reference value :  8.51184e-07
 Reference value :  9.68650e-07
No. of Data Rows : 10851
dlev0               =  3.33822e-06
dlev1               =  1.47594e-05
dlev2               =  1.48980e-05
dlev3               =  1.53407e-05
dlev4               =  1.93645e-05
dlev5               =  1.80857e-05
dlev6               =  1.87435e-05
dlev7               =  2.21488e-05
dlev8               =  2.22992e-05
dlev9               =  2.21970e-05
dlev10              =  2.16134e-05
dlev11              =  1.96149e-05
dlev12              =  1.81290e-05
dlev13              =  1.85892e-05
dlev14              =  2.15789e-05
dlev15              =  2.04334e-05
dlev16              =  1.00001e+00
dlev17              =  1.00001e+00
dlev18              =  1.00001e+00
dlev19              =  1.00001e+00
dlev20              =  1.00001e+00
dlev21              =  1.00001e+00
dlev22              =  1.00001e+00
dlev23              =  1.00001e+00
dlev24              =  1.00001e+00
dlev25              =  1.00001e+00
dlev26              =  1.00001e+00
dlev27              =  1.00001e+00
dlev28              =  1.00001e+00
dlev29              =  1.00001e+00
dlev30              =  1.00001e+00
dlev31              =  1.00001e+00
dlev32              =  1.00001e+00
vos = -1.501428401e-03
lowcount = 1.5999523866e+01
vbias               =  3.67135e-01
Reset re-loads circuit * comparator-offset-transient-mc @ sf_mismatch_-40c_1.20v -- generated by sim/harness, do not edit

Circuit: * comparator-offset-transient-mc @ sf_mismatch_-40c_1.20v -- generated by sim/harness, do not edit

Doing analysis at TEMP = -40.000000 and TNOM = 27.000000

Using SPARSE 1.3 as Direct Linear Solver

Initial Transient Solution
--------------------------

Node                                   Voltage
----                                   -------
vdd                                        1.2
cm                                         0.6
vd                                      -0.048
ap                                       0.576
an                                       0.624
clk                                          0
ibn                                   0.368994
xa.x1.tmid                         5.75442e-09
xa.x1.tail                            0.578066
xa.x1.np                                   1.2
xa.x1.nn                                   1.2
xa.x1.ln                                   1.2
xa.x1.lp                                   1.2
xa.x1.lnb                           4.1309e-08
xa.x1.lpb                          4.13525e-08
xa.x1.na                                1.1882
doutb                                 0.643041
dout                                   0.63717
xa.x1.nb                               1.18746
doutn                                 0.530975
bdoutn#branch                                0
ean#branch                         2.18825e-13
eap#branch                         2.82246e-13
vclk#branch                        3.64914e-10
vd#branch                                    0
vcm#branch                         5.01071e-13
vsup#branch                       -7.76273e-05

 Reference value :  7.01497e-08
 Reference value :  1.87750e-07
 Reference value :  3.01150e-07
 Reference value :  4.14022e-07
 Reference value :  5.26423e-07
 Reference value :  6.40603e-07
 Reference value :  7.55450e-07
 Reference value :  8.72350e-07
 Reference value :  9.88416e-07
No. of Data Rows : 10850
dlev0               =  1.79960e-05
dlev1               =  1.65475e-05
dlev2               =  1.64634e-05
dlev3               =  8.13040e-06
dlev4               =  8.60312e-06
dlev5               =  9.08036e-06
dlev6               =  1.61811e-05
dlev7               =  1.65272e-05
dlev8               =  1.76036e-05
dlev9               =  1.99965e-05
dlev10              =  2.05937e-05
dlev11              =  1.96629e-05
dlev12              =  1.88279e-05
dlev13              =  1.67336e-05
dlev14              =  1.53814e-05
dlev15              =  1.97863e-05
dlev16              =  2.11232e-05
dlev17              =  1.00001e+00
dlev18              =  1.00001e+00
dlev19              =  1.00001e+00
dlev20              =  1.00001e+00
dlev21              =  1.00001e+00
dlev22              =  1.00001e+00
dlev23              =  1.00001e+00
dlev24              =  1.00001e+00
dlev25              =  1.00001e+00
dlev26              =  1.00001e+00
dlev27              =  1.00001e+00
dlev28              =  1.00001e+00
dlev29              =  1.00001e+00
dlev30              =  1.00001e+00
dlev31              =  1.00001e+00
dlev32              =  1.00001e+00
vos = 1.4987692857e-03
lowcount = 1.6999589762e+01
vbias               =  3.68994e-01
Reset re-loads circuit * comparator-offset-transient-mc @ sf_mismatch_-40c_1.20v -- generated by sim/harness, do not edit

Circuit: * comparator-offset-transient-mc @ sf_mismatch_-40c_1.20v -- generated by sim/harness, do not edit

Doing analysis at TEMP = -40.000000 and TNOM = 27.000000

Using SPARSE 1.3 as Direct Linear Solver

Initial Transient Solution
--------------------------

Node                                   Voltage
----                                   -------
vdd                                        1.2
cm                                         0.6
vd                                      -0.048
ap                                       0.576
an                                       0.624
clk                                          0
ibn                                   0.369114
xa.x1.tmid                         4.79145e-09
xa.x1.tail                            0.584358
xa.x1.np                                   1.2
xa.x1.nn                                   1.2
xa.x1.ln                                   1.2
xa.x1.lp                                   1.2
xa.x1.lnb                          4.13536e-08
xa.x1.lpb                          4.16855e-08
xa.x1.na                               1.18898
doutb                                 0.652267
dout                                  0.645873
xa.x1.nb                               1.18866
doutn                                 0.538228
bdoutn#branch                                0
ean#branch                         2.19103e-13
eap#branch                         2.82163e-13
vclk#branch                        3.63255e-10
vd#branch                                    0
vcm#branch                         5.01266e-13
vsup#branch                       -7.39727e-05

 Reference value :  9.09500e-08
 Reference value :  2.08720e-07
 Reference value :  3.17794e-07
 Reference value :  4.30202e-07
 Reference value :  5.41450e-07
 Reference value :  6.59008e-07
 Reference value :  7.76416e-07
 Reference value :  8.93225e-07
No. of Data Rows : 10857
dlev0               =  4.95164e-06
dlev1               =  1.46638e-05
dlev2               =  1.46132e-05
dlev3               =  1.45958e-05
dlev4               =  1.45891e-05
dlev5               =  1.45375e-05
dlev6               =  1.45347e-05
dlev7               =  1.45685e-05
dlev8               =  1.48601e-05
dlev9               =  1.58725e-05
dlev10              =  1.73817e-05
dlev11              =  1.78602e-05
dlev12              =  1.76037e-05
dlev13              =  1.63019e-05
dlev14              =  1.43992e-05
dlev15              =  1.38953e-05
dlev16              =  1.44616e-05
dlev17              =  1.00001e+00
dlev18              =  1.00001e+00
dlev19              =  1.00001e+00
dlev20              =  1.00001e+00
dlev21              =  1.00001e+00
dlev22              =  1.00001e+00
dlev23              =  1.00001e+00
dlev24              =  1.00001e+00
dlev25              =  1.00001e+00
dlev26              =  1.00001e+00
dlev27              =  1.00001e+00
dlev28              =  1.00001e+00
dlev29              =  1.00001e+00
dlev30              =  1.00001e+00
dlev31              =  1.00001e+00
dlev32              =  1.00001e+00
vos = 1.4988789286e-03
lowcount = 1.6999626310e+01
vbias               =  3.69114e-01
Reset re-loads circuit * comparator-offset-transient-mc @ sf_mismatch_-40c_1.20v -- generated by sim/harness, do not edit

Circuit: * comparator-offset-transient-mc @ sf_mismatch_-40c_1.20v -- generated by sim/harness, do not edit

Doing analysis at TEMP = -40.000000 and TNOM = 27.000000

Using SPARSE 1.3 as Direct Linear Solver

Initial Transient Solution
--------------------------

Node                                   Voltage
----                                   -------
vdd                                        1.2
cm                                         0.6
vd                                      -0.048
ap                                       0.576
an                                       0.624
clk                                          0
ibn                                       0.37
xa.x1.tmid                         4.92869e-09
xa.x1.tail                            0.583042
xa.x1.np                                   1.2
xa.x1.nn                                   1.2
xa.x1.ln                                   1.2
xa.x1.lp                                   1.2
xa.x1.lnb                          4.13782e-08
xa.x1.lpb                          4.09979e-08
xa.x1.na                               1.18818
doutb                                 0.642709
dout                                  0.647471
xa.x1.nb                               1.18802
doutn                                  0.53956
bdoutn#branch                                0
ean#branch                         2.18936e-13
eap#branch                         2.82024e-13
vclk#branch                        3.65778e-10
vd#branch                                    0
vcm#branch                          5.0096e-13
vsup#branch                       -7.57969e-05

 Reference value :  4.32800e-09
 Reference value :  1.20850e-07
 Reference value :  2.34818e-07
 Reference value :  3.53612e-07
 Reference value :  4.70202e-07
 Reference value :  5.84892e-07
 Reference value :  7.00301e-07
 Reference value :  8.19050e-07
 Reference value :  9.30850e-07
No. of Data Rows : 10843
dlev0               =  -2.70204e-06
dlev1               =  1.21626e-05
dlev2               =  1.20547e-05
dlev3               =  1.22778e-05
dlev4               =  2.18973e-06
dlev5               =  1.16364e-05
dlev6               =  1.16657e-05
dlev7               =  1.28899e-05
dlev8               =  1.32196e-05
dlev9               =  1.40109e-05
dlev10              =  1.52425e-05
dlev11              =  1.60183e-05
dlev12              =  1.61023e-05
dlev13              =  1.56664e-05
dlev14              =  1.38881e-05
dlev15              =  1.29385e-05
dlev16              =  1.53267e-05
dlev17              =  1.00001e+00
dlev18              =  1.00001e+00
dlev19              =  1.00001e+00
dlev20              =  1.00001e+00
dlev21              =  1.00001e+00
dlev22              =  1.00001e+00
dlev23              =  1.00001e+00
dlev24              =  1.00001e+00
dlev25              =  1.00001e+00
dlev26              =  1.00001e+00
dlev27              =  1.00001e+00
dlev28              =  1.00001e+00
dlev29              =  1.00001e+00
dlev30              =  1.00000e+00
dlev31              =  1.00001e+00
dlev32              =  1.00001e+00
vos = 1.4990652352e-03
lowcount = 1.6999688412e+01
vbias               =  3.70000e-01
Reset re-loads circuit * comparator-offset-transient-mc @ sf_mismatch_-40c_1.20v -- generated by sim/harness, do not edit

Circuit: * comparator-offset-transient-mc @ sf_mismatch_-40c_1.20v -- generated by sim/harness, do not edit

Doing analysis at TEMP = -40.000000 and TNOM = 27.000000

Using SPARSE 1.3 as Direct Linear Solver

Initial Transient Solution
--------------------------

Node                                   Voltage
----                                   -------
vdd                                        1.2
cm                                         0.6
vd                                      -0.048
ap                                       0.576
an                                       0.624
clk                                          0
ibn                                   0.367604
xa.x1.tmid                         5.50918e-09
xa.x1.tail                            0.583257
xa.x1.np                                   1.2
xa.x1.nn                                   1.2
xa.x1.ln                                   1.2
xa.x1.lp                                   1.2
xa.x1.lnb                          4.25989e-08
xa.x1.lpb                          4.22948e-08
xa.x1.na                               1.18978
doutb                                 0.645002
dout                                  0.651527
xa.x1.nb                               1.18844
doutn                                 0.542939
bdoutn#branch                                0
ean#branch                         2.19019e-13
eap#branch                         2.82108e-13
vclk#branch                        3.62041e-10
vd#branch                                    0
vcm#branch                         5.01127e-13
vsup#branch                       -7.24712e-05

 Reference value :  1.00240e-08
 Reference value :  1.17116e-07
 Reference value :  2.32114e-07
 Reference value :  3.40019e-07
 Reference value :  4.58550e-07
 Reference value :  5.72550e-07
 Reference value :  6.86111e-07
 Reference value :  8.00287e-07
 Reference value :  9.15383e-07
No. of Data Rows : 10854
dlev0               =  2.00639e-05
dlev1               =  1.84916e-05
dlev2               =  1.85535e-05
dlev3               =  1.84957e-05
dlev4               =  1.86587e-05
dlev5               =  1.88882e-05
dlev6               =  1.94135e-05
dlev7               =  2.03863e-05
dlev8               =  2.26304e-05
dlev9               =  2.36718e-05
dlev10              =  2.42277e-05
dlev11              =  2.43177e-05
dlev12              =  2.38957e-05
dlev13              =  2.27625e-05
dlev14              =  2.05068e-05
dlev15              =  1.93230e-05
dlev16              =  1.85856e-05
dlev17              =  2.31322e-05
dlev18              =  1.83322e-05
dlev19              =  1.00001e+00
dlev20              =  1.00001e+00
dlev21              =  1.00001e+00
dlev22              =  1.00001e+00
dlev23              =  1.00001e+00
dlev24              =  1.00001e+00
dlev25              =  1.00001e+00
dlev26              =  1.00001e+00
dlev27              =  1.00001e+00
dlev28              =  1.00001e+00
dlev29              =  1.00001e+00
dlev30              =  1.00001e+00
dlev31              =  1.00001e+00
dlev32              =  1.00001e+00
vos = 7.4983579889e-03
lowcount = 1.8999452663e+01
vbias               =  3.67604e-01
Reset re-loads circuit * comparator-offset-transient-mc @ sf_mismatch_-40c_1.20v -- generated by sim/harness, do not edit

Circuit: * comparator-offset-transient-mc @ sf_mismatch_-40c_1.20v -- generated by sim/harness, do not edit

Doing analysis at TEMP = -40.000000 and TNOM = 27.000000

Using SPARSE 1.3 as Direct Linear Solver

Initial Transient Solution
--------------------------

Node                                   Voltage
----                                   -------
vdd                                        1.2
cm                                         0.6
vd                                      -0.048
ap                                       0.576
an                                       0.624
clk                                          0
ibn                                   0.367584
xa.x1.tmid                         5.22742e-09
xa.x1.tail                            0.582315
xa.x1.np                                   1.2
xa.x1.nn                                   1.2
xa.x1.ln                                   1.2
xa.x1.lp                                   1.2
xa.x1.lnb                          4.04587e-08
xa.x1.lpb                          4.22918e-08
xa.x1.na                               1.18849
doutb                                 0.648455
dout                                  0.643851
xa.x1.nb                               1.18884
doutn                                 0.536543
bdoutn#branch                                0
ean#branch                         2.18964e-13
eap#branch                         2.81913e-13
vclk#branch                        3.61651e-10
vd#branch                                    0
vcm#branch                         5.00877e-13
vsup#branch                       -7.43365e-05

 Reference value :  1.73234e-08
 Reference value :  1.30202e-07
 Reference value :  2.48250e-07
 Reference value :  3.64350e-07
 Reference value :  4.76884e-07
 Reference value :  5.91821e-07
 Reference value :  7.02702e-07
 Reference value :  8.20041e-07
 Reference value :  9.29601e-07
No. of Data Rows : 10844
dlev0               =  1.26117e-05
dlev1               =  1.12330e-05
dlev2               =  1.12410e-05
dlev3               =  1.14503e-05
dlev4               =  1.26176e-05
dlev5               =  1.36315e-05
dlev6               =  1.43245e-05
dlev7               =  1.71959e-05
dlev8               =  1.73368e-05
dlev9               =  1.71614e-05
dlev10              =  1.64810e-05
dlev11              =  1.50042e-05
dlev12              =  1.40262e-05
dlev13              =  1.49001e-05
dlev14              =  1.77814e-05
dlev15              =  1.00001e+00
dlev16              =  1.00001e+00
dlev17              =  1.00001e+00
dlev18              =  1.00001e+00
dlev19              =  1.00001e+00
dlev20              =  1.00001e+00
dlev21              =  1.00001e+00
dlev22              =  1.00001e+00
dlev23              =  1.00001e+00
dlev24              =  1.00001e+00
dlev25              =  1.00001e+00
dlev26              =  1.00000e+00
dlev27              =  1.00000e+00
dlev28              =  1.00000e+00
dlev29              =  1.00000e+00
dlev30              =  1.00000e+00
dlev31              =  1.00000e+00
dlev32              =  1.00001e+00
vos = -4.501073990e-03
lowcount = 1.4999642003e+01
vbias               =  3.67584e-01
Reset re-loads circuit * comparator-offset-transient-mc @ sf_mismatch_-40c_1.20v -- generated by sim/harness, do not edit

Circuit: * comparator-offset-transient-mc @ sf_mismatch_-40c_1.20v -- generated by sim/harness, do not edit

Doing analysis at TEMP = -40.000000 and TNOM = 27.000000

Using SPARSE 1.3 as Direct Linear Solver

Initial Transient Solution
--------------------------

Node                                   Voltage
----                                   -------
vdd                                        1.2
cm                                         0.6
vd                                      -0.048
ap                                       0.576
an                                       0.624
clk                                          0
ibn                                   0.370592
xa.x1.tmid                         5.38394e-09
xa.x1.tail                            0.580503
xa.x1.np                                   1.2
xa.x1.nn                                   1.2
xa.x1.ln                                   1.2
xa.x1.lp                                   1.2
xa.x1.lnb                          4.25444e-08
xa.x1.lpb                          4.23101e-08
xa.x1.na                               1.18955
doutb                                 0.651457
dout                                  0.656963
xa.x1.nb                                1.1897
doutn                                 0.547469
bdoutn#branch                                0
ean#branch                         2.18964e-13
eap#branch                         2.82163e-13
vclk#branch                        3.64622e-10
vd#branch                                    0
vcm#branch                         5.01127e-13
vsup#branch                       -6.92824e-05

 Reference value :  2.91980e-08
 Reference value :  1.41121e-07
 Reference value :  2.55095e-07
 Reference value :  3.70041e-07
 Reference value :  4.81750e-07
 Reference value :  5.94914e-07
 Reference value :  7.10110e-07
 Reference value :  8.20150e-07
 Reference value :  9.27813e-07
No. of Data Rows : 10848
dlev0               =  1.98523e-05
dlev1               =  1.39350e-05
dlev2               =  1.37820e-05
dlev3               =  1.37532e-05
dlev4               =  1.37465e-05
dlev5               =  1.38222e-05
dlev6               =  1.42066e-05
dlev7               =  1.52933e-05
dlev8               =  1.67976e-05
dlev9               =  1.97368e-05
dlev10              =  1.98782e-05
dlev11              =  1.96102e-05
dlev12              =  1.81907e-05
dlev13              =  1.65247e-05
dlev14              =  1.83522e-05
dlev15              =  1.71063e-05
dlev16              =  1.00001e+00
dlev17              =  1.00001e+00
dlev18              =  1.00001e+00
dlev19              =  1.00001e+00
dlev20              =  1.00001e+00
dlev21              =  1.00001e+00
dlev22              =  1.00001e+00
dlev23              =  1.00001e+00
dlev24              =  1.00001e+00
dlev25              =  1.00001e+00
dlev26              =  1.00001e+00
dlev27              =  9.99999e-01
dlev28              =  9.99998e-01
dlev29              =  1.00001e+00
dlev30              =  1.00000e+00
dlev31              =  1.00000e+00
dlev32              =  9.99997e-01
vos = -1.501062263e-03
lowcount = 1.5999645912e+01
vbias               =  3.70592e-01
Reset re-loads circuit * comparator-offset-transient-mc @ sf_mismatch_-40c_1.20v -- generated by sim/harness, do not edit

Circuit: * comparator-offset-transient-mc @ sf_mismatch_-40c_1.20v -- generated by sim/harness, do not edit

Doing analysis at TEMP = -40.000000 and TNOM = 27.000000

Using SPARSE 1.3 as Direct Linear Solver

Initial Transient Solution
--------------------------

Node                                   Voltage
----                                   -------
vdd                                        1.2
cm                                         0.6
vd                                      -0.048
ap                                       0.576
an                                       0.624
clk                                          0
ibn                                   0.366486
xa.x1.tmid                         5.43636e-09
xa.x1.tail                            0.580639
xa.x1.np                                   1.2
xa.x1.nn                                   1.2
xa.x1.ln                                   1.2
xa.x1.lp                                   1.2
xa.x1.lnb                          4.25615e-08
xa.x1.lpb                          4.28675e-08
xa.x1.na                                   1.2
doutb                              4.60476e-08
dout                                       1.2
xa.x1.nb                                   1.2
doutn                                        1
bdoutn#branch                                0
ean#branch                         2.19019e-13
eap#branch                         2.81969e-13
vclk#branch                        3.57934e-10
vd#branch                                    0
vcm#branch                         5.00988e-13
vsup#branch                       -2.00007e-05

 Reference value :  2.17052e-08
 Reference value :  1.40205e-07
 Reference value :  2.49450e-07
 Reference value :  3.45385e-07
 Reference value :  4.60110e-07
 Reference value :  5.75450e-07
 Reference value :  6.83615e-07
 Reference value :  8.00202e-07
 Reference value :  9.16797e-07
No. of Data Rows : 10846
dlev0               =  2.10066e-05
dlev1               =  1.69070e-05
dlev2               =  1.69152e-05
dlev3               =  1.67369e-05
dlev4               =  1.96145e-05
dlev5               =  1.94785e-05
dlev6               =  1.86384e-05
dlev7               =  1.78417e-05
dlev8               =  1.64763e-05
dlev9               =  1.32193e-05
dlev10              =  1.65831e-05
dlev11              =  1.70593e-05
dlev12              =  2.02712e-05
dlev13              =  2.10132e-05
dlev14              =  1.69087e-05
dlev15              =  1.00001e+00
dlev16              =  1.00001e+00
dlev17              =  1.00001e+00
dlev18              =  1.00001e+00
dlev19              =  1.00001e+00
dlev20              =  1.00001e+00
dlev21              =  1.00001e+00
dlev22              =  1.00001e+00
dlev23              =  1.00001e+00
dlev24              =  1.00001e+00
dlev25              =  1.00001e+00
dlev26              =  1.00001e+00
dlev27              =  1.00001e+00
dlev28              =  1.00001e+00
dlev29              =  1.00001e+00
dlev30              =  1.00001e+00
dlev31              =  1.00001e+00
dlev32              =  1.00001e+00
vos = -4.501331009e-03
lowcount = 1.4999556330e+01
vbias               =  3.66486e-01
Reset re-loads circuit * comparator-offset-transient-mc @ sf_mismatch_-40c_1.20v -- generated by sim/harness, do not edit

Circuit: * comparator-offset-transient-mc @ sf_mismatch_-40c_1.20v -- generated by sim/harness, do not edit

Doing analysis at TEMP = -40.000000 and TNOM = 27.000000

Using SPARSE 1.3 as Direct Linear Solver

Initial Transient Solution
--------------------------

Node                                   Voltage
----                                   -------
vdd                                        1.2
cm                                         0.6
vd                                      -0.048
ap                                       0.576
an                                       0.624
clk                                          0
ibn                                   0.367351
xa.x1.tmid                         5.36817e-09
xa.x1.tail                             0.58128
xa.x1.np                                   1.2
xa.x1.nn                                   1.2
xa.x1.ln                                   1.2
xa.x1.lp                                   1.2
xa.x1.lnb                           4.2212e-08
xa.x1.lpb                          4.13155e-08
xa.x1.na                               1.18876
doutb                                  0.65612
dout                                  0.646953
xa.x1.nb                               1.18999
doutn                                 0.539127
bdoutn#branch                                0
ean#branch                         2.19158e-13
eap#branch                         2.82024e-13
vclk#branch                        3.63235e-10
vd#branch                                    0
vcm#branch                         5.01182e-13
vsup#branch                       -7.12805e-05

 Reference value :  2.01100e-08
 Reference value :  1.37484e-07
 Reference value :  2.55802e-07
 Reference value :  3.74700e-07
 Reference value :  4.92397e-07
 Reference value :  6.10067e-07
 Reference value :  7.29925e-07
 Reference value :  8.47950e-07
 Reference value :  9.63250e-07
No. of Data Rows : 10837
dlev0               =  -1.22853e-07
dlev1               =  2.70886e-06
dlev2               =  3.48740e-06
dlev3               =  3.98476e-06
dlev4               =  4.48485e-06
dlev5               =  1.47192e-05
dlev6               =  1.52158e-05
dlev7               =  1.58096e-05
dlev8               =  1.63254e-05
dlev9               =  1.62385e-05
dlev10              =  1.57776e-05
dlev11              =  1.47654e-05
dlev12              =  1.35494e-05
dlev13              =  1.28862e-05
dlev14              =  1.28228e-05
dlev15              =  1.58947e-05
dlev16              =  1.27152e-05
dlev17              =  1.00001e+00
dlev18              =  1.00001e+00
dlev19              =  1.00001e+00
dlev20              =  1.00001e+00
dlev21              =  1.00001e+00
dlev22              =  1.00001e+00
dlev23              =  1.00001e+00
dlev24              =  1.00001e+00
dlev25              =  1.00001e+00
dlev26              =  1.00001e+00
dlev27              =  1.00001e+00
dlev28              =  1.00001e+00
dlev29              =  1.00000e+00
dlev30              =  1.00000e+00
dlev31              =  1.00000e+00
dlev32              =  1.00000e+00
vos = 1.4991202117e-03
lowcount = 1.6999706737e+01
vbias               =  3.67351e-01
Reset re-loads circuit * comparator-offset-transient-mc @ sf_mismatch_-40c_1.20v -- generated by sim/harness, do not edit

Circuit: * comparator-offset-transient-mc @ sf_mismatch_-40c_1.20v -- generated by sim/harness, do not edit

Doing analysis at TEMP = -40.000000 and TNOM = 27.000000

Using SPARSE 1.3 as Direct Linear Solver

Initial Transient Solution
--------------------------

Node                                   Voltage
----                                   -------
vdd                                        1.2
cm                                         0.6
vd                                      -0.048
ap                                       0.576
an                                       0.624
clk                                          0
ibn                                   0.369093
xa.x1.tmid                          5.4274e-09
xa.x1.tail                            0.579128
xa.x1.np                                   1.2
xa.x1.nn                                   1.2
xa.x1.ln                                   1.2
xa.x1.lp                                   1.2
xa.x1.lnb                           4.1792e-08
xa.x1.lpb                           4.2874e-08
xa.x1.na                               1.18966
doutb                                 0.653317
dout                                  0.655667
xa.x1.nb                               1.18949
doutn                                 0.546389
bdoutn#branch                                0
ean#branch                         2.18936e-13
eap#branch                         2.82135e-13
vclk#branch                        3.62026e-10
vd#branch                                    0
vcm#branch                         5.01071e-13
vsup#branch                       -6.91115e-05

 Reference value :  7.00667e-08
 Reference value :  1.88750e-07
 Reference value :  3.06150e-07
 Reference value :  4.24850e-07
 Reference value :  5.39411e-07
 Reference value :  6.55407e-07
 Reference value :  7.67593e-07
 Reference value :  8.82583e-07
No. of Data Rows : 10855
dlev0               =  1.49584e-05
dlev1               =  1.35731e-05
dlev2               =  1.37028e-05
dlev3               =  1.38561e-05
dlev4               =  1.41083e-05
dlev5               =  1.45990e-05
dlev6               =  1.54473e-05
dlev7               =  1.59434e-05
dlev8               =  1.65157e-05
dlev9               =  1.69723e-05
dlev10              =  1.69061e-05
dlev11              =  1.64541e-05
dlev12              =  1.51599e-05
dlev13              =  1.42062e-05
dlev14              =  1.43741e-05
dlev15              =  1.71191e-05
dlev16              =  1.00002e+00
dlev17              =  1.00001e+00
dlev18              =  1.00001e+00
dlev19              =  1.00001e+00
dlev20              =  1.00001e+00
dlev21              =  1.00001e+00
dlev22              =  1.00001e+00
dlev23              =  1.00001e+00
dlev24              =  1.00001e+00
dlev25              =  1.00001e+00
dlev26              =  1.00001e+00
dlev27              =  1.00001e+00
dlev28              =  1.00001e+00
dlev29              =  1.00001e+00
dlev30              =  1.00001e+00
dlev31              =  1.00001e+00
dlev32              =  1.00001e+00
vos = -1.501340688e-03
lowcount = 1.5999553104e+01
vbias               =  3.69093e-01
Reset re-loads circuit * comparator-offset-transient-mc @ sf_mismatch_-40c_1.20v -- generated by sim/harness, do not edit

Circuit: * comparator-offset-transient-mc @ sf_mismatch_-40c_1.20v -- generated by sim/harness, do not edit

Doing analysis at TEMP = -40.000000 and TNOM = 27.000000

Using SPARSE 1.3 as Direct Linear Solver

Initial Transient Solution
--------------------------

Node                                   Voltage
----                                   -------
vdd                                        1.2
cm                                         0.6
vd                                      -0.048
ap                                       0.576
an                                       0.624
clk                                          0
ibn                                   0.366739
xa.x1.tmid                         6.01765e-09
xa.x1.tail                            0.577874
xa.x1.np                                   1.2
xa.x1.nn                                   1.2
xa.x1.ln                                   1.2
xa.x1.lp                                   1.2
xa.x1.lnb                          4.24783e-08
xa.x1.lpb                          4.16566e-08
xa.x1.na                                   1.2
doutb                               4.4312e-08
dout                                       1.2
xa.x1.nb                                   1.2
doutn                                        1
bdoutn#branch                                0
ean#branch                          2.1888e-13
eap#branch                         2.81858e-13
vclk#branch                        3.67136e-10
vd#branch                                    0
vcm#branch                         5.00738e-13
vsup#branch                       -2.00007e-05

 Reference value :  0.00000e+00
 Reference value :  1.12096e-07
 Reference value :  2.30319e-07
 Reference value :  3.45484e-07
 Reference value :  4.60986e-07
 Reference value :  5.78450e-07
 Reference value :  6.94750e-07
 Reference value :  8.10850e-07
 Reference value :  9.25921e-07
No. of Data Rows : 10844
dlev0               =  -6.67209e-07
dlev1               =  1.67793e-05
dlev2               =  1.69220e-05
dlev3               =  2.85037e-06
dlev4               =  1.90997e-05
dlev5               =  1.92472e-05
dlev6               =  1.92484e-05
dlev7               =  1.90429e-05
dlev8               =  1.84489e-05
dlev9               =  1.73287e-05
dlev10              =  1.62676e-05
dlev11              =  1.60810e-05
dlev12              =  1.73896e-05
dlev13              =  1.99627e-05
dlev14              =  1.64312e-05
dlev15              =  1.00001e+00
dlev16              =  1.00001e+00
dlev17              =  1.00001e+00
dlev18              =  1.00001e+00
dlev19              =  1.00001e+00
dlev20              =  1.00001e+00
dlev21              =  1.00001e+00
dlev22              =  1.00001e+00
dlev23              =  1.00001e+00
dlev24              =  1.00001e+00
dlev25              =  1.00001e+00
dlev26              =  1.00001e+00
dlev27              =  1.00001e+00
dlev28              =  1.00001e+00
dlev29              =  1.00001e+00
dlev30              =  1.00001e+00
dlev31              =  1.00001e+00
dlev32              =  1.00000e+00
vos = -4.501192297e-03
lowcount = 1.4999602568e+01
vbias               =  3.66739e-01
Reset re-loads circuit * comparator-offset-transient-mc @ sf_mismatch_-40c_1.20v -- generated by sim/harness, do not edit

Circuit: * comparator-offset-transient-mc @ sf_mismatch_-40c_1.20v -- generated by sim/harness, do not edit

Doing analysis at TEMP = -40.000000 and TNOM = 27.000000

Using SPARSE 1.3 as Direct Linear Solver

Initial Transient Solution
--------------------------

Node                                   Voltage
----                                   -------
vdd                                        1.2
cm                                         0.6
vd                                      -0.048
ap                                       0.576
an                                       0.624
clk                                          0
ibn                                   0.364511
xa.x1.tmid                          5.6883e-09
xa.x1.tail                            0.581824
xa.x1.np                                   1.2
xa.x1.nn                                   1.2
xa.x1.ln                                   1.2
xa.x1.lp                                   1.2
xa.x1.lnb                          4.07869e-08
xa.x1.lpb                          4.21064e-08
xa.x1.na                               1.18949
doutb                                 0.648419
dout                                  0.652797
xa.x1.nb                                1.1884
doutn                                 0.543997
bdoutn#branch                                0
ean#branch                         2.19019e-13
eap#branch                         2.82135e-13
vclk#branch                        3.64609e-10
vd#branch                                    0
vcm#branch                         5.01155e-13
vsup#branch                       -7.36615e-05

 Reference value :  3.03500e-08
 Reference value :  1.49516e-07
 Reference value :  2.68116e-07
 Reference value :  3.85914e-07
 Reference value :  5.00266e-07
 Reference value :  6.20100e-07
 Reference value :  7.34197e-07
 Reference value :  8.50123e-07
 Reference value :  9.67050e-07
No. of Data Rows : 10838
dlev0               =  -4.77835e-06
dlev1               =  -2.85315e-06
dlev2               =  -2.17453e-06
dlev3               =  -1.49376e-06
dlev4               =  1.16347e-05
dlev5               =  1.14244e-05
dlev6               =  1.19441e-05
dlev7               =  1.04401e-05
dlev8               =  1.04991e-05
dlev9               =  1.07664e-05
dlev10              =  1.16943e-05
dlev11              =  1.37387e-05
dlev12              =  1.41423e-05
dlev13              =  1.34395e-05
dlev14              =  1.16001e-05
dlev15              =  1.40366e-05
dlev16              =  1.00001e+00
dlev17              =  1.00001e+00
dlev18              =  1.00001e+00
dlev19              =  1.00001e+00
dlev20              =  1.00001e+00
dlev21              =  1.00001e+00
dlev22              =  1.00001e+00
dlev23              =  1.00001e+00
dlev24              =  1.00001e+00
dlev25              =  1.00001e+00
dlev26              =  1.00001e+00
dlev27              =  1.00001e+00
dlev28              =  1.00001e+00
dlev29              =  1.00001e+00
dlev30              =  1.00001e+00
dlev31              =  1.00001e+00
dlev32              =  1.00001e+00
vos = -1.500819181e-03
lowcount = 1.5999726940e+01
vbias               =  3.64511e-01
Reset re-loads circuit * comparator-offset-transient-mc @ sf_mismatch_-40c_1.20v -- generated by sim/harness, do not edit

Circuit: * comparator-offset-transient-mc @ sf_mismatch_-40c_1.20v -- generated by sim/harness, do not edit

Doing analysis at TEMP = -40.000000 and TNOM = 27.000000

Using SPARSE 1.3 as Direct Linear Solver

Initial Transient Solution
--------------------------

Node                                   Voltage
----                                   -------
vdd                                        1.2
cm                                         0.6
vd                                      -0.048
ap                                       0.576
an                                       0.624
clk                                          0
ibn                                   0.366374
xa.x1.tmid                          5.3679e-09
xa.x1.tail                            0.582069
xa.x1.np                                   1.2
xa.x1.nn                                   1.2
xa.x1.ln                                   1.2
xa.x1.lp                                   1.2
xa.x1.lnb                          4.16762e-08
xa.x1.lpb                          4.15248e-08
xa.x1.na                               1.18881
doutb                                 0.644966
dout                                  0.654622
xa.x1.nb                               1.18807
doutn                                 0.545518
bdoutn#branch                                0
ean#branch                         2.18908e-13
eap#branch                         2.82024e-13
vclk#branch                        3.62657e-10
vd#branch                                    0
vcm#branch                         5.00933e-13
vsup#branch                       -7.38522e-05

 Reference value :  6.79500e-08
 Reference value :  1.72807e-07
 Reference value :  2.65608e-07
 Reference value :  3.80813e-07
 Reference value :  4.71008e-07
 Reference value :  5.88684e-07
 Reference value :  7.06603e-07
 Reference value :  8.26303e-07
 Reference value :  9.42785e-07
No. of Data Rows : 10846
dlev0               =  1.26605e-05
dlev1               =  1.39334e-05
dlev2               =  1.63540e-05
dlev3               =  1.74176e-05
dlev4               =  1.81712e-05
dlev5               =  2.23889e-05
dlev6               =  2.26018e-05
dlev7               =  2.25967e-05
dlev8               =  2.23315e-05
dlev9               =  2.16385e-05
dlev10              =  2.02313e-05
dlev11              =  1.76584e-05
dlev12              =  1.82705e-05
dlev13              =  1.85727e-05
dlev14              =  2.15749e-05
dlev15              =  2.29094e-05
dlev16              =  2.25368e-05
dlev17              =  1.00001e+00
dlev18              =  1.00001e+00
dlev19              =  1.00001e+00
dlev20              =  1.00001e+00
dlev21              =  1.00001e+00
dlev22              =  1.00001e+00
dlev23              =  1.00001e+00
dlev24              =  1.00001e+00
dlev25              =  1.00001e+00
dlev26              =  1.00001e+00
dlev27              =  1.00001e+00
dlev28              =  1.00000e+00
dlev29              =  1.00001e+00
dlev30              =  1.00001e+00
dlev31              =  1.00000e+00
dlev32              =  1.00000e+00
vos = 1.4986414557e-03
lowcount = 1.6999547152e+01
vbias               =  3.66374e-01
Reset re-loads circuit * comparator-offset-transient-mc @ sf_mismatch_-40c_1.20v -- generated by sim/harness, do not edit

Circuit: * comparator-offset-transient-mc @ sf_mismatch_-40c_1.20v -- generated by sim/harness, do not edit

Doing analysis at TEMP = -40.000000 and TNOM = 27.000000

Using SPARSE 1.3 as Direct Linear Solver

Initial Transient Solution
--------------------------

Node                                   Voltage
----                                   -------
vdd                                        1.2
cm                                         0.6
vd                                      -0.048
ap                                       0.576
an                                       0.624
clk                                          0
ibn                                   0.368432
xa.x1.tmid                         5.90415e-09
xa.x1.tail                            0.577861
xa.x1.np                                   1.2
xa.x1.nn                                   1.2
xa.x1.ln                                   1.2
xa.x1.lp                                   1.2
xa.x1.lnb                          4.32799e-08
xa.x1.lpb                           4.1598e-08
xa.x1.na                               1.18824
doutb                                 0.650203
dout                                   0.64491
xa.x1.nb                                1.1892
doutn                                 0.537425
bdoutn#branch                                0
ean#branch                         2.18853e-13
eap#branch                         2.82052e-13
vclk#branch                        3.62881e-10
vd#branch                                    0
vcm#branch                         5.00905e-13
vsup#branch                        -7.3034e-05

 Reference value :  5.01806e-08
 Reference value :  1.67182e-07
 Reference value :  2.84501e-07
 Reference value :  4.03799e-07
 Reference value :  5.21642e-07
 Reference value :  6.40019e-07
 Reference value :  7.59250e-07
 Reference value :  8.77050e-07
No. of Data Rows : 10830
dlev0               =  3.61756e-06
dlev1               =  1.51971e-05
dlev2               =  4.54596e-06
dlev3               =  5.04049e-06
dlev4               =  5.54222e-06
dlev5               =  6.06864e-06
dlev6               =  6.64217e-06
dlev7               =  1.74664e-05
dlev8               =  1.85446e-05
dlev9               =  1.93139e-05
dlev10              =  1.93538e-05
dlev11              =  1.88413e-05
dlev12              =  1.74823e-05
dlev13              =  1.58349e-05
dlev14              =  1.48254e-05
dlev15              =  1.84342e-05
dlev16              =  1.76805e-05
dlev17              =  1.00001e+00
dlev18              =  1.00001e+00
dlev19              =  1.00001e+00
dlev20              =  1.00001e+00
dlev21              =  1.00001e+00
dlev22              =  1.00001e+00
dlev23              =  1.00001e+00
dlev24              =  1.00001e+00
dlev25              =  1.00001e+00
dlev26              =  1.00001e+00
dlev27              =  9.99999e-01
dlev28              =  9.99998e-01
dlev29              =  9.99998e-01
dlev30              =  9.99998e-01
dlev31              =  9.99998e-01
dlev32              =  1.00000e+00
vos = 1.4991320056e-03
lowcount = 1.6999710669e+01
vbias               =  3.68432e-01
Reset re-loads circuit * comparator-offset-transient-mc @ sf_mismatch_-40c_1.20v -- generated by sim/harness, do not edit

Circuit: * comparator-offset-transient-mc @ sf_mismatch_-40c_1.20v -- generated by sim/harness, do not edit

Doing analysis at TEMP = -40.000000 and TNOM = 27.000000

Using SPARSE 1.3 as Direct Linear Solver

Initial Transient Solution
--------------------------

Node                                   Voltage
----                                   -------
vdd                                        1.2
cm                                         0.6
vd                                      -0.048
ap                                       0.576
an                                       0.624
clk                                          0
ibn                                   0.367785
xa.x1.tmid                         6.14905e-09
xa.x1.tail                            0.575787
xa.x1.np                                   1.2
xa.x1.nn                                   1.2
xa.x1.ln                                   1.2
xa.x1.lp                                   1.2
xa.x1.lnb                          4.12232e-08
xa.x1.lpb                          4.14701e-08
xa.x1.na                               1.18928
doutb                                  0.63714
dout                                   0.65327
xa.x1.nb                               1.18714
doutn                                 0.544392
bdoutn#branch                                0
ean#branch                         2.18853e-13
eap#branch                         2.81858e-13
vclk#branch                        3.62989e-10
vd#branch                                    0
vcm#branch                         5.00711e-13
vsup#branch                       -7.57724e-05

 Reference value :  0.00000e+00
 Reference value :  1.14109e-07
 Reference value :  2.31204e-07
 Reference value :  3.50158e-07
 Reference value :  4.64419e-07
 Reference value :  5.80703e-07
 Reference value :  7.00019e-07
 Reference value :  8.17550e-07
 Reference value :  9.32150e-07
No. of Data Rows : 10842
dlev0               =  4.69208e-06
dlev1               =  9.32202e-06
dlev2               =  2.00103e-05
dlev3               =  2.16221e-05
dlev4               =  1.91573e-05
dlev5               =  1.99458e-05
dlev6               =  2.45057e-05
dlev7               =  2.47035e-05
dlev8               =  2.46073e-05
dlev9               =  2.40524e-05
dlev10              =  2.25256e-05
dlev11              =  2.03899e-05
dlev12              =  2.08235e-05
dlev13              =  2.23257e-05
dlev14              =  2.50513e-05
dlev15              =  1.00001e+00
dlev16              =  1.00001e+00
dlev17              =  1.00001e+00
dlev18              =  1.00001e+00
dlev19              =  1.00001e+00
dlev20              =  1.00001e+00
dlev21              =  1.00001e+00
dlev22              =  1.00001e+00
dlev23              =  1.00001e+00
dlev24              =  1.00001e+00
dlev25              =  1.00001e+00
dlev26              =  1.00001e+00
dlev27              =  1.00001e+00
dlev28              =  1.00001e+00
dlev29              =  1.00001e+00
dlev30              =  1.00000e+00
dlev31              =  1.00000e+00
dlev32              =  1.00000e+00
vos = -4.501394203e-03
lowcount = 1.4999535266e+01
vbias               =  3.67785e-01
Reset re-loads circuit * comparator-offset-transient-mc @ sf_mismatch_-40c_1.20v -- generated by sim/harness, do not edit

Circuit: * comparator-offset-transient-mc @ sf_mismatch_-40c_1.20v -- generated by sim/harness, do not edit

Doing analysis at TEMP = -40.000000 and TNOM = 27.000000

Using SPARSE 1.3 as Direct Linear Solver

Initial Transient Solution
--------------------------

Node                                   Voltage
----                                   -------
vdd                                        1.2
cm                                         0.6
vd                                      -0.048
ap                                       0.576
an                                       0.624
clk                                          0
ibn                                   0.370517
xa.x1.tmid                         5.27763e-09
xa.x1.tail                             0.58301
xa.x1.np                                   1.2
xa.x1.nn                                   1.2
xa.x1.ln                                   1.2
xa.x1.lp                                   1.2
xa.x1.lnb                          4.19823e-08
xa.x1.lpb                          4.13022e-08
xa.x1.na                               1.18818
doutb                                 0.640405
dout                                  0.647932
xa.x1.nb                               1.18756
doutn                                 0.539943
bdoutn#branch                                0
ean#branch                         2.19186e-13
eap#branch                         2.82246e-13
vclk#branch                        3.63476e-10
vd#branch                                    0
vcm#branch                         5.01432e-13
vsup#branch                       -7.75523e-05

 Reference value :  3.51500e-08
 Reference value :  1.53250e-07
 Reference value :  2.69710e-07
 Reference value :  3.87217e-07
 Reference value :  5.02809e-07
 Reference value :  6.20200e-07
 Reference value :  7.38085e-07
 Reference value :  8.54784e-07
 Reference value :  9.70803e-07
No. of Data Rows : 10860
dlev0               =  1.43940e-05
dlev1               =  1.45871e-05
dlev2               =  1.45277e-05
dlev3               =  1.45036e-05
dlev4               =  1.44033e-05
dlev5               =  1.43758e-05
dlev6               =  1.43734e-05
dlev7               =  1.45003e-05
dlev8               =  1.50904e-05
dlev9               =  1.63834e-05
dlev10              =  1.76426e-05
dlev11              =  1.78294e-05
dlev12              =  1.74052e-05
dlev13              =  1.60264e-05
dlev14              =  1.43570e-05
dlev15              =  1.69366e-05
dlev16              =  1.95835e-05
dlev17              =  1.00001e+00
dlev18              =  1.00001e+00
dlev19              =  1.00001e+00
dlev20              =  1.00001e+00
dlev21              =  1.00001e+00
dlev22              =  1.00001e+00
dlev23              =  1.00001e+00
dlev24              =  1.00001e+00
dlev25              =  1.00001e+00
dlev26              =  1.00001e+00
dlev27              =  1.00001e+00
dlev28              =  1.00001e+00
dlev29              =  1.00001e+00
dlev30              =  1.00001e+00
dlev31              =  1.00001e+00
dlev32              =  1.00001e+00
vos = 1.4987642409e-03
lowcount = 1.6999588080e+01
vbias               =  3.70517e-01
Reset re-loads circuit * comparator-offset-transient-mc @ sf_mismatch_-40c_1.20v -- generated by sim/harness, do not edit

Circuit: * comparator-offset-transient-mc @ sf_mismatch_-40c_1.20v -- generated by sim/harness, do not edit

Doing analysis at TEMP = -40.000000 and TNOM = 27.000000

Using SPARSE 1.3 as Direct Linear Solver

Initial Transient Solution
--------------------------

Node                                   Voltage
----                                   -------
vdd                                        1.2
cm                                         0.6
vd                                      -0.048
ap                                       0.576
an                                       0.624
clk                                          0
ibn                                   0.367867
xa.x1.tmid                         5.78419e-09
xa.x1.tail                            0.580719
xa.x1.np                                   1.2
xa.x1.nn                                   1.2
xa.x1.ln                                   1.2
xa.x1.lp                                   1.2
xa.x1.lnb                          4.10399e-08
xa.x1.lpb                          4.31859e-08
xa.x1.na                               1.18897
doutb                                 0.657247
dout                                  0.646561
xa.x1.nb                               1.18943
doutn                                 0.538801
bdoutn#branch                                0
ean#branch                         2.19019e-13
eap#branch                         2.81913e-13
vclk#branch                        3.67958e-10
vd#branch                                    0
vcm#branch                         5.00933e-13
vsup#branch                        -7.2037e-05

 Reference value :  7.75857e-08
 Reference value :  1.91103e-07
 Reference value :  3.10067e-07
 Reference value :  4.29750e-07
 Reference value :  5.44650e-07
 Reference value :  6.59800e-07
 Reference value :  7.76223e-07
 Reference value :  8.95116e-07
No. of Data Rows : 10840
dlev0               =  -3.31248e-06
dlev1               =  -1.81623e-06
dlev2               =  1.21117e-05
dlev3               =  1.14890e-05
dlev4               =  1.13955e-05
dlev5               =  1.33955e-05
dlev6               =  1.36249e-05
dlev7               =  1.38076e-05
dlev8               =  1.39326e-05
dlev9               =  1.39615e-05
dlev10              =  1.37981e-05
dlev11              =  1.29824e-05
dlev12              =  1.23502e-05
dlev13              =  1.18853e-05
dlev14              =  1.24809e-05
dlev15              =  1.36176e-05
dlev16              =  1.50947e-05
dlev17              =  1.24593e-05
dlev18              =  1.00001e+00
dlev19              =  1.00001e+00
dlev20              =  1.00001e+00
dlev21              =  1.00001e+00
dlev22              =  1.00001e+00
dlev23              =  1.00001e+00
dlev24              =  1.00001e+00
dlev25              =  1.00001e+00
dlev26              =  1.00001e+00
dlev27              =  1.00001e+00
dlev28              =  1.00001e+00
dlev29              =  1.00001e+00
dlev30              =  1.00001e+00
dlev31              =  1.00001e+00
dlev32              =  1.00001e+00
vos = 4.4989912256e-03
lowcount = 1.7999663742e+01
vbias               =  3.67867e-01
Reset re-loads circuit * comparator-offset-transient-mc @ sf_mismatch_-40c_1.20v -- generated by sim/harness, do not edit

Circuit: * comparator-offset-transient-mc @ sf_mismatch_-40c_1.20v -- generated by sim/harness, do not edit

Doing analysis at TEMP = -40.000000 and TNOM = 27.000000

Using SPARSE 1.3 as Direct Linear Solver

Initial Transient Solution
--------------------------

Node                                   Voltage
----                                   -------
vdd                                        1.2
cm                                         0.6
vd                                      -0.048
ap                                       0.576
an                                       0.624
clk                                          0
ibn                                   0.368855
xa.x1.tmid                         5.69432e-09
xa.x1.tail                            0.578477
xa.x1.np                                   1.2
xa.x1.nn                                   1.2
xa.x1.ln                                   1.2
xa.x1.lp                                   1.2
xa.x1.lnb                          4.38704e-08
xa.x1.lpb                          4.17507e-08
xa.x1.na                               1.18884
doutb                                  0.64434
dout                                  0.654845
xa.x1.nb                               1.18854
doutn                                 0.545704
bdoutn#branch                                0
ean#branch                         2.18908e-13
eap#branch                         2.81941e-13
vclk#branch                         3.6224e-10
vd#branch                                    0
vcm#branch                         5.00849e-13
vsup#branch                       -7.47864e-05

 Reference value :  3.60742e-09
 Reference value :  1.21150e-07
 Reference value :  2.39870e-07
 Reference value :  3.58211e-07
 Reference value :  4.75808e-07
 Reference value :  5.90353e-07
 Reference value :  7.10202e-07
 Reference value :  8.28484e-07
 Reference value :  9.44983e-07
No. of Data Rows : 10850
dlev0               =  1.67215e-05
dlev1               =  1.30431e-05
dlev2               =  1.30182e-05
dlev3               =  1.31110e-05
dlev4               =  1.35010e-05
dlev5               =  1.53576e-05
dlev6               =  1.62643e-05
dlev7               =  1.98479e-05
dlev8               =  2.02837e-05
dlev9               =  2.03744e-05
dlev10              =  2.01136e-05
dlev11              =  1.88277e-05
dlev12              =  1.73297e-05
dlev13              =  1.60826e-05
dlev14              =  1.67477e-05
dlev15              =  2.10335e-05
dlev16              =  1.63944e-05
dlev17              =  1.00001e+00
dlev18              =  1.00001e+00
dlev19              =  1.00001e+00
dlev20              =  1.00001e+00
dlev21              =  1.00001e+00
dlev22              =  1.00001e+00
dlev23              =  1.00001e+00
dlev24              =  1.00001e+00
dlev25              =  1.00001e+00
dlev26              =  1.00001e+00
dlev27              =  1.00001e+00
dlev28              =  1.00001e+00
dlev29              =  1.00001e+00
dlev30              =  1.00001e+00
dlev31              =  1.00001e+00
dlev32              =  1.00001e+00
vos = 1.4986978441e-03
lowcount = 1.6999565948e+01
vbias               =  3.68855e-01
Reset re-loads circuit * comparator-offset-transient-mc @ sf_mismatch_-40c_1.20v -- generated by sim/harness, do not edit

Circuit: * comparator-offset-transient-mc @ sf_mismatch_-40c_1.20v -- generated by sim/harness, do not edit

Doing analysis at TEMP = -40.000000 and TNOM = 27.000000

Using SPARSE 1.3 as Direct Linear Solver

Initial Transient Solution
--------------------------

Node                                   Voltage
----                                   -------
vdd                                        1.2
cm                                         0.6
vd                                      -0.048
ap                                       0.576
an                                       0.624
clk                                          0
ibn                                   0.366228
xa.x1.tmid                         5.82143e-09
xa.x1.tail                            0.576206
xa.x1.np                                   1.2
xa.x1.nn                                   1.2
xa.x1.ln                                   1.2
xa.x1.lp                                   1.2
xa.x1.lnb                           4.2665e-08
xa.x1.lpb                          4.32788e-08
xa.x1.na                                   1.2
doutb                              4.16998e-08
dout                                       1.2
xa.x1.nb                                   1.2
doutn                                        1
bdoutn#branch                                0
ean#branch                         2.18908e-13
eap#branch                          2.8183e-13
vclk#branch                        3.60721e-10
vd#branch                                    0
vcm#branch                         5.00738e-13
vsup#branch                       -2.00007e-05

 Reference value :  4.92025e-08
 Reference value :  1.63898e-07
 Reference value :  2.80003e-07
 Reference value :  3.95450e-07
 Reference value :  5.09707e-07
 Reference value :  6.24208e-07
 Reference value :  7.40246e-07
 Reference value :  8.51403e-07
 Reference value :  9.60350e-07
No. of Data Rows : 10847
dlev0               =  2.13426e-05
dlev1               =  1.95097e-05
dlev2               =  1.90135e-05
dlev3               =  1.83810e-05
dlev4               =  1.77889e-05
dlev5               =  1.62166e-05
dlev6               =  1.70222e-05
dlev7               =  1.70210e-05
dlev8               =  1.72910e-05
dlev9               =  1.84532e-05
dlev10              =  1.94691e-05
dlev11              =  2.22256e-05
dlev12              =  2.14989e-05
dlev13              =  1.79574e-05
dlev14              =  1.80260e-05
dlev15              =  1.00001e+00
dlev16              =  1.00001e+00
dlev17              =  1.00001e+00
dlev18              =  1.00001e+00
dlev19              =  1.00001e+00
dlev20              =  1.00001e+00
dlev21              =  1.00001e+00
dlev22              =  1.00001e+00
dlev23              =  1.00001e+00
dlev24              =  1.00001e+00
dlev25              =  1.00001e+00
dlev26              =  1.00001e+00
dlev27              =  1.00001e+00
dlev28              =  1.00001e+00
dlev29              =  1.00001e+00
dlev30              =  1.00001e+00
dlev31              =  1.00001e+00
dlev32              =  1.00001e+00
vos = -4.501377650e-03
lowcount = 1.4999540783e+01
vbias               =  3.66228e-01
Reset re-loads circuit * comparator-offset-transient-mc @ sf_mismatch_-40c_1.20v -- generated by sim/harness, do not edit

Circuit: * comparator-offset-transient-mc @ sf_mismatch_-40c_1.20v -- generated by sim/harness, do not edit

Doing analysis at TEMP = -40.000000 and TNOM = 27.000000

Using SPARSE 1.3 as Direct Linear Solver

Initial Transient Solution
--------------------------

Node                                   Voltage
----                                   -------
vdd                                        1.2
cm                                         0.6
vd                                      -0.048
ap                                       0.576
an                                       0.624
clk                                          0
ibn                                   0.368385
xa.x1.tmid                         5.25937e-09
xa.x1.tail                             0.58298
xa.x1.np                                   1.2
xa.x1.nn                                   1.2
xa.x1.ln                                   1.2
xa.x1.lp                                   1.2
xa.x1.lnb                           4.1016e-08
xa.x1.lpb                          4.13522e-08
xa.x1.na                               1.19007
doutb                                 0.644076
dout                                    0.6579
xa.x1.nb                               1.18856
doutn                                  0.54825
bdoutn#branch                                0
ean#branch                         2.19019e-13
eap#branch                         2.82108e-13
vclk#branch                        3.62875e-10
vd#branch                                    0
vcm#branch                         5.01127e-13
vsup#branch                       -7.27809e-05

 Reference value :  6.24500e-08
 Reference value :  1.76512e-07
 Reference value :  2.90202e-07
 Reference value :  4.05885e-07
 Reference value :  5.19650e-07
 Reference value :  6.35950e-07
 Reference value :  7.52050e-07
 Reference value :  8.55484e-07
 Reference value :  9.70503e-07
No. of Data Rows : 10848
dlev0               =  1.88125e-07
dlev1               =  2.78028e-06
dlev2               =  1.31461e-05
dlev3               =  1.34096e-05
dlev4               =  1.39075e-05
dlev5               =  1.44548e-05
dlev6               =  1.49902e-05
dlev7               =  1.69375e-05
dlev8               =  1.72512e-05
dlev9               =  1.72452e-05
dlev10              =  1.64599e-05
dlev11              =  1.53234e-05
dlev12              =  1.35344e-05
dlev13              =  1.42295e-05
dlev14              =  1.79688e-05
dlev15              =  1.67617e-05
dlev16              =  1.00001e+00
dlev17              =  1.00001e+00
dlev18              =  1.00001e+00
dlev19              =  1.00001e+00
dlev20              =  1.00001e+00
dlev21              =  1.00001e+00
dlev22              =  1.00001e+00
dlev23              =  1.00001e+00
dlev24              =  1.00001e+00
dlev25              =  1.00001e+00
dlev26              =  1.00001e+00
dlev27              =  1.00001e+00
dlev28              =  1.00001e+00
dlev29              =  1.00001e+00
dlev30              =  1.00001e+00
dlev31              =  1.00001e+00
dlev32              =  1.00001e+00
vos = -1.501048764e-03
lowcount = 1.5999650412e+01
vbias               =  3.68385e-01
Reset re-loads circuit * comparator-offset-transient-mc @ sf_mismatch_-40c_1.20v -- generated by sim/harness, do not edit

Circuit: * comparator-offset-transient-mc @ sf_mismatch_-40c_1.20v -- generated by sim/harness, do not edit

Doing analysis at TEMP = -40.000000 and TNOM = 27.000000

Using SPARSE 1.3 as Direct Linear Solver

Initial Transient Solution
--------------------------

Node                                   Voltage
----                                   -------
vdd                                        1.2
cm                                         0.6
vd                                      -0.048
ap                                       0.576
an                                       0.624
clk                                          0
ibn                                   0.367669
xa.x1.tmid                         5.17825e-09
xa.x1.tail                             0.58056
xa.x1.np                                   1.2
xa.x1.nn                                   1.2
xa.x1.ln                                   1.2
xa.x1.lp                                   1.2
xa.x1.lnb                          4.14626e-08
xa.x1.lpb                          4.31519e-08
xa.x1.na                               1.18728
doutb                                 0.651103
dout                                  0.640199
xa.x1.nb                                1.1896
doutn                                 0.533499
bdoutn#branch                                0
ean#branch                         2.18936e-13
eap#branch                         2.82052e-13
vclk#branch                        3.64915e-10
vd#branch                                    0
vcm#branch                         5.00988e-13
vsup#branch                       -7.57115e-05

 Reference value :  7.07028e-08
 Reference value :  1.89250e-07
 Reference value :  3.04450e-07
 Reference value :  4.13417e-07
 Reference value :  5.26800e-07
 Reference value :  6.41003e-07
 Reference value :  7.59450e-07
 Reference value :  8.72650e-07
 Reference value :  9.80345e-07
No. of Data Rows : 10841
dlev0               =  1.27466e-05
dlev1               =  1.62158e-05
dlev2               =  1.63954e-05
dlev3               =  1.67891e-05
dlev4               =  1.75938e-05
dlev5               =  1.94754e-05
dlev6               =  2.02962e-05
dlev7               =  2.14432e-05
dlev8               =  2.16796e-05
dlev9               =  2.14987e-05
dlev10              =  2.07720e-05
dlev11              =  1.84929e-05
dlev12              =  1.66768e-05
dlev13              =  1.65297e-05
dlev14              =  2.01055e-05
dlev15              =  1.72323e-05
dlev16              =  1.00001e+00
dlev17              =  1.00001e+00
dlev18              =  1.00001e+00
dlev19              =  1.00001e+00
dlev20              =  1.00001e+00
dlev21              =  1.00001e+00
dlev22              =  1.00001e+00
dlev23              =  1.00001e+00
dlev24              =  1.00001e+00
dlev25              =  1.00001e+00
dlev26              =  1.00001e+00
dlev27              =  1.00001e+00
dlev28              =  9.99997e-01
dlev29              =  9.99997e-01
dlev30              =  9.99997e-01
dlev31              =  9.99997e-01
dlev32              =  9.99996e-01
vos = -1.501075329e-03
lowcount = 1.5999641557e+01
vbias               =  3.67669e-01
Reset re-loads circuit * comparator-offset-transient-mc @ sf_mismatch_-40c_1.20v -- generated by sim/harness, do not edit

Circuit: * comparator-offset-transient-mc @ sf_mismatch_-40c_1.20v -- generated by sim/harness, do not edit

Doing analysis at TEMP = -40.000000 and TNOM = 27.000000

Using SPARSE 1.3 as Direct Linear Solver

Initial Transient Solution
--------------------------

Node                                   Voltage
----                                   -------
vdd                                        1.2
cm                                         0.6
vd                                      -0.048
ap                                       0.576
an                                       0.624
clk                                          0
ibn                                   0.364793
xa.x1.tmid                         5.74903e-09
xa.x1.tail                            0.582919
xa.x1.np                                   1.2
xa.x1.nn                                   1.2
xa.x1.ln                                   1.2
xa.x1.lp                                   1.2
xa.x1.lnb                          4.20685e-08
xa.x1.lpb                          3.96941e-08
xa.x1.na                               1.18864
doutb                                 0.656212
dout                                  0.645699
xa.x1.nb                               1.18932
doutn                                 0.538083
bdoutn#branch                                0
ean#branch                         2.19075e-13
eap#branch                          2.8208e-13
vclk#branch                        3.64879e-10
vd#branch                                    0
vcm#branch                         5.01155e-13
vsup#branch                       -7.26421e-05

 Reference value :  8.40125e-08
 Reference value :  2.00202e-07
 Reference value :  3.18694e-07
 Reference value :  4.36104e-07
 Reference value :  5.51604e-07
 Reference value :  6.70903e-07
 Reference value :  7.90303e-07
 Reference value :  9.09550e-07
No. of Data Rows : 10834
dlev0               =  7.38727e-06
dlev1               =  6.71315e-06
dlev2               =  2.05606e-05
dlev3               =  2.03662e-05
dlev4               =  2.00236e-05
dlev5               =  1.94977e-05
dlev6               =  1.87104e-05
dlev7               =  1.76334e-05
dlev8               =  1.65957e-05
dlev9               =  1.62182e-05
dlev10              =  1.69195e-05
dlev11              =  1.62987e-05
dlev12              =  1.84359e-05
dlev13              =  2.46254e-05
dlev14              =  2.36082e-05
dlev15              =  1.61559e-05
dlev16              =  1.00001e+00
dlev17              =  1.00001e+00
dlev18              =  1.00001e+00
dlev19              =  1.00001e+00
dlev20              =  1.00001e+00
dlev21              =  1.00001e+00
dlev22              =  1.00001e+00
dlev23              =  1.00001e+00
dlev24              =  1.00001e+00
dlev25              =  1.00001e+00
dlev26              =  1.00001e+00
dlev27              =  9.99999e-01
dlev28              =  9.99999e-01
dlev29              =  9.99999e-01
dlev30              =  9.99998e-01
dlev31              =  9.99998e-01
dlev32              =  1.00001e+00
vos = -1.501086149e-03
lowcount = 1.5999637950e+01
vbias               =  3.64793e-01
Reset re-loads circuit * comparator-offset-transient-mc @ sf_mismatch_-40c_1.20v -- generated by sim/harness, do not edit

Circuit: * comparator-offset-transient-mc @ sf_mismatch_-40c_1.20v -- generated by sim/harness, do not edit

Doing analysis at TEMP = -40.000000 and TNOM = 27.000000

Using SPARSE 1.3 as Direct Linear Solver

Initial Transient Solution
--------------------------

Node                                   Voltage
----                                   -------
vdd                                        1.2
cm                                         0.6
vd                                      -0.048
ap                                       0.576
an                                       0.624
clk                                          0
ibn                                   0.366289
xa.x1.tmid                         5.52706e-09
xa.x1.tail                            0.580662
xa.x1.np                                   1.2
xa.x1.nn                                   1.2
xa.x1.ln                                   1.2
xa.x1.lp                                   1.2
xa.x1.lnb                          3.99425e-08
xa.x1.lpb                          4.27863e-08
xa.x1.na                                   1.2
doutb                              4.41266e-08
dout                                       1.2
xa.x1.nb                                   1.2
doutn                                        1
bdoutn#branch                                0
ean#branch                          2.1888e-13
eap#branch                         2.82024e-13
vclk#branch                          3.629e-10
vd#branch                                    0
vcm#branch                         5.00905e-13
vsup#branch                       -2.00007e-05

 Reference value :  1.13644e-08
 Reference value :  1.30067e-07
 Reference value :  2.50003e-07
 Reference value :  3.68350e-07
 Reference value :  4.84950e-07
 Reference value :  5.97606e-07
 Reference value :  7.11315e-07
 Reference value :  8.30246e-07
 Reference value :  9.48202e-07
No. of Data Rows : 10845
dlev0               =  2.12062e-05
dlev1               =  1.76896e-05
dlev2               =  1.76826e-05
dlev3               =  1.76809e-05
dlev4               =  1.75355e-05
dlev5               =  1.72346e-05
dlev6               =  1.67213e-05
dlev7               =  1.58728e-05
dlev8               =  1.46955e-05
dlev9               =  1.47774e-05
dlev10              =  1.42169e-05
dlev11              =  1.31962e-05
dlev12              =  1.51519e-05
dlev13              =  2.09410e-05
dlev14              =  1.99886e-05
dlev15              =  1.84112e-05
dlev16              =  1.00001e+00
dlev17              =  1.00001e+00
dlev18              =  1.00001e+00
dlev19              =  1.00001e+00
dlev20              =  1.00001e+00
dlev21              =  1.00001e+00
dlev22              =  1.00001e+00
dlev23              =  1.00001e+00
dlev24              =  1.00001e+00
dlev25              =  1.00001e+00
dlev26              =  1.00001e+00
dlev27              =  1.00001e+00
dlev28              =  1.00001e+00
dlev29              =  1.00001e+00
dlev30              =  1.00001e+00
dlev31              =  1.00001e+00
dlev32              =  1.00001e+00
vos = -1.501401007e-03
lowcount = 1.5999532998e+01
vbias               =  3.66289e-01
Reset re-loads circuit * comparator-offset-transient-mc @ sf_mismatch_-40c_1.20v -- generated by sim/harness, do not edit

Circuit: * comparator-offset-transient-mc @ sf_mismatch_-40c_1.20v -- generated by sim/harness, do not edit

Doing analysis at TEMP = -40.000000 and TNOM = 27.000000

Using SPARSE 1.3 as Direct Linear Solver

Initial Transient Solution
--------------------------

Node                                   Voltage
----                                   -------
vdd                                        1.2
cm                                         0.6
vd                                      -0.048
ap                                       0.576
an                                       0.624
clk                                          0
ibn                                   0.367984
xa.x1.tmid                         5.60221e-09
xa.x1.tail                            0.579476
xa.x1.np                                   1.2
xa.x1.nn                                   1.2
xa.x1.ln                                   1.2
xa.x1.lp                                   1.2
xa.x1.lnb                          3.98083e-08
xa.x1.lpb                          4.26132e-08
xa.x1.na                               1.18951
doutb                                 0.648062
dout                                  0.654729
xa.x1.nb                               1.18882
doutn                                 0.545608
bdoutn#branch                                0
ean#branch                         2.19019e-13
eap#branch                         2.82108e-13
vclk#branch                        3.62143e-10
vd#branch                                    0
vcm#branch                         5.01127e-13
vsup#branch                       -7.26601e-05

 Reference value :  5.34245e-08
 Reference value :  1.70266e-07
 Reference value :  2.89203e-07
 Reference value :  4.05385e-07
 Reference value :  5.20903e-07
 Reference value :  6.37450e-07
 Reference value :  7.54850e-07
 Reference value :  8.70850e-07
 Reference value :  9.83116e-07
No. of Data Rows : 10849
dlev0               =  1.96402e-05
dlev1               =  1.42190e-05
dlev2               =  1.38224e-05
dlev3               =  1.36563e-05
dlev4               =  1.93702e-05
dlev5               =  2.10321e-05
dlev6               =  2.17894e-05
dlev7               =  2.28159e-05
dlev8               =  2.30645e-05
dlev9               =  2.29559e-05
dlev10              =  2.23778e-05
dlev11              =  2.08810e-05
dlev12              =  1.81892e-05
dlev13              =  1.87037e-05
dlev14              =  1.92445e-05
dlev15              =  2.35779e-05
dlev16              =  2.24757e-05
dlev17              =  1.00000e+00
dlev18              =  1.00001e+00
dlev19              =  1.00001e+00
dlev20              =  1.00001e+00
dlev21              =  1.00001e+00
dlev22              =  1.00001e+00
dlev23              =  1.00001e+00
dlev24              =  1.00001e+00
dlev25              =  1.00001e+00
dlev26              =  1.00001e+00
dlev27              =  1.00001e+00
dlev28              =  1.00001e+00
dlev29              =  1.00001e+00
dlev30              =  1.00001e+00
dlev31              =  1.00001e+00
dlev32              =  1.00001e+00
vos = 1.4984315528e-03
lowcount = 1.6999477184e+01
vbias               =  3.67984e-01
Reset re-loads circuit * comparator-offset-transient-mc @ sf_mismatch_-40c_1.20v -- generated by sim/harness, do not edit

Circuit: * comparator-offset-transient-mc @ sf_mismatch_-40c_1.20v -- generated by sim/harness, do not edit

Doing analysis at TEMP = -40.000000 and TNOM = 27.000000

Using SPARSE 1.3 as Direct Linear Solver

Initial Transient Solution
--------------------------

Node                                   Voltage
----                                   -------
vdd                                        1.2
cm                                         0.6
vd                                      -0.048
ap                                       0.576
an                                       0.624
clk                                          0
ibn                                    0.36977
xa.x1.tmid                          5.2426e-09
xa.x1.tail                            0.579167
xa.x1.np                                   1.2
xa.x1.nn                                   1.2
xa.x1.ln                                   1.2
xa.x1.lp                                   1.2
xa.x1.lnb                           4.1615e-08
xa.x1.lpb                          4.12453e-08
xa.x1.na                               1.18937
doutb                                 0.652164
dout                                  0.651602
xa.x1.nb                               1.18853
doutn                                 0.543002
bdoutn#branch                                0
ean#branch                         2.18908e-13
eap#branch                         2.82135e-13
vclk#branch                        3.65759e-10
vd#branch                                    0
vcm#branch                         5.01044e-13
vsup#branch                       -7.27384e-05

 Reference value :  8.67987e-08
 Reference value :  2.04409e-07
 Reference value :  3.23615e-07
 Reference value :  4.40351e-07
 Reference value :  5.57984e-07
 Reference value :  6.75603e-07
 Reference value :  7.93599e-07
 Reference value :  9.11084e-07
No. of Data Rows : 10852
dlev0               =  2.91513e-06
dlev1               =  4.42945e-06
dlev2               =  5.02574e-06
dlev3               =  1.76977e-05
dlev4               =  1.80166e-05
dlev5               =  1.80579e-05
dlev6               =  1.94888e-05
dlev7               =  1.95736e-05
dlev8               =  1.94373e-05
dlev9               =  1.89878e-05
dlev10              =  1.75771e-05
dlev11              =  1.63945e-05
dlev12              =  1.60705e-05
dlev13              =  1.60968e-05
dlev14              =  1.97335e-05
dlev15              =  1.60702e-05
dlev16              =  1.00001e+00
dlev17              =  1.00001e+00
dlev18              =  1.00001e+00
dlev19              =  1.00001e+00
dlev20              =  1.00001e+00
dlev21              =  1.00001e+00
dlev22              =  1.00001e+00
dlev23              =  1.00001e+00
dlev24              =  1.00001e+00
dlev25              =  1.00001e+00
dlev26              =  1.00001e+00
dlev27              =  1.00001e+00
dlev28              =  1.00001e+00
dlev29              =  1.00001e+00
dlev30              =  1.00001e+00
dlev31              =  1.00001e+00
dlev32              =  1.00001e+00
vos = -1.501138718e-03
lowcount = 1.5999620427e+01
vbias               =  3.69770e-01
Reset re-loads circuit * comparator-offset-transient-mc @ sf_mismatch_-40c_1.20v -- generated by sim/harness, do not edit

Circuit: * comparator-offset-transient-mc @ sf_mismatch_-40c_1.20v -- generated by sim/harness, do not edit

Doing analysis at TEMP = -40.000000 and TNOM = 27.000000

Using SPARSE 1.3 as Direct Linear Solver

Initial Transient Solution
--------------------------

Node                                   Voltage
----                                   -------
vdd                                        1.2
cm                                         0.6
vd                                      -0.048
ap                                       0.576
an                                       0.624
clk                                          0
ibn                                   0.367929
xa.x1.tmid                         5.34557e-09
xa.x1.tail                            0.582535
xa.x1.np                                   1.2
xa.x1.nn                                   1.2
xa.x1.ln                                   1.2
xa.x1.lp                                   1.2
xa.x1.lnb                          4.19333e-08
xa.x1.lpb                          4.17654e-08
xa.x1.na                               1.18927
doutb                                 0.647029
dout                                  0.652328
xa.x1.nb                               1.18902
doutn                                 0.543607
bdoutn#branch                                0
ean#branch                         2.18964e-13
eap#branch                         2.82135e-13
vclk#branch                        3.58784e-10
vd#branch                                    0
vcm#branch                         5.01099e-13
vsup#branch                        -7.2853e-05

 Reference value :  1.85163e-08
 Reference value :  1.35198e-07
 Reference value :  2.51903e-07
 Reference value :  3.70703e-07
 Reference value :  4.88850e-07
 Reference value :  6.02950e-07
 Reference value :  7.19810e-07
 Reference value :  8.35908e-07
 Reference value :  9.51316e-07
No. of Data Rows : 10846
dlev0               =  6.42394e-06
dlev1               =  1.34588e-05
dlev2               =  1.55752e-05
dlev3               =  1.66448e-05
dlev4               =  1.73864e-05
dlev5               =  2.12521e-05
dlev6               =  2.15299e-05
dlev7               =  2.15844e-05
dlev8               =  2.13809e-05
dlev9               =  2.07533e-05
dlev10              =  1.89272e-05
dlev11              =  1.72924e-05
dlev12              =  1.70182e-05
dlev13              =  1.78508e-05
dlev14              =  2.24589e-05
dlev15              =  1.72581e-05
dlev16              =  1.00001e+00
dlev17              =  1.00001e+00
dlev18              =  1.00001e+00
dlev19              =  1.00001e+00
dlev20              =  1.00001e+00
dlev21              =  1.00001e+00
dlev22              =  1.00001e+00
dlev23              =  1.00001e+00
dlev24              =  1.00001e+00
dlev25              =  1.00001e+00
dlev26              =  1.00001e+00
dlev27              =  1.00001e+00
dlev28              =  1.00001e+00
dlev29              =  1.00001e+00
dlev30              =  1.00001e+00
dlev31              =  1.00001e+00
dlev32              =  1.00001e+00
vos = -1.501346386e-03
lowcount = 1.5999551205e+01
vbias               =  3.67929e-01
Reset re-loads circuit * comparator-offset-transient-mc @ sf_mismatch_-40c_1.20v -- generated by sim/harness, do not edit

Circuit: * comparator-offset-transient-mc @ sf_mismatch_-40c_1.20v -- generated by sim/harness, do not edit

Doing analysis at TEMP = -40.000000 and TNOM = 27.000000

Using SPARSE 1.3 as Direct Linear Solver

Initial Transient Solution
--------------------------

Node                                   Voltage
----                                   -------
vdd                                        1.2
cm                                         0.6
vd                                      -0.048
ap                                       0.576
an                                       0.624
clk                                          0
ibn                                   0.366989
xa.x1.tmid                         5.07709e-09
xa.x1.tail                            0.584557
xa.x1.np                                   1.2
xa.x1.nn                                   1.2
xa.x1.ln                                   1.2
xa.x1.lp                                   1.2
xa.x1.lnb                          4.27919e-08
xa.x1.lpb                          4.20994e-08
xa.x1.na                                   1.2
doutb                                      1.2
dout                               4.46024e-08
xa.x1.nb                                   1.2
doutn                              3.71687e-08
bdoutn#branch                                0
ean#branch                         2.19075e-13
eap#branch                         2.82191e-13
vclk#branch                        3.62512e-10
vd#branch                                    0
vcm#branch                         5.01266e-13
vsup#branch                       -2.00007e-05

 Reference value :  5.59130e-08
 Reference value :  1.72206e-07
 Reference value :  2.90246e-07
 Reference value :  4.08082e-07
 Reference value :  5.22202e-07
 Reference value :  6.40502e-07
 Reference value :  7.60042e-07
 Reference value :  8.78250e-07
No. of Data Rows : 10845
dlev0               =  2.07917e-05
dlev1               =  2.09976e-05
dlev2               =  2.26290e-05
dlev3               =  2.34529e-05
dlev4               =  2.44467e-05
dlev5               =  2.54219e-05
dlev6               =  2.55658e-05
dlev7               =  2.54472e-05
dlev8               =  2.49852e-05
dlev9               =  2.34075e-05
dlev10              =  2.17490e-05
dlev11              =  2.05653e-05
dlev12              =  2.04503e-05
dlev13              =  2.08658e-05
dlev14              =  2.41440e-05
dlev15              =  2.15420e-05
dlev16              =  1.00001e+00
dlev17              =  1.00001e+00
dlev18              =  1.00001e+00
dlev19              =  1.00001e+00
dlev20              =  1.00001e+00
dlev21              =  1.00001e+00
dlev22              =  1.00001e+00
dlev23              =  1.00001e+00
dlev24              =  1.00001e+00
dlev25              =  1.00001e+00
dlev26              =  1.00001e+00
dlev27              =  1.00001e+00
dlev28              =  1.00001e+00
dlev29              =  1.00001e+00
dlev30              =  1.00001e+00
dlev31              =  1.00000e+00
dlev32              =  1.00000e+00
vos = -1.501431486e-03
lowcount = 1.5999522838e+01
vbias               =  3.66989e-01
Reset re-loads circuit * comparator-offset-transient-mc @ sf_mismatch_-40c_1.20v -- generated by sim/harness, do not edit

Circuit: * comparator-offset-transient-mc @ sf_mismatch_-40c_1.20v -- generated by sim/harness, do not edit

Doing analysis at TEMP = -40.000000 and TNOM = 27.000000

Using SPARSE 1.3 as Direct Linear Solver

Initial Transient Solution
--------------------------

Node                                   Voltage
----                                   -------
vdd                                        1.2
cm                                         0.6
vd                                      -0.048
ap                                       0.576
an                                       0.624
clk                                          0
ibn                                   0.367885
xa.x1.tmid                         5.49309e-09
xa.x1.tail                            0.579814
xa.x1.np                                   1.2
xa.x1.nn                                   1.2
xa.x1.ln                                   1.2
xa.x1.lp                                   1.2
xa.x1.lnb                          4.17838e-08
xa.x1.lpb                          4.35508e-08
xa.x1.na                               1.18941
doutb                                 0.651169
dout                                  0.651305
xa.x1.nb                               1.18885
doutn                                 0.542754
bdoutn#branch                                0
ean#branch                         2.18936e-13
eap#branch                         2.81913e-13
vclk#branch                        3.63317e-10
vd#branch                                    0
vcm#branch                         5.00849e-13
vsup#branch                       -7.27222e-05

 Reference value :  0.00000e+00
 Reference value :  1.10268e-07
 Reference value :  2.23903e-07
 Reference value :  3.41795e-07
 Reference value :  4.60503e-07
 Reference value :  5.79350e-07
 Reference value :  6.99250e-07
 Reference value :  8.17550e-07
 Reference value :  9.34050e-07
No. of Data Rows : 10846
dlev0               =  1.70552e-05
dlev1               =  1.34146e-05
dlev2               =  1.36671e-05
dlev3               =  1.82952e-05
dlev4               =  1.66953e-05
dlev5               =  1.76344e-05
dlev6               =  2.15692e-05
dlev7               =  2.17203e-05
dlev8               =  2.14980e-05
dlev9               =  2.06861e-05
dlev10              =  1.85499e-05
dlev11              =  1.72660e-05
dlev12              =  1.77292e-05
dlev13              =  2.22388e-05
dlev14              =  1.76194e-05
dlev15              =  1.00001e+00
dlev16              =  1.00001e+00
dlev17              =  1.00001e+00
dlev18              =  1.00000e+00
dlev19              =  1.00001e+00
dlev20              =  1.00001e+00
dlev21              =  1.00001e+00
dlev22              =  1.00001e+00
dlev23              =  1.00001e+00
dlev24              =  1.00001e+00
dlev25              =  1.00001e+00
dlev26              =  1.00000e+00
dlev27              =  1.00000e+00
dlev28              =  9.99997e-01
dlev29              =  9.99997e-01
dlev30              =  9.99997e-01
dlev31              =  9.99996e-01
dlev32              =  1.00000e+00
vos = -4.501034816e-03
lowcount = 1.4999655061e+01
vbias               =  3.67885e-01
Reset re-loads circuit * comparator-offset-transient-mc @ sf_mismatch_-40c_1.20v -- generated by sim/harness, do not edit

Circuit: * comparator-offset-transient-mc @ sf_mismatch_-40c_1.20v -- generated by sim/harness, do not edit

Doing analysis at TEMP = -40.000000 and TNOM = 27.000000

Using SPARSE 1.3 as Direct Linear Solver

Initial Transient Solution
--------------------------

Node                                   Voltage
----                                   -------
vdd                                        1.2
cm                                         0.6
vd                                      -0.048
ap                                       0.576
an                                       0.624
clk                                          0
ibn                                   0.370523
xa.x1.tmid                         4.99152e-09
xa.x1.tail                            0.582994
xa.x1.np                                   1.2
xa.x1.nn                                   1.2
xa.x1.ln                                   1.2
xa.x1.lp                                   1.2
xa.x1.lnb                          4.15159e-08
xa.x1.lpb                          4.30761e-08
xa.x1.na                               1.18907
doutb                                 0.650903
dout                                  0.648873
xa.x1.nb                               1.18902
doutn                                 0.540728
bdoutn#branch                                0
ean#branch                         2.19158e-13
eap#branch                         2.82163e-13
vclk#branch                        3.64564e-10
vd#branch                                    0
vcm#branch                         5.01321e-13
vsup#branch                       -7.24437e-05

 Reference value :  3.93500e-08
 Reference value :  1.57550e-07
 Reference value :  2.75450e-07
 Reference value :  3.92850e-07
 Reference value :  5.11450e-07
 Reference value :  6.27709e-07
 Reference value :  7.44715e-07
 Reference value :  8.61615e-07
 Reference value :  9.80269e-07
No. of Data Rows : 10854
dlev0               =  8.20718e-06
dlev1               =  -4.14808e-06
dlev2               =  -3.52823e-06
dlev3               =  8.39566e-06
dlev4               =  8.77840e-06
dlev5               =  9.15187e-06
dlev6               =  9.67510e-06
dlev7               =  9.82255e-06
dlev8               =  9.98818e-06
dlev9               =  1.02229e-05
dlev10              =  1.07376e-05
dlev11              =  1.16094e-05
dlev12              =  1.11197e-05
dlev13              =  1.24526e-05
dlev14              =  1.19391e-05
dlev15              =  1.05134e-05
dlev16              =  1.17169e-05
dlev17              =  1.00001e+00
dlev18              =  1.00001e+00
dlev19              =  1.00001e+00
dlev20              =  1.00001e+00
dlev21              =  1.00001e+00
dlev22              =  1.00001e+00
dlev23              =  1.00001e+00
dlev24              =  1.00001e+00
dlev25              =  1.00001e+00
dlev26              =  1.00001e+00
dlev27              =  1.00001e+00
dlev28              =  1.00001e+00
dlev29              =  1.00001e+00
dlev30              =  1.00001e+00
dlev31              =  1.00001e+00
dlev32              =  1.00001e+00
vos = 1.4991790370e-03
lowcount = 1.6999726346e+01
vbias               =  3.70523e-01
Reset re-loads circuit * comparator-offset-transient-mc @ sf_mismatch_-40c_1.20v -- generated by sim/harness, do not edit

Circuit: * comparator-offset-transient-mc @ sf_mismatch_-40c_1.20v -- generated by sim/harness, do not edit

Doing analysis at TEMP = -40.000000 and TNOM = 27.000000

Using SPARSE 1.3 as Direct Linear Solver

Initial Transient Solution
--------------------------

Node                                   Voltage
----                                   -------
vdd                                        1.2
cm                                         0.6
vd                                      -0.048
ap                                       0.576
an                                       0.624
clk                                          0
ibn                                    0.36934
xa.x1.tmid                         5.30566e-09
xa.x1.tail                            0.581598
xa.x1.np                                   1.2
xa.x1.nn                                   1.2
xa.x1.ln                                   1.2
xa.x1.lp                                   1.2
xa.x1.lnb                          4.39076e-08
xa.x1.lpb                          4.17062e-08
xa.x1.na                               1.18925
doutb                                 0.646648
dout                                  0.649005
xa.x1.nb                               1.18837
doutn                                 0.540838
bdoutn#branch                                0
ean#branch                          2.1913e-13
eap#branch                         2.81941e-13
vclk#branch                        3.61477e-10
vd#branch                                    0
vcm#branch                         5.01071e-13
vsup#branch                       -7.35379e-05

 Reference value :  8.68141e-08
 Reference value :  2.04109e-07
 Reference value :  3.21508e-07
 Reference value :  4.40202e-07
 Reference value :  5.53998e-07
 Reference value :  6.71899e-07
 Reference value :  7.90067e-07
 Reference value :  9.07150e-07
No. of Data Rows : 10853
dlev0               =  2.22031e-05
dlev1               =  1.77378e-05
dlev2               =  1.78011e-05
dlev3               =  1.79125e-05
dlev4               =  1.82160e-05
dlev5               =  1.89774e-05
dlev6               =  2.12152e-05
dlev7               =  2.20183e-05
dlev8               =  2.29334e-05
dlev9               =  2.29723e-05
dlev10              =  2.25063e-05
dlev11              =  2.10344e-05
dlev12              =  1.88590e-05
dlev13              =  1.79568e-05
dlev14              =  2.23432e-05
dlev15              =  1.98131e-05
dlev16              =  1.00001e+00
dlev17              =  1.00001e+00
dlev18              =  1.00001e+00
dlev19              =  1.00001e+00
dlev20              =  1.00001e+00
dlev21              =  1.00001e+00
dlev22              =  1.00001e+00
dlev23              =  1.00001e+00
dlev24              =  1.00001e+00
dlev25              =  1.00001e+00
dlev26              =  1.00001e+00
dlev27              =  1.00001e+00
dlev28              =  1.00001e+00
dlev29              =  1.00000e+00
dlev30              =  1.00001e+00
dlev31              =  1.00001e+00
dlev32              =  1.00001e+00
vos = -1.501294200e-03
lowcount = 1.5999568600e+01
vbias               =  3.69340e-01
Reset re-loads circuit * comparator-offset-transient-mc @ sf_mismatch_-40c_1.20v -- generated by sim/harness, do not edit

Circuit: * comparator-offset-transient-mc @ sf_mismatch_-40c_1.20v -- generated by sim/harness, do not edit

Doing analysis at TEMP = -40.000000 and TNOM = 27.000000

Using SPARSE 1.3 as Direct Linear Solver

Initial Transient Solution
--------------------------

Node                                   Voltage
----                                   -------
vdd                                        1.2
cm                                         0.6
vd                                      -0.048
ap                                       0.576
an                                       0.624
clk                                          0
ibn                                    0.36428
xa.x1.tmid                         5.82822e-09
xa.x1.tail                            0.583104
xa.x1.np                                   1.2
xa.x1.nn                                   1.2
xa.x1.ln                                   1.2
xa.x1.lp                                   1.2
xa.x1.lnb                          4.28146e-08
xa.x1.lpb                          4.26671e-08
xa.x1.na                                   1.2
doutb                              4.54013e-08
dout                                       1.2
xa.x1.nb                                   1.2
doutn                                        1
bdoutn#branch                                0
ean#branch                         2.19158e-13
eap#branch                          2.8208e-13
vclk#branch                        3.57931e-10
vd#branch                                    0
vcm#branch                         5.01238e-13
vsup#branch                       -2.00007e-05

 Reference value :  1.00736e-08
 Reference value :  1.23750e-07
 Reference value :  2.41350e-07
 Reference value :  3.57913e-07
 Reference value :  4.73712e-07
 Reference value :  5.90212e-07
 Reference value :  7.07694e-07
 Reference value :  8.25003e-07
 Reference value :  9.41303e-07
No. of Data Rows : 10844
dlev0               =  1.90105e-05
dlev1               =  2.29722e-05
dlev2               =  2.30674e-05
dlev3               =  2.30025e-05
dlev4               =  2.27983e-05
dlev5               =  2.24234e-05
dlev6               =  2.18054e-05
dlev7               =  2.08854e-05
dlev8               =  1.98027e-05
dlev9               =  1.22627e-05
dlev10              =  1.76483e-05
dlev11              =  1.89638e-05
dlev12              =  1.92175e-05
dlev13              =  1.99624e-05
dlev14              =  2.36787e-05
dlev15              =  2.19443e-05
dlev16              =  1.77241e-05
dlev17              =  1.83114e-05
dlev18              =  1.00001e+00
dlev19              =  1.00001e+00
dlev20              =  1.00001e+00
dlev21              =  1.00001e+00
dlev22              =  1.00001e+00
dlev23              =  1.00001e+00
dlev24              =  1.00001e+00
dlev25              =  1.00001e+00
dlev26              =  1.00001e+00
dlev27              =  1.00001e+00
dlev28              =  1.00001e+00
dlev29              =  1.00001e+00
dlev30              =  1.00001e+00
dlev31              =  1.00001e+00
dlev32              =  1.00001e+00
vos = 4.4984235574e-03
lowcount = 1.7999474519e+01
vbias               =  3.64280e-01
Reset re-loads circuit * comparator-offset-transient-mc @ sf_mismatch_-40c_1.20v -- generated by sim/harness, do not edit

Circuit: * comparator-offset-transient-mc @ sf_mismatch_-40c_1.20v -- generated by sim/harness, do not edit

Doing analysis at TEMP = -40.000000 and TNOM = 27.000000

Using SPARSE 1.3 as Direct Linear Solver

Initial Transient Solution
--------------------------

Node                                   Voltage
----                                   -------
vdd                                        1.2
cm                                         0.6
vd                                      -0.048
ap                                       0.576
an                                       0.624
clk                                          0
ibn                                   0.365879
xa.x1.tmid                         6.31606e-09
xa.x1.tail                            0.578023
xa.x1.np                                   1.2
xa.x1.nn                                   1.2
xa.x1.ln                                   1.2
xa.x1.lp                                   1.2
xa.x1.lnb                          4.27165e-08
xa.x1.lpb                          4.32241e-08
xa.x1.na                                   1.2
doutb                                      1.2
dout                               4.48882e-08
xa.x1.nb                                   1.2
doutn                              3.74069e-08
bdoutn#branch                                0
ean#branch                         2.18936e-13
eap#branch                         2.82191e-13
vclk#branch                        3.66313e-10
vd#branch                                    0
vcm#branch                         5.01127e-13
vsup#branch                       -2.00007e-05

 Reference value :  4.62862e-08
 Reference value :  1.63403e-07
 Reference value :  2.81803e-07
 Reference value :  4.00103e-07
 Reference value :  5.16450e-07
 Reference value :  6.30450e-07
 Reference value :  7.46108e-07
 Reference value :  8.60916e-07
 Reference value :  9.75985e-07
No. of Data Rows : 10842
dlev0               =  1.15256e-06
dlev1               =  1.80986e-06
dlev2               =  1.28833e-05
dlev3               =  1.33324e-05
dlev4               =  1.44209e-05
dlev5               =  1.46107e-05
dlev6               =  1.46878e-05
dlev7               =  1.45585e-05
dlev8               =  1.41866e-05
dlev9               =  1.34787e-05
dlev10              =  1.23216e-05
dlev11              =  1.09246e-05
dlev12              =  1.14919e-05
dlev13              =  1.07140e-05
dlev14              =  1.37157e-05
dlev15              =  1.67379e-05
dlev16              =  1.56455e-05
dlev17              =  1.00001e+00
dlev18              =  1.00001e+00
dlev19              =  1.00001e+00
dlev20              =  1.00001e+00
dlev21              =  1.00001e+00
dlev22              =  1.00001e+00
dlev23              =  1.00001e+00
dlev24              =  1.00001e+00
dlev25              =  1.00001e+00
dlev26              =  1.00001e+00
dlev27              =  1.00001e+00
dlev28              =  1.00001e+00
dlev29              =  1.00001e+00
dlev30              =  1.00001e+00
dlev31              =  1.00001e+00
dlev32              =  1.00001e+00
vos = 1.4989719826e-03
lowcount = 1.6999657328e+01
vbias               =  3.65879e-01
Reset re-loads circuit * comparator-offset-transient-mc @ sf_mismatch_-40c_1.20v -- generated by sim/harness, do not edit

Circuit: * comparator-offset-transient-mc @ sf_mismatch_-40c_1.20v -- generated by sim/harness, do not edit

Doing analysis at TEMP = -40.000000 and TNOM = 27.000000

Using SPARSE 1.3 as Direct Linear Solver

Initial Transient Solution
--------------------------

Node                                   Voltage
----                                   -------
vdd                                        1.2
cm                                         0.6
vd                                      -0.048
ap                                       0.576
an                                       0.624
clk                                          0
ibn                                   0.369273
xa.x1.tmid                         5.61783e-09
xa.x1.tail                            0.582494
xa.x1.np                                   1.2
xa.x1.nn                                   1.2
xa.x1.ln                                   1.2
xa.x1.lp                                   1.2
xa.x1.lnb                          4.20994e-08
xa.x1.lpb                          4.15268e-08
xa.x1.na                               1.18846
doutb                                 0.654899
dout                                  0.644964
xa.x1.nb                               1.18955
doutn                                  0.53747
bdoutn#branch                                0
ean#branch                         2.19019e-13
eap#branch                         2.82024e-13
vclk#branch                         3.6512e-10
vd#branch                                    0
vcm#branch                         5.01044e-13
vsup#branch                       -7.26138e-05

 Reference value :  7.30836e-08
 Reference value :  1.85650e-07
 Reference value :  2.99830e-07
 Reference value :  4.10290e-07
 Reference value :  5.20993e-07
 Reference value :  6.36750e-07
 Reference value :  7.50250e-07
 Reference value :  8.63516e-07
 Reference value :  9.74796e-07
No. of Data Rows : 10849
dlev0               =  1.78367e-06
dlev1               =  6.12376e-06
dlev2               =  1.65056e-05
dlev3               =  1.65938e-05
dlev4               =  1.67859e-05
dlev5               =  1.72395e-05
dlev6               =  1.81493e-05
dlev7               =  1.95431e-05
dlev8               =  2.02168e-05
dlev9               =  2.06098e-05
dlev10              =  2.04269e-05
dlev11              =  1.92902e-05
dlev12              =  1.78329e-05
dlev13              =  1.66104e-05
dlev14              =  1.58562e-05
dlev15              =  2.00264e-05
dlev16              =  1.71306e-05
dlev17              =  1.00001e+00
dlev18              =  1.00001e+00
dlev19              =  1.00001e+00
dlev20              =  1.00001e+00
dlev21              =  1.00001e+00
dlev22              =  1.00001e+00
dlev23              =  1.00001e+00
dlev24              =  1.00001e+00
dlev25              =  1.00001e+00
dlev26              =  1.00001e+00
dlev27              =  1.00001e+00
dlev28              =  1.00001e+00
dlev29              =  1.00000e+00
dlev30              =  9.99999e-01
dlev31              =  1.00001e+00
dlev32              =  1.00001e+00
vos = 1.4988362254e-03
lowcount = 1.6999612075e+01
vbias               =  3.69273e-01
Reset re-loads circuit * comparator-offset-transient-mc @ sf_mismatch_-40c_1.20v -- generated by sim/harness, do not edit

Circuit: * comparator-offset-transient-mc @ sf_mismatch_-40c_1.20v -- generated by sim/harness, do not edit

Doing analysis at TEMP = -40.000000 and TNOM = 27.000000

Using SPARSE 1.3 as Direct Linear Solver

Initial Transient Solution
--------------------------

Node                                   Voltage
----                                   -------
vdd                                        1.2
cm                                         0.6
vd                                      -0.048
ap                                       0.576
an                                       0.624
clk                                          0
ibn                                   0.366439
xa.x1.tmid                         5.32002e-09
xa.x1.tail                            0.580649
xa.x1.np                                   1.2
xa.x1.nn                                   1.2
xa.x1.ln                                   1.2
xa.x1.lp                                   1.2
xa.x1.lnb                          4.23499e-08
xa.x1.lpb                          4.18528e-08
xa.x1.na                                   1.2
doutb                                      1.2
dout                               4.39127e-08
xa.x1.nb                                   1.2
doutn                              3.65939e-08
bdoutn#branch                                0
ean#branch                         2.18991e-13
eap#branch                         2.81941e-13
vclk#branch                        3.63624e-10
vd#branch                                    0
vcm#branch                         5.00933e-13
vsup#branch                       -2.00007e-05

 Reference value :  7.50936e-08
 Reference value :  1.87350e-07
 Reference value :  3.00030e-07
 Reference value :  4.11009e-07
 Reference value :  5.27198e-07
 Reference value :  6.41102e-07
 Reference value :  7.46700e-07
 Reference value :  8.60318e-07
 Reference value :  9.71781e-07
No. of Data Rows : 10837
dlev0               =  1.77161e-05
dlev1               =  1.75161e-05
dlev2               =  1.89761e-05
dlev3               =  1.97366e-05
dlev4               =  2.00486e-05
dlev5               =  2.14416e-05
dlev6               =  2.15908e-05
dlev7               =  2.14852e-05
dlev8               =  2.10492e-05
dlev9               =  1.99745e-05
dlev10              =  1.78575e-05
dlev11              =  1.73979e-05
dlev12              =  1.71530e-05
dlev13              =  2.03073e-05
dlev14              =  2.15490e-05
dlev15              =  1.97549e-05
dlev16              =  1.00001e+00
dlev17              =  1.00001e+00
dlev18              =  1.00001e+00
dlev19              =  1.00001e+00
dlev20              =  1.00001e+00
dlev21              =  1.00001e+00
dlev22              =  1.00001e+00
dlev23              =  9.99999e-01
dlev24              =  9.99999e-01
dlev25              =  9.99998e-01
dlev26              =  1.00001e+00
dlev27              =  1.00001e+00
dlev28              =  1.00001e+00
dlev29              =  9.99997e-01
dlev30              =  9.99997e-01
dlev31              =  9.99997e-01
dlev32              =  9.99997e-01
vos = -1.501094264e-03
lowcount = 1.5999635245e+01
vbias               =  3.66439e-01
Reset re-loads circuit * comparator-offset-transient-mc @ sf_mismatch_-40c_1.20v -- generated by sim/harness, do not edit

Circuit: * comparator-offset-transient-mc @ sf_mismatch_-40c_1.20v -- generated by sim/harness, do not edit

Doing analysis at TEMP = -40.000000 and TNOM = 27.000000

Using SPARSE 1.3 as Direct Linear Solver

Initial Transient Solution
--------------------------

Node                                   Voltage
----                                   -------
vdd                                        1.2
cm                                         0.6
vd                                      -0.048
ap                                       0.576
an                                       0.624
clk                                          0
ibn                                   0.370787
xa.x1.tmid                         5.33752e-09
xa.x1.tail                            0.580916
xa.x1.np                                   1.2
xa.x1.nn                                   1.2
xa.x1.ln                                   1.2
xa.x1.lp                                   1.2
xa.x1.lnb                          4.02183e-08
xa.x1.lpb                          4.10314e-08
xa.x1.na                               1.18862
doutb                                 0.648899
dout                                  0.648451
xa.x1.nb                               1.18877
doutn                                 0.540376
bdoutn#branch                                0
ean#branch                         2.18908e-13
eap#branch                         2.82163e-13
vclk#branch                        3.64935e-10
vd#branch                                    0
vcm#branch                         5.01071e-13
vsup#branch                       -7.37853e-05

 Reference value :  7.51989e-08
 Reference value :  1.90067e-07
 Reference value :  2.99810e-07
 Reference value :  4.04902e-07
 Reference value :  5.06698e-07
 Reference value :  6.20212e-07
 Reference value :  7.31380e-07
 Reference value :  8.47750e-07
 Reference value :  9.57810e-07
No. of Data Rows : 10855
dlev0               =  1.23527e-05
dlev1               =  1.29068e-05
dlev2               =  1.28383e-05
dlev3               =  1.25922e-05
dlev4               =  1.23726e-05
dlev5               =  1.21539e-05
dlev6               =  1.17878e-05
dlev7               =  1.17098e-05
dlev8               =  1.17735e-05
dlev9               =  1.57321e-05
dlev10              =  1.73424e-05
dlev11              =  1.85131e-05
dlev12              =  1.86350e-05
dlev13              =  1.79838e-05
dlev14              =  1.49537e-05
dlev15              =  1.66831e-05
dlev16              =  1.00002e+00
dlev17              =  1.00001e+00
dlev18              =  1.00001e+00
dlev19              =  1.00001e+00
dlev20              =  1.00001e+00
dlev21              =  1.00001e+00
dlev22              =  1.00001e+00
dlev23              =  1.00001e+00
dlev24              =  1.00001e+00
dlev25              =  1.00001e+00
dlev26              =  1.00001e+00
dlev27              =  1.00001e+00
dlev28              =  1.00001e+00
dlev29              =  1.00001e+00
dlev30              =  1.00001e+00
dlev31              =  1.00001e+00
dlev32              =  1.00001e+00
vos = -1.501314993e-03
lowcount = 1.5999561669e+01
vbias               =  3.70787e-01
Reset re-loads circuit * comparator-offset-transient-mc @ sf_mismatch_-40c_1.20v -- generated by sim/harness, do not edit

Circuit: * comparator-offset-transient-mc @ sf_mismatch_-40c_1.20v -- generated by sim/harness, do not edit

Doing analysis at TEMP = -40.000000 and TNOM = 27.000000

Using SPARSE 1.3 as Direct Linear Solver

Initial Transient Solution
--------------------------

Node                                   Voltage
----                                   -------
vdd                                        1.2
cm                                         0.6
vd                                      -0.048
ap                                       0.576
an                                       0.624
clk                                          0
ibn                                   0.369649
xa.x1.tmid                         5.33201e-09
xa.x1.tail                            0.582527
xa.x1.np                                   1.2
xa.x1.nn                                   1.2
xa.x1.ln                                   1.2
xa.x1.lp                                   1.2
xa.x1.lnb                          4.10383e-08
xa.x1.lpb                          4.18395e-08
xa.x1.na                               1.18707
doutb                                 0.648332
dout                                  0.641607
xa.x1.nb                               1.18806
doutn                                 0.534672
bdoutn#branch                                0
ean#branch                         2.18908e-13
eap#branch                         2.82108e-13
vclk#branch                        3.61192e-10
vd#branch                                    0
vcm#branch                         5.01016e-13
vsup#branch                       -7.89921e-05

 Reference value :  5.87164e-08
 Reference value :  1.73124e-07
 Reference value :  2.89885e-07
 Reference value :  4.03403e-07
 Reference value :  5.18750e-07
 Reference value :  6.33350e-07
 Reference value :  7.47614e-07
 Reference value :  8.61222e-07
 Reference value :  9.77703e-07
No. of Data Rows : 10852
dlev0               =  2.20811e-05
dlev1               =  1.59642e-05
dlev2               =  1.56450e-05
dlev3               =  1.53788e-05
dlev4               =  1.45461e-05
dlev5               =  1.43970e-05
dlev6               =  1.80230e-05
dlev7               =  1.82854e-05
dlev8               =  1.90097e-05
dlev9               =  2.10298e-05
dlev10              =  2.15987e-05
dlev11              =  2.29385e-05
dlev12              =  2.27757e-05
dlev13              =  2.12640e-05
dlev14              =  1.84725e-05
dlev15              =  2.18580e-05
dlev16              =  1.00001e+00
dlev17              =  1.00001e+00
dlev18              =  1.00001e+00
dlev19              =  1.00001e+00
dlev20              =  1.00001e+00
dlev21              =  1.00001e+00
dlev22              =  1.00001e+00
dlev23              =  1.00001e+00
dlev24              =  1.00001e+00
dlev25              =  1.00001e+00
dlev26              =  1.00001e+00
dlev27              =  1.00001e+00
dlev28              =  1.00001e+00
dlev29              =  1.00001e+00
dlev30              =  1.00001e+00
dlev31              =  1.00000e+00
dlev32              =  1.00000e+00
vos = -1.501356802e-03
lowcount = 1.5999547733e+01
vbias               =  3.69649e-01
Reset re-loads circuit * comparator-offset-transient-mc @ sf_mismatch_-40c_1.20v -- generated by sim/harness, do not edit

Circuit: * comparator-offset-transient-mc @ sf_mismatch_-40c_1.20v -- generated by sim/harness, do not edit

Doing analysis at TEMP = -40.000000 and TNOM = 27.000000

Using SPARSE 1.3 as Direct Linear Solver

Initial Transient Solution
--------------------------

Node                                   Voltage
----                                   -------
vdd                                        1.2
cm                                         0.6
vd                                      -0.048
ap                                       0.576
an                                       0.624
clk                                          0
ibn                                   0.368949
xa.x1.tmid                         4.95317e-09
xa.x1.tail                            0.582032
xa.x1.np                                   1.2
xa.x1.nn                                   1.2
xa.x1.ln                                   1.2
xa.x1.lp                                   1.2
xa.x1.lnb                           4.1981e-08
xa.x1.lpb                          4.20637e-08
xa.x1.na                               1.18772
doutb                                 0.644537
dout                                  0.648223
xa.x1.nb                                1.1879
doutn                                 0.540185
bdoutn#branch                                0
ean#branch                         2.19019e-13
eap#branch                         2.81997e-13
vclk#branch                         3.6474e-10
vd#branch                                    0
vcm#branch                         5.01016e-13
vsup#branch                       -7.73048e-05

 Reference value :  8.15030e-08
 Reference value :  1.98081e-07
 Reference value :  3.15702e-07
 Reference value :  4.34081e-07
 Reference value :  5.50041e-07
 Reference value :  6.66150e-07
 Reference value :  7.81950e-07
 Reference value :  8.99830e-07
No. of Data Rows : 10846
dlev0               =  4.22346e-06
dlev1               =  1.46295e-05
dlev2               =  5.81022e-06
dlev3               =  6.27211e-06
dlev4               =  1.47797e-05
dlev5               =  1.49398e-05
dlev6               =  1.53997e-05
dlev7               =  1.64582e-05
dlev8               =  1.78036e-05
dlev9               =  1.80981e-05
dlev10              =  1.84457e-05
dlev11              =  1.79917e-05
dlev12              =  1.67202e-05
dlev13              =  1.52373e-05
dlev14              =  1.40452e-05
dlev15              =  1.77201e-05
dlev16              =  1.48107e-05
dlev17              =  1.00001e+00
dlev18              =  1.00001e+00
dlev19              =  1.00001e+00
dlev20              =  1.00001e+00
dlev21              =  1.00001e+00
dlev22              =  1.00001e+00
dlev23              =  1.00001e+00
dlev24              =  1.00001e+00
dlev25              =  1.00001e+00
dlev26              =  1.00001e+00
dlev27              =  1.00001e+00
dlev28              =  1.00001e+00
dlev29              =  1.00000e+00
dlev30              =  1.00000e+00
dlev31              =  1.00001e+00
dlev32              =  1.00001e+00
vos = 1.4989308440e-03
lowcount = 1.6999643615e+01
vbias               =  3.68949e-01
Reset re-loads circuit * comparator-offset-transient-mc @ sf_mismatch_-40c_1.20v -- generated by sim/harness, do not edit

Circuit: * comparator-offset-transient-mc @ sf_mismatch_-40c_1.20v -- generated by sim/harness, do not edit

Doing analysis at TEMP = -40.000000 and TNOM = 27.000000

Using SPARSE 1.3 as Direct Linear Solver

Initial Transient Solution
--------------------------

Node                                   Voltage
----                                   -------
vdd                                        1.2
cm                                         0.6
vd                                      -0.048
ap                                       0.576
an                                       0.624
clk                                          0
ibn                                   0.368385
xa.x1.tmid                         5.18453e-09
xa.x1.tail                            0.584055
xa.x1.np                                   1.2
xa.x1.nn                                   1.2
xa.x1.ln                                   1.2
xa.x1.lp                                   1.2
xa.x1.lnb                          4.19655e-08
xa.x1.lpb                           4.2658e-08
xa.x1.na                                1.1895
doutb                                 0.651845
dout                                  0.650144
xa.x1.nb                               1.18837
doutn                                 0.541787
bdoutn#branch                                0
ean#branch                         2.19103e-13
eap#branch                         2.82191e-13
vclk#branch                        3.62932e-10
vd#branch                                    0
vcm#branch                         5.01293e-13
vsup#branch                       -7.42292e-05

 Reference value :  5.92800e-09
 Reference value :  1.20750e-07
 Reference value :  2.34917e-07
 Reference value :  3.50246e-07
 Reference value :  4.68284e-07
 Reference value :  5.82192e-07
 Reference value :  7.00502e-07
 Reference value :  8.19250e-07
 Reference value :  9.30150e-07
No. of Data Rows : 10854
dlev0               =  1.31531e-05
dlev1               =  1.33678e-05
dlev2               =  1.26564e-05
dlev3               =  1.14136e-05
dlev4               =  1.07249e-05
dlev5               =  1.65694e-05
dlev6               =  1.69856e-05
dlev7               =  1.78112e-05
dlev8               =  1.97144e-05
dlev9               =  2.07892e-05
dlev10              =  2.15605e-05
dlev11              =  2.16642e-05
dlev12              =  2.11947e-05
dlev13              =  1.97900e-05
dlev14              =  1.76683e-05
dlev15              =  1.71563e-05
dlev16              =  2.01379e-05
dlev17              =  1.73220e-05
dlev18              =  1.00001e+00
dlev19              =  1.00001e+00
dlev20              =  1.00001e+00
dlev21              =  1.00001e+00
dlev22              =  1.00001e+00
dlev23              =  1.00001e+00
dlev24              =  1.00001e+00
dlev25              =  1.00001e+00
dlev26              =  1.00001e+00
dlev27              =  1.00001e+00
dlev28              =  1.00001e+00
dlev29              =  1.00001e+00
dlev30              =  1.00001e+00
dlev31              =  1.00001e+00
dlev32              =  1.00001e+00
vos = 4.4986389614e-03
lowcount = 1.7999546320e+01
vbias               =  3.68385e-01
Reset re-loads circuit * comparator-offset-transient-mc @ sf_mismatch_-40c_1.20v -- generated by sim/harness, do not edit

Circuit: * comparator-offset-transient-mc @ sf_mismatch_-40c_1.20v -- generated by sim/harness, do not edit

Doing analysis at TEMP = -40.000000 and TNOM = 27.000000

Using SPARSE 1.3 as Direct Linear Solver

Initial Transient Solution
--------------------------

Node                                   Voltage
----                                   -------
vdd                                        1.2
cm                                         0.6
vd                                      -0.048
ap                                       0.576
an                                       0.624
clk                                          0
ibn                                    0.36669
xa.x1.tmid                         5.52041e-09
xa.x1.tail                            0.580619
xa.x1.np                                   1.2
xa.x1.nn                                   1.2
xa.x1.ln                                   1.2
xa.x1.lp                                   1.2
xa.x1.lnb                          4.35478e-08
xa.x1.lpb                          4.26575e-08
xa.x1.na                                   1.2
doutb                              4.48295e-08
dout                                       1.2
xa.x1.nb                                   1.2
doutn                                        1
bdoutn#branch                                0
ean#branch                         2.19075e-13
eap#branch                         2.82052e-13
vclk#branch                         3.6445e-10
vd#branch                                    0
vcm#branch                         5.01127e-13
vsup#branch                       -2.00007e-05

 Reference value :  3.28500e-08
 Reference value :  1.48515e-07
 Reference value :  2.65919e-07
 Reference value :  3.82625e-07
 Reference value :  4.99802e-07
 Reference value :  6.16002e-07
 Reference value :  7.33302e-07
 Reference value :  8.50602e-07
 Reference value :  9.68850e-07
No. of Data Rows : 10849
dlev0               =  3.45909e-06
dlev1               =  1.66009e-05
dlev2               =  1.74606e-05
dlev3               =  1.79909e-05
dlev4               =  1.85745e-05
dlev5               =  1.87324e-05
dlev6               =  1.85952e-05
dlev7               =  1.81213e-05
dlev8               =  1.71892e-05
dlev9               =  1.56148e-05
dlev10              =  1.50175e-05
dlev11              =  1.42809e-05
dlev12              =  1.38916e-05
dlev13              =  2.19634e-05
dlev14              =  1.41985e-05
dlev15              =  1.00001e+00
dlev16              =  1.00001e+00
dlev17              =  1.00001e+00
dlev18              =  1.00001e+00
dlev19              =  1.00001e+00
dlev20              =  1.00001e+00
dlev21              =  1.00001e+00
dlev22              =  1.00001e+00
dlev23              =  1.00001e+00
dlev24              =  1.00001e+00
dlev25              =  1.00001e+00
dlev26              =  1.00001e+00
dlev27              =  1.00001e+00
dlev28              =  1.00001e+00
dlev29              =  1.00001e+00
dlev30              =  1.00001e+00
dlev31              =  1.00001e+00
dlev32              =  1.00001e+00
vos = -4.501181072e-03
lowcount = 1.4999606309e+01
vbias               =  3.66690e-01
Reset re-loads circuit * comparator-offset-transient-mc @ sf_mismatch_-40c_1.20v -- generated by sim/harness, do not edit

Circuit: * comparator-offset-transient-mc @ sf_mismatch_-40c_1.20v -- generated by sim/harness, do not edit

Doing analysis at TEMP = -40.000000 and TNOM = 27.000000

Using SPARSE 1.3 as Direct Linear Solver

Initial Transient Solution
--------------------------

Node                                   Voltage
----                                   -------
vdd                                        1.2
cm                                         0.6
vd                                      -0.048
ap                                       0.576
an                                       0.624
clk                                          0
ibn                                   0.370213
xa.x1.tmid                         4.95889e-09
xa.x1.tail                            0.584571
xa.x1.np                                   1.2
xa.x1.nn                                   1.2
xa.x1.ln                                   1.2
xa.x1.lp                                   1.2
xa.x1.lnb                          4.24047e-08
xa.x1.lpb                          4.08125e-08
xa.x1.na                               1.18907
doutb                                 0.652158
dout                                  0.648462
xa.x1.nb                               1.18894
doutn                                 0.540385
bdoutn#branch                                0
ean#branch                         2.19075e-13
eap#branch                         2.82135e-13
vclk#branch                         3.6152e-10
vd#branch                                    0
vcm#branch                          5.0121e-13
vsup#branch                       -7.27774e-05

 Reference value :  7.16008e-08
 Reference value :  1.89750e-07
 Reference value :  3.03650e-07
 Reference value :  4.19607e-07
 Reference value :  5.33598e-07
 Reference value :  6.50100e-07
 Reference value :  7.63181e-07
 Reference value :  8.80084e-07
No. of Data Rows : 10846
dlev0               =  5.98465e-06
dlev1               =  6.47960e-06
dlev2               =  6.93277e-06
dlev3               =  1.50387e-05
dlev4               =  1.47320e-05
dlev5               =  1.44622e-05
dlev6               =  1.39845e-05
dlev7               =  1.38572e-05
dlev8               =  1.37710e-05
dlev9               =  1.39581e-05
dlev10              =  1.50734e-05
dlev11              =  1.74373e-05
dlev12              =  2.15991e-05
dlev13              =  2.14381e-05
dlev14              =  1.96984e-05
dlev15              =  1.78398e-05
dlev16              =  2.07640e-05
dlev17              =  1.00001e+00
dlev18              =  1.00001e+00
dlev19              =  1.00001e+00
dlev20              =  1.00001e+00
dlev21              =  1.00001e+00
dlev22              =  1.00001e+00
dlev23              =  1.00001e+00
dlev24              =  1.00001e+00
dlev25              =  1.00001e+00
dlev26              =  1.00001e+00
dlev27              =  1.00001e+00
dlev28              =  1.00001e+00
dlev29              =  1.00001e+00
dlev30              =  1.00001e+00
dlev31              =  1.00001e+00
dlev32              =  1.00001e+00
vos = 1.4987878480e-03
lowcount = 1.6999595949e+01
vbias               =  3.70213e-01
Reset re-loads circuit * comparator-offset-transient-mc @ sf_mismatch_-40c_1.20v -- generated by sim/harness, do not edit

Circuit: * comparator-offset-transient-mc @ sf_mismatch_-40c_1.20v -- generated by sim/harness, do not edit

Doing analysis at TEMP = -40.000000 and TNOM = 27.000000

Using SPARSE 1.3 as Direct Linear Solver

Initial Transient Solution
--------------------------

Node                                   Voltage
----                                   -------
vdd                                        1.2
cm                                         0.6
vd                                      -0.048
ap                                       0.576
an                                       0.624
clk                                          0
ibn                                    0.36652
xa.x1.tmid                         5.78748e-09
xa.x1.tail                            0.577635
xa.x1.np                                   1.2
xa.x1.nn                                   1.2
xa.x1.ln                                   1.2
xa.x1.lp                                   1.2
xa.x1.lnb                          4.09143e-08
xa.x1.lpb                          4.03571e-08
xa.x1.na                                   1.2
doutb                                      1.2
dout                               4.41741e-08
xa.x1.nb                                   1.2
doutn                              3.68118e-08
bdoutn#branch                                0
ean#branch                          2.1888e-13
eap#branch                         2.81941e-13
vclk#branch                        3.60243e-10
vd#branch                                    0
vcm#branch                         5.00822e-13
vsup#branch                       -2.00007e-05

 Reference value :  0.00000e+00
 Reference value :  1.15817e-07
 Reference value :  2.32308e-07
 Reference value :  3.50125e-07
 Reference value :  4.61704e-07
 Reference value :  5.73450e-07
 Reference value :  6.86820e-07
 Reference value :  8.00212e-07
 Reference value :  9.13197e-07
No. of Data Rows : 10844
dlev0               =  1.52969e-05
dlev1               =  1.78196e-05
dlev2               =  1.80239e-05
dlev3               =  1.82092e-05
dlev4               =  1.81479e-05
dlev5               =  2.13040e-05
dlev6               =  2.11779e-05
dlev7               =  2.07969e-05
dlev8               =  1.99491e-05
dlev9               =  1.87490e-05
dlev10              =  1.73374e-05
dlev11              =  1.76054e-05
dlev12              =  1.84332e-05
dlev13              =  2.22603e-05
dlev14              =  2.14442e-05
dlev15              =  2.25000e-05
dlev16              =  1.00001e+00
dlev17              =  1.00001e+00
dlev18              =  1.00001e+00
dlev19              =  1.00001e+00
dlev20              =  1.00001e+00
dlev21              =  1.00001e+00
dlev22              =  1.00001e+00
dlev23              =  1.00001e+00
dlev24              =  1.00001e+00
dlev25              =  1.00001e+00
dlev26              =  1.00001e+00
dlev27              =  1.00001e+00
dlev28              =  1.00001e+00
dlev29              =  1.00001e+00
dlev30              =  1.00001e+00
dlev31              =  1.00001e+00
dlev32              =  1.00001e+00
vos = -1.501305164e-03
lowcount = 1.5999564945e+01
vbias               =  3.66520e-01
Reset re-loads circuit * comparator-offset-transient-mc @ sf_mismatch_-40c_1.20v -- generated by sim/harness, do not edit

Circuit: * comparator-offset-transient-mc @ sf_mismatch_-40c_1.20v -- generated by sim/harness, do not edit

Doing analysis at TEMP = -40.000000 and TNOM = 27.000000

Using SPARSE 1.3 as Direct Linear Solver

Initial Transient Solution
--------------------------

Node                                   Voltage
----                                   -------
vdd                                        1.2
cm                                         0.6
vd                                      -0.048
ap                                       0.576
an                                       0.624
clk                                          0
ibn                                   0.366394
xa.x1.tmid                         5.32283e-09
xa.x1.tail                            0.584745
xa.x1.np                                   1.2
xa.x1.nn                                   1.2
xa.x1.ln                                   1.2
xa.x1.lp                                   1.2
xa.x1.lnb                          4.43131e-08
xa.x1.lpb                          4.25228e-08
xa.x1.na                                   1.2
doutb                              4.56559e-08
dout                                       1.2
xa.x1.nb                                   1.2
doutn                                        1
bdoutn#branch                                0
ean#branch                         2.19019e-13
eap#branch                         2.81969e-13
vclk#branch                        3.60281e-10
vd#branch                                    0
vcm#branch                         5.00988e-13
vsup#branch                       -2.00007e-05

 Reference value :  1.09657e-08
 Reference value :  1.24650e-07
 Reference value :  2.40070e-07
 Reference value :  3.56216e-07
 Reference value :  4.70912e-07
 Reference value :  5.84992e-07
 Reference value :  6.68150e-07
 Reference value :  7.83150e-07
 Reference value :  8.95623e-07
No. of Data Rows : 10851
dlev0               =  1.04203e-05
dlev1               =  1.91609e-05
dlev2               =  2.10343e-05
dlev3               =  2.21755e-05
dlev4               =  2.27743e-05
dlev5               =  2.33727e-05
dlev6               =  2.34352e-05
dlev7               =  2.31751e-05
dlev8               =  2.24944e-05
dlev9               =  2.11013e-05
dlev10              =  1.90958e-05
dlev11              =  1.83969e-05
dlev12              =  1.79000e-05
dlev13              =  2.08281e-05
dlev14              =  2.27235e-05
dlev15              =  2.26553e-05
dlev16              =  1.00001e+00
dlev17              =  1.00001e+00
dlev18              =  1.00001e+00
dlev19              =  1.00001e+00
dlev20              =  1.00001e+00
dlev21              =  1.00001e+00
dlev22              =  1.00001e+00
dlev23              =  1.00001e+00
dlev24              =  1.00001e+00
dlev25              =  1.00001e+00
dlev26              =  1.00001e+00
dlev27              =  1.00001e+00
dlev28              =  1.00001e+00
dlev29              =  1.00001e+00
dlev30              =  1.00001e+00
dlev31              =  1.00001e+00
dlev32              =  1.00001e+00
vos = -1.501379231e-03
lowcount = 1.5999540256e+01
vbias               =  3.66394e-01
Reset re-loads circuit * comparator-offset-transient-mc @ sf_mismatch_-40c_1.20v -- generated by sim/harness, do not edit

Circuit: * comparator-offset-transient-mc @ sf_mismatch_-40c_1.20v -- generated by sim/harness, do not edit

Doing analysis at TEMP = -40.000000 and TNOM = 27.000000

Using SPARSE 1.3 as Direct Linear Solver

Initial Transient Solution
--------------------------

Node                                   Voltage
----                                   -------
vdd                                        1.2
cm                                         0.6
vd                                      -0.048
ap                                       0.576
an                                       0.624
clk                                          0
ibn                                   0.365909
xa.x1.tmid                         4.75001e-09
xa.x1.tail                            0.584056
xa.x1.np                                   1.2
xa.x1.nn                                   1.2
xa.x1.ln                                   1.2
xa.x1.lp                                   1.2
xa.x1.lnb                          4.34421e-08
xa.x1.lpb                          4.19705e-08
xa.x1.na                                   1.2
doutb                                      1.2
dout                               4.38318e-08
xa.x1.nb                                   1.2
doutn                              3.65265e-08
bdoutn#branch                                0
ean#branch                         2.18964e-13
eap#branch                         2.82024e-13
vclk#branch                        3.59067e-10
vd#branch                                    0
vcm#branch                         5.00988e-13
vsup#branch                       -2.00007e-05

 Reference value :  0.00000e+00
 Reference value :  1.13908e-07
 Reference value :  2.30610e-07
 Reference value :  3.47682e-07
 Reference value :  4.61899e-07
 Reference value :  5.70850e-07
 Reference value :  6.86210e-07
 Reference value :  8.02021e-07
 Reference value :  9.17782e-07
No. of Data Rows : 10853
dlev0               =  1.96038e-05
dlev1               =  2.08303e-05
dlev2               =  2.26853e-05
dlev3               =  2.34800e-05
dlev4               =  2.44318e-05
dlev5               =  2.49442e-05
dlev6               =  2.48008e-05
dlev7               =  2.37462e-05
dlev8               =  2.25857e-05
dlev9               =  2.05909e-05
dlev10              =  1.95199e-05
dlev11              =  1.90513e-05
dlev12              =  2.04268e-05
dlev13              =  2.45736e-05
dlev14              =  2.15057e-05
dlev15              =  1.00001e+00
dlev16              =  1.00001e+00
dlev17              =  1.00001e+00
dlev18              =  1.00001e+00
dlev19              =  1.00001e+00
dlev20              =  1.00001e+00
dlev21              =  1.00001e+00
dlev22              =  1.00001e+00
dlev23              =  1.00001e+00
dlev24              =  1.00001e+00
dlev25              =  1.00001e+00
dlev26              =  1.00001e+00
dlev27              =  1.00001e+00
dlev28              =  1.00001e+00
dlev29              =  1.00001e+00
dlev30              =  1.00001e+00
dlev31              =  1.00001e+00
dlev32              =  1.00001e+00
vos = -4.501496329e-03
lowcount = 1.4999501224e+01
vbias               =  3.65909e-01
Reset re-loads circuit * comparator-offset-transient-mc @ sf_mismatch_-40c_1.20v -- generated by sim/harness, do not edit

Circuit: * comparator-offset-transient-mc @ sf_mismatch_-40c_1.20v -- generated by sim/harness, do not edit

Doing analysis at TEMP = -40.000000 and TNOM = 27.000000

Using SPARSE 1.3 as Direct Linear Solver

Initial Transient Solution
--------------------------

Node                                   Voltage
----                                   -------
vdd                                        1.2
cm                                         0.6
vd                                      -0.048
ap                                       0.576
an                                       0.624
clk                                          0
ibn                                   0.366092
xa.x1.tmid                         5.30001e-09
xa.x1.tail                            0.582468
xa.x1.np                                   1.2
xa.x1.nn                                   1.2
xa.x1.ln                                   1.2
xa.x1.lp                                   1.2
xa.x1.lnb                          4.20441e-08
xa.x1.lpb                          4.15531e-08
xa.x1.na                                   1.2
doutb                              4.39968e-08
dout                                       1.2
xa.x1.nb                                   1.2
doutn                                        1
bdoutn#branch                                0
ean#branch                         2.18991e-13
eap#branch                         2.82191e-13
vclk#branch                        3.63653e-10
vd#branch                                    0
vcm#branch                         5.01182e-13
vsup#branch                       -2.00007e-05

 Reference value :  1.85740e-08
 Reference value :  1.30803e-07
 Reference value :  2.47450e-07
 Reference value :  3.61950e-07
 Reference value :  4.74509e-07
 Reference value :  5.89684e-07
 Reference value :  7.04103e-07
 Reference value :  8.21103e-07
 Reference value :  9.39050e-07
No. of Data Rows : 10845
dlev0               =  4.31366e-06
dlev1               =  1.97488e-05
dlev2               =  2.04123e-05
dlev3               =  8.74567e-06
dlev4               =  2.06250e-05
dlev5               =  2.04268e-05
dlev6               =  1.99607e-05
dlev7               =  2.33341e-05
dlev8               =  2.20048e-05
dlev9               =  2.07110e-05
dlev10              =  1.59940e-05
dlev11              =  1.56771e-05
dlev12              =  2.01633e-05
dlev13              =  2.36137e-05
dlev14              =  2.46687e-05
dlev15              =  2.07942e-05
dlev16              =  1.00001e+00
dlev17              =  1.00001e+00
dlev18              =  1.00001e+00
dlev19              =  1.00001e+00
dlev20              =  1.00001e+00
dlev21              =  1.00001e+00
dlev22              =  1.00001e+00
dlev23              =  1.00001e+00
dlev24              =  1.00001e+00
dlev25              =  1.00001e+00
dlev26              =  1.00001e+00
dlev27              =  1.00001e+00
dlev28              =  1.00001e+00
dlev29              =  1.00001e+00
dlev30              =  1.00001e+00
dlev31              =  1.00001e+00
dlev32              =  1.00001e+00
vos = -1.501395582e-03
lowcount = 1.5999534806e+01
vbias               =  3.66092e-01
Reset re-loads circuit * comparator-offset-transient-mc @ sf_mismatch_-40c_1.20v -- generated by sim/harness, do not edit

Circuit: * comparator-offset-transient-mc @ sf_mismatch_-40c_1.20v -- generated by sim/harness, do not edit

Doing analysis at TEMP = -40.000000 and TNOM = 27.000000

Using SPARSE 1.3 as Direct Linear Solver

Initial Transient Solution
--------------------------

Node                                   Voltage
----                                   -------
vdd                                        1.2
cm                                         0.6
vd                                      -0.048
ap                                       0.576
an                                       0.624
clk                                          0
ibn                                   0.367226
xa.x1.tmid                         5.39943e-09
xa.x1.tail                            0.582755
xa.x1.np                                   1.2
xa.x1.nn                                   1.2
xa.x1.ln                                   1.2
xa.x1.lp                                   1.2
xa.x1.lnb                          4.18766e-08
xa.x1.lpb                          4.19337e-08
xa.x1.na                               1.18884
doutb                                 0.657388
dout                                  0.648938
xa.x1.nb                               1.19001
doutn                                 0.540781
bdoutn#branch                                0
ean#branch                         2.19075e-13
eap#branch                         2.82191e-13
vclk#branch                        3.65312e-10
vd#branch                                    0
vcm#branch                         5.01266e-13
vsup#branch                       -6.98954e-05

 Reference value :  4.15841e-08
 Reference value :  1.59450e-07
 Reference value :  2.74050e-07
 Reference value :  3.87714e-07
 Reference value :  5.01610e-07
 Reference value :  6.19283e-07
 Reference value :  7.33002e-07
 Reference value :  8.50100e-07
 Reference value :  9.66050e-07
No. of Data Rows : 10840
dlev0               =  6.20026e-06
dlev1               =  6.81413e-06
dlev2               =  1.59416e-05
dlev3               =  1.67499e-05
dlev4               =  1.72418e-05
dlev5               =  1.73187e-05
dlev6               =  2.03452e-05
dlev7               =  2.04313e-05
dlev8               =  2.03458e-05
dlev9               =  1.99561e-05
dlev10              =  1.85088e-05
dlev11              =  1.34193e-05
dlev12              =  1.66063e-05
dlev13              =  1.71122e-05
dlev14              =  1.98626e-05
dlev15              =  2.12868e-05
dlev16              =  1.91244e-05
dlev17              =  1.00001e+00
dlev18              =  1.00001e+00
dlev19              =  1.00001e+00
dlev20              =  1.00001e+00
dlev21              =  1.00001e+00
dlev22              =  1.00001e+00
dlev23              =  1.00001e+00
dlev24              =  1.00001e+00
dlev25              =  1.00001e+00
dlev26              =  1.00001e+00
dlev27              =  1.00001e+00
dlev28              =  1.00001e+00
dlev29              =  1.00001e+00
dlev30              =  1.00001e+00
dlev31              =  1.00000e+00
dlev32              =  1.00000e+00
vos = 1.4986342044e-03
lowcount = 1.6999544735e+01
vbias               =  3.67226e-01
Reset re-loads circuit * comparator-offset-transient-mc @ sf_mismatch_-40c_1.20v -- generated by sim/harness, do not edit

Circuit: * comparator-offset-transient-mc @ sf_mismatch_-40c_1.20v -- generated by sim/harness, do not edit

Doing analysis at TEMP = -40.000000 and TNOM = 27.000000

Using SPARSE 1.3 as Direct Linear Solver

Initial Transient Solution
--------------------------

Node                                   Voltage
----                                   -------
vdd                                        1.2
cm                                         0.6
vd                                      -0.048
ap                                       0.576
an                                       0.624
clk                                          0
ibn                                   0.365111
xa.x1.tmid                         5.11464e-09
xa.x1.tail                            0.584267
xa.x1.np                                   1.2
xa.x1.nn                                   1.2
xa.x1.ln                                   1.2
xa.x1.lp                                   1.2
xa.x1.lnb                          4.16598e-08
xa.x1.lpb                          4.03241e-08
xa.x1.na                               1.19019
doutb                                 0.648266
dout                                  0.660341
xa.x1.nb                               1.18846
doutn                                 0.550284
bdoutn#branch                                0
ean#branch                         2.18964e-13
eap#branch                          2.8208e-13
vclk#branch                        3.66706e-10
vd#branch                                    0
vcm#branch                         5.01044e-13
vsup#branch                        -7.0776e-05

 Reference value :  7.00671e-08
 Reference value :  1.82550e-07
 Reference value :  2.98924e-07
 Reference value :  4.10319e-07
 Reference value :  5.12350e-07
 Reference value :  6.26317e-07
 Reference value :  7.40165e-07
 Reference value :  8.55302e-07
 Reference value :  9.70202e-07
No. of Data Rows : 10830
dlev0               =  1.58551e-05
dlev1               =  9.42951e-06
dlev2               =  1.00723e-05
dlev3               =  1.08243e-05
dlev4               =  1.16643e-05
dlev5               =  1.76206e-05
dlev6               =  1.62885e-05
dlev7               =  1.48720e-05
dlev8               =  1.54373e-05
dlev9               =  1.47663e-05
dlev10              =  1.93992e-05
dlev11              =  1.74048e-05
dlev12              =  2.41904e-05
dlev13              =  2.07498e-05
dlev14              =  2.34759e-05
dlev15              =  1.00001e+00
dlev16              =  1.00001e+00
dlev17              =  1.00001e+00
dlev18              =  1.00001e+00
dlev19              =  1.00001e+00
dlev20              =  1.00001e+00
dlev21              =  1.00001e+00
dlev22              =  1.00001e+00
dlev23              =  1.00001e+00
dlev24              =  1.00001e+00
dlev25              =  1.00000e+00
dlev26              =  1.00000e+00
dlev27              =  1.00000e+00
dlev28              =  1.00000e+00
dlev29              =  1.00000e+00
dlev30              =  1.00001e+00
dlev31              =  1.00001e+00
dlev32              =  1.00001e+00
vos = -4.501083151e-03
lowcount = 1.4999638950e+01
vbias               =  3.65111e-01
Reset re-loads circuit * comparator-offset-transient-mc @ sf_mismatch_-40c_1.20v -- generated by sim/harness, do not edit

Circuit: * comparator-offset-transient-mc @ sf_mismatch_-40c_1.20v -- generated by sim/harness, do not edit

Doing analysis at TEMP = -40.000000 and TNOM = 27.000000

Using SPARSE 1.3 as Direct Linear Solver

Initial Transient Solution
--------------------------

Node                                   Voltage
----                                   -------
vdd                                        1.2
cm                                         0.6
vd                                      -0.048
ap                                       0.576
an                                       0.624
clk                                          0
ibn                                   0.370521
xa.x1.tmid                         4.60718e-09
xa.x1.tail                            0.585281
xa.x1.np                                   1.2
xa.x1.nn                                   1.2
xa.x1.ln                                   1.2
xa.x1.lp                                   1.2
xa.x1.lnb                          4.13932e-08
xa.x1.lpb                          4.11587e-08
xa.x1.na                               1.18889
doutb                                 0.655398
dout                                  0.655972
xa.x1.nb                               1.18888
doutn                                 0.546644
bdoutn#branch                                0
ean#branch                         2.18964e-13
eap#branch                         2.82052e-13
vclk#branch                        3.60703e-10
vd#branch                                    0
vcm#branch                         5.01016e-13
vsup#branch                       -7.33429e-05

 Reference value :  5.77161e-08
 Reference value :  1.58450e-07
 Reference value :  2.60630e-07
 Reference value :  3.70068e-07
 Reference value :  4.77315e-07
 Reference value :  5.81601e-07
 Reference value :  6.90950e-07
 Reference value :  7.95292e-07
 Reference value :  8.94214e-07
No. of Data Rows : 10852
dlev0               =  2.47379e-05
dlev1               =  1.92118e-05
dlev2               =  1.84250e-05
dlev3               =  1.74283e-05
dlev4               =  1.62585e-05
dlev5               =  1.50031e-05
dlev6               =  1.46009e-05
dlev7               =  1.32651e-05
dlev8               =  1.19713e-05
dlev9               =  1.11913e-05
dlev10              =  1.72794e-05
dlev11              =  1.77221e-05
dlev12              =  1.94995e-05
dlev13              =  2.20807e-05
dlev14              =  2.24041e-05
dlev15              =  1.97311e-05
dlev16              =  1.79779e-05
dlev17              =  1.00001e+00
dlev18              =  1.00001e+00
dlev19              =  1.00001e+00
dlev20              =  1.00001e+00
dlev21              =  1.00001e+00
dlev22              =  1.00001e+00
dlev23              =  1.00001e+00
dlev24              =  1.00001e+00
dlev25              =  1.00001e+00
dlev26              =  1.00001e+00
dlev27              =  1.00001e+00
dlev28              =  1.00001e+00
dlev29              =  1.00001e+00
dlev30              =  1.00001e+00
dlev31              =  1.00001e+00
dlev32              =  1.00001e+00
vos = 1.4985666363e-03
lowcount = 1.6999522212e+01
vbias               =  3.70521e-01
Reset re-loads circuit * comparator-offset-transient-mc @ sf_mismatch_-40c_1.20v -- generated by sim/harness, do not edit

Circuit: * comparator-offset-transient-mc @ sf_mismatch_-40c_1.20v -- generated by sim/harness, do not edit

Doing analysis at TEMP = -40.000000 and TNOM = 27.000000

Using SPARSE 1.3 as Direct Linear Solver

Initial Transient Solution
--------------------------

Node                                   Voltage
----                                   -------
vdd                                        1.2
cm                                         0.6
vd                                      -0.048
ap                                       0.576
an                                       0.624
clk                                          0
ibn                                   0.367855
xa.x1.tmid                          5.5804e-09
xa.x1.tail                             0.57759
xa.x1.np                                   1.2
xa.x1.nn                                   1.2
xa.x1.ln                                   1.2
xa.x1.lp                                   1.2
xa.x1.lnb                          4.13793e-08
xa.x1.lpb                           4.1906e-08
xa.x1.na                                1.1879
doutb                                 0.653074
dout                                  0.644546
xa.x1.nb                               1.18968
doutn                                 0.537122
bdoutn#branch                                0
ean#branch                         2.18853e-13
eap#branch                         2.82024e-13
vclk#branch                        3.61838e-10
vd#branch                                    0
vcm#branch                         5.00877e-13
vsup#branch                       -7.32718e-05

 Reference value :  0.00000e+00
 Reference value :  1.10706e-07
 Reference value :  2.22803e-07
 Reference value :  3.34350e-07
 Reference value :  4.40205e-07
 Reference value :  5.50603e-07
 Reference value :  6.53314e-07
 Reference value :  7.68601e-07
 Reference value :  8.80067e-07
 Reference value :  9.89602e-07
No. of Data Rows : 10837
dlev0               =  2.44415e-05
dlev1               =  2.28747e-05
dlev2               =  2.53468e-05
dlev3               =  2.61144e-05
dlev4               =  2.63416e-05
dlev5               =  2.63847e-05
dlev6               =  2.60292e-05
dlev7               =  2.45332e-05
dlev8               =  2.28713e-05
dlev9               =  2.06636e-05
dlev10              =  2.03172e-05
dlev11              =  1.95188e-05
dlev12              =  2.39435e-05
dlev13              =  2.49638e-05
dlev14              =  2.15704e-05
dlev15              =  1.00001e+00
dlev16              =  1.00001e+00
dlev17              =  1.00001e+00
dlev18              =  1.00001e+00
dlev19              =  1.00001e+00
dlev20              =  1.00001e+00
dlev21              =  1.00001e+00
dlev22              =  1.00001e+00
dlev23              =  1.00001e+00
dlev24              =  1.00001e+00
dlev25              =  1.00000e+00
dlev26              =  1.00001e+00
dlev27              =  1.00001e+00
dlev28              =  1.00000e+00
dlev29              =  1.00000e+00
dlev30              =  9.99999e-01
dlev31              =  9.99999e-01
dlev32              =  9.99999e-01
vos = -4.501356345e-03
lowcount = 1.4999547885e+01
vbias               =  3.67855e-01
Reset re-loads circuit * comparator-offset-transient-mc @ sf_mismatch_-40c_1.20v -- generated by sim/harness, do not edit

Circuit: * comparator-offset-transient-mc @ sf_mismatch_-40c_1.20v -- generated by sim/harness, do not edit

Doing analysis at TEMP = -40.000000 and TNOM = 27.000000

Using SPARSE 1.3 as Direct Linear Solver

Initial Transient Solution
--------------------------

Node                                   Voltage
----                                   -------
vdd                                        1.2
cm                                         0.6
vd                                      -0.048
ap                                       0.576
an                                       0.624
clk                                          0
ibn                                    0.36803
xa.x1.tmid                         5.14836e-09
xa.x1.tail                            0.582664
xa.x1.np                                   1.2
xa.x1.nn                                   1.2
xa.x1.ln                                   1.2
xa.x1.lp                                   1.2
xa.x1.lnb                          4.02489e-08
xa.x1.lpb                          4.07065e-08
xa.x1.na                               1.18751
doutb                                  0.63745
dout                                  0.643126
xa.x1.nb                                1.1872
doutn                                 0.535938
bdoutn#branch                                0
ean#branch                         2.19019e-13
eap#branch                         2.82135e-13
vclk#branch                         3.6109e-10
vd#branch                                    0
vcm#branch                         5.01155e-13
vsup#branch                       -7.98498e-05

 Reference value :  8.32114e-08
 Reference value :  1.90803e-07
 Reference value :  3.07050e-07
 Reference value :  4.18912e-07
 Reference value :  5.30180e-07
 Reference value :  6.40803e-07
 Reference value :  7.53350e-07
 Reference value :  8.63512e-07
 Reference value :  9.70803e-07
No. of Data Rows : 10856
dlev0               =  1.93885e-05
dlev1               =  1.84763e-05
dlev2               =  1.88830e-05
dlev3               =  1.96111e-05
dlev4               =  2.06509e-05
dlev5               =  2.13671e-05
dlev6               =  2.22683e-05
dlev7               =  2.36995e-05
dlev8               =  2.37941e-05
dlev9               =  2.35422e-05
dlev10              =  2.22285e-05
dlev11              =  2.04889e-05
dlev12              =  1.92869e-05
dlev13              =  1.98990e-05
dlev14              =  2.46081e-05
dlev15              =  2.10189e-05
dlev16              =  1.00001e+00
dlev17              =  1.00001e+00
dlev18              =  1.00001e+00
dlev19              =  1.00001e+00
dlev20              =  1.00001e+00
dlev21              =  1.00001e+00
dlev22              =  1.00001e+00
dlev23              =  1.00001e+00
dlev24              =  1.00001e+00
dlev25              =  1.00001e+00
dlev26              =  1.00001e+00
dlev27              =  1.00001e+00
dlev28              =  1.00001e+00
dlev29              =  1.00001e+00
dlev30              =  1.00001e+00
dlev31              =  1.00001e+00
dlev32              =  1.00001e+00
vos = -1.501590634e-03
lowcount = 1.5999469789e+01
vbias               =  3.68030e-01
Reset re-loads circuit * comparator-offset-transient-mc @ sf_mismatch_-40c_1.20v -- generated by sim/harness, do not edit

Circuit: * comparator-offset-transient-mc @ sf_mismatch_-40c_1.20v -- generated by sim/harness, do not edit

Doing analysis at TEMP = -40.000000 and TNOM = 27.000000

Using SPARSE 1.3 as Direct Linear Solver

Initial Transient Solution
--------------------------

Node                                   Voltage
----                                   -------
vdd                                        1.2
cm                                         0.6
vd                                      -0.048
ap                                       0.576
an                                       0.624
clk                                          0
ibn                                   0.368246
xa.x1.tmid                         5.16994e-09
xa.x1.tail                            0.582951
xa.x1.np                                   1.2
xa.x1.nn                                   1.2
xa.x1.ln                                   1.2
xa.x1.lp                                   1.2
xa.x1.lnb                          4.17897e-08
xa.x1.lpb                          4.17531e-08
xa.x1.na                                1.1888
doutb                                 0.650528
dout                                  0.643232
xa.x1.nb                               1.18875
doutn                                 0.536027
bdoutn#branch                                0
ean#branch                         2.19158e-13
eap#branch                         2.82191e-13
vclk#branch                         3.6528e-10
vd#branch                                    0
vcm#branch                         5.01349e-13
vsup#branch                        -7.4741e-05

 Reference value :  6.85500e-08
 Reference value :  1.82350e-07
 Reference value :  2.98613e-07
 Reference value :  4.13817e-07
 Reference value :  5.29916e-07
 Reference value :  6.34150e-07
 Reference value :  7.52150e-07
 Reference value :  8.68914e-07
 Reference value :  9.81719e-07
No. of Data Rows : 10834
dlev0               =  3.64357e-07
dlev1               =  1.25568e-05
dlev2               =  2.11485e-06
dlev3               =  2.57930e-06
dlev4               =  3.04311e-06
dlev5               =  3.50772e-06
dlev6               =  3.96413e-06
dlev7               =  1.49097e-05
dlev8               =  1.56431e-05
dlev9               =  1.62937e-05
dlev10              =  1.63802e-05
dlev11              =  1.61003e-05
dlev12              =  1.52833e-05
dlev13              =  1.37720e-05
dlev14              =  1.35145e-05
dlev15              =  1.47360e-05
dlev16              =  1.42594e-05
dlev17              =  1.00001e+00
dlev18              =  1.00001e+00
dlev19              =  1.00001e+00
dlev20              =  1.00001e+00
dlev21              =  1.00001e+00
dlev22              =  1.00001e+00
dlev23              =  1.00001e+00
dlev24              =  1.00001e+00
dlev25              =  1.00001e+00
dlev26              =  1.00001e+00
dlev27              =  1.00001e+00
dlev28              =  1.00001e+00
dlev29              =  1.00000e+00
dlev30              =  1.00000e+00
dlev31              =  1.00000e+00
dlev32              =  1.00001e+00
vos = 1.4991509327e-03
lowcount = 1.6999716978e+01
vbias               =  3.68246e-01
Reset re-loads circuit * comparator-offset-transient-mc @ sf_mismatch_-40c_1.20v -- generated by sim/harness, do not edit

Circuit: * comparator-offset-transient-mc @ sf_mismatch_-40c_1.20v -- generated by sim/harness, do not edit

Doing analysis at TEMP = -40.000000 and TNOM = 27.000000

Using SPARSE 1.3 as Direct Linear Solver

Initial Transient Solution
--------------------------

Node                                   Voltage
----                                   -------
vdd                                        1.2
cm                                         0.6
vd                                      -0.048
ap                                       0.576
an                                       0.624
clk                                          0
ibn                                   0.366864
xa.x1.tmid                          5.4506e-09
xa.x1.tail                            0.579267
xa.x1.np                                   1.2
xa.x1.nn                                   1.2
xa.x1.ln                                   1.2
xa.x1.lp                                   1.2
xa.x1.lnb                           4.2447e-08
xa.x1.lpb                          4.32819e-08
xa.x1.na                                   1.2
doutb                              4.28085e-08
dout                                       1.2
xa.x1.nb                                   1.2
doutn                                        1
bdoutn#branch                                0
ean#branch                         2.19019e-13
eap#branch                         2.82108e-13
vclk#branch                        3.64338e-10
vd#branch                                    0
vcm#branch                         5.01127e-13
vsup#branch                       -2.00007e-05

 Reference value :  8.44020e-08
 Reference value :  2.00205e-07
 Reference value :  3.14801e-07
 Reference value :  4.29750e-07
 Reference value :  5.44150e-07
 Reference value :  6.60750e-07
 Reference value :  7.78711e-07
 Reference value :  8.92700e-07
No. of Data Rows : 10837
dlev0               =  -1.59549e-06
dlev1               =  1.67635e-06
dlev2               =  2.07509e-06
dlev3               =  1.50146e-05
dlev4               =  1.51613e-05
dlev5               =  1.54694e-05
dlev6               =  1.67540e-05
dlev7               =  1.68140e-05
dlev8               =  1.62902e-05
dlev9               =  1.57840e-05
dlev10              =  1.47394e-05
dlev11              =  1.40419e-05
dlev12              =  1.42795e-05
dlev13              =  1.65060e-05
dlev14              =  1.44887e-05
dlev15              =  1.00001e+00
dlev16              =  1.00001e+00
dlev17              =  1.00001e+00
dlev18              =  1.00001e+00
dlev19              =  1.00001e+00
dlev20              =  1.00001e+00
dlev21              =  1.00001e+00
dlev22              =  1.00001e+00
dlev23              =  1.00001e+00
dlev24              =  1.00001e+00
dlev25              =  1.00001e+00
dlev26              =  1.00001e+00
dlev27              =  1.00001e+00
dlev28              =  1.00000e+00
dlev29              =  1.00000e+00
dlev30              =  1.00000e+00
dlev31              =  1.00000e+00
dlev32              =  1.00000e+00
vos = -4.500916497e-03
lowcount = 1.4999694501e+01
vbias               =  3.66864e-01
Reset re-loads circuit * comparator-offset-transient-mc @ sf_mismatch_-40c_1.20v -- generated by sim/harness, do not edit

Circuit: * comparator-offset-transient-mc @ sf_mismatch_-40c_1.20v -- generated by sim/harness, do not edit

Doing analysis at TEMP = -40.000000 and TNOM = 27.000000

Using SPARSE 1.3 as Direct Linear Solver

Initial Transient Solution
--------------------------

Node                                   Voltage
----                                   -------
vdd                                        1.2
cm                                         0.6
vd                                      -0.048
ap                                       0.576
an                                       0.624
clk                                          0
ibn                                   0.368503
xa.x1.tmid                         5.39089e-09
xa.x1.tail                            0.582249
xa.x1.np                                   1.2
xa.x1.nn                                   1.2
xa.x1.ln                                   1.2
xa.x1.lp                                   1.2
xa.x1.lnb                          4.18217e-08
xa.x1.lpb                          4.12851e-08
xa.x1.na                               1.18886
doutb                                  0.65045
dout                                  0.643916
xa.x1.nb                                1.1885
doutn                                 0.536596
bdoutn#branch                                0
ean#branch                         2.19019e-13
eap#branch                         2.82108e-13
vclk#branch                        3.67236e-10
vd#branch                                    0
vcm#branch                         5.01127e-13
vsup#branch                       -7.29999e-05

 Reference value :  0.00000e+00
 Reference value :  1.14312e-07
 Reference value :  2.20503e-07
 Reference value :  3.30030e-07
 Reference value :  4.42112e-07
 Reference value :  5.57681e-07
 Reference value :  6.70100e-07
 Reference value :  7.79870e-07
 Reference value :  8.92315e-07
No. of Data Rows : 10854
dlev0               =  2.09900e-05
dlev1               =  1.80419e-05
dlev2               =  1.82106e-05
dlev3               =  1.85934e-05
dlev4               =  1.87212e-05
dlev5               =  1.88961e-05
dlev6               =  1.92791e-05
dlev7               =  2.02173e-05
dlev8               =  2.23503e-05
dlev9               =  2.28394e-05
dlev10              =  2.40369e-05
dlev11              =  2.39798e-05
dlev12              =  2.32357e-05
dlev13              =  2.09180e-05
dlev14              =  1.94153e-05
dlev15              =  2.30026e-05
dlev16              =  2.38209e-05
dlev17              =  1.00001e+00
dlev18              =  1.00001e+00
dlev19              =  1.00001e+00
dlev20              =  1.00001e+00
dlev21              =  1.00001e+00
dlev22              =  1.00001e+00
dlev23              =  1.00001e+00
dlev24              =  1.00001e+00
dlev25              =  1.00001e+00
dlev26              =  1.00001e+00
dlev27              =  1.00001e+00
dlev28              =  1.00001e+00
dlev29              =  1.00001e+00
dlev30              =  1.00000e+00
dlev31              =  1.00001e+00
dlev32              =  1.00001e+00
vos = 1.4985829550e-03
lowcount = 1.6999527652e+01
vbias               =  3.68503e-01
Reset re-loads circuit * comparator-offset-transient-mc @ sf_mismatch_-40c_1.20v -- generated by sim/harness, do not edit

Circuit: * comparator-offset-transient-mc @ sf_mismatch_-40c_1.20v -- generated by sim/harness, do not edit

Doing analysis at TEMP = -40.000000 and TNOM = 27.000000

Using SPARSE 1.3 as Direct Linear Solver

Initial Transient Solution
--------------------------

Node                                   Voltage
----                                   -------
vdd                                        1.2
cm                                         0.6
vd                                      -0.048
ap                                       0.576
an                                       0.624
clk                                          0
ibn                                   0.370595
xa.x1.tmid                         5.40602e-09
xa.x1.tail                            0.578897
xa.x1.np                                   1.2
xa.x1.nn                                   1.2
xa.x1.ln                                   1.2
xa.x1.lp                                   1.2
xa.x1.lnb                          4.23769e-08
xa.x1.lpb                          4.15318e-08
xa.x1.na                               1.18765
doutb                                 0.646458
dout                                  0.645402
xa.x1.nb                               1.18812
doutn                                 0.537835
bdoutn#branch                                0
ean#branch                         2.18908e-13
eap#branch                         2.81886e-13
vclk#branch                        3.62064e-10
vd#branch                                    0
vcm#branch                         5.00794e-13
vsup#branch                       -7.65712e-05

 Reference value :  0.00000e+00
 Reference value :  1.11911e-07
 Reference value :  2.26282e-07
 Reference value :  3.40100e-07
 Reference value :  4.52650e-07
 Reference value :  5.65409e-07
 Reference value :  6.80226e-07
 Reference value :  7.95383e-07
 Reference value :  9.02550e-07
No. of Data Rows : 10855
dlev0               =  2.04065e-05
dlev1               =  1.84840e-05
dlev2               =  1.86210e-05
dlev3               =  1.89493e-05
dlev4               =  1.90542e-05
dlev5               =  1.92061e-05
dlev6               =  1.95654e-05
dlev7               =  2.05644e-05
dlev8               =  2.29713e-05
dlev9               =  2.34546e-05
dlev10              =  2.45255e-05
dlev11              =  2.42016e-05
dlev12              =  2.22620e-05
dlev13              =  2.00725e-05
dlev14              =  2.31787e-05
dlev15              =  1.00001e+00
dlev16              =  1.00001e+00
dlev17              =  1.00001e+00
dlev18              =  1.00001e+00
dlev19              =  1.00001e+00
dlev20              =  1.00001e+00
dlev21              =  1.00001e+00
dlev22              =  1.00001e+00
dlev23              =  1.00001e+00
dlev24              =  1.00001e+00
dlev25              =  1.00001e+00
dlev26              =  1.00001e+00
dlev27              =  1.00001e+00
dlev28              =  1.00001e+00
dlev29              =  1.00001e+00
dlev30              =  1.00001e+00
dlev31              =  1.00001e+00
dlev32              =  1.00001e+00
vos = -4.501441552e-03
lowcount = 1.4999519483e+01
vbias               =  3.70595e-01
Reset re-loads circuit * comparator-offset-transient-mc @ sf_mismatch_-40c_1.20v -- generated by sim/harness, do not edit

Circuit: * comparator-offset-transient-mc @ sf_mismatch_-40c_1.20v -- generated by sim/harness, do not edit

Doing analysis at TEMP = -40.000000 and TNOM = 27.000000

Using SPARSE 1.3 as Direct Linear Solver

Initial Transient Solution
--------------------------

Node                                   Voltage
----                                   -------
vdd                                        1.2
cm                                         0.6
vd                                      -0.048
ap                                       0.576
an                                       0.624
clk                                          0
ibn                                    0.36641
xa.x1.tmid                         6.02918e-09
xa.x1.tail                            0.576549
xa.x1.np                                   1.2
xa.x1.nn                                   1.2
xa.x1.ln                                   1.2
xa.x1.lp                                   1.2
xa.x1.lnb                          4.26007e-08
xa.x1.lpb                          4.35804e-08
xa.x1.na                                   1.2
doutb                              4.25088e-08
dout                                       1.2
xa.x1.nb                                   1.2
doutn                                        1
bdoutn#branch                                0
ean#branch                         2.18936e-13
eap#branch                         2.81913e-13
vclk#branch                        3.63768e-10
vd#branch                                    0
vcm#branch                         5.00849e-13
vsup#branch                       -2.00007e-05

 Reference value :  3.82800e-09
 Reference value :  1.16911e-07
 Reference value :  2.31714e-07
 Reference value :  3.49787e-07
 Reference value :  4.58050e-07
 Reference value :  5.67811e-07
 Reference value :  6.81320e-07
 Reference value :  7.92004e-07
 Reference value :  9.08750e-07
No. of Data Rows : 10847
dlev0               =  1.40989e-05
dlev1               =  1.50158e-05
dlev2               =  1.59367e-05
dlev3               =  1.61928e-05
dlev4               =  1.63363e-05
dlev5               =  1.63667e-05
dlev6               =  1.62691e-05
dlev7               =  1.59803e-05
dlev8               =  1.53714e-05
dlev9               =  1.44675e-05
dlev10              =  1.39140e-05
dlev11              =  1.38502e-05
dlev12              =  1.40377e-05
dlev13              =  1.59404e-05
dlev14              =  1.64082e-05
dlev15              =  1.38554e-05
dlev16              =  1.00001e+00
dlev17              =  1.00001e+00
dlev18              =  1.00001e+00
dlev19              =  1.00001e+00
dlev20              =  1.00001e+00
dlev21              =  1.00001e+00
dlev22              =  1.00001e+00
dlev23              =  1.00001e+00
dlev24              =  1.00001e+00
dlev25              =  1.00001e+00
dlev26              =  1.00001e+00
dlev27              =  1.00001e+00
dlev28              =  1.00001e+00
dlev29              =  1.00001e+00
dlev30              =  1.00001e+00
dlev31              =  1.00001e+00
dlev32              =  1.00001e+00
vos = -1.501218124e-03
lowcount = 1.5999593959e+01
vbias               =  3.66410e-01
Reset re-loads circuit * comparator-offset-transient-mc @ sf_mismatch_-40c_1.20v -- generated by sim/harness, do not edit

Circuit: * comparator-offset-transient-mc @ sf_mismatch_-40c_1.20v -- generated by sim/harness, do not edit

Doing analysis at TEMP = -40.000000 and TNOM = 27.000000

Using SPARSE 1.3 as Direct Linear Solver

Initial Transient Solution
--------------------------

Node                                   Voltage
----                                   -------
vdd                                        1.2
cm                                         0.6
vd                                      -0.048
ap                                       0.576
an                                       0.624
clk                                          0
ibn                                   0.368592
xa.x1.tmid                         5.34234e-09
xa.x1.tail                            0.578749
xa.x1.np                                   1.2
xa.x1.nn                                   1.2
xa.x1.ln                                   1.2
xa.x1.lp                                   1.2
xa.x1.lnb                          4.19096e-08
xa.x1.lpb                           4.3905e-08
xa.x1.na                               1.18884
doutb                                 0.651935
dout                                  0.647345
xa.x1.nb                               1.18952
doutn                                 0.539454
bdoutn#branch                                0
ean#branch                         2.18964e-13
eap#branch                         2.81969e-13
vclk#branch                        3.61103e-10
vd#branch                                    0
vcm#branch                         5.00933e-13
vsup#branch                       -7.24751e-05

 Reference value :  1.01028e-08
 Reference value :  1.18015e-07
 Reference value :  2.30908e-07
 Reference value :  3.41299e-07
 Reference value :  4.52750e-07
 Reference value :  5.51902e-07
 Reference value :  6.64150e-07
 Reference value :  7.76827e-07
 Reference value :  8.87593e-07
No. of Data Rows : 10855
dlev0               =  1.21999e-05
dlev1               =  1.88448e-05
dlev2               =  1.90496e-05
dlev3               =  1.95304e-05
dlev4               =  2.05473e-05
dlev5               =  2.22360e-05
dlev6               =  2.42530e-05
dlev7               =  2.47064e-05
dlev8               =  2.46336e-05
dlev9               =  2.38955e-05
dlev10              =  2.19598e-05
dlev11              =  1.95532e-05
dlev12              =  1.88347e-05
dlev13              =  2.32786e-05
dlev14              =  1.92242e-05
dlev15              =  1.00001e+00
dlev16              =  1.00001e+00
dlev17              =  1.00001e+00
dlev18              =  1.00001e+00
dlev19              =  1.00001e+00
dlev20              =  1.00001e+00
dlev21              =  1.00001e+00
dlev22              =  1.00001e+00
dlev23              =  1.00001e+00
dlev24              =  1.00001e+00
dlev25              =  1.00001e+00
dlev26              =  1.00001e+00
dlev27              =  1.00001e+00
dlev28              =  1.00001e+00
dlev29              =  1.00001e+00
dlev30              =  1.00001e+00
dlev31              =  1.00001e+00
dlev32              =  1.00001e+00
vos = -4.501364241e-03
lowcount = 1.4999545253e+01
vbias               =  3.68592e-01
Reset re-loads circuit * comparator-offset-transient-mc @ sf_mismatch_-40c_1.20v -- generated by sim/harness, do not edit

Circuit: * comparator-offset-transient-mc @ sf_mismatch_-40c_1.20v -- generated by sim/harness, do not edit

Doing analysis at TEMP = -40.000000 and TNOM = 27.000000

Using SPARSE 1.3 as Direct Linear Solver

Initial Transient Solution
--------------------------

Node                                   Voltage
----                                   -------
vdd                                        1.2
cm                                         0.6
vd                                      -0.048
ap                                       0.576
an                                       0.624
clk                                          0
ibn                                   0.370046
xa.x1.tmid                         4.93845e-09
xa.x1.tail                            0.581905
xa.x1.np                                   1.2
xa.x1.nn                                   1.2
xa.x1.ln                                   1.2
xa.x1.lp                                   1.2
xa.x1.lnb                          4.20798e-08
xa.x1.lpb                          4.05812e-08
xa.x1.na                               1.18782
doutb                                 0.652108
dout                                  0.651171
xa.x1.nb                               1.18951
doutn                                 0.542643
bdoutn#branch                                0
ean#branch                         2.19019e-13
eap#branch                         2.82024e-13
vclk#branch                        3.62229e-10
vd#branch                                    0
vcm#branch                         5.01044e-13
vsup#branch                       -7.37285e-05

 Reference value :  0.00000e+00
 Reference value :  1.10268e-07
 Reference value :  2.25491e-07
 Reference value :  3.39650e-07
 Reference value :  4.49830e-07
 Reference value :  5.59701e-07
 Reference value :  6.69550e-07
 Reference value :  7.68079e-07
 Reference value :  8.65123e-07
 Reference value :  9.61150e-07
No. of Data Rows : 10849
dlev0               =  1.39646e-05
dlev1               =  1.30303e-05
dlev2               =  1.28269e-05
dlev3               =  1.36428e-05
dlev4               =  1.36733e-05
dlev5               =  1.24817e-05
dlev6               =  1.27732e-05
dlev7               =  1.42660e-05
dlev8               =  1.59483e-05
dlev9               =  1.98681e-05
dlev10              =  2.00055e-05
dlev11              =  1.94910e-05
dlev12              =  1.76192e-05
dlev13              =  1.62414e-05
dlev14              =  1.91995e-05
dlev15              =  1.00001e+00
dlev16              =  1.00001e+00
dlev17              =  1.00001e+00
dlev18              =  1.00001e+00
dlev19              =  1.00001e+00
dlev20              =  1.00001e+00
dlev21              =  1.00001e+00
dlev22              =  1.00001e+00
dlev23              =  1.00001e+00
dlev24              =  1.00001e+00
dlev25              =  1.00001e+00
dlev26              =  1.00001e+00
dlev27              =  1.00001e+00
dlev28              =  1.00001e+00
dlev29              =  1.00001e+00
dlev30              =  1.00001e+00
dlev31              =  1.00001e+00
dlev32              =  1.00000e+00
vos = -4.501176096e-03
lowcount = 1.4999607968e+01
vbias               =  3.70046e-01
Reset re-loads circuit * comparator-offset-transient-mc @ sf_mismatch_-40c_1.20v -- generated by sim/harness, do not edit

Circuit: * comparator-offset-transient-mc @ sf_mismatch_-40c_1.20v -- generated by sim/harness, do not edit

Doing analysis at TEMP = -40.000000 and TNOM = 27.000000

Using SPARSE 1.3 as Direct Linear Solver

Initial Transient Solution
--------------------------

Node                                   Voltage
----                                   -------
vdd                                        1.2
cm                                         0.6
vd                                      -0.048
ap                                       0.576
an                                       0.624
clk                                          0
ibn                                   0.368857
xa.x1.tmid                         5.00817e-09
xa.x1.tail                            0.582207
xa.x1.np                                   1.2
xa.x1.nn                                   1.2
xa.x1.ln                                   1.2
xa.x1.lp                                   1.2
xa.x1.lnb                          4.22248e-08
xa.x1.lpb                          4.15063e-08
xa.x1.na                               1.18857
doutb                                 0.640398
dout                                  0.644484
xa.x1.nb                               1.18865
doutn                                  0.53707
bdoutn#branch                                0
ean#branch                         2.18964e-13
eap#branch                         2.82108e-13
vclk#branch                        3.61618e-10
vd#branch                                    0
vcm#branch                         5.01071e-13
vsup#branch                       -7.42476e-05

 Reference value :  5.33155e-08
 Reference value :  1.60149e-07
 Reference value :  2.70000e-07
 Reference value :  3.70402e-07
 Reference value :  4.75998e-07
 Reference value :  5.86002e-07
 Reference value :  7.00084e-07
 Reference value :  8.08219e-07
 Reference value :  9.16895e-07
No. of Data Rows : 10853
dlev0               =  2.19345e-05
dlev1               =  1.81096e-05
dlev2               =  1.82597e-05
dlev3               =  1.84684e-05
dlev4               =  1.88807e-05
dlev5               =  1.98232e-05
dlev6               =  2.15520e-05
dlev7               =  2.30990e-05
dlev8               =  2.43419e-05
dlev9               =  2.44030e-05
dlev10              =  2.33390e-05
dlev11              =  2.15207e-05
dlev12              =  1.92617e-05
dlev13              =  1.89414e-05
dlev14              =  2.43983e-05
dlev15              =  1.00001e+00
dlev16              =  1.00001e+00
dlev17              =  1.00001e+00
dlev18              =  1.00001e+00
dlev19              =  1.00001e+00
dlev20              =  1.00001e+00
dlev21              =  1.00001e+00
dlev22              =  1.00001e+00
dlev23              =  1.00001e+00
dlev24              =  1.00001e+00
dlev25              =  1.00001e+00
dlev26              =  1.00001e+00
dlev27              =  1.00001e+00
dlev28              =  1.00001e+00
dlev29              =  1.00001e+00
dlev30              =  1.00001e+00
dlev31              =  1.00001e+00
dlev32              =  1.00001e+00
vos = -4.501381000e-03
lowcount = 1.4999539667e+01
vbias               =  3.68857e-01
Reset re-loads circuit * comparator-offset-transient-mc @ sf_mismatch_-40c_1.20v -- generated by sim/harness, do not edit

Circuit: * comparator-offset-transient-mc @ sf_mismatch_-40c_1.20v -- generated by sim/harness, do not edit

Doing analysis at TEMP = -40.000000 and TNOM = 27.000000

Using SPARSE 1.3 as Direct Linear Solver

Initial Transient Solution
--------------------------

Node                                   Voltage
----                                   -------
vdd                                        1.2
cm                                         0.6
vd                                      -0.048
ap                                       0.576
an                                       0.624
clk                                          0
ibn                                   0.365314
xa.x1.tmid                          5.2244e-09
xa.x1.tail                            0.584199
xa.x1.np                                   1.2
xa.x1.nn                                   1.2
xa.x1.ln                                   1.2
xa.x1.lp                                   1.2
xa.x1.lnb                          4.24834e-08
xa.x1.lpb                          4.25548e-08
xa.x1.na                                   1.2
doutb                              4.32091e-08
dout                                       1.2
xa.x1.nb                                   1.2
doutn                                        1
bdoutn#branch                                0
ean#branch                         2.19047e-13
eap#branch                         2.82108e-13
vclk#branch                        3.62769e-10
vd#branch                                    0
vcm#branch                         5.01155e-13
vsup#branch                       -2.00007e-05

 Reference value :  1.33814e-08
 Reference value :  1.30041e-07
 Reference value :  2.47450e-07
 Reference value :  3.63750e-07
 Reference value :  4.77409e-07
 Reference value :  5.91409e-07
 Reference value :  7.05603e-07
 Reference value :  8.21203e-07
 Reference value :  9.35450e-07
No. of Data Rows : 10848
dlev0               =  1.64593e-06
dlev1               =  1.50624e-05
dlev2               =  1.57573e-05
dlev3               =  1.61816e-05
dlev4               =  1.70478e-05
dlev5               =  1.72569e-05
dlev6               =  1.72600e-05
dlev7               =  1.70581e-05
dlev8               =  1.65934e-05
dlev9               =  1.57382e-05
dlev10              =  1.43817e-05
dlev11              =  1.35941e-05
dlev12              =  1.34711e-05
dlev13              =  1.26691e-05
dlev14              =  1.61701e-05
dlev15              =  1.98347e-05
dlev16              =  1.43457e-05
dlev17              =  1.00001e+00
dlev18              =  1.00001e+00
dlev19              =  1.00001e+00
dlev20              =  1.00001e+00
dlev21              =  1.00001e+00
dlev22              =  1.00001e+00
dlev23              =  1.00001e+00
dlev24              =  1.00001e+00
dlev25              =  1.00001e+00
dlev26              =  1.00001e+00
dlev27              =  1.00001e+00
dlev28              =  1.00001e+00
dlev29              =  1.00001e+00
dlev30              =  1.00001e+00
dlev31              =  1.00001e+00
dlev32              =  1.00001e+00
vos = 1.4988117959e-03
lowcount = 1.6999603932e+01
vbias               =  3.65314e-01
Reset re-loads circuit * comparator-offset-transient-mc @ sf_mismatch_-40c_1.20v -- generated by sim/harness, do not edit

Circuit: * comparator-offset-transient-mc @ sf_mismatch_-40c_1.20v -- generated by sim/harness, do not edit

Doing analysis at TEMP = -40.000000 and TNOM = 27.000000

Using SPARSE 1.3 as Direct Linear Solver

Initial Transient Solution
--------------------------

Node                                   Voltage
----                                   -------
vdd                                        1.2
cm                                         0.6
vd                                      -0.048
ap                                       0.576
an                                       0.624
clk                                          0
ibn                                   0.366898
xa.x1.tmid                         5.17125e-09
xa.x1.tail                            0.583685
xa.x1.np                                   1.2
xa.x1.nn                                   1.2
xa.x1.ln                                   1.2
xa.x1.lp                                   1.2
xa.x1.lnb                          4.33325e-08
xa.x1.lpb                          4.23167e-08
xa.x1.na                                   1.2
doutb                                      1.2
dout                               4.28922e-08
xa.x1.nb                                   1.2
doutn                              3.57435e-08
bdoutn#branch                                0
ean#branch                          2.1888e-13
eap#branch                         2.82219e-13
vclk#branch                         3.6486e-10
vd#branch                                    0
vcm#branch                         5.01099e-13
vsup#branch                       -2.00007e-05

 Reference value :  3.49500e-08
 Reference value :  1.45316e-07
 Reference value :  2.59201e-07
 Reference value :  3.72497e-07
 Reference value :  4.86150e-07
 Reference value :  5.90046e-07
 Reference value :  7.00501e-07
 Reference value :  8.15250e-07
 Reference value :  9.22316e-07
No. of Data Rows : 10847
dlev0               =  1.69750e-05
dlev1               =  1.45846e-05
dlev2               =  1.48492e-05
dlev3               =  1.54974e-05
dlev4               =  1.69251e-05
dlev5               =  1.76347e-05
dlev6               =  1.80495e-05
dlev7               =  1.82560e-05
dlev8               =  1.81842e-05
dlev9               =  1.77723e-05
dlev10              =  1.68968e-05
dlev11              =  1.53119e-05
dlev12              =  1.46702e-05
dlev13              =  1.31150e-05
dlev14              =  1.74643e-05
dlev15              =  2.15389e-05
dlev16              =  1.33344e-05
dlev17              =  1.00001e+00
dlev18              =  1.00001e+00
dlev19              =  1.00001e+00
dlev20              =  1.00001e+00
dlev21              =  1.00001e+00
dlev22              =  1.00001e+00
dlev23              =  1.00001e+00
dlev24              =  1.00001e+00
dlev25              =  1.00001e+00
dlev26              =  1.00001e+00
dlev27              =  1.00001e+00
dlev28              =  1.00001e+00
dlev29              =  1.00001e+00
dlev30              =  1.00001e+00
dlev31              =  1.00001e+00
dlev32              =  1.00000e+00
vos = 1.4988598216e-03
lowcount = 1.6999619941e+01
vbias               =  3.66898e-01
Reset re-loads circuit * comparator-offset-transient-mc @ sf_mismatch_-40c_1.20v -- generated by sim/harness, do not edit

Circuit: * comparator-offset-transient-mc @ sf_mismatch_-40c_1.20v -- generated by sim/harness, do not edit

Doing analysis at TEMP = -40.000000 and TNOM = 27.000000

Using SPARSE 1.3 as Direct Linear Solver

Initial Transient Solution
--------------------------

Node                                   Voltage
----                                   -------
vdd                                        1.2
cm                                         0.6
vd                                      -0.048
ap                                       0.576
an                                       0.624
clk                                          0
ibn                                   0.369886
xa.x1.tmid                         5.27304e-09
xa.x1.tail                            0.581017
xa.x1.np                                   1.2
xa.x1.nn                                   1.2
xa.x1.ln                                   1.2
xa.x1.lp                                   1.2
xa.x1.lnb                          4.12513e-08
xa.x1.lpb                          4.20763e-08
xa.x1.na                               1.18793
doutb                                 0.648251
dout                                  0.638672
xa.x1.nb                               1.18803
doutn                                 0.532227
bdoutn#branch                                0
ean#branch                         2.18964e-13
eap#branch                         2.82219e-13
vclk#branch                        3.62982e-10
vd#branch                                    0
vcm#branch                         5.01182e-13
vsup#branch                       -7.82782e-05

 Reference value :  2.03953e-08
 Reference value :  1.32993e-07
 Reference value :  2.44050e-07
 Reference value :  3.53809e-07
 Reference value :  4.68102e-07
 Reference value :  5.80067e-07
 Reference value :  6.94650e-07
 Reference value :  8.06821e-07
 Reference value :  9.20125e-07
No. of Data Rows : 10852
dlev0               =  1.80264e-05
dlev1               =  1.65286e-05
dlev2               =  1.64643e-05
dlev3               =  1.65115e-05
dlev4               =  1.66287e-05
dlev5               =  1.67831e-05
dlev6               =  1.68734e-05
dlev7               =  1.70076e-05
dlev8               =  1.75841e-05
dlev9               =  1.94551e-05
dlev10              =  2.07881e-05
dlev11              =  2.16239e-05
dlev12              =  2.11722e-05
dlev13              =  1.86157e-05
dlev14              =  1.70710e-05
dlev15              =  2.17057e-05
dlev16              =  1.00001e+00
dlev17              =  1.00001e+00
dlev18              =  1.00001e+00
dlev19              =  1.00001e+00
dlev20              =  1.00001e+00
dlev21              =  1.00001e+00
dlev22              =  1.00001e+00
dlev23              =  1.00001e+00
dlev24              =  1.00001e+00
dlev25              =  1.00001e+00
dlev26              =  1.00001e+00
dlev27              =  1.00001e+00
dlev28              =  1.00001e+00
dlev29              =  1.00001e+00
dlev30              =  1.00001e+00
dlev31              =  9.99999e-01
dlev32              =  9.99999e-01
vos = -1.501189918e-03
lowcount = 1.5999603361e+01
vbias               =  3.69886e-01
m_n_samples = 6.0000000000e+01
m_n_out_of_range = 0.0000000000e+00
m_sig_vos_raw_mv = 2.8124728761e+00
m_sig_vos_mv = 2.6758183195e+00
m_vos_3sig_mv = 8.0274549585e+00
m_mean_vos_uv = -8.012315459e+02
m_mean_vos_sem = -2.206710301e+00
m_vbias_anchor_mv = 3.6988620000e+02
Note: Simulation executed from .control section 

Note: Starting dynamic gmin stepping
Note: Dynamic gmin stepping completed
Note: Starting dynamic gmin stepping
Note: Dynamic gmin stepping completed
Note: Starting dynamic gmin stepping
Note: Dynamic gmin stepping completed
Note: Starting dynamic gmin stepping
Note: Dynamic gmin stepping completed
Note: Starting dynamic gmin stepping
Note: Dynamic gmin stepping completed
Note: Starting dynamic gmin stepping
Note: Dynamic gmin stepping completed
Note: Starting dynamic gmin stepping
Note: Dynamic gmin stepping completed
Note: Starting dynamic gmin stepping
Note: Dynamic gmin stepping completed
Note: Starting dynamic gmin stepping
Note: Dynamic gmin stepping completed
Note: Starting dynamic gmin stepping
Note: Dynamic gmin stepping completed
Note: Starting dynamic gmin stepping
Note: Dynamic gmin stepping completed
Note: Starting dynamic gmin stepping
Note: Dynamic gmin stepping completed
Note: Starting dynamic gmin stepping
Note: Dynamic gmin stepping completed
Note: Starting dynamic gmin stepping
Note: Dynamic gmin stepping completed
Note: Starting dynamic gmin stepping
Note: Dynamic gmin stepping completed
Note: Starting dynamic gmin stepping
Note: Dynamic gmin stepping completed
Note: Starting dynamic gmin stepping
Note: Dynamic gmin stepping completed
Note: Starting dynamic gmin stepping
Note: Dynamic gmin stepping completed
