
Note: No compatibility mode selected!


Circuit: * comparator-offset-transient-mc @ tt_mismatch_125c_1.32v -- generated by sim/harness, do not edit

Reset re-loads circuit * comparator-offset-transient-mc @ tt_mismatch_125c_1.32v -- generated by sim/harness, do not edit

Circuit: * comparator-offset-transient-mc @ tt_mismatch_125c_1.32v -- generated by sim/harness, do not edit

Doing analysis at TEMP = 125.000000 and TNOM = 27.000000

Using SPARSE 1.3 as Direct Linear Solver

Initial Transient Solution
--------------------------

Node                                   Voltage
----                                   -------
vdd                                       1.32
cm                                         0.6
vd                                      -0.048
ap                                       0.576
an                                       0.624
clk                                          0
ibn                                   0.248726
xa.x1.tmid                         8.66581e-05
xa.x1.tail                            0.584445
xa.x1.np                               1.31998
xa.x1.nn                               1.31992
xa.x1.ln                                  1.32
xa.x1.lp                                  1.32
xa.x1.lnb                          4.50044e-06
xa.x1.lpb                          4.11967e-06
xa.x1.na                                  1.32
doutb                               4.9801e-06
dout                                   1.31999
xa.x1.nb                                  1.32
doutn                                 0.999994
bdoutn#branch                                0
ean#branch                          3.7679e-12
eap#branch                         4.71773e-12
vclk#branch                        6.79594e-10
vd#branch                                    0
vcm#branch                         8.48563e-12
vsup#branch                       -2.01829e-05

 Reference value :  5.06991e-08
 Reference value :  1.67903e-07
 Reference value :  2.80903e-07
 Reference value :  3.96950e-07
 Reference value :  5.07586e-07
 Reference value :  6.20715e-07
 Reference value :  7.38501e-07
 Reference value :  8.53703e-07
 Reference value :  9.70100e-07
No. of Data Rows : 10866
dlev0               =  2.87863e-06
dlev1               =  6.01418e-06
dlev2               =  6.05078e-06
dlev3               =  6.08732e-06
dlev4               =  6.12351e-06
dlev5               =  6.15997e-06
dlev6               =  6.19763e-06
dlev7               =  6.23731e-06
dlev8               =  1.24641e-05
dlev9               =  1.38491e-05
dlev10              =  1.40139e-05
dlev11              =  9.67748e-06
dlev12              =  1.43007e-05
dlev13              =  6.45938e-06
dlev14              =  6.56590e-06
dlev15              =  6.58453e-06
dlev16              =  9.99994e-01
dlev17              =  9.99996e-01
dlev18              =  9.99996e-01
dlev19              =  9.99999e-01
dlev20              =  1.00000e+00
dlev21              =  9.99999e-01
dlev22              =  9.99999e-01
dlev23              =  9.99999e-01
dlev24              =  9.99996e-01
dlev25              =  9.99996e-01
dlev26              =  9.99996e-01
dlev27              =  9.99996e-01
dlev28              =  9.99996e-01
dlev29              =  9.99996e-01
dlev30              =  9.99996e-01
dlev31              =  9.99996e-01
dlev32              =  9.99996e-01
vos = -1.500222493e-03
lowcount = 1.5999925836e+01
vbias               =  2.48726e-01
Reset re-loads circuit * comparator-offset-transient-mc @ tt_mismatch_125c_1.32v -- generated by sim/harness, do not edit

Circuit: * comparator-offset-transient-mc @ tt_mismatch_125c_1.32v -- generated by sim/harness, do not edit

Doing analysis at TEMP = 125.000000 and TNOM = 27.000000

Using SPARSE 1.3 as Direct Linear Solver

Initial Transient Solution
--------------------------

Node                                   Voltage
----                                   -------
vdd                                       1.32
cm                                         0.6
vd                                      -0.048
ap                                       0.576
an                                       0.624
clk                                          0
ibn                                    0.25065
xa.x1.tmid                         9.16223e-05
xa.x1.tail                            0.581365
xa.x1.np                               1.31998
xa.x1.nn                               1.31992
xa.x1.ln                                  1.32
xa.x1.lp                                  1.32
xa.x1.lnb                          4.11949e-06
xa.x1.lpb                          3.81897e-06
xa.x1.na                               1.27901
doutb                                 0.666761
dout                                  0.658997
xa.x1.nb                               1.27689
doutn                                  0.49924
bdoutn#branch                                0
ean#branch                         3.76521e-12
eap#branch                         4.72011e-12
vclk#branch                        6.78634e-10
vd#branch                                    0
vcm#branch                         8.48532e-12
vsup#branch                       -0.000184225

 Reference value :  7.69037e-08
 Reference value :  1.94204e-07
 Reference value :  3.10003e-07
 Reference value :  4.23350e-07
 Reference value :  5.39684e-07
 Reference value :  6.55504e-07
 Reference value :  7.70794e-07
 Reference value :  8.87104e-07
No. of Data Rows : 10867
dlev0               =  3.02414e-06
dlev1               =  5.14928e-06
dlev2               =  5.25045e-06
dlev3               =  5.12576e-06
dlev4               =  5.23697e-06
dlev5               =  5.34716e-06
dlev6               =  5.45523e-06
dlev7               =  5.56152e-06
dlev8               =  5.66701e-06
dlev9               =  5.77261e-06
dlev10              =  1.60634e-05
dlev11              =  1.60253e-05
dlev12              =  8.34208e-06
dlev13              =  8.76217e-06
dlev14              =  1.67132e-05
dlev15              =  6.37985e-06
dlev16              =  6.54827e-06
dlev17              =  9.99993e-01
dlev18              =  9.99995e-01
dlev19              =  1.00000e+00
dlev20              =  9.99997e-01
dlev21              =  1.00000e+00
dlev22              =  1.00000e+00
dlev23              =  9.99995e-01
dlev24              =  9.99995e-01
dlev25              =  9.99995e-01
dlev26              =  9.99995e-01
dlev27              =  9.99995e-01
dlev28              =  9.99995e-01
dlev29              =  9.99995e-01
dlev30              =  9.99995e-01
dlev31              =  9.99995e-01
dlev32              =  9.99995e-01
vos = 1.4998016267e-03
lowcount = 1.6999933876e+01
vbias               =  2.50650e-01
Reset re-loads circuit * comparator-offset-transient-mc @ tt_mismatch_125c_1.32v -- generated by sim/harness, do not edit

Circuit: * comparator-offset-transient-mc @ tt_mismatch_125c_1.32v -- generated by sim/harness, do not edit

Doing analysis at TEMP = 125.000000 and TNOM = 27.000000

Using SPARSE 1.3 as Direct Linear Solver

Initial Transient Solution
--------------------------

Node                                   Voltage
----                                   -------
vdd                                       1.32
cm                                         0.6
vd                                      -0.048
ap                                       0.576
an                                       0.624
clk                                          0
ibn                                     0.2507
xa.x1.tmid                         7.75845e-05
xa.x1.tail                            0.588527
xa.x1.np                               1.31998
xa.x1.nn                               1.31993
xa.x1.ln                                  1.32
xa.x1.lp                                  1.32
xa.x1.lnb                          3.59222e-06
xa.x1.lpb                          3.74461e-06
xa.x1.na                               1.28047
doutb                                 0.676696
dout                                  0.667907
xa.x1.nb                               1.27906
doutn                                  0.50599
bdoutn#branch                                0
ean#branch                         3.76935e-12
eap#branch                         4.71861e-12
vclk#branch                        6.75876e-10
vd#branch                                    0
vcm#branch                         8.48796e-12
vsup#branch                        -0.00018023

 Reference value :  0.00000e+00
 Reference value :  1.14698e-07
 Reference value :  2.30200e-07
 Reference value :  3.43410e-07
 Reference value :  4.60100e-07
 Reference value :  5.76250e-07
 Reference value :  6.89800e-07
 Reference value :  8.06600e-07
 Reference value :  9.22701e-07
No. of Data Rows : 10857
dlev0               =  5.69548e-06
dlev1               =  5.66072e-06
dlev2               =  5.70411e-06
dlev3               =  5.76187e-06
dlev4               =  5.83700e-06
dlev5               =  5.92672e-06
dlev6               =  6.02423e-06
dlev7               =  6.12345e-06
dlev8               =  6.22002e-06
dlev9               =  6.31304e-06
dlev10              =  6.40368e-06
dlev11              =  6.49362e-06
dlev12              =  6.58383e-06
dlev13              =  6.67183e-06
dlev14              =  6.72376e-06
dlev15              =  6.80568e-06
dlev16              =  6.92785e-06
dlev17              =  9.99995e-01
dlev18              =  9.99997e-01
dlev19              =  9.99997e-01
dlev20              =  9.99997e-01
dlev21              =  9.99997e-01
dlev22              =  9.99997e-01
dlev23              =  9.99997e-01
dlev24              =  9.99997e-01
dlev25              =  9.99997e-01
dlev26              =  9.99997e-01
dlev27              =  9.99997e-01
dlev28              =  9.99997e-01
dlev29              =  9.99997e-01
dlev30              =  9.99997e-01
dlev31              =  9.99997e-01
dlev32              =  9.99997e-01
vos = 1.4998347693e-03
lowcount = 1.6999944923e+01
vbias               =  2.50700e-01
Reset re-loads circuit * comparator-offset-transient-mc @ tt_mismatch_125c_1.32v -- generated by sim/harness, do not edit

Circuit: * comparator-offset-transient-mc @ tt_mismatch_125c_1.32v -- generated by sim/harness, do not edit

Doing analysis at TEMP = 125.000000 and TNOM = 27.000000

Using SPARSE 1.3 as Direct Linear Solver

Initial Transient Solution
--------------------------

Node                                   Voltage
----                                   -------
vdd                                       1.32
cm                                         0.6
vd                                      -0.048
ap                                       0.576
an                                       0.624
clk                                          0
ibn                                   0.251504
xa.x1.tmid                         7.70834e-05
xa.x1.tail                            0.588267
xa.x1.np                               1.31998
xa.x1.nn                               1.31993
xa.x1.ln                                  1.32
xa.x1.lp                                  1.32
xa.x1.lnb                          3.52878e-06
xa.x1.lpb                          3.80433e-06
xa.x1.na                               1.27822
doutb                                 0.664937
dout                                  0.671527
xa.x1.nb                               1.27857
doutn                                 0.508732
bdoutn#branch                                0
ean#branch                         3.76779e-12
eap#branch                         4.71628e-12
vclk#branch                        6.80595e-10
vd#branch                                    0
vcm#branch                         8.48407e-12
vsup#branch                        -0.00018116

 Reference value :  2.69009e-08
 Reference value :  1.32101e-07
 Reference value :  2.50039e-07
 Reference value :  3.66950e-07
 Reference value :  4.81850e-07
 Reference value :  5.91496e-07
 Reference value :  7.09396e-07
 Reference value :  8.24601e-07
 Reference value :  9.40003e-07
No. of Data Rows : 10864
dlev0               =  2.17039e-06
dlev1               =  1.22739e-05
dlev2               =  1.38286e-05
dlev3               =  2.34847e-06
dlev4               =  2.47593e-06
dlev5               =  2.60935e-06
dlev6               =  2.74417e-06
dlev7               =  2.61546e-06
dlev8               =  2.74957e-06
dlev9               =  2.88260e-06
dlev10              =  3.01560e-06
dlev11              =  1.42595e-05
dlev12              =  1.27653e-05
dlev13              =  1.10490e-05
dlev14              =  3.55584e-06
dlev15              =  3.65977e-06
dlev16              =  3.78762e-06
dlev17              =  3.93588e-06
dlev18              =  9.99993e-01
dlev19              =  9.99995e-01
dlev20              =  9.99999e-01
dlev21              =  9.99995e-01
dlev22              =  9.99999e-01
dlev23              =  1.00000e+00
dlev24              =  9.99995e-01
dlev25              =  9.99995e-01
dlev26              =  9.99995e-01
dlev27              =  9.99995e-01
dlev28              =  9.99995e-01
dlev29              =  9.99995e-01
dlev30              =  9.99995e-01
dlev31              =  9.99995e-01
dlev32              =  9.99999e-01
vos = 4.4998688190e-03
lowcount = 1.7999956273e+01
vbias               =  2.51504e-01
Reset re-loads circuit * comparator-offset-transient-mc @ tt_mismatch_125c_1.32v -- generated by sim/harness, do not edit

Circuit: * comparator-offset-transient-mc @ tt_mismatch_125c_1.32v -- generated by sim/harness, do not edit

Doing analysis at TEMP = 125.000000 and TNOM = 27.000000

Using SPARSE 1.3 as Direct Linear Solver

Initial Transient Solution
--------------------------

Node                                   Voltage
----                                   -------
vdd                                       1.32
cm                                         0.6
vd                                      -0.048
ap                                       0.576
an                                       0.624
clk                                          0
ibn                                   0.249192
xa.x1.tmid                         8.77583e-05
xa.x1.tail                            0.586521
xa.x1.np                               1.31998
xa.x1.nn                               1.31992
xa.x1.ln                                  1.32
xa.x1.lp                                  1.32
xa.x1.lnb                          4.11224e-06
xa.x1.lpb                          4.14617e-06
xa.x1.na                               1.28149
doutb                                 0.669367
dout                                  0.675379
xa.x1.nb                               1.27912
doutn                                 0.511651
bdoutn#branch                                0
ean#branch                         3.76707e-12
eap#branch                         4.71773e-12
vclk#branch                        6.73392e-10
vd#branch                                    0
vcm#branch                          8.4848e-12
vsup#branch                       -0.000177462

 Reference value :  4.04032e-08
 Reference value :  1.47102e-07
 Reference value :  2.64501e-07
 Reference value :  3.80533e-07
 Reference value :  4.96902e-07
 Reference value :  6.11503e-07
 Reference value :  7.23150e-07
 Reference value :  8.38300e-07
 Reference value :  9.55801e-07
No. of Data Rows : 10850
dlev0               =  4.75822e-06
dlev1               =  1.23700e-05
dlev2               =  1.23937e-05
dlev3               =  1.24114e-05
dlev4               =  1.24242e-05
dlev5               =  1.24347e-05
dlev6               =  1.24464e-05
dlev7               =  1.24623e-05
dlev8               =  1.24839e-05
dlev9               =  1.25112e-05
dlev10              =  1.25433e-05
dlev11              =  6.13095e-06
dlev12              =  1.01652e-05
dlev13              =  1.22890e-05
dlev14              =  1.28771e-05
dlev15              =  1.13776e-05
dlev16              =  1.24823e-05
dlev17              =  1.25359e-05
dlev18              =  1.25628e-05
dlev19              =  9.99995e-01
dlev20              =  9.99997e-01
dlev21              =  9.99997e-01
dlev22              =  1.00000e+00
dlev23              =  9.99999e-01
dlev24              =  9.99999e-01
dlev25              =  1.00000e+00
dlev26              =  1.00000e+00
dlev27              =  9.99997e-01
dlev28              =  9.99997e-01
dlev29              =  9.99997e-01
dlev30              =  9.99997e-01
dlev31              =  9.99997e-01
dlev32              =  9.99997e-01
vos = 7.4994340198e-03
lowcount = 1.8999811340e+01
vbias               =  2.49192e-01
Reset re-loads circuit * comparator-offset-transient-mc @ tt_mismatch_125c_1.32v -- generated by sim/harness, do not edit

Circuit: * comparator-offset-transient-mc @ tt_mismatch_125c_1.32v -- generated by sim/harness, do not edit

Doing analysis at TEMP = 125.000000 and TNOM = 27.000000

Using SPARSE 1.3 as Direct Linear Solver

Initial Transient Solution
--------------------------

Node                                   Voltage
----                                   -------
vdd                                       1.32
cm                                         0.6
vd                                      -0.048
ap                                       0.576
an                                       0.624
clk                                          0
ibn                                   0.249405
xa.x1.tmid                         8.39407e-05
xa.x1.tail                            0.586592
xa.x1.np                               1.31998
xa.x1.nn                               1.31993
xa.x1.ln                                  1.32
xa.x1.lp                                  1.32
xa.x1.lnb                          3.32434e-06
xa.x1.lpb                          3.93402e-06
xa.x1.na                               1.27924
doutb                                 0.672949
dout                                  0.666528
xa.x1.nb                               1.28035
doutn                                 0.504945
bdoutn#branch                                0
ean#branch                          3.7666e-12
eap#branch                         4.71537e-12
vclk#branch                         6.7314e-10
vd#branch                                    0
vcm#branch                         8.48197e-12
vsup#branch                       -0.000178868

 Reference value :  6.35500e-08
 Reference value :  1.74795e-07
 Reference value :  2.90174e-07
 Reference value :  4.04103e-07
 Reference value :  5.19925e-07
 Reference value :  6.33350e-07
 Reference value :  7.47395e-07
 Reference value :  8.60310e-07
 Reference value :  9.78503e-07
No. of Data Rows : 10865
dlev0               =  3.92481e-06
dlev1               =  3.94394e-06
dlev2               =  4.01781e-06
dlev3               =  4.09107e-06
dlev4               =  4.16341e-06
dlev5               =  4.23545e-06
dlev6               =  4.30803e-06
dlev7               =  4.38180e-06
dlev8               =  1.23166e-05
dlev9               =  1.41731e-05
dlev10              =  1.40138e-05
dlev11              =  1.42110e-05
dlev12              =  1.40469e-05
dlev13              =  4.82244e-06
dlev14              =  4.94789e-06
dlev15              =  9.99995e-01
dlev16              =  9.99997e-01
dlev17              =  9.99997e-01
dlev18              =  1.00000e+00
dlev19              =  1.00000e+00
dlev20              =  9.99998e-01
dlev21              =  1.00000e+00
dlev22              =  1.00000e+00
dlev23              =  1.00000e+00
dlev24              =  9.99996e-01
dlev25              =  9.99996e-01
dlev26              =  9.99996e-01
dlev27              =  9.99996e-01
dlev28              =  9.99996e-01
dlev29              =  9.99996e-01
dlev30              =  9.99996e-01
dlev31              =  9.99996e-01
dlev32              =  9.99996e-01
vos = -4.500203094e-03
lowcount = 1.4999932302e+01
vbias               =  2.49405e-01
Reset re-loads circuit * comparator-offset-transient-mc @ tt_mismatch_125c_1.32v -- generated by sim/harness, do not edit

Circuit: * comparator-offset-transient-mc @ tt_mismatch_125c_1.32v -- generated by sim/harness, do not edit

Doing analysis at TEMP = 125.000000 and TNOM = 27.000000

Using SPARSE 1.3 as Direct Linear Solver

Initial Transient Solution
--------------------------

Node                                   Voltage
----                                   -------
vdd                                       1.32
cm                                         0.6
vd                                      -0.048
ap                                       0.576
an                                       0.624
clk                                          0
ibn                                   0.252018
xa.x1.tmid                         8.77313e-05
xa.x1.tail                            0.583889
xa.x1.np                               1.31998
xa.x1.nn                               1.31993
xa.x1.ln                                  1.32
xa.x1.lp                                  1.32
xa.x1.lnb                          4.18922e-06
xa.x1.lpb                          4.12252e-06
xa.x1.na                               1.28091
doutb                                 0.673631
dout                                  0.681198
xa.x1.nb                               1.28125
doutn                                 0.516059
bdoutn#branch                                0
ean#branch                         3.76627e-12
eap#branch                          4.7182e-12
vclk#branch                        6.78212e-10
vd#branch                                    0
vcm#branch                         8.48446e-12
vsup#branch                       -0.000172551

 Reference value :  8.03935e-08
 Reference value :  2.00222e-07
 Reference value :  3.18894e-07
 Reference value :  4.34203e-07
 Reference value :  5.50803e-07
 Reference value :  6.64350e-07
 Reference value :  7.71596e-07
 Reference value :  8.88403e-07
No. of Data Rows : 10866
dlev0               =  1.17578e-06
dlev1               =  3.30605e-06
dlev2               =  3.38423e-06
dlev3               =  3.46255e-06
dlev4               =  3.53949e-06
dlev5               =  3.61515e-06
dlev6               =  3.69042e-06
dlev7               =  3.76632e-06
dlev8               =  3.84350e-06
dlev9               =  1.51099e-05
dlev10              =  1.45134e-05
dlev11              =  6.88962e-06
dlev12              =  1.49581e-05
dlev13              =  4.19022e-06
dlev14              =  4.33663e-06
dlev15              =  4.38605e-06
dlev16              =  9.99993e-01
dlev17              =  9.99994e-01
dlev18              =  1.00000e+00
dlev19              =  9.99995e-01
dlev20              =  9.99999e-01
dlev21              =  1.00000e+00
dlev22              =  9.99994e-01
dlev23              =  9.99994e-01
dlev24              =  9.99994e-01
dlev25              =  9.99994e-01
dlev26              =  9.99994e-01
dlev27              =  9.99994e-01
dlev28              =  9.99994e-01
dlev29              =  9.99994e-01
dlev30              =  9.99994e-01
dlev31              =  9.99994e-01
dlev32              =  1.00000e+00
vos = -1.500042502e-03
lowcount = 1.5999985833e+01
vbias               =  2.52018e-01
Reset re-loads circuit * comparator-offset-transient-mc @ tt_mismatch_125c_1.32v -- generated by sim/harness, do not edit

Circuit: * comparator-offset-transient-mc @ tt_mismatch_125c_1.32v -- generated by sim/harness, do not edit

Doing analysis at TEMP = 125.000000 and TNOM = 27.000000

Using SPARSE 1.3 as Direct Linear Solver

Initial Transient Solution
--------------------------

Node                                   Voltage
----                                   -------
vdd                                       1.32
cm                                         0.6
vd                                      -0.048
ap                                       0.576
an                                       0.624
clk                                          0
ibn                                   0.247858
xa.x1.tmid                         8.79549e-05
xa.x1.tail                            0.584545
xa.x1.np                               1.31998
xa.x1.nn                               1.31993
xa.x1.ln                                  1.32
xa.x1.lp                                  1.32
xa.x1.lnb                          4.28647e-06
xa.x1.lpb                          3.98023e-06
xa.x1.na                               1.28233
doutb                                 0.673021
dout                                   0.68587
xa.x1.nb                               1.27971
doutn                                 0.519599
bdoutn#branch                                0
ean#branch                         3.76862e-12
eap#branch                         4.71584e-12
vclk#branch                        6.66271e-10
vd#branch                                    0
vcm#branch                         8.48446e-12
vsup#branch                       -0.000173837

 Reference value :  0.00000e+00
 Reference value :  1.10204e-07
 Reference value :  2.26394e-07
 Reference value :  3.40603e-07
 Reference value :  4.58050e-07
 Reference value :  5.73950e-07
 Reference value :  6.87634e-07
 Reference value :  8.01500e-07
 Reference value :  9.20265e-07
No. of Data Rows : 10857
dlev0               =  6.42327e-06
dlev1               =  6.49475e-06
dlev2               =  6.51042e-06
dlev3               =  6.52831e-06
dlev4               =  9.85859e-06
dlev5               =  1.23322e-05
dlev6               =  1.33587e-05
dlev7               =  1.39035e-05
dlev8               =  1.50319e-05
dlev9               =  1.32923e-05
dlev10              =  6.65305e-06
dlev11              =  6.70209e-06
dlev12              =  6.78619e-06
dlev13              =  6.85294e-06
dlev14              =  1.32287e-05
dlev15              =  9.99997e-01
dlev16              =  9.99998e-01
dlev17              =  9.99998e-01
dlev18              =  9.99998e-01
dlev19              =  9.99998e-01
dlev20              =  9.99997e-01
dlev21              =  9.99998e-01
dlev22              =  9.99999e-01
dlev23              =  9.99998e-01
dlev24              =  9.99997e-01
dlev25              =  9.99998e-01
dlev26              =  9.99998e-01
dlev27              =  9.99998e-01
dlev28              =  9.99998e-01
dlev29              =  9.99998e-01
dlev30              =  9.99998e-01
dlev31              =  9.99998e-01
dlev32              =  9.99998e-01
vos = -4.500329871e-03
lowcount = 1.4999890043e+01
vbias               =  2.47858e-01
Reset re-loads circuit * comparator-offset-transient-mc @ tt_mismatch_125c_1.32v -- generated by sim/harness, do not edit

Circuit: * comparator-offset-transient-mc @ tt_mismatch_125c_1.32v -- generated by sim/harness, do not edit

Doing analysis at TEMP = 125.000000 and TNOM = 27.000000

Using SPARSE 1.3 as Direct Linear Solver

Initial Transient Solution
--------------------------

Node                                   Voltage
----                                   -------
vdd                                       1.32
cm                                         0.6
vd                                      -0.048
ap                                       0.576
an                                       0.624
clk                                          0
ibn                                   0.248963
xa.x1.tmid                         8.41008e-05
xa.x1.tail                            0.585851
xa.x1.np                               1.31998
xa.x1.nn                               1.31993
xa.x1.ln                                  1.32
xa.x1.lp                                  1.32
xa.x1.lnb                          4.18697e-06
xa.x1.lpb                          3.92147e-06
xa.x1.na                               1.27996
doutb                                 0.680075
dout                                  0.668239
xa.x1.nb                               1.28234
doutn                                 0.506242
bdoutn#branch                                0
ean#branch                         3.77059e-12
eap#branch                         4.71595e-12
vclk#branch                        6.76241e-10
vd#branch                                    0
vcm#branch                         8.48654e-12
vsup#branch                       -0.000174841

 Reference value :  2.98100e-08
 Reference value :  1.45198e-07
 Reference value :  2.61997e-07
 Reference value :  3.80121e-07
 Reference value :  4.93563e-07
 Reference value :  6.10008e-07
 Reference value :  7.22450e-07
 Reference value :  8.38502e-07
 Reference value :  9.52403e-07
No. of Data Rows : 10855
dlev0               =  3.09924e-06
dlev1               =  3.12262e-06
dlev2               =  3.21659e-06
dlev3               =  3.31089e-06
dlev4               =  3.40430e-06
dlev5               =  3.49689e-06
dlev6               =  3.58938e-06
dlev7               =  3.68259e-06
dlev8               =  3.77713e-06
dlev9               =  1.30351e-05
dlev10              =  1.40199e-05
dlev11              =  1.37318e-05
dlev12              =  1.42276e-05
dlev13              =  1.25904e-05
dlev14              =  4.34492e-06
dlev15              =  4.49280e-06
dlev16              =  9.99995e-01
dlev17              =  9.99996e-01
dlev18              =  9.99996e-01
dlev19              =  1.00000e+00
dlev20              =  1.00000e+00
dlev21              =  1.00000e+00
dlev22              =  1.00000e+00
dlev23              =  1.00000e+00
dlev24              =  9.99996e-01
dlev25              =  9.99996e-01
dlev26              =  9.99996e-01
dlev27              =  9.99996e-01
dlev28              =  9.99996e-01
dlev29              =  9.99996e-01
dlev30              =  9.99996e-01
dlev31              =  9.99996e-01
dlev32              =  9.99996e-01
vos = -1.500173226e-03
lowcount = 1.5999942258e+01
vbias               =  2.48963e-01
Reset re-loads circuit * comparator-offset-transient-mc @ tt_mismatch_125c_1.32v -- generated by sim/harness, do not edit

Circuit: * comparator-offset-transient-mc @ tt_mismatch_125c_1.32v -- generated by sim/harness, do not edit

Doing analysis at TEMP = 125.000000 and TNOM = 27.000000

Using SPARSE 1.3 as Direct Linear Solver

Initial Transient Solution
--------------------------

Node                                   Voltage
----                                   -------
vdd                                       1.32
cm                                         0.6
vd                                      -0.048
ap                                       0.576
an                                       0.624
clk                                          0
ibn                                   0.250674
xa.x1.tmid                          8.9346e-05
xa.x1.tail                            0.581981
xa.x1.np                               1.31998
xa.x1.nn                               1.31992
xa.x1.ln                                  1.32
xa.x1.lp                                  1.32
xa.x1.lnb                          4.46938e-06
xa.x1.lpb                          4.17229e-06
xa.x1.na                               1.28128
doutb                                  0.67564
dout                                  0.679616
xa.x1.nb                               1.28074
doutn                                 0.514861
bdoutn#branch                                0
ean#branch                         3.76632e-12
eap#branch                         4.71714e-12
vclk#branch                        6.73397e-10
vd#branch                                    0
vcm#branch                         8.48346e-12
vsup#branch                       -0.000171663

 Reference value :  6.23500e-08
 Reference value :  1.78096e-07
 Reference value :  2.89798e-07
 Reference value :  4.01898e-07
 Reference value :  5.19350e-07
 Reference value :  6.28406e-07
 Reference value :  7.40998e-07
 Reference value :  8.54004e-07
 Reference value :  9.70110e-07
No. of Data Rows : 10865
dlev0               =  -1.04872e-06
dlev1               =  8.54315e-07
dlev2               =  9.59757e-07
dlev3               =  1.06528e-06
dlev4               =  1.16957e-06
dlev5               =  1.05336e-06
dlev6               =  1.15813e-06
dlev7               =  1.26341e-06
dlev8               =  1.36979e-06
dlev9               =  1.41250e-05
dlev10              =  1.35106e-05
dlev11              =  5.76877e-06
dlev12              =  6.92675e-06
dlev13              =  1.46945e-05
dlev14              =  2.00466e-06
dlev15              =  2.15878e-06
dlev16              =  9.99996e-01
dlev17              =  9.99999e-01
dlev18              =  9.99999e-01
dlev19              =  1.00000e+00
dlev20              =  1.00000e+00
dlev21              =  1.00000e+00
dlev22              =  9.99999e-01
dlev23              =  9.99999e-01
dlev24              =  9.99999e-01
dlev25              =  9.99999e-01
dlev26              =  9.99999e-01
dlev27              =  9.99999e-01
dlev28              =  9.99999e-01
dlev29              =  9.99999e-01
dlev30              =  9.99999e-01
dlev31              =  9.99999e-01
dlev32              =  9.99999e-01
vos = -1.500151002e-03
lowcount = 1.5999949666e+01
vbias               =  2.50674e-01
Reset re-loads circuit * comparator-offset-transient-mc @ tt_mismatch_125c_1.32v -- generated by sim/harness, do not edit

Circuit: * comparator-offset-transient-mc @ tt_mismatch_125c_1.32v -- generated by sim/harness, do not edit

Doing analysis at TEMP = 125.000000 and TNOM = 27.000000

Using SPARSE 1.3 as Direct Linear Solver

Initial Transient Solution
--------------------------

Node                                   Voltage
----                                   -------
vdd                                       1.32
cm                                         0.6
vd                                      -0.048
ap                                       0.576
an                                       0.624
clk                                          0
ibn                                   0.248247
xa.x1.tmid                         9.82226e-05
xa.x1.tail                             0.58058
xa.x1.np                               1.31997
xa.x1.nn                               1.31992
xa.x1.ln                                  1.32
xa.x1.lp                                  1.32
xa.x1.lnb                            3.946e-06
xa.x1.lpb                          3.68183e-06
xa.x1.na                               1.27962
doutb                                 0.680014
dout                                  0.676825
xa.x1.nb                               1.28038
doutn                                 0.512746
bdoutn#branch                                0
ean#branch                         3.76485e-12
eap#branch                         4.71334e-12
vclk#branch                        6.82252e-10
vd#branch                                    0
vcm#branch                         8.47819e-12
vsup#branch                       -0.000174451

 Reference value :  7.57052e-08
 Reference value :  1.92699e-07
 Reference value :  3.06250e-07
 Reference value :  4.21650e-07
 Reference value :  5.35692e-07
 Reference value :  6.47996e-07
 Reference value :  7.62504e-07
 Reference value :  8.80110e-07
No. of Data Rows : 10864
dlev0               =  -2.04908e-06
dlev1               =  3.47690e-07
dlev2               =  4.93031e-07
dlev3               =  6.38916e-07
dlev4               =  7.85640e-07
dlev5               =  9.33399e-07
dlev6               =  1.58661e-05
dlev7               =  1.57257e-05
dlev8               =  1.54632e-05
dlev9               =  1.56908e-05
dlev10              =  1.63801e-05
dlev11              =  1.78096e-06
dlev12              =  1.96301e-06
dlev13              =  2.15558e-06
dlev14              =  1.63692e-05
dlev15              =  9.99995e-01
dlev16              =  9.99996e-01
dlev17              =  9.99996e-01
dlev18              =  9.99996e-01
dlev19              =  9.99996e-01
dlev20              =  1.00000e+00
dlev21              =  1.00000e+00
dlev22              =  1.00000e+00
dlev23              =  1.00000e+00
dlev24              =  9.99996e-01
dlev25              =  9.99996e-01
dlev26              =  9.99996e-01
dlev27              =  9.99995e-01
dlev28              =  9.99995e-01
dlev29              =  9.99995e-01
dlev30              =  9.99995e-01
dlev31              =  9.99995e-01
dlev32              =  9.99995e-01
vos = -4.500129133e-03
lowcount = 1.4999956956e+01
vbias               =  2.48247e-01
Reset re-loads circuit * comparator-offset-transient-mc @ tt_mismatch_125c_1.32v -- generated by sim/harness, do not edit

Circuit: * comparator-offset-transient-mc @ tt_mismatch_125c_1.32v -- generated by sim/harness, do not edit

Doing analysis at TEMP = 125.000000 and TNOM = 27.000000

Using SPARSE 1.3 as Direct Linear Solver

Initial Transient Solution
--------------------------

Node                                   Voltage
----                                   -------
vdd                                       1.32
cm                                         0.6
vd                                      -0.048
ap                                       0.576
an                                       0.624
clk                                          0
ibn                                   0.246201
xa.x1.tmid                         9.04101e-05
xa.x1.tail                            0.585815
xa.x1.np                               1.31998
xa.x1.nn                               1.31993
xa.x1.ln                                  1.32
xa.x1.lp                                  1.32
xa.x1.lnb                          3.55167e-06
xa.x1.lpb                          4.12377e-06
xa.x1.na                                  1.32
doutb                                  1.31999
dout                               5.33027e-06
xa.x1.nb                               1.31999
doutn                              4.03809e-06
bdoutn#branch                                0
ean#branch                         3.76715e-12
eap#branch                           4.718e-12
vclk#branch                        6.77939e-10
vd#branch                                    0
vcm#branch                         8.48516e-12
vsup#branch                       -2.01806e-05

 Reference value :  0.00000e+00
 Reference value :  1.11919e-07
 Reference value :  2.23997e-07
 Reference value :  3.35150e-07
 Reference value :  4.47717e-07
 Reference value :  5.59103e-07
 Reference value :  6.74601e-07
 Reference value :  7.90018e-07
 Reference value :  8.95799e-07
No. of Data Rows : 10863
dlev0               =  -4.11192e-06
dlev1               =  -2.44013e-06
dlev2               =  -2.29341e-06
dlev3               =  1.28711e-05
dlev4               =  1.29861e-05
dlev5               =  1.28863e-05
dlev6               =  1.29169e-05
dlev7               =  1.32387e-05
dlev8               =  1.33655e-05
dlev9               =  -1.24637e-06
dlev10              =  -1.08436e-06
dlev11              =  -1.07449e-06
dlev12              =  -9.04730e-07
dlev13              =  -7.39597e-07
dlev14              =  1.35280e-05
dlev15              =  -4.13098e-07
dlev16              =  9.99994e-01
dlev17              =  9.99995e-01
dlev18              =  9.99995e-01
dlev19              =  9.99995e-01
dlev20              =  9.99995e-01
dlev21              =  9.99995e-01
dlev22              =  9.99994e-01
dlev23              =  9.99997e-01
dlev24              =  9.99998e-01
dlev25              =  9.99998e-01
dlev26              =  9.99998e-01
dlev27              =  9.99997e-01
dlev28              =  9.99994e-01
dlev29              =  9.99994e-01
dlev30              =  9.99994e-01
dlev31              =  9.99994e-01
dlev32              =  9.99994e-01
vos = -1.499994853e-03
lowcount = 1.6000001716e+01
vbias               =  2.46201e-01
Reset re-loads circuit * comparator-offset-transient-mc @ tt_mismatch_125c_1.32v -- generated by sim/harness, do not edit

Circuit: * comparator-offset-transient-mc @ tt_mismatch_125c_1.32v -- generated by sim/harness, do not edit

Doing analysis at TEMP = 125.000000 and TNOM = 27.000000

Using SPARSE 1.3 as Direct Linear Solver

Initial Transient Solution
--------------------------

Node                                   Voltage
----                                   -------
vdd                                       1.32
cm                                         0.6
vd                                      -0.048
ap                                       0.576
an                                       0.624
clk                                          0
ibn                                   0.248269
xa.x1.tmid                         8.68509e-05
xa.x1.tail                            0.585486
xa.x1.np                               1.31998
xa.x1.nn                               1.31993
xa.x1.ln                                  1.32
xa.x1.lp                                  1.32
xa.x1.lnb                          3.59481e-06
xa.x1.lpb                          4.03883e-06
xa.x1.na                                  1.32
doutb                                  1.31999
dout                               5.46999e-06
xa.x1.nb                               1.31999
doutn                              4.14393e-06
bdoutn#branch                                0
ean#branch                         3.76663e-12
eap#branch                         4.71664e-12
vclk#branch                        6.74832e-10
vd#branch                                    0
vcm#branch                         8.48327e-12
vsup#branch                       -2.01781e-05

 Reference value :  0.00000e+00
 Reference value :  1.10263e-07
 Reference value :  2.22099e-07
 Reference value :  3.32250e-07
 Reference value :  4.43593e-07
 Reference value :  5.57403e-07
 Reference value :  6.70003e-07
 Reference value :  7.80010e-07
 Reference value :  8.94093e-07
No. of Data Rows : 10865
dlev0               =  1.29728e-05
dlev1               =  6.92122e-06
dlev2               =  6.96300e-06
dlev3               =  7.00533e-06
dlev4               =  7.04874e-06
dlev5               =  7.09377e-06
dlev6               =  7.14080e-06
dlev7               =  1.17082e-05
dlev8               =  1.31734e-05
dlev9               =  1.38947e-05
dlev10              =  1.51041e-05
dlev11              =  1.39861e-05
dlev12              =  1.22730e-05
dlev13              =  7.46802e-06
dlev14              =  7.58447e-06
dlev15              =  7.67207e-06
dlev16              =  7.73884e-06
dlev17              =  9.99992e-01
dlev18              =  9.99995e-01
dlev19              =  9.99995e-01
dlev20              =  1.00000e+00
dlev21              =  1.00000e+00
dlev22              =  9.99996e-01
dlev23              =  9.99996e-01
dlev24              =  1.00000e+00
dlev25              =  1.00000e+00
dlev26              =  1.00000e+00
dlev27              =  9.99994e-01
dlev28              =  9.99994e-01
dlev29              =  9.99994e-01
dlev30              =  9.99994e-01
dlev31              =  9.99994e-01
dlev32              =  9.99994e-01
vos = 1.4996815543e-03
lowcount = 1.6999893851e+01
vbias               =  2.48269e-01
Reset re-loads circuit * comparator-offset-transient-mc @ tt_mismatch_125c_1.32v -- generated by sim/harness, do not edit

Circuit: * comparator-offset-transient-mc @ tt_mismatch_125c_1.32v -- generated by sim/harness, do not edit

Doing analysis at TEMP = 125.000000 and TNOM = 27.000000

Using SPARSE 1.3 as Direct Linear Solver

Initial Transient Solution
--------------------------

Node                                   Voltage
----                                   -------
vdd                                       1.32
cm                                         0.6
vd                                      -0.048
ap                                       0.576
an                                       0.624
clk                                          0
ibn                                   0.250082
xa.x1.tmid                         9.32274e-05
xa.x1.tail                            0.581492
xa.x1.np                               1.31998
xa.x1.nn                               1.31992
xa.x1.ln                                  1.32
xa.x1.lp                                  1.32
xa.x1.lnb                          4.14812e-06
xa.x1.lpb                           4.1163e-06
xa.x1.na                                  1.32
doutb                                  1.31999
dout                               5.01466e-06
xa.x1.nb                                  1.32
doutn                              3.79899e-06
bdoutn#branch                                0
ean#branch                         3.76579e-12
eap#branch                         4.71695e-12
vclk#branch                        6.75359e-10
vd#branch                                    0
vcm#branch                         8.48274e-12
vsup#branch                       -2.01921e-05

 Reference value :  0.00000e+00
 Reference value :  1.09604e-07
 Reference value :  2.27404e-07
 Reference value :  3.45295e-07
 Reference value :  4.60904e-07
 Reference value :  5.77550e-07
 Reference value :  6.90030e-07
 Reference value :  8.02494e-07
 Reference value :  9.18304e-07
No. of Data Rows : 10866
dlev0               =  1.33141e-05
dlev1               =  3.23420e-06
dlev2               =  3.33013e-06
dlev3               =  3.42945e-06
dlev4               =  3.52924e-06
dlev5               =  3.62813e-06
dlev6               =  3.72619e-06
dlev7               =  3.82420e-06
dlev8               =  3.92301e-06
dlev9               =  4.02321e-06
dlev10              =  1.36260e-05
dlev11              =  1.43915e-05
dlev12              =  8.04417e-06
dlev13              =  1.47382e-05
dlev14              =  4.26491e-06
dlev15              =  4.42961e-06
dlev16              =  1.49060e-05
dlev17              =  9.99991e-01
dlev18              =  9.99994e-01
dlev19              =  1.00000e+00
dlev20              =  9.99995e-01
dlev21              =  9.99995e-01
dlev22              =  1.00000e+00
dlev23              =  1.00000e+00
dlev24              =  9.99994e-01
dlev25              =  9.99993e-01
dlev26              =  9.99993e-01
dlev27              =  9.99993e-01
dlev28              =  9.99993e-01
dlev29              =  9.99993e-01
dlev30              =  9.99993e-01
dlev31              =  9.99993e-01
dlev32              =  9.99993e-01
vos = 1.4998954132e-03
lowcount = 1.6999965138e+01
vbias               =  2.50082e-01
Reset re-loads circuit * comparator-offset-transient-mc @ tt_mismatch_125c_1.32v -- generated by sim/harness, do not edit

Circuit: * comparator-offset-transient-mc @ tt_mismatch_125c_1.32v -- generated by sim/harness, do not edit

Doing analysis at TEMP = 125.000000 and TNOM = 27.000000

Using SPARSE 1.3 as Direct Linear Solver

Initial Transient Solution
--------------------------

Node                                   Voltage
----                                   -------
vdd                                       1.32
cm                                         0.6
vd                                      -0.048
ap                                       0.576
an                                       0.624
clk                                          0
ibn                                   0.249242
xa.x1.tmid                         9.84727e-05
xa.x1.tail                            0.578893
xa.x1.np                               1.31997
xa.x1.nn                               1.31992
xa.x1.ln                                  1.32
xa.x1.lp                                  1.32
xa.x1.lnb                          3.80689e-06
xa.x1.lpb                          4.08991e-06
xa.x1.na                                  1.32
doutb                              4.97362e-06
dout                                   1.31999
xa.x1.nb                                  1.32
doutn                                 0.999994
bdoutn#branch                                0
ean#branch                         3.76613e-12
eap#branch                         4.71356e-12
vclk#branch                        6.75094e-10
vd#branch                                    0
vcm#branch                         8.47969e-12
vsup#branch                       -2.02006e-05

 Reference value :  2.88872e-08
 Reference value :  1.47893e-07
 Reference value :  2.66017e-07
 Reference value :  3.80165e-07
 Reference value :  4.95807e-07
 Reference value :  6.12795e-07
 Reference value :  7.31501e-07
 Reference value :  8.50805e-07
 Reference value :  9.70110e-07
No. of Data Rows : 10865
dlev0               =  2.53273e-06
dlev1               =  5.47990e-06
dlev2               =  5.54692e-06
dlev3               =  5.61370e-06
dlev4               =  5.68085e-06
dlev5               =  5.74909e-06
dlev6               =  5.81895e-06
dlev7               =  1.30757e-05
dlev8               =  1.46163e-05
dlev9               =  1.60508e-05
dlev10              =  1.25039e-05
dlev11              =  1.50446e-05
dlev12              =  6.20502e-06
dlev13              =  6.32771e-06
dlev14              =  6.45477e-06
dlev15              =  6.52328e-06
dlev16              =  9.99993e-01
dlev17              =  9.99995e-01
dlev18              =  9.99995e-01
dlev19              =  9.99999e-01
dlev20              =  1.00000e+00
dlev21              =  1.00000e+00
dlev22              =  1.00000e+00
dlev23              =  9.99999e-01
dlev24              =  9.99995e-01
dlev25              =  9.99995e-01
dlev26              =  9.99995e-01
dlev27              =  9.99995e-01
dlev28              =  9.99995e-01
dlev29              =  9.99995e-01
dlev30              =  9.99995e-01
dlev31              =  9.99995e-01
dlev32              =  9.99995e-01
vos = -1.500206473e-03
lowcount = 1.5999931176e+01
vbias               =  2.49242e-01
Reset re-loads circuit * comparator-offset-transient-mc @ tt_mismatch_125c_1.32v -- generated by sim/harness, do not edit

Circuit: * comparator-offset-transient-mc @ tt_mismatch_125c_1.32v -- generated by sim/harness, do not edit

Doing analysis at TEMP = 125.000000 and TNOM = 27.000000

Using SPARSE 1.3 as Direct Linear Solver

Initial Transient Solution
--------------------------

Node                                   Voltage
----                                   -------
vdd                                       1.32
cm                                         0.6
vd                                      -0.048
ap                                       0.576
an                                       0.624
clk                                          0
ibn                                   0.252122
xa.x1.tmid                         8.51719e-05
xa.x1.tail                            0.586374
xa.x1.np                               1.31998
xa.x1.nn                               1.31993
xa.x1.ln                                  1.32
xa.x1.lp                                  1.32
xa.x1.lnb                          3.84272e-06
xa.x1.lpb                          3.51484e-06
xa.x1.na                                  1.32
doutb                                  1.31999
dout                               4.95462e-06
xa.x1.nb                                  1.32
doutn                               3.7535e-06
bdoutn#branch                                0
ean#branch                         3.76971e-12
eap#branch                         4.72042e-12
vclk#branch                        6.75819e-10
vd#branch                                    0
vcm#branch                         8.49013e-12
vsup#branch                       -2.01793e-05

 Reference value :  8.02015e-08
 Reference value :  1.99303e-07
 Reference value :  3.17400e-07
 Reference value :  4.34597e-07
 Reference value :  5.50403e-07
 Reference value :  6.69850e-07
 Reference value :  7.88950e-07
 Reference value :  9.07050e-07
No. of Data Rows : 10855
dlev0               =  1.45022e-05
dlev1               =  1.34264e-05
dlev2               =  4.91539e-06
dlev3               =  4.97723e-06
dlev4               =  5.04392e-06
dlev5               =  5.11107e-06
dlev6               =  5.17654e-06
dlev7               =  5.24025e-06
dlev8               =  5.30320e-06
dlev9               =  5.36650e-06
dlev10              =  5.43094e-06
dlev11              =  1.47834e-05
dlev12              =  1.44103e-05
dlev13              =  7.97837e-06
dlev14              =  1.51483e-05
dlev15              =  5.75677e-06
dlev16              =  1.51339e-05
dlev17              =  9.99993e-01
dlev18              =  9.99996e-01
dlev19              =  9.99998e-01
dlev20              =  9.99998e-01
dlev21              =  9.99998e-01
dlev22              =  9.99996e-01
dlev23              =  9.99996e-01
dlev24              =  9.99996e-01
dlev25              =  9.99996e-01
dlev26              =  9.99996e-01
dlev27              =  9.99996e-01
dlev28              =  9.99996e-01
dlev29              =  9.99996e-01
dlev30              =  9.99996e-01
dlev31              =  9.99996e-01
dlev32              =  9.99998e-01
vos = 1.4997398857e-03
lowcount = 1.6999913295e+01
vbias               =  2.52122e-01
Reset re-loads circuit * comparator-offset-transient-mc @ tt_mismatch_125c_1.32v -- generated by sim/harness, do not edit

Circuit: * comparator-offset-transient-mc @ tt_mismatch_125c_1.32v -- generated by sim/harness, do not edit

Doing analysis at TEMP = 125.000000 and TNOM = 27.000000

Using SPARSE 1.3 as Direct Linear Solver

Initial Transient Solution
--------------------------

Node                                   Voltage
----                                   -------
vdd                                       1.32
cm                                         0.6
vd                                      -0.048
ap                                       0.576
an                                       0.624
clk                                          0
ibn                                   0.249272
xa.x1.tmid                         9.33019e-05
xa.x1.tail                            0.583386
xa.x1.np                               1.31998
xa.x1.nn                               1.31992
xa.x1.ln                                  1.32
xa.x1.lp                                  1.32
xa.x1.lnb                          4.16465e-06
xa.x1.lpb                          4.20727e-06
xa.x1.na                                  1.32
doutb                              4.98799e-06
dout                                   1.31999
xa.x1.nb                                  1.32
doutn                                 0.999996
bdoutn#branch                                0
ean#branch                         3.76643e-12
eap#branch                         4.71426e-12
vclk#branch                        6.83664e-10
vd#branch                                    0
vcm#branch                         8.48069e-12
vsup#branch                       -2.01896e-05

 Reference value :  1.36263e-08
 Reference value :  1.31204e-07
 Reference value :  2.50038e-07
 Reference value :  3.65650e-07
 Reference value :  4.79392e-07
 Reference value :  5.93000e-07
 Reference value :  7.10120e-07
 Reference value :  8.26400e-07
 Reference value :  9.43704e-07
No. of Data Rows : 10855
dlev0               =  -2.20830e-06
dlev1               =  -3.03466e-07
dlev2               =  -1.87354e-07
dlev3               =  -7.17807e-08
dlev4               =  4.34110e-08
dlev5               =  1.58613e-07
dlev6               =  2.74253e-07
dlev7               =  3.90670e-07
dlev8               =  5.08086e-07
dlev9               =  1.46187e-05
dlev10              =  1.42701e-05
dlev11              =  1.39739e-05
dlev12              =  1.43215e-05
dlev13              =  1.51326e-05
dlev14              =  1.01508e-06
dlev15              =  1.17235e-06
dlev16              =  1.32819e-06
dlev17              =  1.50638e-05
dlev18              =  9.99994e-01
dlev19              =  9.99996e-01
dlev20              =  9.99996e-01
dlev21              =  9.99996e-01
dlev22              =  9.99996e-01
dlev23              =  9.99998e-01
dlev24              =  9.99999e-01
dlev25              =  9.99999e-01
dlev26              =  9.99998e-01
dlev27              =  9.99996e-01
dlev28              =  9.99996e-01
dlev29              =  9.99996e-01
dlev30              =  9.99996e-01
dlev31              =  9.99996e-01
dlev32              =  9.99996e-01
vos = 4.4998889988e-03
lowcount = 1.7999963000e+01
vbias               =  2.49272e-01
Reset re-loads circuit * comparator-offset-transient-mc @ tt_mismatch_125c_1.32v -- generated by sim/harness, do not edit

Circuit: * comparator-offset-transient-mc @ tt_mismatch_125c_1.32v -- generated by sim/harness, do not edit

Doing analysis at TEMP = 125.000000 and TNOM = 27.000000

Using SPARSE 1.3 as Direct Linear Solver

Initial Transient Solution
--------------------------

Node                                   Voltage
----                                   -------
vdd                                       1.32
cm                                         0.6
vd                                      -0.048
ap                                       0.576
an                                       0.624
clk                                          0
ibn                                   0.250426
xa.x1.tmid                         9.31469e-05
xa.x1.tail                            0.581239
xa.x1.np                               1.31997
xa.x1.nn                               1.31992
xa.x1.ln                                  1.32
xa.x1.lp                                  1.32
xa.x1.lnb                          4.59567e-06
xa.x1.lpb                          4.37917e-06
xa.x1.na                               1.27901
doutb                                 0.667838
dout                                  0.678662
xa.x1.nb                               1.27919
doutn                                 0.514138
bdoutn#branch                                0
ean#branch                         3.76513e-12
eap#branch                         4.71537e-12
vclk#branch                        6.73499e-10
vd#branch                                    0
vcm#branch                         8.48049e-12
vsup#branch                       -0.000183442

 Reference value :  5.14969e-08
 Reference value :  1.70396e-07
 Reference value :  2.90201e-07
 Reference value :  4.08398e-07
 Reference value :  5.24911e-07
 Reference value :  6.41786e-07
 Reference value :  7.60110e-07
 Reference value :  8.80003e-07
No. of Data Rows : 10865
dlev0               =  2.61325e-06
dlev1               =  4.88736e-06
dlev2               =  4.97275e-06
dlev3               =  5.05869e-06
dlev4               =  5.14397e-06
dlev5               =  5.22849e-06
dlev6               =  5.31285e-06
dlev7               =  5.39781e-06
dlev8               =  5.48398e-06
dlev9               =  5.57171e-06
dlev10              =  1.30997e-05
dlev11              =  1.39275e-05
dlev12              =  1.40669e-05
dlev13              =  1.28488e-05
dlev14              =  5.95230e-06
dlev15              =  6.11753e-06
dlev16              =  1.04671e-05
dlev17              =  9.99994e-01
dlev18              =  9.99995e-01
dlev19              =  9.99995e-01
dlev20              =  1.00000e+00
dlev21              =  9.99998e-01
dlev22              =  1.00000e+00
dlev23              =  1.00000e+00
dlev24              =  9.99995e-01
dlev25              =  9.99995e-01
dlev26              =  9.99995e-01
dlev27              =  9.99995e-01
dlev28              =  9.99995e-01
dlev29              =  9.99995e-01
dlev30              =  9.99995e-01
dlev31              =  9.99995e-01
dlev32              =  9.99995e-01
vos = 1.4998078478e-03
lowcount = 1.6999935949e+01
vbias               =  2.50426e-01
Reset re-loads circuit * comparator-offset-transient-mc @ tt_mismatch_125c_1.32v -- generated by sim/harness, do not edit

Circuit: * comparator-offset-transient-mc @ tt_mismatch_125c_1.32v -- generated by sim/harness, do not edit

Doing analysis at TEMP = 125.000000 and TNOM = 27.000000

Using SPARSE 1.3 as Direct Linear Solver

Initial Transient Solution
--------------------------

Node                                   Voltage
----                                   -------
vdd                                       1.32
cm                                         0.6
vd                                      -0.048
ap                                       0.576
an                                       0.624
clk                                          0
ibn                                   0.248051
xa.x1.tmid                         9.14443e-05
xa.x1.tail                            0.580505
xa.x1.np                               1.31998
xa.x1.nn                               1.31993
xa.x1.ln                                  1.32
xa.x1.lp                                  1.32
xa.x1.lnb                          3.74686e-06
xa.x1.lpb                          3.99202e-06
xa.x1.na                               1.28012
doutb                                 0.673291
dout                                  0.667553
xa.x1.nb                               1.27933
doutn                                 0.505722
bdoutn#branch                                0
ean#branch                         3.76629e-12
eap#branch                         4.71356e-12
vclk#branch                        6.70827e-10
vd#branch                                    0
vcm#branch                         8.47986e-12
vsup#branch                       -0.000178838

 Reference value :  0.00000e+00
 Reference value :  1.15638e-07
 Reference value :  2.32430e-07
 Reference value :  3.50337e-07
 Reference value :  4.69014e-07
 Reference value :  5.86504e-07
 Reference value :  7.02698e-07
 Reference value :  8.21397e-07
 Reference value :  9.40204e-07
No. of Data Rows : 10859
dlev0               =  7.89110e-06
dlev1               =  9.09222e-06
dlev2               =  9.04890e-06
dlev3               =  8.77057e-06
dlev4               =  1.03584e-05
dlev5               =  1.17131e-05
dlev6               =  1.19685e-05
dlev7               =  1.12973e-05
dlev8               =  8.57594e-06
dlev9               =  8.56322e-06
dlev10              =  8.56552e-06
dlev11              =  8.58974e-06
dlev12              =  8.60429e-06
dlev13              =  8.60318e-06
dlev14              =  9.17457e-06
dlev15              =  9.99995e-01
dlev16              =  9.99997e-01
dlev17              =  9.99999e-01
dlev18              =  9.99999e-01
dlev19              =  9.99999e-01
dlev20              =  9.99999e-01
dlev21              =  9.99999e-01
dlev22              =  9.99999e-01
dlev23              =  9.99997e-01
dlev24              =  9.99998e-01
dlev25              =  9.99998e-01
dlev26              =  9.99998e-01
dlev27              =  9.99997e-01
dlev28              =  9.99996e-01
dlev29              =  9.99999e-01
dlev30              =  9.99999e-01
dlev31              =  9.99999e-01
dlev32              =  9.99999e-01
vos = -4.500306350e-03
lowcount = 1.4999897883e+01
vbias               =  2.48051e-01
Reset re-loads circuit * comparator-offset-transient-mc @ tt_mismatch_125c_1.32v -- generated by sim/harness, do not edit

Circuit: * comparator-offset-transient-mc @ tt_mismatch_125c_1.32v -- generated by sim/harness, do not edit

Doing analysis at TEMP = 125.000000 and TNOM = 27.000000

Using SPARSE 1.3 as Direct Linear Solver

Initial Transient Solution
--------------------------

Node                                   Voltage
----                                   -------
vdd                                       1.32
cm                                         0.6
vd                                      -0.048
ap                                       0.576
an                                       0.624
clk                                          0
ibn                                   0.249879
xa.x1.tmid                         8.75184e-05
xa.x1.tail                            0.585706
xa.x1.np                               1.31998
xa.x1.nn                               1.31992
xa.x1.ln                                  1.32
xa.x1.lp                                  1.32
xa.x1.lnb                          4.05083e-06
xa.x1.lpb                          3.72767e-06
xa.x1.na                                  1.32
doutb                              5.03574e-06
dout                                   1.31999
xa.x1.nb                                  1.32
doutn                                 0.999995
bdoutn#branch                                0
ean#branch                         3.76682e-12
eap#branch                         4.71714e-12
vclk#branch                        6.74977e-10
vd#branch                                    0
vcm#branch                         8.48396e-12
vsup#branch                        -2.0183e-05

 Reference value :  5.02101e-08
 Reference value :  1.69803e-07
 Reference value :  2.87996e-07
 Reference value :  4.03503e-07
 Reference value :  5.20803e-07
 Reference value :  6.39050e-07
 Reference value :  7.56050e-07
 Reference value :  8.75150e-07
No. of Data Rows : 10864
dlev0               =  1.58280e-06
dlev1               =  3.57379e-06
dlev2               =  3.62581e-06
dlev3               =  3.67729e-06
dlev4               =  3.72814e-06
dlev5               =  3.77907e-06
dlev6               =  3.83092e-06
dlev7               =  3.88435e-06
dlev8               =  1.18844e-05
dlev9               =  1.40294e-05
dlev10              =  1.41356e-05
dlev11              =  1.42926e-05
dlev12              =  1.27976e-05
dlev13              =  4.20275e-06
dlev14              =  4.31540e-06
dlev15              =  4.38324e-06
dlev16              =  9.99993e-01
dlev17              =  9.99995e-01
dlev18              =  9.99995e-01
dlev19              =  1.00000e+00
dlev20              =  1.00000e+00
dlev21              =  1.00000e+00
dlev22              =  9.99999e-01
dlev23              =  9.99995e-01
dlev24              =  9.99995e-01
dlev25              =  9.99995e-01
dlev26              =  9.99995e-01
dlev27              =  9.99995e-01
dlev28              =  9.99995e-01
dlev29              =  9.99994e-01
dlev30              =  9.99994e-01
dlev31              =  9.99994e-01
dlev32              =  9.99994e-01
vos = -1.500105969e-03
lowcount = 1.5999964677e+01
vbias               =  2.49879e-01
Reset re-loads circuit * comparator-offset-transient-mc @ tt_mismatch_125c_1.32v -- generated by sim/harness, do not edit

Circuit: * comparator-offset-transient-mc @ tt_mismatch_125c_1.32v -- generated by sim/harness, do not edit

Doing analysis at TEMP = 125.000000 and TNOM = 27.000000

Using SPARSE 1.3 as Direct Linear Solver

Initial Transient Solution
--------------------------

Node                                   Voltage
----                                   -------
vdd                                       1.32
cm                                         0.6
vd                                      -0.048
ap                                       0.576
an                                       0.624
clk                                          0
ibn                                   0.249392
xa.x1.tmid                         8.43867e-05
xa.x1.tail                             0.58415
xa.x1.np                               1.31998
xa.x1.nn                               1.31993
xa.x1.ln                                  1.32
xa.x1.lp                                  1.32
xa.x1.lnb                          3.68781e-06
xa.x1.lpb                          4.33477e-06
xa.x1.na                               1.27712
doutb                                 0.676319
dout                                  0.662248
xa.x1.nb                               1.28161
doutn                                 0.501703
bdoutn#branch                                0
ean#branch                         3.76635e-12
eap#branch                         4.71648e-12
vclk#branch                        6.78505e-10
vd#branch                                    0
vcm#branch                         8.48283e-12
vsup#branch                       -0.000181523

 Reference value :  0.00000e+00
 Reference value :  1.16999e-07
 Reference value :  2.35195e-07
 Reference value :  3.51817e-07
 Reference value :  4.70204e-07
 Reference value :  5.82900e-07
 Reference value :  7.00103e-07
 Reference value :  8.19250e-07
 Reference value :  9.36650e-07
No. of Data Rows : 10864
dlev0               =  3.54781e-06
dlev1               =  6.34701e-06
dlev2               =  6.35450e-06
dlev3               =  6.36241e-06
dlev4               =  6.37029e-06
dlev5               =  6.30931e-06
dlev6               =  6.31709e-06
dlev7               =  6.32738e-06
dlev8               =  6.34061e-06
dlev9               =  1.08448e-05
dlev10              =  1.20421e-05
dlev11              =  1.24636e-05
dlev12              =  1.23151e-05
dlev13              =  6.39792e-06
dlev14              =  6.46099e-06
dlev15              =  6.51805e-06
dlev16              =  9.99992e-01
dlev17              =  9.99993e-01
dlev18              =  9.99993e-01
dlev19              =  1.00000e+00
dlev20              =  9.99999e-01
dlev21              =  9.99999e-01
dlev22              =  9.99999e-01
dlev23              =  1.00000e+00
dlev24              =  9.99992e-01
dlev25              =  9.99992e-01
dlev26              =  9.99992e-01
dlev27              =  9.99992e-01
dlev28              =  9.99992e-01
dlev29              =  9.99992e-01
dlev30              =  9.99992e-01
dlev31              =  9.99992e-01
dlev32              =  9.99992e-01
vos = -1.500070857e-03
lowcount = 1.5999976381e+01
vbias               =  2.49392e-01
Reset re-loads circuit * comparator-offset-transient-mc @ tt_mismatch_125c_1.32v -- generated by sim/harness, do not edit

Circuit: * comparator-offset-transient-mc @ tt_mismatch_125c_1.32v -- generated by sim/harness, do not edit

Doing analysis at TEMP = 125.000000 and TNOM = 27.000000

Using SPARSE 1.3 as Direct Linear Solver

Initial Transient Solution
--------------------------

Node                                   Voltage
----                                   -------
vdd                                       1.32
cm                                         0.6
vd                                      -0.048
ap                                       0.576
an                                       0.624
clk                                          0
ibn                                   0.246644
xa.x1.tmid                         9.44903e-05
xa.x1.tail                            0.585506
xa.x1.np                               1.31998
xa.x1.nn                               1.31992
xa.x1.ln                                  1.32
xa.x1.lp                                  1.32
xa.x1.lnb                          4.20165e-06
xa.x1.lpb                           3.3045e-06
xa.x1.na                               1.27969
doutb                                 0.680563
dout                                  0.668561
xa.x1.nb                               1.28079
doutn                                 0.506486
bdoutn#branch                                0
ean#branch                         3.76732e-12
eap#branch                         4.71684e-12
vclk#branch                        6.78578e-10
vd#branch                                    0
vcm#branch                         8.48416e-12
vsup#branch                       -0.000176681

 Reference value :  4.06042e-08
 Reference value :  1.60110e-07
 Reference value :  2.78550e-07
 Reference value :  3.95150e-07
 Reference value :  5.12050e-07
 Reference value :  6.29691e-07
 Reference value :  7.45708e-07
 Reference value :  8.63293e-07
 Reference value :  9.81494e-07
No. of Data Rows : 10867
dlev0               =  2.77610e-06
dlev1               =  5.80944e-06
dlev2               =  5.88521e-06
dlev3               =  5.96308e-06
dlev4               =  6.04319e-06
dlev5               =  1.33612e-05
dlev6               =  1.44833e-05
dlev7               =  1.49802e-05
dlev8               =  1.49021e-05
dlev9               =  1.38485e-05
dlev10              =  6.25402e-06
dlev11              =  6.35445e-06
dlev12              =  6.48975e-06
dlev13              =  6.62945e-06
dlev14              =  6.75108e-06
dlev15              =  1.41493e-05
dlev16              =  9.99993e-01
dlev17              =  1.00000e+00
dlev18              =  9.99995e-01
dlev19              =  9.99995e-01
dlev20              =  9.99995e-01
dlev21              =  9.99995e-01
dlev22              =  1.00000e+00
dlev23              =  1.00000e+00
dlev24              =  1.00000e+00
dlev25              =  1.00000e+00
dlev26              =  1.00000e+00
dlev27              =  9.99994e-01
dlev28              =  9.99994e-01
dlev29              =  9.99994e-01
dlev30              =  9.99994e-01
dlev31              =  9.99994e-01
dlev32              =  9.99994e-01
vos = -1.500274741e-03
lowcount = 1.5999908420e+01
vbias               =  2.46644e-01
Reset re-loads circuit * comparator-offset-transient-mc @ tt_mismatch_125c_1.32v -- generated by sim/harness, do not edit

Circuit: * comparator-offset-transient-mc @ tt_mismatch_125c_1.32v -- generated by sim/harness, do not edit

Doing analysis at TEMP = 125.000000 and TNOM = 27.000000

Using SPARSE 1.3 as Direct Linear Solver

Initial Transient Solution
--------------------------

Node                                   Voltage
----                                   -------
vdd                                       1.32
cm                                         0.6
vd                                      -0.048
ap                                       0.576
an                                       0.624
clk                                          0
ibn                                   0.247827
xa.x1.tmid                         8.64922e-05
xa.x1.tail                            0.585374
xa.x1.np                               1.31998
xa.x1.nn                               1.31993
xa.x1.ln                                  1.32
xa.x1.lp                                  1.32
xa.x1.lnb                          2.93583e-06
xa.x1.lpb                          3.98533e-06
xa.x1.na                               1.27947
doutb                                 0.669245
dout                                  0.670958
xa.x1.nb                               1.27787
doutn                                 0.508302
bdoutn#branch                                0
ean#branch                         3.76504e-12
eap#branch                          4.7162e-12
vclk#branch                        6.74906e-10
vd#branch                                    0
vcm#branch                         8.48124e-12
vsup#branch                       -0.000181372

 Reference value :  9.13500e-08
 Reference value :  2.09712e-07
 Reference value :  3.26123e-07
 Reference value :  4.43194e-07
 Reference value :  5.60311e-07
 Reference value :  6.78597e-07
 Reference value :  7.95397e-07
 Reference value :  9.12503e-07
No. of Data Rows : 10858
dlev0               =  7.58436e-06
dlev1               =  7.60884e-06
dlev2               =  7.61483e-06
dlev3               =  7.62249e-06
dlev4               =  7.63232e-06
dlev5               =  1.18491e-05
dlev6               =  1.35875e-05
dlev7               =  1.44469e-05
dlev8               =  1.47468e-05
dlev9               =  1.47617e-05
dlev10              =  1.38715e-05
dlev11              =  7.68717e-06
dlev12              =  7.75107e-06
dlev13              =  7.83894e-06
dlev14              =  7.89443e-06
dlev15              =  7.89861e-06
dlev16              =  9.99997e-01
dlev17              =  9.99999e-01
dlev18              =  9.99999e-01
dlev19              =  9.99999e-01
dlev20              =  9.99999e-01
dlev21              =  9.99999e-01
dlev22              =  9.99999e-01
dlev23              =  1.00000e+00
dlev24              =  1.00000e+00
dlev25              =  1.00000e+00
dlev26              =  9.99999e-01
dlev27              =  9.99998e-01
dlev28              =  9.99999e-01
dlev29              =  9.99999e-01
dlev30              =  9.99999e-01
dlev31              =  9.99999e-01
dlev32              =  9.99999e-01
vos = -1.500422090e-03
lowcount = 1.5999859303e+01
vbias               =  2.47827e-01
Reset re-loads circuit * comparator-offset-transient-mc @ tt_mismatch_125c_1.32v -- generated by sim/harness, do not edit

Circuit: * comparator-offset-transient-mc @ tt_mismatch_125c_1.32v -- generated by sim/harness, do not edit

Doing analysis at TEMP = 125.000000 and TNOM = 27.000000

Using SPARSE 1.3 as Direct Linear Solver

Initial Transient Solution
--------------------------

Node                                   Voltage
----                                   -------
vdd                                       1.32
cm                                         0.6
vd                                      -0.048
ap                                       0.576
an                                       0.624
clk                                          0
ibn                                   0.249465
xa.x1.tmid                         9.00867e-05
xa.x1.tail                            0.582844
xa.x1.np                               1.31998
xa.x1.nn                               1.31992
xa.x1.ln                                  1.32
xa.x1.lp                                  1.32
xa.x1.lnb                           3.4857e-06
xa.x1.lpb                          4.51499e-06
xa.x1.na                               1.28124
doutb                                 0.672804
dout                                  0.681385
xa.x1.nb                               1.27966
doutn                                 0.516201
bdoutn#branch                                0
ean#branch                         3.76846e-12
eap#branch                         4.71731e-12
vclk#branch                        6.73132e-10
vd#branch                                    0
vcm#branch                         8.48577e-12
vsup#branch                        -0.00017882

 Reference value :  1.69184e-08
 Reference value :  1.36604e-07
 Reference value :  2.55902e-07
 Reference value :  3.74095e-07
 Reference value :  4.91004e-07
 Reference value :  6.08150e-07
 Reference value :  7.23150e-07
 Reference value :  8.40150e-07
 Reference value :  9.57800e-07
No. of Data Rows : 10859
dlev0               =  9.87833e-06
dlev1               =  9.91618e-06
dlev2               =  9.94342e-06
dlev3               =  9.96969e-06
dlev4               =  9.99687e-06
dlev5               =  1.00267e-05
dlev6               =  1.00603e-05
dlev7               =  1.00976e-05
dlev8               =  1.01384e-05
dlev9               =  8.62039e-06
dlev10              =  1.09792e-05
dlev11              =  1.23352e-05
dlev12              =  1.21292e-05
dlev13              =  8.29790e-06
dlev14              =  1.02511e-05
dlev15              =  1.03276e-05
dlev16              =  1.02238e-05
dlev17              =  9.99996e-01
dlev18              =  9.99999e-01
dlev19              =  9.99999e-01
dlev20              =  9.99995e-01
dlev21              =  9.99998e-01
dlev22              =  9.99998e-01
dlev23              =  9.99997e-01
dlev24              =  9.99995e-01
dlev25              =  9.99999e-01
dlev26              =  9.99999e-01
dlev27              =  9.99999e-01
dlev28              =  9.99999e-01
dlev29              =  9.99999e-01
dlev30              =  9.99999e-01
dlev31              =  9.99999e-01
dlev32              =  9.99999e-01
vos = 1.4995650243e-03
lowcount = 1.6999855008e+01
vbias               =  2.49465e-01
Reset re-loads circuit * comparator-offset-transient-mc @ tt_mismatch_125c_1.32v -- generated by sim/harness, do not edit

Circuit: * comparator-offset-transient-mc @ tt_mismatch_125c_1.32v -- generated by sim/harness, do not edit

Doing analysis at TEMP = 125.000000 and TNOM = 27.000000

Using SPARSE 1.3 as Direct Linear Solver

Initial Transient Solution
--------------------------

Node                                   Voltage
----                                   -------
vdd                                       1.32
cm                                         0.6
vd                                      -0.048
ap                                       0.576
an                                       0.624
clk                                          0
ibn                                   0.251227
xa.x1.tmid                          8.6643e-05
xa.x1.tail                            0.582295
xa.x1.np                               1.31998
xa.x1.nn                               1.31993
xa.x1.ln                                  1.32
xa.x1.lp                                  1.32
xa.x1.lnb                          3.63031e-06
xa.x1.lpb                          3.59143e-06
xa.x1.na                                 1.281
doutb                                 0.677938
dout                                  0.675604
xa.x1.nb                               1.27845
doutn                                 0.511821
bdoutn#branch                                0
ean#branch                         3.76552e-12
eap#branch                         4.71848e-12
vclk#branch                        6.80001e-10
vd#branch                                    0
vcm#branch                         8.48399e-12
vsup#branch                        -0.00017855

 Reference value :  6.72500e-08
 Reference value :  1.85250e-07
 Reference value :  3.00950e-07
 Reference value :  4.17895e-07
 Reference value :  5.32498e-07
 Reference value :  6.45194e-07
 Reference value :  7.56550e-07
 Reference value :  8.72750e-07
 Reference value :  9.87402e-07
No. of Data Rows : 10856
dlev0               =  2.59346e-06
dlev1               =  2.71184e-06
dlev2               =  2.83744e-06
dlev3               =  2.96381e-06
dlev4               =  3.09138e-06
dlev5               =  3.22047e-06
dlev6               =  1.56833e-05
dlev7               =  1.55830e-05
dlev8               =  1.50210e-05
dlev9               =  1.46474e-05
dlev10              =  1.50360e-05
dlev11              =  1.61593e-05
dlev12              =  4.10158e-06
dlev13              =  4.28016e-06
dlev14              =  4.46557e-06
dlev15              =  1.59362e-05
dlev16              =  9.99995e-01
dlev17              =  9.99996e-01
dlev18              =  9.99996e-01
dlev19              =  9.99996e-01
dlev20              =  1.00000e+00
dlev21              =  1.00000e+00
dlev22              =  1.00000e+00
dlev23              =  1.00000e+00
dlev24              =  9.99999e-01
dlev25              =  9.99996e-01
dlev26              =  9.99996e-01
dlev27              =  9.99996e-01
dlev28              =  9.99996e-01
dlev29              =  9.99996e-01
dlev30              =  9.99996e-01
dlev31              =  9.99996e-01
dlev32              =  9.99996e-01
vos = -1.500253596e-03
lowcount = 1.5999915468e+01
vbias               =  2.51227e-01
Reset re-loads circuit * comparator-offset-transient-mc @ tt_mismatch_125c_1.32v -- generated by sim/harness, do not edit

Circuit: * comparator-offset-transient-mc @ tt_mismatch_125c_1.32v -- generated by sim/harness, do not edit

Doing analysis at TEMP = 125.000000 and TNOM = 27.000000

Using SPARSE 1.3 as Direct Linear Solver

Initial Transient Solution
--------------------------

Node                                   Voltage
----                                   -------
vdd                                       1.32
cm                                         0.6
vd                                      -0.048
ap                                       0.576
an                                       0.624
clk                                          0
ibn                                   0.249624
xa.x1.tmid                         8.84783e-05
xa.x1.tail                            0.585385
xa.x1.np                               1.31998
xa.x1.nn                               1.31992
xa.x1.ln                                  1.32
xa.x1.lp                                  1.32
xa.x1.lnb                          4.21339e-06
xa.x1.lpb                          3.94885e-06
xa.x1.na                               1.28079
doutb                                 0.671877
dout                                  0.675905
xa.x1.nb                               1.28084
doutn                                 0.512049
bdoutn#branch                                0
ean#branch                          3.7666e-12
eap#branch                         4.71703e-12
vclk#branch                        6.67975e-10
vd#branch                                    0
vcm#branch                         8.48363e-12
vsup#branch                       -0.000177472

 Reference value :  9.53500e-08
 Reference value :  2.10850e-07
 Reference value :  3.24817e-07
 Reference value :  4.40894e-07
 Reference value :  5.47950e-07
 Reference value :  6.49994e-07
 Reference value :  7.60804e-07
 Reference value :  8.73250e-07
 Reference value :  9.82993e-07
No. of Data Rows : 10864
dlev0               =  3.03174e-06
dlev1               =  6.18451e-06
dlev2               =  6.23085e-06
dlev3               =  6.27783e-06
dlev4               =  6.26161e-06
dlev5               =  6.30779e-06
dlev6               =  6.35619e-06
dlev7               =  1.13413e-05
dlev8               =  1.27321e-05
dlev9               =  1.34187e-05
dlev10              =  1.35589e-05
dlev11              =  1.28585e-05
dlev12              =  6.62190e-06
dlev13              =  6.73003e-06
dlev14              =  6.83390e-06
dlev15              =  6.83466e-06
dlev16              =  9.99994e-01
dlev17              =  9.99996e-01
dlev18              =  9.99996e-01
dlev19              =  9.99999e-01
dlev20              =  1.00000e+00
dlev21              =  1.00000e+00
dlev22              =  1.00000e+00
dlev23              =  1.00000e+00
dlev24              =  9.99996e-01
dlev25              =  9.99996e-01
dlev26              =  9.99996e-01
dlev27              =  9.99996e-01
dlev28              =  9.99996e-01
dlev29              =  9.99996e-01
dlev30              =  9.99996e-01
dlev31              =  9.99996e-01
dlev32              =  9.99996e-01
vos = -1.500248641e-03
lowcount = 1.5999917120e+01
vbias               =  2.49624e-01
Reset re-loads circuit * comparator-offset-transient-mc @ tt_mismatch_125c_1.32v -- generated by sim/harness, do not edit

Circuit: * comparator-offset-transient-mc @ tt_mismatch_125c_1.32v -- generated by sim/harness, do not edit

Doing analysis at TEMP = 125.000000 and TNOM = 27.000000

Using SPARSE 1.3 as Direct Linear Solver

Initial Transient Solution
--------------------------

Node                                   Voltage
----                                   -------
vdd                                       1.32
cm                                         0.6
vd                                      -0.048
ap                                       0.576
an                                       0.624
clk                                          0
ibn                                   0.248585
xa.x1.tmid                         8.09756e-05
xa.x1.tail                            0.589161
xa.x1.np                               1.31998
xa.x1.nn                               1.31993
xa.x1.ln                                  1.32
xa.x1.lp                                  1.32
xa.x1.lnb                          3.99893e-06
xa.x1.lpb                          4.10124e-06
xa.x1.na                               1.28019
doutb                                 0.682568
dout                                  0.683464
xa.x1.nb                               1.28036
doutn                                 0.517776
bdoutn#branch                                0
ean#branch                         3.76768e-12
eap#branch                         4.71845e-12
vclk#branch                        6.74673e-10
vd#branch                                    0
vcm#branch                         8.48613e-12
vsup#branch                       -0.000178553

 Reference value :  8.66009e-08
 Reference value :  1.95601e-07
 Reference value :  3.07950e-07
 Reference value :  4.22050e-07
 Reference value :  5.33900e-07
 Reference value :  6.49993e-07
 Reference value :  7.62100e-07
 Reference value :  8.78550e-07
No. of Data Rows : 10848
dlev0               =  1.14321e-05
dlev1               =  1.15095e-05
dlev2               =  1.15568e-05
dlev3               =  1.16072e-05
dlev4               =  1.16615e-05
dlev5               =  1.17197e-05
dlev6               =  1.17769e-05
dlev7               =  1.04852e-05
dlev8               =  1.32115e-05
dlev9               =  1.43587e-05
dlev10              =  1.47735e-05
dlev11              =  1.44210e-05
dlev12              =  1.11015e-05
dlev13              =  1.17186e-05
dlev14              =  1.18198e-05
dlev15              =  1.08846e-05
dlev16              =  9.99995e-01
dlev17              =  9.99997e-01
dlev18              =  9.99997e-01
dlev19              =  9.99997e-01
dlev20              =  1.00000e+00
dlev21              =  1.00000e+00
dlev22              =  1.00000e+00
dlev23              =  1.00000e+00
dlev24              =  1.00000e+00
dlev25              =  9.99996e-01
dlev26              =  9.99996e-01
dlev27              =  9.99996e-01
dlev28              =  9.99996e-01
dlev29              =  9.99996e-01
dlev30              =  9.99996e-01
dlev31              =  9.99996e-01
dlev32              =  9.99996e-01
vos = -1.500449515e-03
lowcount = 1.5999850162e+01
vbias               =  2.48585e-01
Reset re-loads circuit * comparator-offset-transient-mc @ tt_mismatch_125c_1.32v -- generated by sim/harness, do not edit

Circuit: * comparator-offset-transient-mc @ tt_mismatch_125c_1.32v -- generated by sim/harness, do not edit

Doing analysis at TEMP = 125.000000 and TNOM = 27.000000

Using SPARSE 1.3 as Direct Linear Solver

Initial Transient Solution
--------------------------

Node                                   Voltage
----                                   -------
vdd                                       1.32
cm                                         0.6
vd                                      -0.048
ap                                       0.576
an                                       0.624
clk                                          0
ibn                                   0.249715
xa.x1.tmid                         8.74849e-05
xa.x1.tail                             0.58399
xa.x1.np                               1.31998
xa.x1.nn                               1.31993
xa.x1.ln                                  1.32
xa.x1.lp                                  1.32
xa.x1.lnb                          3.89582e-06
xa.x1.lpb                          4.88046e-06
xa.x1.na                               1.28144
doutb                                 0.674757
dout                                  0.674063
xa.x1.nb                               1.27994
doutn                                 0.510653
bdoutn#branch                                0
ean#branch                         3.76615e-12
eap#branch                         4.71531e-12
vclk#branch                        6.75983e-10
vd#branch                                    0
vcm#branch                         8.48147e-12
vsup#branch                       -0.000177352

 Reference value :  0.00000e+00
 Reference value :  1.11699e-07
 Reference value :  2.29601e-07
 Reference value :  3.42096e-07
 Reference value :  4.54550e-07
 Reference value :  5.62813e-07
 Reference value :  6.78601e-07
 Reference value :  7.90003e-07
 Reference value :  9.01050e-07
No. of Data Rows : 10854
dlev0               =  7.15600e-06
dlev1               =  7.14117e-06
dlev2               =  7.17681e-06
dlev3               =  7.21138e-06
dlev4               =  7.24482e-06
dlev5               =  7.27817e-06
dlev6               =  7.31275e-06
dlev7               =  7.34936e-06
dlev8               =  1.23118e-05
dlev9               =  1.37803e-05
dlev10              =  1.41276e-05
dlev11              =  1.36041e-05
dlev12              =  7.49130e-06
dlev13              =  7.62249e-06
dlev14              =  7.48326e-06
dlev15              =  9.99992e-01
dlev16              =  9.99994e-01
dlev17              =  9.99994e-01
dlev18              =  1.00000e+00
dlev19              =  1.00000e+00
dlev20              =  1.00000e+00
dlev21              =  1.00000e+00
dlev22              =  9.99994e-01
dlev23              =  9.99994e-01
dlev24              =  9.99994e-01
dlev25              =  9.99994e-01
dlev26              =  9.99994e-01
dlev27              =  9.99994e-01
dlev28              =  9.99994e-01
dlev29              =  9.99994e-01
dlev30              =  9.99993e-01
dlev31              =  9.99993e-01
dlev32              =  9.99993e-01
vos = -4.500129874e-03
lowcount = 1.4999956709e+01
vbias               =  2.49715e-01
Reset re-loads circuit * comparator-offset-transient-mc @ tt_mismatch_125c_1.32v -- generated by sim/harness, do not edit

Circuit: * comparator-offset-transient-mc @ tt_mismatch_125c_1.32v -- generated by sim/harness, do not edit

Doing analysis at TEMP = 125.000000 and TNOM = 27.000000

Using SPARSE 1.3 as Direct Linear Solver

Initial Transient Solution
--------------------------

Node                                   Voltage
----                                   -------
vdd                                       1.32
cm                                         0.6
vd                                      -0.048
ap                                       0.576
an                                       0.624
clk                                          0
ibn                                   0.252366
xa.x1.tmid                         7.99016e-05
xa.x1.tail                            0.586965
xa.x1.np                               1.31998
xa.x1.nn                               1.31993
xa.x1.ln                                  1.32
xa.x1.lp                                  1.32
xa.x1.lnb                          3.70403e-06
xa.x1.lpb                          3.89236e-06
xa.x1.na                               1.28041
doutb                                 0.674159
dout                                  0.673431
xa.x1.nb                               1.27978
doutn                                 0.510175
bdoutn#branch                                0
ean#branch                         3.76965e-12
eap#branch                         4.71834e-12
vclk#branch                         6.7821e-10
vd#branch                                    0
vcm#branch                         8.48799e-12
vsup#branch                       -0.000177479

 Reference value :  5.42702e-09
 Reference value :  1.18703e-07
 Reference value :  2.33999e-07
 Reference value :  3.50340e-07
 Reference value :  4.67602e-07
 Reference value :  5.81402e-07
 Reference value :  7.00064e-07
 Reference value :  8.16950e-07
 Reference value :  9.30350e-07
No. of Data Rows : 10859
dlev0               =  -6.39403e-06
dlev1               =  4.33742e-06
dlev2               =  6.38640e-06
dlev3               =  9.13984e-06
dlev4               =  -3.83507e-07
dlev5               =  -2.79661e-07
dlev6               =  -1.60164e-07
dlev7               =  -2.60735e-08
dlev8               =  -1.06271e-07
dlev9               =  3.74252e-08
dlev10              =  1.77229e-07
dlev11              =  3.12707e-07
dlev12              =  4.45719e-07
dlev13              =  5.78088e-07
dlev14              =  1.09766e-05
dlev15              =  8.06200e-07
dlev16              =  9.75739e-07
dlev17              =  9.99995e-01
dlev18              =  9.99997e-01
dlev19              =  9.99997e-01
dlev20              =  9.99997e-01
dlev21              =  9.99997e-01
dlev22              =  9.99997e-01
dlev23              =  9.99997e-01
dlev24              =  9.99997e-01
dlev25              =  9.99997e-01
dlev26              =  9.99997e-01
dlev27              =  9.99997e-01
dlev28              =  9.99997e-01
dlev29              =  9.99997e-01
dlev30              =  9.99997e-01
dlev31              =  1.00000e+00
dlev32              =  1.00000e+00
vos = 1.5000536290e-03
lowcount = 1.7000017876e+01
vbias               =  2.52366e-01
Reset re-loads circuit * comparator-offset-transient-mc @ tt_mismatch_125c_1.32v -- generated by sim/harness, do not edit

Circuit: * comparator-offset-transient-mc @ tt_mismatch_125c_1.32v -- generated by sim/harness, do not edit

Doing analysis at TEMP = 125.000000 and TNOM = 27.000000

Using SPARSE 1.3 as Direct Linear Solver

Initial Transient Solution
--------------------------

Node                                   Voltage
----                                   -------
vdd                                       1.32
cm                                         0.6
vd                                      -0.048
ap                                       0.576
an                                       0.624
clk                                          0
ibn                                   0.250995
xa.x1.tmid                         8.66454e-05
xa.x1.tail                             0.58525
xa.x1.np                               1.31998
xa.x1.nn                               1.31993
xa.x1.ln                                  1.32
xa.x1.lp                                  1.32
xa.x1.lnb                          4.64909e-06
xa.x1.lpb                          3.80776e-06
xa.x1.na                               1.28025
doutb                                  0.67091
dout                                  0.672939
xa.x1.nb                               1.27889
doutn                                 0.509802
bdoutn#branch                                0
ean#branch                         3.76926e-12
eap#branch                         4.71473e-12
vclk#branch                        6.72463e-10
vd#branch                                    0
vcm#branch                         8.48399e-12
vsup#branch                       -0.000179551

 Reference value :  3.76500e-08
 Reference value :  1.55250e-07
 Reference value :  2.70070e-07
 Reference value :  3.81016e-07
 Reference value :  4.96305e-07
 Reference value :  6.11085e-07
 Reference value :  7.29350e-07
 Reference value :  8.46450e-07
 Reference value :  9.61950e-07
No. of Data Rows : 10867
dlev0               =  5.97562e-06
dlev1               =  9.84920e-06
dlev2               =  9.86258e-06
dlev3               =  9.87498e-06
dlev4               =  9.88604e-06
dlev5               =  9.89652e-06
dlev6               =  9.90752e-06
dlev7               =  9.92004e-06
dlev8               =  1.33033e-05
dlev9               =  1.47760e-05
dlev10              =  1.53394e-05
dlev11              =  1.29614e-05
dlev12              =  1.51262e-05
dlev13              =  9.66145e-06
dlev14              =  9.77252e-06
dlev15              =  1.51030e-05
dlev16              =  9.99993e-01
dlev17              =  9.99995e-01
dlev18              =  1.00000e+00
dlev19              =  9.99996e-01
dlev20              =  9.99996e-01
dlev21              =  1.00000e+00
dlev22              =  1.00000e+00
dlev23              =  9.99995e-01
dlev24              =  9.99995e-01
dlev25              =  9.99995e-01
dlev26              =  9.99994e-01
dlev27              =  9.99994e-01
dlev28              =  9.99994e-01
dlev29              =  9.99994e-01
dlev30              =  9.99994e-01
dlev31              =  9.99994e-01
dlev32              =  9.99999e-01
vos = -1.500328547e-03
lowcount = 1.5999890484e+01
vbias               =  2.50995e-01
Reset re-loads circuit * comparator-offset-transient-mc @ tt_mismatch_125c_1.32v -- generated by sim/harness, do not edit

Circuit: * comparator-offset-transient-mc @ tt_mismatch_125c_1.32v -- generated by sim/harness, do not edit

Doing analysis at TEMP = 125.000000 and TNOM = 27.000000

Using SPARSE 1.3 as Direct Linear Solver

Initial Transient Solution
--------------------------

Node                                   Voltage
----                                   -------
vdd                                       1.32
cm                                         0.6
vd                                      -0.048
ap                                       0.576
an                                       0.624
clk                                          0
ibn                                   0.246039
xa.x1.tmid                         9.36167e-05
xa.x1.tail                             0.58613
xa.x1.np                               1.31998
xa.x1.nn                               1.31992
xa.x1.ln                                  1.32
xa.x1.lp                                  1.32
xa.x1.lnb                          4.13027e-06
xa.x1.lpb                          4.02308e-06
xa.x1.na                               1.31999
doutb                              5.52495e-06
dout                                   1.31999
xa.x1.nb                                  1.32
doutn                                 0.999993
bdoutn#branch                                0
ean#branch                         3.76899e-12
eap#branch                         4.71673e-12
vclk#branch                        6.66033e-10
vd#branch                                    0
vcm#branch                         8.48571e-12
vsup#branch                       -2.01908e-05

 Reference value :  7.06043e-08
 Reference value :  1.90083e-07
 Reference value :  3.07150e-07
 Reference value :  4.22850e-07
 Reference value :  5.39497e-07
 Reference value :  6.54597e-07
 Reference value :  7.71137e-07
 Reference value :  8.90201e-07
No. of Data Rows : 10856
dlev0               =  6.65597e-06
dlev1               =  1.13273e-05
dlev2               =  1.13213e-05
dlev3               =  1.13178e-05
dlev4               =  1.13165e-05
dlev5               =  1.13172e-05
dlev6               =  -4.95464e-07
dlev7               =  3.62523e-06
dlev8               =  6.23388e-06
dlev9               =  7.16890e-06
dlev10              =  6.22809e-06
dlev11              =  1.46116e-06
dlev12              =  1.07384e-05
dlev13              =  1.06997e-05
dlev14              =  1.06782e-05
dlev15              =  1.06392e-05
dlev16              =  2.89938e-06
dlev17              =  1.05286e-05
dlev18              =  9.99993e-01
dlev19              =  9.99995e-01
dlev20              =  9.99995e-01
dlev21              =  9.99995e-01
dlev22              =  9.99995e-01
dlev23              =  9.99994e-01
dlev24              =  9.99995e-01
dlev25              =  9.99996e-01
dlev26              =  9.99995e-01
dlev27              =  9.99994e-01
dlev28              =  9.99996e-01
dlev29              =  9.99996e-01
dlev30              =  9.99996e-01
dlev31              =  9.99996e-01
dlev32              =  9.99996e-01
vos = 4.4997913162e-03
lowcount = 1.7999930439e+01
vbias               =  2.46039e-01
Reset re-loads circuit * comparator-offset-transient-mc @ tt_mismatch_125c_1.32v -- generated by sim/harness, do not edit

Circuit: * comparator-offset-transient-mc @ tt_mismatch_125c_1.32v -- generated by sim/harness, do not edit

Doing analysis at TEMP = 125.000000 and TNOM = 27.000000

Using SPARSE 1.3 as Direct Linear Solver

Initial Transient Solution
--------------------------

Node                                   Voltage
----                                   -------
vdd                                       1.32
cm                                         0.6
vd                                      -0.048
ap                                       0.576
an                                       0.624
clk                                          0
ibn                                   0.247617
xa.x1.tmid                         9.85132e-05
xa.x1.tail                            0.581517
xa.x1.np                               1.31997
xa.x1.nn                               1.31991
xa.x1.ln                                  1.32
xa.x1.lp                                  1.32
xa.x1.lnb                          3.78988e-06
xa.x1.lpb                          4.21829e-06
xa.x1.na                                1.2783
doutb                                  0.67524
dout                                  0.667787
xa.x1.nb                               1.28059
doutn                                 0.505899
bdoutn#branch                                0
ean#branch                         3.76577e-12
eap#branch                         4.71889e-12
vclk#branch                        6.80646e-10
vd#branch                                    0
vcm#branch                         8.48466e-12
vsup#branch                       -0.000181453

 Reference value :  0.00000e+00
 Reference value :  1.10201e-07
 Reference value :  2.25805e-07
 Reference value :  3.40996e-07
 Reference value :  4.43995e-07
 Reference value :  5.60165e-07
 Reference value :  6.75595e-07
 Reference value :  7.90605e-07
 Reference value :  9.07050e-07
No. of Data Rows : 10865
dlev0               =  8.60610e-07
dlev1               =  3.29831e-06
dlev2               =  3.38244e-06
dlev3               =  3.46643e-06
dlev4               =  3.54992e-06
dlev5               =  3.63331e-06
dlev6               =  3.71725e-06
dlev7               =  3.80234e-06
dlev8               =  3.88897e-06
dlev9               =  1.09388e-05
dlev10              =  1.34735e-05
dlev11              =  1.39319e-05
dlev12              =  1.39085e-05
dlev13              =  4.28557e-06
dlev14              =  4.38748e-06
dlev15              =  4.54035e-06
dlev16              =  1.16848e-05
dlev17              =  9.99994e-01
dlev18              =  9.99995e-01
dlev19              =  9.99995e-01
dlev20              =  9.99995e-01
dlev21              =  1.00000e+00
dlev22              =  1.00000e+00
dlev23              =  1.00000e+00
dlev24              =  1.00000e+00
dlev25              =  1.00000e+00
dlev26              =  9.99995e-01
dlev27              =  9.99995e-01
dlev28              =  9.99995e-01
dlev29              =  9.99995e-01
dlev30              =  9.99994e-01
dlev31              =  9.99994e-01
dlev32              =  9.99994e-01
vos = 1.4998441485e-03
lowcount = 1.6999948050e+01
vbias               =  2.47617e-01
Reset re-loads circuit * comparator-offset-transient-mc @ tt_mismatch_125c_1.32v -- generated by sim/harness, do not edit

Circuit: * comparator-offset-transient-mc @ tt_mismatch_125c_1.32v -- generated by sim/harness, do not edit

Doing analysis at TEMP = 125.000000 and TNOM = 27.000000

Using SPARSE 1.3 as Direct Linear Solver

Initial Transient Solution
--------------------------

Node                                   Voltage
----                                   -------
vdd                                       1.32
cm                                         0.6
vd                                      -0.048
ap                                       0.576
an                                       0.624
clk                                          0
ibn                                    0.25107
xa.x1.tmid                         9.26666e-05
xa.x1.tail                            0.584716
xa.x1.np                               1.31998
xa.x1.nn                               1.31992
xa.x1.ln                                  1.32
xa.x1.lp                                  1.32
xa.x1.lnb                          4.46012e-06
xa.x1.lpb                          3.57801e-06
xa.x1.na                               1.27951
doutb                                 0.678412
dout                                  0.667645
xa.x1.nb                               1.28057
doutn                                 0.505792
bdoutn#branch                                0
ean#branch                          3.7669e-12
eap#branch                         4.71542e-12
vclk#branch                        6.78878e-10
vd#branch                                    0
vcm#branch                         8.48233e-12
vsup#branch                        -0.00017771

 Reference value :  1.00000e-08
 Reference value :  1.24450e-07
 Reference value :  2.33091e-07
 Reference value :  3.46095e-07
 Reference value :  4.60110e-07
 Reference value :  5.73250e-07
 Reference value :  6.84018e-07
 Reference value :  8.00244e-07
 Reference value :  9.16704e-07
No. of Data Rows : 10869
dlev0               =  3.34339e-06
dlev1               =  3.42988e-06
dlev2               =  3.53223e-06
dlev3               =  3.63432e-06
dlev4               =  3.73501e-06
dlev5               =  3.83427e-06
dlev6               =  3.73721e-06
dlev7               =  3.83787e-06
dlev8               =  3.93908e-06
dlev9               =  1.64333e-05
dlev10              =  1.68497e-05
dlev11              =  1.66004e-05
dlev12              =  1.67193e-05
dlev13              =  1.72891e-05
dlev14              =  4.50452e-06
dlev15              =  4.67645e-06
dlev16              =  4.71850e-06
dlev17              =  9.99993e-01
dlev18              =  9.99995e-01
dlev19              =  1.00000e+00
dlev20              =  1.00000e+00
dlev21              =  1.00000e+00
dlev22              =  1.00000e+00
dlev23              =  9.99995e-01
dlev24              =  9.99995e-01
dlev25              =  9.99995e-01
dlev26              =  9.99995e-01
dlev27              =  9.99995e-01
dlev28              =  9.99995e-01
dlev29              =  9.99995e-01
dlev30              =  9.99995e-01
dlev31              =  9.99995e-01
dlev32              =  9.99995e-01
vos = 1.4997833568e-03
lowcount = 1.6999927786e+01
vbias               =  2.51070e-01
Reset re-loads circuit * comparator-offset-transient-mc @ tt_mismatch_125c_1.32v -- generated by sim/harness, do not edit

Circuit: * comparator-offset-transient-mc @ tt_mismatch_125c_1.32v -- generated by sim/harness, do not edit

Doing analysis at TEMP = 125.000000 and TNOM = 27.000000

Using SPARSE 1.3 as Direct Linear Solver

Initial Transient Solution
--------------------------

Node                                   Voltage
----                                   -------
vdd                                       1.32
cm                                         0.6
vd                                      -0.048
ap                                       0.576
an                                       0.624
clk                                          0
ibn                                   0.248245
xa.x1.tmid                         8.37751e-05
xa.x1.tail                            0.585483
xa.x1.np                               1.31998
xa.x1.nn                               1.31993
xa.x1.ln                                  1.32
xa.x1.lp                                  1.32
xa.x1.lnb                          3.74308e-06
xa.x1.lpb                          3.81502e-06
xa.x1.na                                  1.32
doutb                                  1.31999
dout                               4.92104e-06
xa.x1.nb                                  1.32
doutn                              3.72806e-06
bdoutn#branch                                0
ean#branch                         3.76724e-12
eap#branch                         4.71606e-12
vclk#branch                        6.76706e-10
vd#branch                                    0
vcm#branch                          8.4833e-12
vsup#branch                       -2.01723e-05

 Reference value :  2.18994e-08
 Reference value :  1.37503e-07
 Reference value :  2.52097e-07
 Reference value :  3.68850e-07
 Reference value :  4.80650e-07
 Reference value :  5.91308e-07
 Reference value :  7.07096e-07
 Reference value :  8.21103e-07
 Reference value :  9.37450e-07
No. of Data Rows : 10865
dlev0               =  8.31820e-06
dlev1               =  8.27511e-06
dlev2               =  8.27173e-06
dlev3               =  8.26918e-06
dlev4               =  8.26810e-06
dlev5               =  8.26931e-06
dlev6               =  8.27338e-06
dlev7               =  9.22441e-06
dlev8               =  1.18786e-05
dlev9               =  1.29318e-05
dlev10              =  1.32802e-05
dlev11              =  1.26037e-05
dlev12              =  8.29231e-06
dlev13              =  8.36230e-06
dlev14              =  8.42777e-06
dlev15              =  8.44722e-06
dlev16              =  9.99991e-01
dlev17              =  9.99993e-01
dlev18              =  9.99993e-01
dlev19              =  1.00000e+00
dlev20              =  9.99999e-01
dlev21              =  9.99995e-01
dlev22              =  9.99999e-01
dlev23              =  1.00000e+00
dlev24              =  1.00000e+00
dlev25              =  9.99993e-01
dlev26              =  9.99993e-01
dlev27              =  9.99993e-01
dlev28              =  9.99993e-01
dlev29              =  9.99992e-01
dlev30              =  9.99992e-01
dlev31              =  9.99992e-01
dlev32              =  9.99992e-01
vos = -1.500182080e-03
lowcount = 1.5999939307e+01
vbias               =  2.48245e-01
Reset re-loads circuit * comparator-offset-transient-mc @ tt_mismatch_125c_1.32v -- generated by sim/harness, do not edit

Circuit: * comparator-offset-transient-mc @ tt_mismatch_125c_1.32v -- generated by sim/harness, do not edit

Doing analysis at TEMP = 125.000000 and TNOM = 27.000000

Using SPARSE 1.3 as Direct Linear Solver

Initial Transient Solution
--------------------------

Node                                   Voltage
----                                   -------
vdd                                       1.32
cm                                         0.6
vd                                      -0.048
ap                                       0.576
an                                       0.624
clk                                          0
ibn                                   0.252311
xa.x1.tmid                         8.53301e-05
xa.x1.tail                            0.584731
xa.x1.np                               1.31998
xa.x1.nn                               1.31992
xa.x1.ln                                  1.32
xa.x1.lp                                  1.32
xa.x1.lnb                          3.36618e-06
xa.x1.lpb                          3.63853e-06
xa.x1.na                               1.27879
doutb                                 0.673631
dout                                  0.672558
xa.x1.nb                               1.27949
doutn                                 0.509514
bdoutn#branch                                0
ean#branch                          3.7659e-12
eap#branch                          4.7182e-12
vclk#branch                         6.7814e-10
vd#branch                                    0
vcm#branch                          8.4841e-12
vsup#branch                       -0.000180342

 Reference value :  4.20981e-08
 Reference value :  1.60100e-07
 Reference value :  2.77250e-07
 Reference value :  3.91650e-07
 Reference value :  5.05494e-07
 Reference value :  6.20226e-07
 Reference value :  7.37903e-07
 Reference value :  8.55303e-07
 Reference value :  9.71196e-07
No. of Data Rows : 10865
dlev0               =  5.26202e-06
dlev1               =  1.42464e-05
dlev2               =  5.24319e-06
dlev3               =  5.31150e-06
dlev4               =  5.38964e-06
dlev5               =  5.47441e-06
dlev6               =  5.55977e-06
dlev7               =  5.64267e-06
dlev8               =  5.72266e-06
dlev9               =  5.80085e-06
dlev10              =  5.87868e-06
dlev11              =  1.54211e-05
dlev12              =  1.52374e-05
dlev13              =  1.48197e-05
dlev14              =  1.60021e-05
dlev15              =  6.25377e-06
dlev16              =  6.38031e-06
dlev17              =  9.99996e-01
dlev18              =  1.00000e+00
dlev19              =  9.99999e-01
dlev20              =  1.00000e+00
dlev21              =  1.00000e+00
dlev22              =  9.99999e-01
dlev23              =  9.99999e-01
dlev24              =  9.99999e-01
dlev25              =  9.99999e-01
dlev26              =  9.99999e-01
dlev27              =  9.99999e-01
dlev28              =  9.99999e-01
dlev29              =  9.99999e-01
dlev30              =  9.99999e-01
dlev31              =  1.00000e+00
dlev32              =  1.00000e+00
vos = 1.4996050617e-03
lowcount = 1.6999868354e+01
vbias               =  2.52311e-01
Reset re-loads circuit * comparator-offset-transient-mc @ tt_mismatch_125c_1.32v -- generated by sim/harness, do not edit

Circuit: * comparator-offset-transient-mc @ tt_mismatch_125c_1.32v -- generated by sim/harness, do not edit

Doing analysis at TEMP = 125.000000 and TNOM = 27.000000

Using SPARSE 1.3 as Direct Linear Solver

Initial Transient Solution
--------------------------

Node                                   Voltage
----                                   -------
vdd                                       1.32
cm                                         0.6
vd                                      -0.048
ap                                       0.576
an                                       0.624
clk                                          0
ibn                                   0.251431
xa.x1.tmid                          8.8081e-05
xa.x1.tail                            0.585185
xa.x1.np                               1.31998
xa.x1.nn                               1.31992
xa.x1.ln                                  1.32
xa.x1.lp                                  1.32
xa.x1.lnb                          3.82094e-06
xa.x1.lpb                          3.74535e-06
xa.x1.na                                1.2767
doutb                                 0.673344
dout                                  0.666826
xa.x1.nb                               1.27774
doutn                                 0.505171
bdoutn#branch                                0
ean#branch                         3.76554e-12
eap#branch                         4.71842e-12
vclk#branch                        6.72222e-10
vd#branch                                    0
vcm#branch                         8.48396e-12
vsup#branch                       -0.000187319

 Reference value :  7.45011e-08
 Reference value :  1.90704e-07
 Reference value :  3.10003e-07
 Reference value :  4.25050e-07
 Reference value :  5.39870e-07
 Reference value :  6.55626e-07
 Reference value :  7.73095e-07
 Reference value :  8.90396e-07
No. of Data Rows : 10866
dlev0               =  6.58899e-06
dlev1               =  1.44567e-05
dlev2               =  6.48277e-06
dlev3               =  6.52485e-06
dlev4               =  6.57537e-06
dlev5               =  6.63077e-06
dlev6               =  6.68577e-06
dlev7               =  6.73832e-06
dlev8               =  6.78877e-06
dlev9               =  6.83848e-06
dlev10              =  6.88874e-06
dlev11              =  1.42950e-05
dlev12              =  1.08687e-05
dlev13              =  9.74678e-06
dlev14              =  1.43166e-05
dlev15              =  7.15422e-06
dlev16              =  9.99996e-01
dlev17              =  9.99996e-01
dlev18              =  1.00000e+00
dlev19              =  1.00000e+00
dlev20              =  1.00000e+00
dlev21              =  1.00000e+00
dlev22              =  9.99996e-01
dlev23              =  9.99996e-01
dlev24              =  9.99996e-01
dlev25              =  9.99996e-01
dlev26              =  9.99996e-01
dlev27              =  9.99996e-01
dlev28              =  9.99996e-01
dlev29              =  9.99996e-01
dlev30              =  9.99996e-01
dlev31              =  1.00000e+00
dlev32              =  1.00000e+00
vos = -1.500284943e-03
lowcount = 1.5999905019e+01
vbias               =  2.51431e-01
Reset re-loads circuit * comparator-offset-transient-mc @ tt_mismatch_125c_1.32v -- generated by sim/harness, do not edit

Circuit: * comparator-offset-transient-mc @ tt_mismatch_125c_1.32v -- generated by sim/harness, do not edit

Doing analysis at TEMP = 125.000000 and TNOM = 27.000000

Using SPARSE 1.3 as Direct Linear Solver

Initial Transient Solution
--------------------------

Node                                   Voltage
----                                   -------
vdd                                       1.32
cm                                         0.6
vd                                      -0.048
ap                                       0.576
an                                       0.624
clk                                          0
ibn                                   0.250518
xa.x1.tmid                          7.9352e-05
xa.x1.tail                            0.586678
xa.x1.np                               1.31998
xa.x1.nn                               1.31993
xa.x1.ln                                  1.32
xa.x1.lp                                  1.32
xa.x1.lnb                          3.92014e-06
xa.x1.lpb                          4.02583e-06
xa.x1.na                               1.27714
doutb                                 0.666657
dout                                  0.671533
xa.x1.nb                               1.27845
doutn                                 0.508737
bdoutn#branch                                0
ean#branch                         3.76862e-12
eap#branch                         4.71576e-12
vclk#branch                        6.78754e-10
vd#branch                                    0
vcm#branch                         8.48438e-12
vsup#branch                        -0.00018357

 Reference value :  0.00000e+00
 Reference value :  1.12103e-07
 Reference value :  2.30201e-07
 Reference value :  3.45005e-07
 Reference value :  4.60911e-07
 Reference value :  5.75850e-07
 Reference value :  6.89800e-07
 Reference value :  8.05895e-07
 Reference value :  9.22196e-07
No. of Data Rows : 10848
dlev0               =  5.66890e-06
dlev1               =  5.67670e-06
dlev2               =  5.74187e-06
dlev3               =  5.81590e-06
dlev4               =  5.89509e-06
dlev5               =  5.97611e-06
dlev6               =  6.05699e-06
dlev7               =  6.13789e-06
dlev8               =  6.22007e-06
dlev9               =  6.30472e-06
dlev10              =  6.39252e-06
dlev11              =  6.48381e-06
dlev12              =  6.57884e-06
dlev13              =  6.67631e-06
dlev14              =  6.75637e-06
dlev15              =  6.88088e-06
dlev16              =  9.99993e-01
dlev17              =  9.99994e-01
dlev18              =  9.99994e-01
dlev19              =  9.99999e-01
dlev20              =  9.99994e-01
dlev21              =  9.99994e-01
dlev22              =  9.99994e-01
dlev23              =  9.99994e-01
dlev24              =  9.99994e-01
dlev25              =  9.99994e-01
dlev26              =  9.99994e-01
dlev27              =  9.99994e-01
dlev28              =  9.99994e-01
dlev29              =  9.99993e-01
dlev30              =  9.99993e-01
dlev31              =  9.99993e-01
dlev32              =  9.99993e-01
vos = -1.499989989e-03
lowcount = 1.6000003337e+01
vbias               =  2.50518e-01
Reset re-loads circuit * comparator-offset-transient-mc @ tt_mismatch_125c_1.32v -- generated by sim/harness, do not edit

Circuit: * comparator-offset-transient-mc @ tt_mismatch_125c_1.32v -- generated by sim/harness, do not edit

Doing analysis at TEMP = 125.000000 and TNOM = 27.000000

Using SPARSE 1.3 as Direct Linear Solver

Initial Transient Solution
--------------------------

Node                                   Voltage
----                                   -------
vdd                                       1.32
cm                                         0.6
vd                                      -0.048
ap                                       0.576
an                                       0.624
clk                                          0
ibn                                   0.250291
xa.x1.tmid                         8.10099e-05
xa.x1.tail                            0.588545
xa.x1.np                               1.31998
xa.x1.nn                               1.31993
xa.x1.ln                                  1.32
xa.x1.lp                                  1.32
xa.x1.lnb                          4.36964e-06
xa.x1.lpb                          4.36135e-06
xa.x1.na                               1.28159
doutb                                 0.676323
dout                                  0.674031
xa.x1.nb                               1.27914
doutn                                  0.51063
bdoutn#branch                                0
ean#branch                         3.76926e-12
eap#branch                         4.71903e-12
vclk#branch                        6.74866e-10
vd#branch                                    0
vcm#branch                         8.48829e-12
vsup#branch                       -0.000180423

 Reference value :  2.87924e-08
 Reference value :  1.47505e-07
 Reference value :  2.65104e-07
 Reference value :  3.81319e-07
 Reference value :  5.00200e-07
 Reference value :  6.16796e-07
 Reference value :  7.32800e-07
 Reference value :  8.51502e-07
 Reference value :  9.70123e-07
No. of Data Rows : 10844
dlev0               =  7.33171e-06
dlev1               =  1.07272e-05
dlev2               =  1.07663e-05
dlev3               =  1.08029e-05
dlev4               =  1.08370e-05
dlev5               =  1.08701e-05
dlev6               =  1.09043e-05
dlev7               =  1.09417e-05
dlev8               =  1.09831e-05
dlev9               =  1.10287e-05
dlev10              =  1.10779e-05
dlev11              =  1.24215e-05
dlev12              =  1.35660e-05
dlev13              =  1.39026e-05
dlev14              =  1.36648e-05
dlev15              =  1.14347e-05
dlev16              =  1.14311e-05
dlev17              =  9.55156e-06
dlev18              =  9.99995e-01
dlev19              =  9.99998e-01
dlev20              =  9.99999e-01
dlev21              =  1.00000e+00
dlev22              =  1.00000e+00
dlev23              =  9.99999e-01
dlev24              =  9.99998e-01
dlev25              =  9.99998e-01
dlev26              =  9.99998e-01
dlev27              =  9.99998e-01
dlev28              =  9.99998e-01
dlev29              =  9.99998e-01
dlev30              =  9.99998e-01
dlev31              =  9.99998e-01
dlev32              =  9.99998e-01
vos = 4.4994700708e-03
lowcount = 1.7999823357e+01
vbias               =  2.50291e-01
Reset re-loads circuit * comparator-offset-transient-mc @ tt_mismatch_125c_1.32v -- generated by sim/harness, do not edit

Circuit: * comparator-offset-transient-mc @ tt_mismatch_125c_1.32v -- generated by sim/harness, do not edit

Doing analysis at TEMP = 125.000000 and TNOM = 27.000000

Using SPARSE 1.3 as Direct Linear Solver

Initial Transient Solution
--------------------------

Node                                   Voltage
----                                   -------
vdd                                       1.32
cm                                         0.6
vd                                      -0.048
ap                                       0.576
an                                       0.624
clk                                          0
ibn                                   0.248397
xa.x1.tmid                         8.63116e-05
xa.x1.tail                            0.585692
xa.x1.np                               1.31998
xa.x1.nn                               1.31993
xa.x1.ln                                  1.32
xa.x1.lp                                  1.32
xa.x1.lnb                          4.59798e-06
xa.x1.lpb                          4.45322e-06
xa.x1.na                               1.28011
doutb                                  0.66417
dout                                  0.675697
xa.x1.nb                               1.28023
doutn                                 0.511891
bdoutn#branch                                0
ean#branch                         3.76962e-12
eap#branch                          4.7167e-12
vclk#branch                        6.77734e-10
vd#branch                                    0
vcm#branch                         8.48632e-12
vsup#branch                       -0.000177946

 Reference value :  7.39024e-08
 Reference value :  1.90103e-07
 Reference value :  3.01050e-07
 Reference value :  4.13994e-07
 Reference value :  5.30200e-07
 Reference value :  6.43993e-07
 Reference value :  7.60083e-07
 Reference value :  8.76950e-07
No. of Data Rows : 10860
dlev0               =  5.02582e-06
dlev1               =  5.09688e-06
dlev2               =  5.17061e-06
dlev3               =  5.24464e-06
dlev4               =  5.31974e-06
dlev5               =  5.39653e-06
dlev6               =  1.25721e-05
dlev7               =  1.40964e-05
dlev8               =  1.54083e-05
dlev9               =  1.53854e-05
dlev10              =  1.57159e-05
dlev11              =  1.40631e-05
dlev12              =  5.92384e-06
dlev13              =  6.08087e-06
dlev14              =  1.26661e-05
dlev15              =  9.99995e-01
dlev16              =  9.99997e-01
dlev17              =  9.99997e-01
dlev18              =  9.99997e-01
dlev19              =  1.00000e+00
dlev20              =  1.00000e+00
dlev21              =  1.00000e+00
dlev22              =  1.00000e+00
dlev23              =  9.99999e-01
dlev24              =  9.99997e-01
dlev25              =  9.99997e-01
dlev26              =  9.99997e-01
dlev27              =  9.99997e-01
dlev28              =  9.99997e-01
dlev29              =  9.99997e-01
dlev30              =  9.99997e-01
dlev31              =  9.99996e-01
dlev32              =  9.99996e-01
vos = -4.500285799e-03
lowcount = 1.4999904734e+01
vbias               =  2.48397e-01
Reset re-loads circuit * comparator-offset-transient-mc @ tt_mismatch_125c_1.32v -- generated by sim/harness, do not edit

Circuit: * comparator-offset-transient-mc @ tt_mismatch_125c_1.32v -- generated by sim/harness, do not edit

Doing analysis at TEMP = 125.000000 and TNOM = 27.000000

Using SPARSE 1.3 as Direct Linear Solver

Initial Transient Solution
--------------------------

Node                                   Voltage
----                                   -------
vdd                                       1.32
cm                                         0.6
vd                                      -0.048
ap                                       0.576
an                                       0.624
clk                                          0
ibn                                   0.251829
xa.x1.tmid                         8.02376e-05
xa.x1.tail                            0.588391
xa.x1.np                               1.31998
xa.x1.nn                               1.31993
xa.x1.ln                                  1.32
xa.x1.lp                                  1.32
xa.x1.lnb                          4.09845e-06
xa.x1.lpb                          3.47927e-06
xa.x1.na                               1.28037
doutb                                 0.677259
dout                                  0.671347
xa.x1.nb                               1.27967
doutn                                 0.508596
bdoutn#branch                                0
ean#branch                         3.76793e-12
eap#branch                         4.71845e-12
vclk#branch                        6.72849e-10
vd#branch                                    0
vcm#branch                         8.48638e-12
vsup#branch                       -0.000178453

 Reference value :  0.00000e+00
 Reference value :  1.12197e-07
 Reference value :  2.28412e-07
 Reference value :  3.43912e-07
 Reference value :  4.60003e-07
 Reference value :  5.76350e-07
 Reference value :  6.89299e-07
 Reference value :  8.02799e-07
 Reference value :  9.20210e-07
No. of Data Rows : 10862
dlev0               =  5.36084e-06
dlev1               =  5.43895e-06
dlev2               =  5.48169e-06
dlev3               =  5.53311e-06
dlev4               =  5.59874e-06
dlev5               =  5.68260e-06
dlev6               =  5.77686e-06
dlev7               =  5.87909e-06
dlev8               =  5.98168e-06
dlev9               =  6.08115e-06
dlev10              =  6.17749e-06
dlev11              =  6.27225e-06
dlev12              =  6.36697e-06
dlev13              =  6.46190e-06
dlev14              =  6.54664e-06
dlev15              =  6.57426e-06
dlev16              =  6.76276e-06
dlev17              =  9.99995e-01
dlev18              =  9.99997e-01
dlev19              =  9.99997e-01
dlev20              =  9.99997e-01
dlev21              =  9.99997e-01
dlev22              =  9.99997e-01
dlev23              =  9.99997e-01
dlev24              =  9.99997e-01
dlev25              =  9.99997e-01
dlev26              =  9.99997e-01
dlev27              =  9.99997e-01
dlev28              =  9.99997e-01
dlev29              =  9.99997e-01
dlev30              =  9.99997e-01
dlev31              =  1.00000e+00
dlev32              =  9.99999e-01
vos = 1.4998179691e-03
lowcount = 1.6999939323e+01
vbias               =  2.51829e-01
Reset re-loads circuit * comparator-offset-transient-mc @ tt_mismatch_125c_1.32v -- generated by sim/harness, do not edit

Circuit: * comparator-offset-transient-mc @ tt_mismatch_125c_1.32v -- generated by sim/harness, do not edit

Doing analysis at TEMP = 125.000000 and TNOM = 27.000000

Using SPARSE 1.3 as Direct Linear Solver

Initial Transient Solution
--------------------------

Node                                   Voltage
----                                   -------
vdd                                       1.32
cm                                         0.6
vd                                      -0.048
ap                                       0.576
an                                       0.624
clk                                          0
ibn                                   0.248159
xa.x1.tmid                         9.50869e-05
xa.x1.tail                             0.58014
xa.x1.np                               1.31997
xa.x1.nn                               1.31992
xa.x1.ln                                  1.32
xa.x1.lp                                  1.32
xa.x1.lnb                          3.49011e-06
xa.x1.lpb                          3.46619e-06
xa.x1.na                               1.27879
doutb                                 0.671785
dout                                  0.667525
xa.x1.nb                               1.28006
doutn                                 0.505701
bdoutn#branch                                0
ean#branch                         3.76496e-12
eap#branch                         4.71453e-12
vclk#branch                        6.70522e-10
vd#branch                                    0
vcm#branch                         8.47949e-12
vsup#branch                       -0.000181686

 Reference value :  2.42875e-08
 Reference value :  1.40130e-07
 Reference value :  2.54097e-07
 Reference value :  3.70205e-07
 Reference value :  4.84850e-07
 Reference value :  5.97192e-07
 Reference value :  7.11319e-07
 Reference value :  8.28805e-07
 Reference value :  9.40705e-07
No. of Data Rows : 10865
dlev0               =  2.54641e-06
dlev1               =  3.84697e-06
dlev2               =  3.93290e-06
dlev3               =  4.02048e-06
dlev4               =  4.10981e-06
dlev5               =  4.20095e-06
dlev6               =  1.26678e-05
dlev7               =  1.35771e-05
dlev8               =  1.39227e-05
dlev9               =  1.35004e-05
dlev10              =  4.63424e-06
dlev11              =  4.72789e-06
dlev12              =  4.85892e-06
dlev13              =  4.99184e-06
dlev14              =  5.10389e-06
dlev15              =  5.21122e-06
dlev16              =  9.99991e-01
dlev17              =  9.99993e-01
dlev18              =  9.99993e-01
dlev19              =  9.99993e-01
dlev20              =  9.99998e-01
dlev21              =  9.99999e-01
dlev22              =  9.99999e-01
dlev23              =  9.99999e-01
dlev24              =  9.99998e-01
dlev25              =  9.99993e-01
dlev26              =  9.99993e-01
dlev27              =  9.99993e-01
dlev28              =  9.99993e-01
dlev29              =  9.99993e-01
dlev30              =  9.99992e-01
dlev31              =  9.99992e-01
dlev32              =  9.99992e-01
vos = -1.500025361e-03
lowcount = 1.5999991546e+01
vbias               =  2.48159e-01
Reset re-loads circuit * comparator-offset-transient-mc @ tt_mismatch_125c_1.32v -- generated by sim/harness, do not edit

Circuit: * comparator-offset-transient-mc @ tt_mismatch_125c_1.32v -- generated by sim/harness, do not edit

Doing analysis at TEMP = 125.000000 and TNOM = 27.000000

Using SPARSE 1.3 as Direct Linear Solver

Initial Transient Solution
--------------------------

Node                                   Voltage
----                                   -------
vdd                                       1.32
cm                                         0.6
vd                                      -0.048
ap                                       0.576
an                                       0.624
clk                                          0
ibn                                   0.248261
xa.x1.tmid                         8.39737e-05
xa.x1.tail                            0.589495
xa.x1.np                               1.31998
xa.x1.nn                               1.31993
xa.x1.ln                                  1.32
xa.x1.lp                                  1.32
xa.x1.lnb                          4.17474e-06
xa.x1.lpb                          3.97403e-06
xa.x1.na                                  1.32
doutb                                  1.31999
dout                                4.8016e-06
xa.x1.nb                                  1.32
doutn                              3.63758e-06
bdoutn#branch                                0
ean#branch                         3.76846e-12
eap#branch                         4.71478e-12
vclk#branch                         6.7021e-10
vd#branch                                    0
vcm#branch                         8.48324e-12
vsup#branch                       -2.01732e-05

 Reference value :  4.09024e-08
 Reference value :  1.49870e-07
 Reference value :  2.66736e-07
 Reference value :  3.82349e-07
 Reference value :  4.97136e-07
 Reference value :  6.10985e-07
 Reference value :  7.25550e-07
 Reference value :  8.43150e-07
 Reference value :  9.60070e-07
No. of Data Rows : 10849
dlev0               =  1.17703e-05
dlev1               =  1.18707e-05
dlev2               =  1.18750e-05
dlev3               =  1.18836e-05
dlev4               =  1.18979e-05
dlev5               =  1.19178e-05
dlev6               =  1.19425e-05
dlev7               =  4.40211e-06
dlev8               =  8.76899e-06
dlev9               =  1.06785e-05
dlev10              =  1.18071e-05
dlev11              =  1.06499e-05
dlev12              =  3.91837e-06
dlev13              =  1.21737e-05
dlev14              =  1.22115e-05
dlev15              =  1.21091e-05
dlev16              =  9.99993e-01
dlev17              =  9.99997e-01
dlev18              =  9.99998e-01
dlev19              =  9.99999e-01
dlev20              =  9.99998e-01
dlev21              =  9.99999e-01
dlev22              =  9.99999e-01
dlev23              =  9.99999e-01
dlev24              =  9.99997e-01
dlev25              =  9.99997e-01
dlev26              =  9.99997e-01
dlev27              =  9.99997e-01
dlev28              =  9.99997e-01
dlev29              =  9.99997e-01
dlev30              =  9.99997e-01
dlev31              =  9.99997e-01
dlev32              =  9.99997e-01
vos = -1.500363831e-03
lowcount = 1.5999878723e+01
vbias               =  2.48261e-01
Reset re-loads circuit * comparator-offset-transient-mc @ tt_mismatch_125c_1.32v -- generated by sim/harness, do not edit

Circuit: * comparator-offset-transient-mc @ tt_mismatch_125c_1.32v -- generated by sim/harness, do not edit

Doing analysis at TEMP = 125.000000 and TNOM = 27.000000

Using SPARSE 1.3 as Direct Linear Solver

Initial Transient Solution
--------------------------

Node                                   Voltage
----                                   -------
vdd                                       1.32
cm                                         0.6
vd                                      -0.048
ap                                       0.576
an                                       0.624
clk                                          0
ibn                                   0.247763
xa.x1.tmid                         7.48878e-05
xa.x1.tail                            0.589992
xa.x1.np                               1.31998
xa.x1.nn                               1.31994
xa.x1.ln                                  1.32
xa.x1.lp                                  1.32
xa.x1.lnb                          4.44676e-06
xa.x1.lpb                           3.9489e-06
xa.x1.na                               1.28092
doutb                                 0.669461
dout                                  0.674848
xa.x1.nb                               1.27929
doutn                                 0.511249
bdoutn#branch                                0
ean#branch                         3.76801e-12
eap#branch                         4.71731e-12
vclk#branch                        6.68554e-10
vd#branch                                    0
vcm#branch                         8.48532e-12
vsup#branch                        -0.00017822

 Reference value :  6.83500e-08
 Reference value :  1.86650e-07
 Reference value :  3.01550e-07
 Reference value :  4.13700e-07
 Reference value :  5.28800e-07
 Reference value :  6.44693e-07
 Reference value :  7.62300e-07
 Reference value :  8.81200e-07
No. of Data Rows : 10848
dlev0               =  1.27735e-05
dlev1               =  1.28230e-05
dlev2               =  1.28332e-05
dlev3               =  1.28487e-05
dlev4               =  1.28690e-05
dlev5               =  7.50896e-06
dlev6               =  1.09811e-05
dlev7               =  1.32244e-05
dlev8               =  1.39607e-05
dlev9               =  1.41980e-05
dlev10              =  1.37245e-05
dlev11              =  8.90672e-06
dlev12              =  1.30143e-05
dlev13              =  1.30317e-05
dlev14              =  1.17329e-05
dlev15              =  9.99995e-01
dlev16              =  9.99998e-01
dlev17              =  9.99998e-01
dlev18              =  9.99998e-01
dlev19              =  9.99999e-01
dlev20              =  9.99999e-01
dlev21              =  9.99999e-01
dlev22              =  9.99998e-01
dlev23              =  9.99996e-01
dlev24              =  9.99998e-01
dlev25              =  9.99998e-01
dlev26              =  9.99998e-01
dlev27              =  9.99998e-01
dlev28              =  9.99998e-01
dlev29              =  9.99998e-01
dlev30              =  9.99998e-01
dlev31              =  9.99998e-01
dlev32              =  9.99998e-01
vos = -4.500435992e-03
lowcount = 1.4999854669e+01
vbias               =  2.47763e-01
Reset re-loads circuit * comparator-offset-transient-mc @ tt_mismatch_125c_1.32v -- generated by sim/harness, do not edit

Circuit: * comparator-offset-transient-mc @ tt_mismatch_125c_1.32v -- generated by sim/harness, do not edit

Doing analysis at TEMP = 125.000000 and TNOM = 27.000000

Using SPARSE 1.3 as Direct Linear Solver

Initial Transient Solution
--------------------------

Node                                   Voltage
----                                   -------
vdd                                       1.32
cm                                         0.6
vd                                      -0.048
ap                                       0.576
an                                       0.624
clk                                          0
ibn                                   0.247611
xa.x1.tmid                         8.67696e-05
xa.x1.tail                            0.585973
xa.x1.np                               1.31998
xa.x1.nn                               1.31993
xa.x1.ln                                  1.32
xa.x1.lp                                  1.32
xa.x1.lnb                          3.89258e-06
xa.x1.lpb                          4.09601e-06
xa.x1.na                               1.27897
doutb                                 0.675978
dout                                  0.664082
xa.x1.nb                               1.28013
doutn                                 0.503093
bdoutn#branch                                0
ean#branch                         3.76749e-12
eap#branch                         4.71845e-12
vclk#branch                        6.76517e-10
vd#branch                                    0
vcm#branch                         8.48593e-12
vsup#branch                       -0.000181797

 Reference value :  0.00000e+00
 Reference value :  1.13699e-07
 Reference value :  2.30324e-07
 Reference value :  3.47400e-07
 Reference value :  4.63902e-07
 Reference value :  5.80803e-07
 Reference value :  6.96950e-07
 Reference value :  8.11850e-07
 Reference value :  9.29195e-07
No. of Data Rows : 10865
dlev0               =  3.95217e-06
dlev1               =  6.35767e-06
dlev2               =  6.41658e-06
dlev3               =  6.47729e-06
dlev4               =  6.54026e-06
dlev5               =  6.60575e-06
dlev6               =  1.15421e-05
dlev7               =  1.33894e-05
dlev8               =  1.41706e-05
dlev9               =  1.43740e-05
dlev10              =  1.39590e-05
dlev11              =  1.04820e-05
dlev12              =  7.07265e-06
dlev13              =  7.21028e-06
dlev14              =  7.32236e-06
dlev15              =  7.33997e-06
dlev16              =  9.99995e-01
dlev17              =  9.99996e-01
dlev18              =  9.99996e-01
dlev19              =  9.99996e-01
dlev20              =  9.99999e-01
dlev21              =  1.00000e+00
dlev22              =  1.00000e+00
dlev23              =  1.00000e+00
dlev24              =  1.00000e+00
dlev25              =  9.99999e-01
dlev26              =  9.99996e-01
dlev27              =  9.99996e-01
dlev28              =  9.99996e-01
dlev29              =  9.99996e-01
dlev30              =  9.99996e-01
dlev31              =  9.99996e-01
dlev32              =  9.99996e-01
vos = -1.500294036e-03
lowcount = 1.5999901988e+01
vbias               =  2.47611e-01
Reset re-loads circuit * comparator-offset-transient-mc @ tt_mismatch_125c_1.32v -- generated by sim/harness, do not edit

Circuit: * comparator-offset-transient-mc @ tt_mismatch_125c_1.32v -- generated by sim/harness, do not edit

Doing analysis at TEMP = 125.000000 and TNOM = 27.000000

Using SPARSE 1.3 as Direct Linear Solver

Initial Transient Solution
--------------------------

Node                                   Voltage
----                                   -------
vdd                                       1.32
cm                                         0.6
vd                                      -0.048
ap                                       0.576
an                                       0.624
clk                                          0
ibn                                   0.248761
xa.x1.tmid                         8.59101e-05
xa.x1.tail                            0.586939
xa.x1.np                               1.31998
xa.x1.nn                               1.31993
xa.x1.ln                                  1.32
xa.x1.lp                                  1.32
xa.x1.lnb                           4.3092e-06
xa.x1.lpb                          3.93839e-06
xa.x1.na                               1.27973
doutb                                  0.68117
dout                                  0.672479
xa.x1.nb                               1.28197
doutn                                 0.509453
bdoutn#branch                                0
ean#branch                         3.76829e-12
eap#branch                         4.71945e-12
vclk#branch                        6.79079e-10
vd#branch                                    0
vcm#branch                         8.48774e-12
vsup#branch                       -0.000172467

 Reference value :  3.37500e-08
 Reference value :  1.49800e-07
 Reference value :  2.60524e-07
 Reference value :  3.72796e-07
 Reference value :  4.90503e-07
 Reference value :  6.07950e-07
 Reference value :  7.22150e-07
 Reference value :  8.39800e-07
 Reference value :  9.56699e-07
No. of Data Rows : 10860
dlev0               =  5.85408e-06
dlev1               =  5.91457e-06
dlev2               =  5.98816e-06
dlev3               =  6.06379e-06
dlev4               =  6.14218e-06
dlev5               =  6.22387e-06
dlev6               =  6.29719e-06
dlev7               =  6.36231e-06
dlev8               =  1.24704e-05
dlev9               =  1.34803e-05
dlev10              =  1.37820e-05
dlev11              =  1.38901e-05
dlev12              =  1.34706e-05
dlev13              =  6.63435e-06
dlev14              =  6.75227e-06
dlev15              =  6.87756e-06
dlev16              =  1.35856e-05
dlev17              =  9.99995e-01
dlev18              =  9.99998e-01
dlev19              =  9.99997e-01
dlev20              =  9.99997e-01
dlev21              =  1.00000e+00
dlev22              =  9.99999e-01
dlev23              =  9.99999e-01
dlev24              =  1.00000e+00
dlev25              =  1.00000e+00
dlev26              =  9.99997e-01
dlev27              =  9.99997e-01
dlev28              =  9.99997e-01
dlev29              =  9.99997e-01
dlev30              =  9.99997e-01
dlev31              =  9.99997e-01
dlev32              =  9.99997e-01
vos = 1.4996466321e-03
lowcount = 1.6999882211e+01
vbias               =  2.48761e-01
Reset re-loads circuit * comparator-offset-transient-mc @ tt_mismatch_125c_1.32v -- generated by sim/harness, do not edit

Circuit: * comparator-offset-transient-mc @ tt_mismatch_125c_1.32v -- generated by sim/harness, do not edit

Doing analysis at TEMP = 125.000000 and TNOM = 27.000000

Using SPARSE 1.3 as Direct Linear Solver

Initial Transient Solution
--------------------------

Node                                   Voltage
----                                   -------
vdd                                       1.32
cm                                         0.6
vd                                      -0.048
ap                                       0.576
an                                       0.624
clk                                          0
ibn                                   0.246881
xa.x1.tmid                         8.22984e-05
xa.x1.tail                            0.588818
xa.x1.np                               1.31998
xa.x1.nn                               1.31993
xa.x1.ln                                  1.32
xa.x1.lp                                  1.32
xa.x1.lnb                           3.8845e-06
xa.x1.lpb                          3.37571e-06
xa.x1.na                                  1.32
doutb                              5.00224e-06
dout                                   1.31999
xa.x1.nb                                  1.32
doutn                                 0.999995
bdoutn#branch                                0
ean#branch                         3.76685e-12
eap#branch                         4.71692e-12
vclk#branch                        6.81978e-10
vd#branch                                    0
vcm#branch                         8.48377e-12
vsup#branch                       -2.01676e-05

 Reference value :  6.68500e-08
 Reference value :  1.83250e-07
 Reference value :  2.98927e-07
 Reference value :  4.13621e-07
 Reference value :  5.30288e-07
 Reference value :  6.49993e-07
 Reference value :  7.64997e-07
 Reference value :  8.81902e-07
No. of Data Rows : 10855
dlev0               =  6.32404e-06
dlev1               =  7.51965e-06
dlev2               =  7.57664e-06
dlev3               =  1.31470e-05
dlev4               =  1.43343e-05
dlev5               =  1.58584e-05
dlev6               =  1.60010e-05
dlev7               =  1.61225e-05
dlev8               =  1.60170e-05
dlev9               =  1.28177e-05
dlev10              =  8.04777e-06
dlev11              =  8.17675e-06
dlev12              =  8.29404e-06
dlev13              =  1.40090e-05
dlev14              =  1.38211e-05
dlev15              =  9.99994e-01
dlev16              =  9.99996e-01
dlev17              =  9.99996e-01
dlev18              =  9.99996e-01
dlev19              =  9.99996e-01
dlev20              =  1.00000e+00
dlev21              =  1.00000e+00
dlev22              =  1.00000e+00
dlev23              =  1.00000e+00
dlev24              =  1.00000e+00
dlev25              =  1.00000e+00
dlev26              =  9.99999e-01
dlev27              =  9.99996e-01
dlev28              =  9.99996e-01
dlev29              =  9.99996e-01
dlev30              =  9.99996e-01
dlev31              =  9.99996e-01
dlev32              =  9.99995e-01
vos = -4.500390201e-03
lowcount = 1.4999869933e+01
vbias               =  2.46881e-01
Reset re-loads circuit * comparator-offset-transient-mc @ tt_mismatch_125c_1.32v -- generated by sim/harness, do not edit

Circuit: * comparator-offset-transient-mc @ tt_mismatch_125c_1.32v -- generated by sim/harness, do not edit

Doing analysis at TEMP = 125.000000 and TNOM = 27.000000

Using SPARSE 1.3 as Direct Linear Solver

Initial Transient Solution
--------------------------

Node                                   Voltage
----                                   -------
vdd                                       1.32
cm                                         0.6
vd                                      -0.048
ap                                       0.576
an                                       0.624
clk                                          0
ibn                                   0.252116
xa.x1.tmid                         7.03389e-05
xa.x1.tail                            0.591486
xa.x1.np                               1.31998
xa.x1.nn                               1.31994
xa.x1.ln                                  1.32
xa.x1.lp                                  1.32
xa.x1.lnb                          3.85659e-06
xa.x1.lpb                          3.53874e-06
xa.x1.na                               1.27937
doutb                                 0.682026
dout                                  0.681823
xa.x1.nb                               1.27929
doutn                                 0.516532
bdoutn#branch                                0
ean#branch                         3.76787e-12
eap#branch                          4.7167e-12
vclk#branch                        6.71342e-10
vd#branch                                    0
vcm#branch                         8.48457e-12
vsup#branch                        -0.00018083

 Reference value :  0.00000e+00
 Reference value :  1.13313e-07
 Reference value :  2.30636e-07
 Reference value :  3.49799e-07
 Reference value :  4.65890e-07
 Reference value :  5.80599e-07
 Reference value :  6.95650e-07
 Reference value :  8.09830e-07
 Reference value :  9.24611e-07
No. of Data Rows : 10868
dlev0               =  8.36690e-06
dlev1               =  1.13071e-05
dlev2               =  1.11120e-05
dlev3               =  1.50397e-05
dlev4               =  1.49507e-05
dlev5               =  1.32230e-05
dlev6               =  1.05632e-05
dlev7               =  1.03842e-05
dlev8               =  1.01790e-05
dlev9               =  9.97128e-06
dlev10              =  9.78162e-06
dlev11              =  9.61827e-06
dlev12              =  9.47827e-06
dlev13              =  1.36805e-05
dlev14              =  1.53116e-05
dlev15              =  1.54938e-05
dlev16              =  9.34514e-06
dlev17              =  1.00000e+00
dlev18              =  1.00000e+00
dlev19              =  9.99998e-01
dlev20              =  1.00000e+00
dlev21              =  9.99999e-01
dlev22              =  9.99998e-01
dlev23              =  9.99998e-01
dlev24              =  9.99998e-01
dlev25              =  9.99998e-01
dlev26              =  9.99998e-01
dlev27              =  9.99999e-01
dlev28              =  1.00000e+00
dlev29              =  1.00000e+00
dlev30              =  1.00000e+00
dlev31              =  9.99998e-01
dlev32              =  9.99999e-01
vos = 1.4994443813e-03
lowcount = 1.6999814794e+01
vbias               =  2.52116e-01
Reset re-loads circuit * comparator-offset-transient-mc @ tt_mismatch_125c_1.32v -- generated by sim/harness, do not edit

Circuit: * comparator-offset-transient-mc @ tt_mismatch_125c_1.32v -- generated by sim/harness, do not edit

Doing analysis at TEMP = 125.000000 and TNOM = 27.000000

Using SPARSE 1.3 as Direct Linear Solver

Initial Transient Solution
--------------------------

Node                                   Voltage
----                                   -------
vdd                                       1.32
cm                                         0.6
vd                                      -0.048
ap                                       0.576
an                                       0.624
clk                                          0
ibn                                   0.249408
xa.x1.tmid                         8.92456e-05
xa.x1.tail                            0.581829
xa.x1.np                               1.31997
xa.x1.nn                               1.31993
xa.x1.ln                                  1.32
xa.x1.lp                                  1.32
xa.x1.lnb                          3.80111e-06
xa.x1.lpb                          4.25814e-06
xa.x1.na                               1.27799
doutb                                 0.677466
dout                                   0.66745
xa.x1.nb                               1.28143
doutn                                 0.505644
bdoutn#branch                                0
ean#branch                         3.76532e-12
eap#branch                         4.71731e-12
vclk#branch                        6.73121e-10
vd#branch                                    0
vcm#branch                         8.48263e-12
vsup#branch                       -0.000178026

 Reference value :  2.99350e-08
 Reference value :  1.46298e-07
 Reference value :  2.61326e-07
 Reference value :  3.77903e-07
 Reference value :  4.93203e-07
 Reference value :  6.09650e-07
 Reference value :  7.20950e-07
 Reference value :  8.32398e-07
 Reference value :  9.45004e-07
No. of Data Rows : 10865
dlev0               =  1.20786e-05
dlev1               =  1.20121e-05
dlev2               =  1.19686e-05
dlev3               =  1.19261e-05
dlev4               =  1.18857e-05
dlev5               =  1.18483e-05
dlev6               =  7.15766e-06
dlev7               =  1.07170e-05
dlev8               =  1.22343e-05
dlev9               =  1.31459e-05
dlev10              =  1.18349e-05
dlev11              =  1.15958e-05
dlev12              =  1.16223e-05
dlev13              =  1.16892e-05
dlev14              =  1.14463e-05
dlev15              =  9.99994e-01
dlev16              =  9.99996e-01
dlev17              =  9.99996e-01
dlev18              =  1.00000e+00
dlev19              =  1.00000e+00
dlev20              =  9.99999e-01
dlev21              =  1.00000e+00
dlev22              =  1.00000e+00
dlev23              =  1.00000e+00
dlev24              =  9.99996e-01
dlev25              =  9.99996e-01
dlev26              =  9.99996e-01
dlev27              =  9.99996e-01
dlev28              =  9.99996e-01
dlev29              =  9.99996e-01
dlev30              =  9.99996e-01
dlev31              =  9.99996e-01
dlev32              =  9.99996e-01
vos = -4.500380588e-03
lowcount = 1.4999873137e+01
vbias               =  2.49408e-01
Reset re-loads circuit * comparator-offset-transient-mc @ tt_mismatch_125c_1.32v -- generated by sim/harness, do not edit

Circuit: * comparator-offset-transient-mc @ tt_mismatch_125c_1.32v -- generated by sim/harness, do not edit

Doing analysis at TEMP = 125.000000 and TNOM = 27.000000

Using SPARSE 1.3 as Direct Linear Solver

Initial Transient Solution
--------------------------

Node                                   Voltage
----                                   -------
vdd                                       1.32
cm                                         0.6
vd                                      -0.048
ap                                       0.576
an                                       0.624
clk                                          0
ibn                                   0.249603
xa.x1.tmid                         8.49205e-05
xa.x1.tail                            0.585941
xa.x1.np                               1.31998
xa.x1.nn                               1.31993
xa.x1.ln                                  1.32
xa.x1.lp                                  1.32
xa.x1.lnb                           3.5928e-06
xa.x1.lpb                           3.9468e-06
xa.x1.na                               1.31999
doutb                              5.15872e-06
dout                                   1.31999
xa.x1.nb                                  1.32
doutn                                 0.999993
bdoutn#branch                                0
ean#branch                         3.76718e-12
eap#branch                         4.71811e-12
vclk#branch                         6.7167e-10
vd#branch                                    0
vcm#branch                          8.4853e-12
vsup#branch                       -2.01797e-05

 Reference value :  4.22029e-08
 Reference value :  1.58250e-07
 Reference value :  2.71550e-07
 Reference value :  3.86097e-07
 Reference value :  5.00282e-07
 Reference value :  6.16893e-07
 Reference value :  7.33602e-07
 Reference value :  8.52003e-07
 Reference value :  9.70150e-07
No. of Data Rows : 10861
dlev0               =  4.29749e-06
dlev1               =  7.69876e-06
dlev2               =  7.74750e-06
dlev3               =  7.79852e-06
dlev4               =  7.81315e-06
dlev5               =  7.82806e-06
dlev6               =  7.84525e-06
dlev7               =  1.10413e-05
dlev8               =  1.33972e-05
dlev9               =  1.42546e-05
dlev10              =  1.44758e-05
dlev11              =  1.40412e-05
dlev12              =  7.91949e-06
dlev13              =  8.00122e-06
dlev14              =  8.09588e-06
dlev15              =  8.05499e-06
dlev16              =  9.99993e-01
dlev17              =  9.99996e-01
dlev18              =  9.99996e-01
dlev19              =  9.99998e-01
dlev20              =  9.99999e-01
dlev21              =  9.99999e-01
dlev22              =  9.99998e-01
dlev23              =  9.99997e-01
dlev24              =  9.99996e-01
dlev25              =  9.99996e-01
dlev26              =  9.99996e-01
dlev27              =  9.99996e-01
dlev28              =  9.99996e-01
dlev29              =  9.99996e-01
dlev30              =  9.99996e-01
dlev31              =  9.99996e-01
dlev32              =  9.99996e-01
vos = -1.500282931e-03
lowcount = 1.5999905690e+01
vbias               =  2.49603e-01
Reset re-loads circuit * comparator-offset-transient-mc @ tt_mismatch_125c_1.32v -- generated by sim/harness, do not edit

Circuit: * comparator-offset-transient-mc @ tt_mismatch_125c_1.32v -- generated by sim/harness, do not edit

Doing analysis at TEMP = 125.000000 and TNOM = 27.000000

Using SPARSE 1.3 as Direct Linear Solver

Initial Transient Solution
--------------------------

Node                                   Voltage
----                                   -------
vdd                                       1.32
cm                                         0.6
vd                                      -0.048
ap                                       0.576
an                                       0.624
clk                                          0
ibn                                   0.249896
xa.x1.tmid                         8.13135e-05
xa.x1.tail                            0.587756
xa.x1.np                               1.31998
xa.x1.nn                               1.31993
xa.x1.ln                                  1.32
xa.x1.lp                                  1.32
xa.x1.lnb                          4.07509e-06
xa.x1.lpb                          4.37071e-06
xa.x1.na                                  1.32
doutb                              4.63388e-06
dout                                   1.31999
xa.x1.nb                                  1.32
doutn                                 0.999995
bdoutn#branch                                0
ean#branch                         3.77073e-12
eap#branch                         4.71989e-12
vclk#branch                        6.79614e-10
vd#branch                                    0
vcm#branch                         8.49062e-12
vsup#branch                       -2.01718e-05

 Reference value :  7.86019e-08
 Reference value :  1.95002e-07
 Reference value :  3.10100e-07
 Reference value :  4.25650e-07
 Reference value :  5.40150e-07
 Reference value :  6.52604e-07
 Reference value :  7.70222e-07
 Reference value :  8.89402e-07
No. of Data Rows : 10856
dlev0               =  1.19707e-06
dlev1               =  3.97257e-06
dlev2               =  4.07945e-06
dlev3               =  4.19244e-06
dlev4               =  4.30807e-06
dlev5               =  4.42444e-06
dlev6               =  4.54125e-06
dlev7               =  4.65918e-06
dlev8               =  4.77923e-06
dlev9               =  4.90218e-06
dlev10              =  1.43234e-05
dlev11              =  1.40062e-05
dlev12              =  1.34684e-05
dlev13              =  1.40099e-05
dlev14              =  1.35132e-05
dlev15              =  5.59779e-06
dlev16              =  5.51916e-06
dlev17              =  9.99994e-01
dlev18              =  9.99995e-01
dlev19              =  9.99995e-01
dlev20              =  1.00000e+00
dlev21              =  1.00000e+00
dlev22              =  1.00000e+00
dlev23              =  1.00000e+00
dlev24              =  9.99995e-01
dlev25              =  9.99995e-01
dlev26              =  9.99995e-01
dlev27              =  9.99995e-01
dlev28              =  9.99995e-01
dlev29              =  9.99995e-01
dlev30              =  9.99995e-01
dlev31              =  9.99995e-01
dlev32              =  9.99995e-01
vos = 1.4998188181e-03
lowcount = 1.6999939606e+01
vbias               =  2.49896e-01
Reset re-loads circuit * comparator-offset-transient-mc @ tt_mismatch_125c_1.32v -- generated by sim/harness, do not edit

Circuit: * comparator-offset-transient-mc @ tt_mismatch_125c_1.32v -- generated by sim/harness, do not edit

Doing analysis at TEMP = 125.000000 and TNOM = 27.000000

Using SPARSE 1.3 as Direct Linear Solver

Initial Transient Solution
--------------------------

Node                                   Voltage
----                                   -------
vdd                                       1.32
cm                                         0.6
vd                                      -0.048
ap                                       0.576
an                                       0.624
clk                                          0
ibn                                     0.2484
xa.x1.tmid                         8.70893e-05
xa.x1.tail                            0.583424
xa.x1.np                               1.31998
xa.x1.nn                               1.31993
xa.x1.ln                                  1.32
xa.x1.lp                                  1.32
xa.x1.lnb                          4.25181e-06
xa.x1.lpb                          4.07622e-06
xa.x1.na                               1.27866
doutb                                 0.674532
dout                                    0.6696
xa.x1.nb                               1.27923
doutn                                 0.507273
bdoutn#branch                                0
ean#branch                         3.76821e-12
eap#branch                         4.71784e-12
vclk#branch                         6.7787e-10
vd#branch                                    0
vcm#branch                         8.48605e-12
vsup#branch                       -0.000180484

 Reference value :  0.00000e+00
 Reference value :  1.16496e-07
 Reference value :  2.33711e-07
 Reference value :  3.50268e-07
 Reference value :  4.68219e-07
 Reference value :  5.84194e-07
 Reference value :  7.00603e-07
 Reference value :  8.20038e-07
 Reference value :  9.38250e-07
No. of Data Rows : 10866
dlev0               =  -1.79439e-07
dlev1               =  1.74900e-06
dlev2               =  1.84854e-06
dlev3               =  1.94732e-06
dlev4               =  2.04600e-06
dlev5               =  2.14529e-06
dlev6               =  2.24567e-06
dlev7               =  1.49221e-05
dlev8               =  1.44283e-05
dlev9               =  7.23813e-06
dlev10              =  1.42077e-05
dlev11              =  1.54967e-05
dlev12              =  2.82096e-06
dlev13              =  2.98682e-06
dlev14              =  1.51456e-05
dlev15              =  9.99994e-01
dlev16              =  9.99996e-01
dlev17              =  9.99996e-01
dlev18              =  1.00000e+00
dlev19              =  1.00000e+00
dlev20              =  1.00000e+00
dlev21              =  1.00000e+00
dlev22              =  1.00000e+00
dlev23              =  9.99996e-01
dlev24              =  9.99996e-01
dlev25              =  9.99996e-01
dlev26              =  9.99996e-01
dlev27              =  9.99996e-01
dlev28              =  9.99996e-01
dlev29              =  9.99996e-01
dlev30              =  9.99996e-01
dlev31              =  9.99996e-01
dlev32              =  9.99996e-01
vos = -4.500145646e-03
lowcount = 1.4999951451e+01
vbias               =  2.48400e-01
Reset re-loads circuit * comparator-offset-transient-mc @ tt_mismatch_125c_1.32v -- generated by sim/harness, do not edit

Circuit: * comparator-offset-transient-mc @ tt_mismatch_125c_1.32v -- generated by sim/harness, do not edit

Doing analysis at TEMP = 125.000000 and TNOM = 27.000000

Using SPARSE 1.3 as Direct Linear Solver

Initial Transient Solution
--------------------------

Node                                   Voltage
----                                   -------
vdd                                       1.32
cm                                         0.6
vd                                      -0.048
ap                                       0.576
an                                       0.624
clk                                          0
ibn                                   0.250028
xa.x1.tmid                         8.77125e-05
xa.x1.tail                             0.58546
xa.x1.np                               1.31998
xa.x1.nn                               1.31993
xa.x1.ln                                  1.32
xa.x1.lp                                  1.32
xa.x1.lnb                          3.65366e-06
xa.x1.lpb                          3.54924e-06
xa.x1.na                               1.28009
doutb                                 0.674392
dout                                  0.664959
xa.x1.nb                               1.27896
doutn                                 0.503757
bdoutn#branch                                0
ean#branch                          3.7674e-12
eap#branch                         4.71773e-12
vclk#branch                         6.8243e-10
vd#branch                                    0
vcm#branch                         8.48513e-12
vsup#branch                       -0.000176265

 Reference value :  4.47035e-08
 Reference value :  1.62303e-07
 Reference value :  2.80403e-07
 Reference value :  3.98150e-07
 Reference value :  5.09935e-07
 Reference value :  6.22195e-07
 Reference value :  7.36802e-07
 Reference value :  8.50103e-07
 Reference value :  9.64550e-07
No. of Data Rows : 10867
dlev0               =  4.55356e-06
dlev1               =  7.30938e-06
dlev2               =  7.33471e-06
dlev3               =  7.36464e-06
dlev4               =  7.39554e-06
dlev5               =  7.42559e-06
dlev6               =  7.45480e-06
dlev7               =  7.48411e-06
dlev8               =  7.51457e-06
dlev9               =  7.54696e-06
dlev10              =  1.36643e-05
dlev11              =  1.45691e-05
dlev12              =  1.08932e-05
dlev13              =  1.48048e-05
dlev14              =  7.66937e-06
dlev15              =  7.78494e-06
dlev16              =  1.17282e-05
dlev17              =  9.99992e-01
dlev18              =  9.99994e-01
dlev19              =  1.00000e+00
dlev20              =  9.99996e-01
dlev21              =  9.99996e-01
dlev22              =  9.99999e-01
dlev23              =  1.00000e+00
dlev24              =  9.99994e-01
dlev25              =  9.99994e-01
dlev26              =  9.99994e-01
dlev27              =  9.99994e-01
dlev28              =  9.99994e-01
dlev29              =  9.99994e-01
dlev30              =  9.99994e-01
dlev31              =  9.99994e-01
dlev32              =  9.99993e-01
vos = 1.4997831065e-03
lowcount = 1.6999927702e+01
vbias               =  2.50028e-01
Reset re-loads circuit * comparator-offset-transient-mc @ tt_mismatch_125c_1.32v -- generated by sim/harness, do not edit

Circuit: * comparator-offset-transient-mc @ tt_mismatch_125c_1.32v -- generated by sim/harness, do not edit

Doing analysis at TEMP = 125.000000 and TNOM = 27.000000

Using SPARSE 1.3 as Direct Linear Solver

Initial Transient Solution
--------------------------

Node                                   Voltage
----                                   -------
vdd                                       1.32
cm                                         0.6
vd                                      -0.048
ap                                       0.576
an                                       0.624
clk                                          0
ibn                                   0.252263
xa.x1.tmid                         8.85776e-05
xa.x1.tail                              0.5821
xa.x1.np                               1.31997
xa.x1.nn                               1.31993
xa.x1.ln                                  1.32
xa.x1.lp                                  1.32
xa.x1.lnb                          4.31753e-06
xa.x1.lpb                          3.67417e-06
xa.x1.na                               1.27699
doutb                                 0.669429
dout                                  0.670146
xa.x1.nb                                1.2781
doutn                                 0.507686
bdoutn#branch                                0
ean#branch                         3.76579e-12
eap#branch                         4.71451e-12
vclk#branch                        6.73374e-10
vd#branch                                    0
vcm#branch                          8.4803e-12
vsup#branch                       -0.000183451

 Reference value :  6.87500e-08
 Reference value :  1.83050e-07
 Reference value :  2.96722e-07
 Reference value :  4.10323e-07
 Reference value :  5.24999e-07
 Reference value :  6.40150e-07
 Reference value :  7.56650e-07
 Reference value :  8.70550e-07
 Reference value :  9.83303e-07
No. of Data Rows : 10865
dlev0               =  7.30561e-06
dlev1               =  7.22492e-06
dlev2               =  7.24876e-06
dlev3               =  7.27741e-06
dlev4               =  7.30624e-06
dlev5               =  7.33355e-06
dlev6               =  7.35977e-06
dlev7               =  7.38620e-06
dlev8               =  7.41406e-06
dlev9               =  1.31731e-05
dlev10              =  1.42713e-05
dlev11              =  9.35573e-06
dlev12              =  1.00064e-05
dlev13              =  1.33813e-05
dlev14              =  7.62156e-06
dlev15              =  7.62643e-06
dlev16              =  9.99993e-01
dlev17              =  9.99999e-01
dlev18              =  9.99997e-01
dlev19              =  9.99997e-01
dlev20              =  9.99999e-01
dlev21              =  9.99996e-01
dlev22              =  9.99996e-01
dlev23              =  9.99996e-01
dlev24              =  9.99996e-01
dlev25              =  9.99996e-01
dlev26              =  9.99996e-01
dlev27              =  9.99996e-01
dlev28              =  9.99996e-01
dlev29              =  9.99996e-01
dlev30              =  9.99999e-01
dlev31              =  9.99999e-01
dlev32              =  9.99997e-01
vos = -1.500253777e-03
lowcount = 1.5999915408e+01
vbias               =  2.52263e-01
Reset re-loads circuit * comparator-offset-transient-mc @ tt_mismatch_125c_1.32v -- generated by sim/harness, do not edit

Circuit: * comparator-offset-transient-mc @ tt_mismatch_125c_1.32v -- generated by sim/harness, do not edit

Doing analysis at TEMP = 125.000000 and TNOM = 27.000000

Using SPARSE 1.3 as Direct Linear Solver

Initial Transient Solution
--------------------------

Node                                   Voltage
----                                   -------
vdd                                       1.32
cm                                         0.6
vd                                      -0.048
ap                                       0.576
an                                       0.624
clk                                          0
ibn                                   0.247829
xa.x1.tmid                         0.000100208
xa.x1.tail                            0.578513
xa.x1.np                               1.31997
xa.x1.nn                               1.31992
xa.x1.ln                                  1.32
xa.x1.lp                                  1.32
xa.x1.lnb                          4.00501e-06
xa.x1.lpb                           4.3029e-06
xa.x1.na                               1.27944
doutb                                   0.6724
dout                                  0.669878
xa.x1.nb                               1.27843
doutn                                 0.507484
bdoutn#branch                                0
ean#branch                          3.7659e-12
eap#branch                         4.71367e-12
vclk#branch                        6.76377e-10
vd#branch                                    0
vcm#branch                         8.47958e-12
vsup#branch                       -0.000181142

 Reference value :  8.98300e-08
 Reference value :  2.01593e-07
 Reference value :  3.18097e-07
 Reference value :  4.31606e-07
 Reference value :  5.44450e-07
 Reference value :  6.54623e-07
 Reference value :  7.69398e-07
 Reference value :  8.85206e-07
No. of Data Rows : 10865
dlev0               =  1.04568e-06
dlev1               =  1.16634e-06
dlev2               =  1.27450e-06
dlev3               =  1.38333e-06
dlev4               =  1.49313e-06
dlev5               =  1.60410e-06
dlev6               =  1.71633e-06
dlev7               =  1.49268e-05
dlev8               =  1.54842e-05
dlev9               =  1.56584e-05
dlev10              =  1.56243e-05
dlev11              =  2.24594e-06
dlev12              =  2.36253e-06
dlev13              =  2.51666e-06
dlev14              =  2.66248e-06
dlev15              =  1.52656e-05
dlev16              =  9.99994e-01
dlev17              =  9.99995e-01
dlev18              =  9.99995e-01
dlev19              =  9.99995e-01
dlev20              =  9.99995e-01
dlev21              =  1.00000e+00
dlev22              =  1.00000e+00
dlev23              =  1.00000e+00
dlev24              =  1.00000e+00
dlev25              =  1.00000e+00
dlev26              =  9.99995e-01
dlev27              =  9.99995e-01
dlev28              =  9.99995e-01
dlev29              =  9.99995e-01
dlev30              =  9.99995e-01
dlev31              =  9.99995e-01
dlev32              =  9.99995e-01
vos = -1.500120091e-03
lowcount = 1.5999959970e+01
vbias               =  2.47829e-01
Reset re-loads circuit * comparator-offset-transient-mc @ tt_mismatch_125c_1.32v -- generated by sim/harness, do not edit

Circuit: * comparator-offset-transient-mc @ tt_mismatch_125c_1.32v -- generated by sim/harness, do not edit

Doing analysis at TEMP = 125.000000 and TNOM = 27.000000

Using SPARSE 1.3 as Direct Linear Solver

Initial Transient Solution
--------------------------

Node                                   Voltage
----                                   -------
vdd                                       1.32
cm                                         0.6
vd                                      -0.048
ap                                       0.576
an                                       0.624
clk                                          0
ibn                                   0.250122
xa.x1.tmid                         8.57985e-05
xa.x1.tail                            0.582991
xa.x1.np                               1.31998
xa.x1.nn                               1.31993
xa.x1.ln                                  1.32
xa.x1.lp                                  1.32
xa.x1.lnb                          4.27046e-06
xa.x1.lpb                          4.92896e-06
xa.x1.na                               1.28063
doutb                                  0.67323
dout                                  0.671151
xa.x1.nb                               1.28139
doutn                                 0.508448
bdoutn#branch                                0
ean#branch                         3.76713e-12
eap#branch                         4.71528e-12
vclk#branch                        6.71585e-10
vd#branch                                    0
vcm#branch                         8.48241e-12
vsup#branch                       -0.000175966

 Reference value :  0.00000e+00
 Reference value :  1.10204e-07
 Reference value :  2.21199e-07
 Reference value :  3.39650e-07
 Reference value :  4.53550e-07
 Reference value :  5.66019e-07
 Reference value :  6.82200e-07
 Reference value :  8.00343e-07
 Reference value :  9.19603e-07
No. of Data Rows : 10846
dlev0               =  1.18194e-05
dlev1               =  1.19308e-05
dlev2               =  1.19128e-05
dlev3               =  1.18986e-05
dlev4               =  1.18911e-05
dlev5               =  1.18909e-05
dlev6               =  1.18970e-05
dlev7               =  5.49258e-06
dlev8               =  9.64579e-06
dlev9               =  1.17581e-05
dlev10              =  1.34230e-05
dlev11              =  1.05814e-05
dlev12              =  1.17672e-05
dlev13              =  1.17852e-05
dlev14              =  4.70431e-06
dlev15              =  9.99994e-01
dlev16              =  9.99997e-01
dlev17              =  9.99998e-01
dlev18              =  1.00000e+00
dlev19              =  1.00000e+00
dlev20              =  1.00000e+00
dlev21              =  9.99999e-01
dlev22              =  9.99997e-01
dlev23              =  9.99997e-01
dlev24              =  9.99997e-01
dlev25              =  9.99997e-01
dlev26              =  9.99997e-01
dlev27              =  9.99997e-01
dlev28              =  9.99997e-01
dlev29              =  9.99997e-01
dlev30              =  9.99997e-01
dlev31              =  9.99997e-01
dlev32              =  9.99997e-01
vos = -4.500346195e-03
lowcount = 1.4999884602e+01
vbias               =  2.50122e-01
Reset re-loads circuit * comparator-offset-transient-mc @ tt_mismatch_125c_1.32v -- generated by sim/harness, do not edit

Circuit: * comparator-offset-transient-mc @ tt_mismatch_125c_1.32v -- generated by sim/harness, do not edit

Doing analysis at TEMP = 125.000000 and TNOM = 27.000000

Using SPARSE 1.3 as Direct Linear Solver

Initial Transient Solution
--------------------------

Node                                   Voltage
----                                   -------
vdd                                       1.32
cm                                         0.6
vd                                      -0.048
ap                                       0.576
an                                       0.624
clk                                          0
ibn                                   0.251582
xa.x1.tmid                          7.7638e-05
xa.x1.tail                            0.587277
xa.x1.np                               1.31998
xa.x1.nn                               1.31993
xa.x1.ln                                  1.32
xa.x1.lp                                  1.32
xa.x1.lnb                          4.12794e-06
xa.x1.lpb                          3.57947e-06
xa.x1.na                               1.27689
doutb                                 0.677203
dout                                  0.675816
xa.x1.nb                               1.28149
doutn                                 0.511982
bdoutn#branch                                0
ean#branch                         3.76799e-12
eap#branch                         4.71617e-12
vclk#branch                        6.74307e-10
vd#branch                                    0
vcm#branch                         8.48416e-12
vsup#branch                       -0.000179741

 Reference value :  2.48982e-08
 Reference value :  1.40311e-07
 Reference value :  2.58011e-07
 Reference value :  3.72002e-07
 Reference value :  4.88050e-07
 Reference value :  6.01450e-07
 Reference value :  7.16395e-07
 Reference value :  8.31795e-07
 Reference value :  9.48994e-07
No. of Data Rows : 10864
dlev0               =  5.56244e-06
dlev1               =  5.53838e-06
dlev2               =  5.59444e-06
dlev3               =  5.65176e-06
dlev4               =  5.70829e-06
dlev5               =  5.74802e-06
dlev6               =  5.80994e-06
dlev7               =  5.87056e-06
dlev8               =  5.93096e-06
dlev9               =  5.99230e-06
dlev10              =  6.05521e-06
dlev11              =  6.11939e-06
dlev12              =  6.17697e-06
dlev13              =  6.19059e-06
dlev14              =  6.32639e-06
dlev15              =  9.99993e-01
dlev16              =  9.99996e-01
dlev17              =  1.00000e+00
dlev18              =  9.99996e-01
dlev19              =  9.99996e-01
dlev20              =  9.99996e-01
dlev21              =  9.99996e-01
dlev22              =  9.99996e-01
dlev23              =  9.99996e-01
dlev24              =  9.99996e-01
dlev25              =  9.99996e-01
dlev26              =  9.99996e-01
dlev27              =  9.99996e-01
dlev28              =  9.99996e-01
dlev29              =  9.99996e-01
dlev30              =  1.00000e+00
dlev31              =  1.00000e+00
dlev32              =  9.99999e-01
vos = -4.500077327e-03
lowcount = 1.4999974224e+01
vbias               =  2.51582e-01
Reset re-loads circuit * comparator-offset-transient-mc @ tt_mismatch_125c_1.32v -- generated by sim/harness, do not edit

Circuit: * comparator-offset-transient-mc @ tt_mismatch_125c_1.32v -- generated by sim/harness, do not edit

Doing analysis at TEMP = 125.000000 and TNOM = 27.000000

Using SPARSE 1.3 as Direct Linear Solver

Initial Transient Solution
--------------------------

Node                                   Voltage
----                                   -------
vdd                                       1.32
cm                                         0.6
vd                                      -0.048
ap                                       0.576
an                                       0.624
clk                                          0
ibn                                   0.250404
xa.x1.tmid                         8.06844e-05
xa.x1.tail                            0.586784
xa.x1.np                               1.31998
xa.x1.nn                               1.31994
xa.x1.ln                                  1.32
xa.x1.lp                                  1.32
xa.x1.lnb                          4.16674e-06
xa.x1.lpb                          3.54823e-06
xa.x1.na                               1.27953
doutb                                 0.661633
dout                                   0.66786
xa.x1.nb                               1.27975
doutn                                 0.505955
bdoutn#branch                                0
ean#branch                         3.76721e-12
eap#branch                         4.71748e-12
vclk#branch                        6.72725e-10
vd#branch                                    0
vcm#branch                         8.48469e-12
vsup#branch                       -0.000178636

 Reference value :  5.18014e-08
 Reference value :  1.70265e-07
 Reference value :  2.89208e-07
 Reference value :  4.05010e-07
 Reference value :  5.21403e-07
 Reference value :  6.40064e-07
 Reference value :  7.58050e-07
 Reference value :  8.72350e-07
 Reference value :  9.88717e-07
No. of Data Rows : 10840
dlev0               =  1.18867e-05
dlev1               =  1.20700e-05
dlev2               =  1.20838e-05
dlev3               =  1.20885e-05
dlev4               =  1.20879e-05
dlev5               =  1.20874e-05
dlev6               =  1.20921e-05
dlev7               =  1.21048e-05
dlev8               =  1.21002e-05
dlev9               =  1.20303e-05
dlev10              =  1.19632e-05
dlev11              =  1.18957e-05
dlev12              =  1.18006e-05
dlev13              =  1.16727e-05
dlev14              =  1.17363e-05
dlev15              =  9.99995e-01
dlev16              =  9.99997e-01
dlev17              =  9.99997e-01
dlev18              =  9.99997e-01
dlev19              =  9.99997e-01
dlev20              =  9.99997e-01
dlev21              =  9.99997e-01
dlev22              =  9.99997e-01
dlev23              =  9.99997e-01
dlev24              =  9.99997e-01
dlev25              =  9.99997e-01
dlev26              =  9.99997e-01
dlev27              =  9.99997e-01
dlev28              =  9.99997e-01
dlev29              =  9.99997e-01
dlev30              =  9.99997e-01
dlev31              =  9.99997e-01
dlev32              =  1.00000e+00
vos = -4.500361801e-03
lowcount = 1.4999879400e+01
vbias               =  2.50404e-01
Reset re-loads circuit * comparator-offset-transient-mc @ tt_mismatch_125c_1.32v -- generated by sim/harness, do not edit

Circuit: * comparator-offset-transient-mc @ tt_mismatch_125c_1.32v -- generated by sim/harness, do not edit

Doing analysis at TEMP = 125.000000 and TNOM = 27.000000

Using SPARSE 1.3 as Direct Linear Solver

Initial Transient Solution
--------------------------

Node                                   Voltage
----                                   -------
vdd                                       1.32
cm                                         0.6
vd                                      -0.048
ap                                       0.576
an                                       0.624
clk                                          0
ibn                                   0.246932
xa.x1.tmid                         8.47596e-05
xa.x1.tail                            0.587805
xa.x1.np                               1.31998
xa.x1.nn                               1.31993
xa.x1.ln                                  1.32
xa.x1.lp                                  1.32
xa.x1.lnb                          4.12892e-06
xa.x1.lpb                          4.08143e-06
xa.x1.na                               1.27923
doutb                                 0.670899
dout                                  0.666812
xa.x1.nb                               1.28106
doutn                                  0.50516
bdoutn#branch                                0
ean#branch                         3.76749e-12
eap#branch                         4.71684e-12
vclk#branch                         6.7505e-10
vd#branch                                    0
vcm#branch                         8.48432e-12
vsup#branch                       -0.000180279

 Reference value :  9.43500e-08
 Reference value :  2.10650e-07
 Reference value :  3.27416e-07
 Reference value :  4.42496e-07
 Reference value :  5.60204e-07
 Reference value :  6.76394e-07
 Reference value :  7.92600e-07
 Reference value :  9.10403e-07
No. of Data Rows : 10861
dlev0               =  1.66570e-06
dlev1               =  3.80917e-06
dlev2               =  3.87267e-06
dlev3               =  3.93711e-06
dlev4               =  4.00307e-06
dlev5               =  4.07103e-06
dlev6               =  4.14131e-06
dlev7               =  1.12535e-05
dlev8               =  1.23826e-05
dlev9               =  1.27082e-05
dlev10              =  1.28239e-05
dlev11              =  1.28231e-05
dlev12              =  1.06395e-05
dlev13              =  4.64498e-06
dlev14              =  4.77999e-06
dlev15              =  4.88909e-06
dlev16              =  4.93254e-06
dlev17              =  9.99994e-01
dlev18              =  9.99996e-01
dlev19              =  9.99996e-01
dlev20              =  9.99996e-01
dlev21              =  9.99999e-01
dlev22              =  1.00000e+00
dlev23              =  1.00000e+00
dlev24              =  1.00000e+00
dlev25              =  9.99999e-01
dlev26              =  9.99996e-01
dlev27              =  9.99996e-01
dlev28              =  9.99996e-01
dlev29              =  9.99996e-01
dlev30              =  9.99996e-01
dlev31              =  9.99996e-01
dlev32              =  9.99996e-01
vos = 1.4998023671e-03
lowcount = 1.6999934122e+01
vbias               =  2.46932e-01
Reset re-loads circuit * comparator-offset-transient-mc @ tt_mismatch_125c_1.32v -- generated by sim/harness, do not edit

Circuit: * comparator-offset-transient-mc @ tt_mismatch_125c_1.32v -- generated by sim/harness, do not edit

Doing analysis at TEMP = 125.000000 and TNOM = 27.000000

Using SPARSE 1.3 as Direct Linear Solver

Initial Transient Solution
--------------------------

Node                                   Voltage
----                                   -------
vdd                                       1.32
cm                                         0.6
vd                                      -0.048
ap                                       0.576
an                                       0.624
clk                                          0
ibn                                   0.248596
xa.x1.tmid                         8.01634e-05
xa.x1.tail                             0.58898
xa.x1.np                               1.31998
xa.x1.nn                               1.31993
xa.x1.ln                                  1.32
xa.x1.lp                                  1.32
xa.x1.lnb                          4.13345e-06
xa.x1.lpb                          4.27232e-06
xa.x1.na                                  1.32
doutb                              4.61298e-06
dout                                   1.31999
xa.x1.nb                                  1.32
doutn                                 0.999995
bdoutn#branch                                0
ean#branch                         3.76665e-12
eap#branch                         4.71939e-12
vclk#branch                        6.78863e-10
vd#branch                                    0
vcm#branch                         8.48605e-12
vsup#branch                       -2.01681e-05

 Reference value :  1.87359e-08
 Reference value :  1.35101e-07
 Reference value :  2.52100e-07
 Reference value :  3.70301e-07
 Reference value :  4.87950e-07
 Reference value :  6.03250e-07
 Reference value :  7.18112e-07
 Reference value :  8.34403e-07
 Reference value :  9.51106e-07
No. of Data Rows : 10850
dlev0               =  4.42191e-06
dlev1               =  7.49436e-06
dlev2               =  7.54935e-06
dlev3               =  7.60465e-06
dlev4               =  7.66095e-06
dlev5               =  7.71942e-06
dlev6               =  7.78107e-06
dlev7               =  7.84639e-06
dlev8               =  9.83555e-06
dlev9               =  1.27800e-05
dlev10              =  1.37108e-05
dlev11              =  1.38171e-05
dlev12              =  1.39408e-05
dlev13              =  1.39533e-05
dlev14              =  8.31617e-06
dlev15              =  8.44042e-06
dlev16              =  9.82346e-06
dlev17              =  9.99993e-01
dlev18              =  9.99996e-01
dlev19              =  9.99996e-01
dlev20              =  9.99999e-01
dlev21              =  1.00000e+00
dlev22              =  1.00000e+00
dlev23              =  1.00000e+00
dlev24              =  9.99999e-01
dlev25              =  9.99999e-01
dlev26              =  9.99995e-01
dlev27              =  9.99995e-01
dlev28              =  9.99995e-01
dlev29              =  9.99995e-01
dlev30              =  9.99995e-01
dlev31              =  9.99995e-01
dlev32              =  9.99995e-01
vos = 1.4996667127e-03
lowcount = 1.6999888904e+01
vbias               =  2.48596e-01
Reset re-loads circuit * comparator-offset-transient-mc @ tt_mismatch_125c_1.32v -- generated by sim/harness, do not edit

Circuit: * comparator-offset-transient-mc @ tt_mismatch_125c_1.32v -- generated by sim/harness, do not edit

Doing analysis at TEMP = 125.000000 and TNOM = 27.000000

Using SPARSE 1.3 as Direct Linear Solver

Initial Transient Solution
--------------------------

Node                                   Voltage
----                                   -------
vdd                                       1.32
cm                                         0.6
vd                                      -0.048
ap                                       0.576
an                                       0.624
clk                                          0
ibn                                   0.251461
xa.x1.tmid                          8.3069e-05
xa.x1.tail                            0.585714
xa.x1.np                               1.31998
xa.x1.nn                               1.31993
xa.x1.ln                                  1.32
xa.x1.lp                                  1.32
xa.x1.lnb                          3.83862e-06
xa.x1.lpb                          4.02014e-06
xa.x1.na                                  1.32
doutb                              5.09264e-06
dout                                   1.31999
xa.x1.nb                                  1.32
doutn                                 0.999996
bdoutn#branch                                0
ean#branch                         3.76746e-12
eap#branch                         4.71945e-12
vclk#branch                        6.75212e-10
vd#branch                                    0
vcm#branch                         8.48691e-12
vsup#branch                       -2.01761e-05

 Reference value :  6.00300e-08
 Reference value :  1.79199e-07
 Reference value :  2.92799e-07
 Reference value :  4.10175e-07
 Reference value :  5.26202e-07
 Reference value :  6.41400e-07
 Reference value :  7.60003e-07
 Reference value :  8.78150e-07
No. of Data Rows : 10863
dlev0               =  6.25633e-06
dlev1               =  1.47495e-05
dlev2               =  1.08071e-05
dlev3               =  1.07991e-05
dlev4               =  1.08032e-05
dlev5               =  1.08161e-05
dlev6               =  1.08294e-05
dlev7               =  1.08397e-05
dlev8               =  1.08464e-05
dlev9               =  1.08509e-05
dlev10              =  1.08552e-05
dlev11              =  1.44781e-05
dlev12              =  1.55838e-05
dlev13              =  1.66580e-05
dlev14              =  1.33279e-05
dlev15              =  1.06158e-05
dlev16              =  9.99994e-01
dlev17              =  9.99996e-01
dlev18              =  1.00000e+00
dlev19              =  1.00000e+00
dlev20              =  1.00000e+00
dlev21              =  9.99995e-01
dlev22              =  9.99995e-01
dlev23              =  9.99995e-01
dlev24              =  9.99995e-01
dlev25              =  9.99995e-01
dlev26              =  9.99995e-01
dlev27              =  9.99995e-01
dlev28              =  9.99995e-01
dlev29              =  9.99995e-01
dlev30              =  1.00000e+00
dlev31              =  1.00000e+00
dlev32              =  1.00000e+00
vos = -1.500410449e-03
lowcount = 1.5999863184e+01
vbias               =  2.51461e-01
m_n_samples = 6.0000000000e+01
m_n_out_of_range = 0.0000000000e+00
m_sig_vos_raw_mv = 2.7856660913e+00
m_sig_vos_mv = 2.6476282919e+00
m_vos_3sig_mv = 7.9428848757e+00
m_mean_vos_uv = -7.002438056e+02
m_mean_vos_sem = -1.947134013e+00
m_vbias_anchor_mv = 2.5146080000e+02
Note: Simulation executed from .control section 

