
Note: No compatibility mode selected!


Circuit: * comparator-offset-transient-mc @ tt_mismatch_-40c_1.20v -- generated by sim/harness, do not edit

Reset re-loads circuit * comparator-offset-transient-mc @ tt_mismatch_-40c_1.20v -- generated by sim/harness, do not edit

Circuit: * comparator-offset-transient-mc @ tt_mismatch_-40c_1.20v -- generated by sim/harness, do not edit

Doing analysis at TEMP = -40.000000 and TNOM = 27.000000

Using SPARSE 1.3 as Direct Linear Solver

Initial Transient Solution
--------------------------

Node                                   Voltage
----                                   -------
vdd                                        1.2
cm                                         0.6
vd                                      -0.048
ap                                       0.576
an                                       0.624
clk                                          0
ibn                                   0.344148
xa.x1.tmid                         2.57941e-08
xa.x1.tail                            0.569469
xa.x1.np                                   1.2
xa.x1.nn                                   1.2
xa.x1.ln                                   1.2
xa.x1.lp                                   1.2
xa.x1.lnb                          2.65256e-08
xa.x1.lpb                          2.65796e-08
xa.x1.na                                   1.2
doutb                              2.72668e-08
dout                                       1.2
xa.x1.nb                                   1.2
doutn                                        1
bdoutn#branch                                0
ean#branch                         4.54303e-13
eap#branch                         5.82367e-13
vclk#branch                        2.06618e-10
vd#branch                                    0
vcm#branch                         1.03667e-12
vsup#branch                       -2.00005e-05

 Reference value :  1.86012e-08
 Reference value :  1.10124e-07
 Reference value :  1.95287e-07
 Reference value :  2.93301e-07
 Reference value :  4.03405e-07
 Reference value :  5.06388e-07
 Reference value :  6.12105e-07
 Reference value :  7.30019e-07
 Reference value :  8.32803e-07
 Reference value :  9.40605e-07
No. of Data Rows : 10829
dlev0               =  -2.32142e-05
dlev1               =  -4.06718e-05
dlev2               =  -3.96664e-05
dlev3               =  -9.91888e-06
dlev4               =  -8.91032e-06
dlev5               =  -8.05620e-06
dlev6               =  -2.57290e-05
dlev7               =  -2.54611e-05
dlev8               =  -7.19723e-06
dlev9               =  -8.39502e-06
dlev10              =  -3.54200e-05
dlev11              =  -3.48772e-05
dlev12              =  -3.25494e-05
dlev13              =  -3.17097e-05
dlev14              =  -4.31704e-06
dlev15              =  -3.05838e-05
dlev16              =  9.99986e-01
dlev17              =  9.99997e-01
dlev18              =  9.99996e-01
dlev19              =  9.99984e-01
dlev20              =  9.99984e-01
dlev21              =  9.99983e-01
dlev22              =  9.99983e-01
dlev23              =  9.99995e-01
dlev24              =  9.99996e-01
dlev25              =  9.99987e-01
dlev26              =  9.99995e-01
dlev27              =  9.99995e-01
dlev28              =  9.99994e-01
dlev29              =  9.99994e-01
dlev30              =  9.99981e-01
dlev31              =  9.99980e-01
dlev32              =  9.99980e-01
vos = -1.498334168e-03
lowcount = 1.6000555277e+01
vbias               =  3.44148e-01
Reset re-loads circuit * comparator-offset-transient-mc @ tt_mismatch_-40c_1.20v -- generated by sim/harness, do not edit

Circuit: * comparator-offset-transient-mc @ tt_mismatch_-40c_1.20v -- generated by sim/harness, do not edit

Doing analysis at TEMP = -40.000000 and TNOM = 27.000000

Using SPARSE 1.3 as Direct Linear Solver

Initial Transient Solution
--------------------------

Node                                   Voltage
----                                   -------
vdd                                        1.2
cm                                         0.6
vd                                      -0.048
ap                                       0.576
an                                       0.624
clk                                          0
ibn                                   0.346007
xa.x1.tmid                         2.68595e-08
xa.x1.tail                            0.567312
xa.x1.np                                   1.2
xa.x1.nn                                   1.2
xa.x1.ln                                   1.2
xa.x1.lp                                   1.2
xa.x1.lnb                          2.59489e-08
xa.x1.lpb                           2.6657e-08
xa.x1.na                                   1.2
doutb                                      1.2
dout                               2.75231e-08
xa.x1.nb                                   1.2
doutn                              2.29359e-08
bdoutn#branch                                0
ean#branch                         4.53998e-13
eap#branch                         5.82673e-13
vclk#branch                        2.06203e-10
vd#branch                                    0
vcm#branch                         1.03667e-12
vsup#branch                       -2.00005e-05

 Reference value :  4.57047e-08
 Reference value :  1.60041e-07
 Reference value :  2.72450e-07
 Reference value :  3.80108e-07
 Reference value :  4.88450e-07
 Reference value :  6.00000e-07
 Reference value :  7.13594e-07
 Reference value :  8.28402e-07
 Reference value :  9.44205e-07
No. of Data Rows : 10822
dlev0               =  -4.25055e-05
dlev1               =  -4.28565e-05
dlev2               =  -4.19145e-05
dlev3               =  -4.08253e-05
dlev4               =  -3.96206e-05
dlev5               =  -3.83586e-05
dlev6               =  -3.71200e-05
dlev7               =  -9.52281e-06
dlev8               =  -8.30529e-06
dlev9               =  -3.45341e-05
dlev10              =  -3.40660e-05
dlev11              =  -2.38524e-05
dlev12              =  -8.78219e-06
dlev13              =  -3.42686e-05
dlev14              =  -3.33123e-05
dlev15              =  -6.13419e-06
dlev16              =  -3.17952e-05
dlev17              =  9.99985e-01
dlev18              =  9.99993e-01
dlev19              =  9.99981e-01
dlev20              =  9.99980e-01
dlev21              =  9.99993e-01
dlev22              =  9.99985e-01
dlev23              =  9.99981e-01
dlev24              =  9.99993e-01
dlev25              =  9.99992e-01
dlev26              =  9.99992e-01
dlev27              =  9.99979e-01
dlev28              =  9.99979e-01
dlev29              =  9.99978e-01
dlev30              =  9.99977e-01
dlev31              =  9.99977e-01
dlev32              =  9.99976e-01
vos = 1.5023006227e-03
lowcount = 1.7000766874e+01
vbias               =  3.46006e-01
Reset re-loads circuit * comparator-offset-transient-mc @ tt_mismatch_-40c_1.20v -- generated by sim/harness, do not edit

Circuit: * comparator-offset-transient-mc @ tt_mismatch_-40c_1.20v -- generated by sim/harness, do not edit

Doing analysis at TEMP = -40.000000 and TNOM = 27.000000

Using SPARSE 1.3 as Direct Linear Solver

Initial Transient Solution
--------------------------

Node                                   Voltage
----                                   -------
vdd                                        1.2
cm                                         0.6
vd                                      -0.048
ap                                       0.576
an                                       0.624
clk                                          0
ibn                                   0.346125
xa.x1.tmid                         2.19946e-08
xa.x1.tail                            0.573396
xa.x1.np                                   1.2
xa.x1.nn                                   1.2
xa.x1.ln                                   1.2
xa.x1.lp                                   1.2
xa.x1.lnb                          2.64301e-08
xa.x1.lpb                          2.64847e-08
xa.x1.na                                   1.2
doutb                                      1.2
dout                               2.67365e-08
xa.x1.nb                                   1.2
doutn                              2.22804e-08
bdoutn#branch                                0
ean#branch                         4.54553e-13
eap#branch                         5.82506e-13
vclk#branch                         2.0526e-10
vd#branch                                    0
vcm#branch                         1.03706e-12
vsup#branch                       -2.00005e-05

 Reference value :  5.13022e-08
 Reference value :  1.70208e-07
 Reference value :  2.88595e-07
 Reference value :  4.04704e-07
 Reference value :  5.20889e-07
 Reference value :  6.40083e-07
 Reference value :  7.55850e-07
 Reference value :  8.72950e-07
No. of Data Rows : 10798
dlev0               =  -4.13046e-05
dlev1               =  -4.19208e-05
dlev2               =  -4.09948e-05
dlev3               =  -4.04104e-05
dlev4               =  -3.97169e-05
dlev5               =  -3.89154e-05
dlev6               =  -3.80161e-05
dlev7               =  -3.70790e-05
dlev8               =  -9.98412e-06
dlev9               =  -8.77429e-06
dlev10              =  -3.50452e-05
dlev11              =  -3.47074e-05
dlev12              =  -9.00940e-06
dlev13              =  -3.59711e-05
dlev14              =  -3.50027e-05
dlev15              =  -6.68589e-06
dlev16              =  -6.68827e-06
dlev17              =  9.99980e-01
dlev18              =  9.99981e-01
dlev19              =  9.99980e-01
dlev20              =  9.99994e-01
dlev21              =  9.99995e-01
dlev22              =  9.99995e-01
dlev23              =  9.99994e-01
dlev24              =  9.99994e-01
dlev25              =  9.99980e-01
dlev26              =  9.99979e-01
dlev27              =  9.99979e-01
dlev28              =  9.99979e-01
dlev29              =  9.99978e-01
dlev30              =  9.99978e-01
dlev31              =  9.99978e-01
dlev32              =  9.99977e-01
vos = 1.5022803792e-03
lowcount = 1.7000760126e+01
vbias               =  3.46125e-01
Reset re-loads circuit * comparator-offset-transient-mc @ tt_mismatch_-40c_1.20v -- generated by sim/harness, do not edit

Circuit: * comparator-offset-transient-mc @ tt_mismatch_-40c_1.20v -- generated by sim/harness, do not edit

Doing analysis at TEMP = -40.000000 and TNOM = 27.000000

Using SPARSE 1.3 as Direct Linear Solver

Initial Transient Solution
--------------------------

Node                                   Voltage
----                                   -------
vdd                                        1.2
cm                                         0.6
vd                                      -0.048
ap                                       0.576
an                                       0.624
clk                                          0
ibn                                   0.347013
xa.x1.tmid                         2.32664e-08
xa.x1.tail                            0.571734
xa.x1.np                                   1.2
xa.x1.nn                                   1.2
xa.x1.ln                                   1.2
xa.x1.lp                                   1.2
xa.x1.lnb                           2.5892e-08
xa.x1.lpb                          2.56998e-08
xa.x1.na                               1.18736
doutb                                 0.614236
dout                                  0.618725
xa.x1.nb                                1.1871
doutn                                 0.515604
bdoutn#branch                                0
ean#branch                         4.54276e-13
eap#branch                         5.82145e-13
vclk#branch                        2.06752e-10
vd#branch                                    0
vcm#branch                         1.03642e-12
vsup#branch                         -7.398e-05

 Reference value :  0.00000e+00
 Reference value :  1.16104e-07
 Reference value :  2.35205e-07
 Reference value :  3.52504e-07
 Reference value :  4.70404e-07
 Reference value :  5.86104e-07
 Reference value :  7.02885e-07
 Reference value :  8.20083e-07
 Reference value :  9.39750e-07
No. of Data Rows : 10800
dlev0               =  1.14533e-05
dlev1               =  -4.51897e-05
dlev2               =  -4.27158e-05
dlev3               =  -4.30631e-05
dlev4               =  -4.14584e-05
dlev5               =  -4.03696e-05
dlev6               =  -3.98416e-05
dlev7               =  -3.92500e-05
dlev8               =  -1.46448e-05
dlev9               =  -1.35728e-05
dlev10              =  -1.27791e-05
dlev11              =  -3.79654e-05
dlev12              =  -1.32417e-05
dlev13              =  -3.86060e-05
dlev14              =  -3.85254e-05
dlev15              =  -3.69618e-05
dlev16              =  -1.08225e-05
dlev17              =  9.99990e-01
dlev18              =  9.99994e-01
dlev19              =  9.99979e-01
dlev20              =  9.99979e-01
dlev21              =  9.99991e-01
dlev22              =  9.99993e-01
dlev23              =  9.99978e-01
dlev24              =  9.99978e-01
dlev25              =  9.99992e-01
dlev26              =  9.99992e-01
dlev27              =  9.99977e-01
dlev28              =  9.99977e-01
dlev29              =  9.99977e-01
dlev30              =  9.99977e-01
dlev31              =  9.99977e-01
dlev32              =  9.99976e-01
vos = 1.5023095630e-03
lowcount = 1.7000769854e+01
vbias               =  3.47013e-01
Reset re-loads circuit * comparator-offset-transient-mc @ tt_mismatch_-40c_1.20v -- generated by sim/harness, do not edit

Circuit: * comparator-offset-transient-mc @ tt_mismatch_-40c_1.20v -- generated by sim/harness, do not edit

Doing analysis at TEMP = -40.000000 and TNOM = 27.000000

Using SPARSE 1.3 as Direct Linear Solver

Initial Transient Solution
--------------------------

Node                                   Voltage
----                                   -------
vdd                                        1.2
cm                                         0.6
vd                                      -0.048
ap                                       0.576
an                                       0.624
clk                                          0
ibn                                   0.344616
xa.x1.tmid                         2.59954e-08
xa.x1.tail                            0.572425
xa.x1.np                                   1.2
xa.x1.nn                                   1.2
xa.x1.ln                                   1.2
xa.x1.lp                                   1.2
xa.x1.lnb                          2.78852e-08
xa.x1.lpb                            2.713e-08
xa.x1.na                                   1.2
doutb                                      1.2
dout                               2.66533e-08
xa.x1.nb                                   1.2
doutn                               2.2211e-08
bdoutn#branch                                0
ean#branch                         4.54331e-13
eap#branch                         5.82395e-13
vclk#branch                        2.04521e-10
vd#branch                                    0
vcm#branch                         1.03673e-12
vsup#branch                       -2.00005e-05

 Reference value :  4.51047e-08
 Reference value :  1.62602e-07
 Reference value :  2.80100e-07
 Reference value :  3.93550e-07
 Reference value :  5.11350e-07
 Reference value :  6.22406e-07
 Reference value :  7.40796e-07
 Reference value :  8.59587e-07
 Reference value :  9.76401e-07
No. of Data Rows : 10824
dlev0               =  -2.83546e-05
dlev1               =  -2.78286e-05
dlev2               =  -2.73282e-05
dlev3               =  -2.68325e-05
dlev4               =  -2.63404e-05
dlev5               =  -2.58514e-05
dlev6               =  -2.53640e-05
dlev7               =  2.60829e-06
dlev8               =  3.35186e-06
dlev9               =  3.95874e-06
dlev10              =  5.87443e-06
dlev11              =  4.63193e-06
dlev12              =  4.25163e-06
dlev13              =  -2.00651e-05
dlev14              =  -1.94918e-05
dlev15              =  -1.88804e-05
dlev16              =  -1.82315e-05
dlev17              =  5.83400e-06
dlev18              =  -1.70526e-05
dlev19              =  9.99989e-01
dlev20              =  9.99999e-01
dlev21              =  9.99984e-01
dlev22              =  9.99984e-01
dlev23              =  9.99983e-01
dlev24              =  9.99982e-01
dlev25              =  9.99996e-01
dlev26              =  9.99987e-01
dlev27              =  9.99987e-01
dlev28              =  9.99987e-01
dlev29              =  9.99995e-01
dlev30              =  9.99995e-01
dlev31              =  9.99994e-01
dlev32              =  9.99981e-01
vos = 7.5012267310e-03
lowcount = 1.9000408910e+01
vbias               =  3.44616e-01
Reset re-loads circuit * comparator-offset-transient-mc @ tt_mismatch_-40c_1.20v -- generated by sim/harness, do not edit

Circuit: * comparator-offset-transient-mc @ tt_mismatch_-40c_1.20v -- generated by sim/harness, do not edit

Doing analysis at TEMP = -40.000000 and TNOM = 27.000000

Using SPARSE 1.3 as Direct Linear Solver

Initial Transient Solution
--------------------------

Node                                   Voltage
----                                   -------
vdd                                        1.2
cm                                         0.6
vd                                      -0.048
ap                                       0.576
an                                       0.624
clk                                          0
ibn                                   0.344609
xa.x1.tmid                         2.42585e-08
xa.x1.tail                            0.571416
xa.x1.np                                   1.2
xa.x1.nn                                   1.2
xa.x1.ln                                   1.2
xa.x1.lp                                   1.2
xa.x1.lnb                          2.64763e-08
xa.x1.lpb                          2.65759e-08
xa.x1.na                                   1.2
doutb                                      1.2
dout                               2.76327e-08
xa.x1.nb                                   1.2
doutn                              2.30272e-08
bdoutn#branch                                0
ean#branch                         4.54164e-13
eap#branch                         5.82034e-13
vclk#branch                        2.04305e-10
vd#branch                                    0
vcm#branch                          1.0362e-12
vsup#branch                       -2.00005e-05

 Reference value :  8.38046e-08
 Reference value :  2.00807e-07
 Reference value :  3.19705e-07
 Reference value :  4.35604e-07
 Reference value :  5.51205e-07
 Reference value :  6.70003e-07
 Reference value :  7.85650e-07
 Reference value :  8.90242e-07
 Reference value :  9.75005e-07
No. of Data Rows : 10823
dlev0               =  -3.70659e-05
dlev1               =  -3.73591e-05
dlev2               =  -3.67031e-05
dlev3               =  -3.60641e-05
dlev4               =  -1.05183e-05
dlev5               =  -9.68169e-06
dlev6               =  -9.02568e-06
dlev7               =  -8.66868e-06
dlev8               =  -8.97853e-06
dlev9               =  -3.49123e-05
dlev10              =  -3.51817e-05
dlev11              =  -3.47002e-05
dlev12              =  -3.34445e-05
dlev13              =  -7.64494e-06
dlev14              =  -3.26610e-05
dlev15              =  9.99991e-01
dlev16              =  9.99994e-01
dlev17              =  9.99994e-01
dlev18              =  9.99982e-01
dlev19              =  9.99982e-01
dlev20              =  9.99982e-01
dlev21              =  9.99993e-01
dlev22              =  9.99994e-01
dlev23              =  9.99986e-01
dlev24              =  9.99985e-01
dlev25              =  9.99993e-01
dlev26              =  9.99993e-01
dlev27              =  9.99992e-01
dlev28              =  9.99980e-01
dlev29              =  9.99980e-01
dlev30              =  9.99979e-01
dlev31              =  9.99979e-01
dlev32              =  9.99978e-01
vos = -4.498160371e-03
lowcount = 1.5000613210e+01
vbias               =  3.44608e-01
Reset re-loads circuit * comparator-offset-transient-mc @ tt_mismatch_-40c_1.20v -- generated by sim/harness, do not edit

Circuit: * comparator-offset-transient-mc @ tt_mismatch_-40c_1.20v -- generated by sim/harness, do not edit

Doing analysis at TEMP = -40.000000 and TNOM = 27.000000

Using SPARSE 1.3 as Direct Linear Solver

Initial Transient Solution
--------------------------

Node                                   Voltage
----                                   -------
vdd                                        1.2
cm                                         0.6
vd                                      -0.048
ap                                       0.576
an                                       0.624
clk                                          0
ibn                                   0.347595
xa.x1.tmid                         2.34532e-08
xa.x1.tail                            0.569824
xa.x1.np                                   1.2
xa.x1.nn                                   1.2
xa.x1.ln                                   1.2
xa.x1.lp                                   1.2
xa.x1.lnb                          2.62311e-08
xa.x1.lpb                          2.60938e-08
xa.x1.na                                1.1888
doutb                                 0.623122
dout                                   0.62832
xa.x1.nb                               1.18894
doutn                                   0.5236
bdoutn#branch                                0
ean#branch                         4.54164e-13
eap#branch                         5.82479e-13
vclk#branch                        2.06044e-10
vd#branch                                    0
vcm#branch                         1.03664e-12
vsup#branch                        -6.7647e-05

 Reference value :  4.43047e-08
 Reference value :  1.29050e-07
 Reference value :  2.09003e-07
 Reference value :  2.90221e-07
 Reference value :  3.72105e-07
 Reference value :  4.55550e-07
 Reference value :  5.33401e-07
 Reference value :  6.16896e-07
 Reference value :  6.99050e-07
 Reference value :  7.80450e-07
 Reference value :  8.97902e-07
No. of Data Rows : 10803
dlev0               =  -4.46256e-05
dlev1               =  -4.28592e-05
dlev2               =  -4.14461e-05
dlev3               =  -4.08083e-05
dlev4               =  -4.01032e-05
dlev5               =  -3.94150e-05
dlev6               =  -1.18465e-05
dlev7               =  -1.07045e-05
dlev8               =  -3.02633e-05
dlev9               =  -2.96164e-05
dlev10              =  -1.03830e-05
dlev11              =  -3.85479e-05
dlev12              =  -3.82792e-05
dlev13              =  -3.68201e-05
dlev14              =  -7.94051e-06
dlev15              =  -8.43066e-06
dlev16              =  9.99979e-01
dlev17              =  9.99978e-01
dlev18              =  9.99977e-01
dlev19              =  9.99977e-01
dlev20              =  9.99990e-01
dlev21              =  9.99982e-01
dlev22              =  9.99977e-01
dlev23              =  9.99990e-01
dlev24              =  9.99989e-01
dlev25              =  9.99977e-01
dlev26              =  9.99976e-01
dlev27              =  9.99976e-01
dlev28              =  9.99976e-01
dlev29              =  9.99975e-01
dlev30              =  9.99974e-01
dlev31              =  9.99975e-01
dlev32              =  9.99975e-01
vos = -1.497512731e-03
lowcount = 1.6000829090e+01
vbias               =  3.47594e-01
Reset re-loads circuit * comparator-offset-transient-mc @ tt_mismatch_-40c_1.20v -- generated by sim/harness, do not edit

Circuit: * comparator-offset-transient-mc @ tt_mismatch_-40c_1.20v -- generated by sim/harness, do not edit

Doing analysis at TEMP = -40.000000 and TNOM = 27.000000

Using SPARSE 1.3 as Direct Linear Solver

Initial Transient Solution
--------------------------

Node                                   Voltage
----                                   -------
vdd                                        1.2
cm                                         0.6
vd                                      -0.048
ap                                       0.576
an                                       0.624
clk                                          0
ibn                                   0.343484
xa.x1.tmid                         2.56144e-08
xa.x1.tail                             0.56986
xa.x1.np                                   1.2
xa.x1.nn                                   1.2
xa.x1.ln                                   1.2
xa.x1.lp                                   1.2
xa.x1.lnb                          2.61048e-08
xa.x1.lpb                          2.67106e-08
xa.x1.na                                   1.2
doutb                              2.78319e-08
dout                                       1.2
xa.x1.nb                                   1.2
doutn                                        1
bdoutn#branch                                0
ean#branch                         4.54442e-13
eap#branch                         5.82145e-13
vclk#branch                        2.02106e-10
vd#branch                                    0
vcm#branch                         1.03659e-12
vsup#branch                       -2.00005e-05

 Reference value :  0.00000e+00
 Reference value :  8.04022e-08
 Reference value :  1.61403e-07
 Reference value :  2.45650e-07
 Reference value :  3.26900e-07
 Reference value :  4.09801e-07
 Reference value :  4.90205e-07
 Reference value :  5.71750e-07
 Reference value :  6.53897e-07
 Reference value :  7.41097e-07
 Reference value :  8.56997e-07
 Reference value :  9.40998e-07
No. of Data Rows : 10820
dlev0               =  -2.22098e-05
dlev1               =  -1.03931e-05
dlev2               =  -1.04436e-05
dlev3               =  -1.08869e-05
dlev4               =  -3.73074e-05
dlev5               =  -3.72980e-05
dlev6               =  -3.70005e-05
dlev7               =  -3.64934e-05
dlev8               =  -3.58534e-05
dlev9               =  -3.51498e-05
dlev10              =  -3.41105e-05
dlev11              =  -3.28007e-05
dlev12              =  -6.02586e-06
dlev13              =  -3.10408e-05
dlev14              =  -3.02842e-05
dlev15              =  9.99989e-01
dlev16              =  9.99986e-01
dlev17              =  9.99998e-01
dlev18              =  9.99997e-01
dlev19              =  9.99985e-01
dlev20              =  9.99985e-01
dlev21              =  9.99983e-01
dlev22              =  9.99983e-01
dlev23              =  9.99983e-01
dlev24              =  9.99983e-01
dlev25              =  9.99982e-01
dlev26              =  9.99996e-01
dlev27              =  9.99996e-01
dlev28              =  9.99996e-01
dlev29              =  9.99996e-01
dlev30              =  9.99995e-01
dlev31              =  9.99995e-01
dlev32              =  9.99995e-01
vos = -4.498245606e-03
lowcount = 1.5000584798e+01
vbias               =  3.43484e-01
Reset re-loads circuit * comparator-offset-transient-mc @ tt_mismatch_-40c_1.20v -- generated by sim/harness, do not edit

Circuit: * comparator-offset-transient-mc @ tt_mismatch_-40c_1.20v -- generated by sim/harness, do not edit

Doing analysis at TEMP = -40.000000 and TNOM = 27.000000

Using SPARSE 1.3 as Direct Linear Solver

Initial Transient Solution
--------------------------

Node                                   Voltage
----                                   -------
vdd                                        1.2
cm                                         0.6
vd                                      -0.048
ap                                       0.576
an                                       0.624
clk                                          0
ibn                                   0.344369
xa.x1.tmid                         2.43288e-08
xa.x1.tail                            0.570106
xa.x1.np                                   1.2
xa.x1.nn                                   1.2
xa.x1.ln                                   1.2
xa.x1.lp                                   1.2
xa.x1.lnb                          2.67045e-08
xa.x1.lpb                          2.64967e-08
xa.x1.na                                   1.2
doutb                              2.66017e-08
dout                                       1.2
xa.x1.nb                                   1.2
doutn                                        1
bdoutn#branch                                0
ean#branch                         4.54664e-13
eap#branch                         5.82145e-13
vclk#branch                        2.05249e-10
vd#branch                                    0
vcm#branch                         1.03681e-12
vsup#branch                       -2.00005e-05

 Reference value :  1.01680e-08
 Reference value :  9.11500e-08
 Reference value :  1.71504e-07
 Reference value :  2.56095e-07
 Reference value :  3.38650e-07
 Reference value :  4.20550e-07
 Reference value :  5.00702e-07
 Reference value :  5.82204e-07
 Reference value :  6.92250e-07
 Reference value :  8.02903e-07
 Reference value :  9.17402e-07
No. of Data Rows : 10817
dlev0               =  -1.47872e-05
dlev1               =  -4.14091e-05
dlev2               =  -4.09104e-05
dlev3               =  -4.04013e-05
dlev4               =  -1.40205e-05
dlev5               =  -1.31621e-05
dlev6               =  -1.24505e-05
dlev7               =  -1.19303e-05
dlev8               =  -1.17887e-05
dlev9               =  -1.24746e-05
dlev10              =  -3.93505e-05
dlev11              =  -3.94409e-05
dlev12              =  -3.88978e-05
dlev13              =  -3.74831e-05
dlev14              =  -1.07194e-05
dlev15              =  -3.59287e-05
dlev16              =  -3.48315e-05
dlev17              =  9.99979e-01
dlev18              =  9.99994e-01
dlev19              =  9.99979e-01
dlev20              =  9.99979e-01
dlev21              =  9.99979e-01
dlev22              =  9.99978e-01
dlev23              =  9.99992e-01
dlev24              =  9.99993e-01
dlev25              =  9.99983e-01
dlev26              =  9.99992e-01
dlev27              =  9.99992e-01
dlev28              =  9.99992e-01
dlev29              =  9.99991e-01
dlev30              =  9.99977e-01
dlev31              =  9.99976e-01
dlev32              =  9.99976e-01
vos = 1.5020921598e-03
lowcount = 1.7000697387e+01
vbias               =  3.44368e-01
Reset re-loads circuit * comparator-offset-transient-mc @ tt_mismatch_-40c_1.20v -- generated by sim/harness, do not edit

Circuit: * comparator-offset-transient-mc @ tt_mismatch_-40c_1.20v -- generated by sim/harness, do not edit

Doing analysis at TEMP = -40.000000 and TNOM = 27.000000

Using SPARSE 1.3 as Direct Linear Solver

Initial Transient Solution
--------------------------

Node                                   Voltage
----                                   -------
vdd                                        1.2
cm                                         0.6
vd                                      -0.048
ap                                       0.576
an                                       0.624
clk                                          0
ibn                                   0.346106
xa.x1.tmid                         2.51172e-08
xa.x1.tail                             0.56867
xa.x1.np                                   1.2
xa.x1.nn                                   1.2
xa.x1.ln                                   1.2
xa.x1.lp                                   1.2
xa.x1.lnb                          2.58153e-08
xa.x1.lpb                           2.6784e-08
xa.x1.na                               1.18892
doutb                                  0.62508
dout                                  0.627137
xa.x1.nb                               1.18874
doutn                                 0.522614
bdoutn#branch                                0
ean#branch                         4.54192e-13
eap#branch                         5.82367e-13
vclk#branch                        2.04511e-10
vd#branch                                    0
vcm#branch                         1.03656e-12
vsup#branch                       -6.74472e-05

 Reference value :  1.60251e-08
 Reference value :  1.00405e-07
 Reference value :  1.85450e-07
 Reference value :  2.66102e-07
 Reference value :  3.48003e-07
 Reference value :  4.30100e-07
 Reference value :  5.10000e-07
 Reference value :  6.09150e-07
 Reference value :  6.87904e-07
 Reference value :  7.68797e-07
 Reference value :  8.50083e-07
 Reference value :  9.32250e-07
No. of Data Rows : 10811
dlev0               =  -4.49870e-05
dlev1               =  -4.51405e-05
dlev2               =  -4.47342e-05
dlev3               =  -4.41313e-05
dlev4               =  -4.29816e-05
dlev5               =  -1.69862e-05
dlev6               =  -1.59762e-05
dlev7               =  -3.11197e-05
dlev8               =  -3.12428e-05
dlev9               =  -1.22237e-05
dlev10              =  -1.62069e-05
dlev11              =  -4.08527e-05
dlev12              =  -4.06265e-05
dlev13              =  -3.95792e-05
dlev14              =  -1.44162e-05
dlev15              =  -3.79042e-05
dlev16              =  9.99988e-01
dlev17              =  1.00000e+00
dlev18              =  9.99988e-01
dlev19              =  9.99987e-01
dlev20              =  9.99987e-01
dlev21              =  9.99987e-01
dlev22              =  9.99999e-01
dlev23              =  1.00000e+00
dlev24              =  1.00000e+00
dlev25              =  9.99998e-01
dlev26              =  9.99998e-01
dlev27              =  9.99985e-01
dlev28              =  9.99985e-01
dlev29              =  9.99984e-01
dlev30              =  9.99984e-01
dlev31              =  9.99983e-01
dlev32              =  9.99983e-01
vos = -1.497945573e-03
lowcount = 1.6000684809e+01
vbias               =  3.46106e-01
Reset re-loads circuit * comparator-offset-transient-mc @ tt_mismatch_-40c_1.20v -- generated by sim/harness, do not edit

Circuit: * comparator-offset-transient-mc @ tt_mismatch_-40c_1.20v -- generated by sim/harness, do not edit

Doing analysis at TEMP = -40.000000 and TNOM = 27.000000

Using SPARSE 1.3 as Direct Linear Solver

Initial Transient Solution
--------------------------

Node                                   Voltage
----                                   -------
vdd                                        1.2
cm                                         0.6
vd                                      -0.048
ap                                       0.576
an                                       0.624
clk                                          0
ibn                                   0.343748
xa.x1.tmid                         2.81853e-08
xa.x1.tail                            0.567532
xa.x1.np                                   1.2
xa.x1.nn                                   1.2
xa.x1.ln                                   1.2
xa.x1.lp                                   1.2
xa.x1.lnb                          2.71563e-08
xa.x1.lpb                          2.65703e-08
xa.x1.na                                   1.2
doutb                                      1.2
dout                               2.73256e-08
xa.x1.nb                                   1.2
doutn                              2.27713e-08
bdoutn#branch                                0
ean#branch                         4.53998e-13
eap#branch                          5.8184e-13
vclk#branch                        2.07497e-10
vd#branch                                    0
vcm#branch                         1.03584e-12
vsup#branch                       -2.00005e-05

 Reference value :  3.42800e-09
 Reference value :  9.90500e-08
 Reference value :  1.77399e-07
 Reference value :  2.59206e-07
 Reference value :  3.40103e-07
 Reference value :  4.38606e-07
 Reference value :  5.39501e-07
 Reference value :  6.50265e-07
 Reference value :  7.36597e-07
 Reference value :  8.17350e-07
 Reference value :  9.00030e-07
 Reference value :  9.89698e-07
No. of Data Rows : 10841
dlev0               =  -4.55465e-05
dlev1               =  -1.91815e-05
dlev2               =  -1.85621e-05
dlev3               =  -1.80663e-05
dlev4               =  -1.77495e-05
dlev5               =  -1.77245e-05
dlev6               =  -1.81486e-05
dlev7               =  -4.40339e-05
dlev8               =  -4.39025e-05
dlev9               =  -4.37277e-05
dlev10              =  -4.29345e-05
dlev11              =  -4.11157e-05
dlev12              =  -1.57384e-05
dlev13              =  -1.49326e-05
dlev14              =  -3.79248e-05
dlev15              =  9.99989e-01
dlev16              =  9.99993e-01
dlev17              =  9.99993e-01
dlev18              =  9.99981e-01
dlev19              =  9.99980e-01
dlev20              =  9.99980e-01
dlev21              =  9.99980e-01
dlev22              =  9.99979e-01
dlev23              =  9.99992e-01
dlev24              =  9.99992e-01
dlev25              =  9.99992e-01
dlev26              =  9.99992e-01
dlev27              =  9.99991e-01
dlev28              =  9.99991e-01
dlev29              =  9.99991e-01
dlev30              =  9.99978e-01
dlev31              =  9.99977e-01
dlev32              =  9.99977e-01
vos = -4.497929433e-03
lowcount = 1.5000690189e+01
vbias               =  3.43748e-01
Reset re-loads circuit * comparator-offset-transient-mc @ tt_mismatch_-40c_1.20v -- generated by sim/harness, do not edit

Circuit: * comparator-offset-transient-mc @ tt_mismatch_-40c_1.20v -- generated by sim/harness, do not edit

Doing analysis at TEMP = -40.000000 and TNOM = 27.000000

Using SPARSE 1.3 as Direct Linear Solver

Initial Transient Solution
--------------------------

Node                                   Voltage
----                                   -------
vdd                                        1.2
cm                                         0.6
vd                                      -0.048
ap                                       0.576
an                                       0.624
clk                                          0
ibn                                   0.341525
xa.x1.tmid                         2.72117e-08
xa.x1.tail                            0.570925
xa.x1.np                                   1.2
xa.x1.nn                                   1.2
xa.x1.ln                                   1.2
xa.x1.lp                                   1.2
xa.x1.lnb                          2.54601e-08
xa.x1.lpb                          2.71292e-08
xa.x1.na                                   1.2
doutb                              2.75196e-08
dout                                       1.2
xa.x1.nb                                   1.2
doutn                                        1
bdoutn#branch                                0
ean#branch                          4.5422e-13
eap#branch                         5.82451e-13
vclk#branch                        2.06039e-10
vd#branch                                    0
vcm#branch                         1.03667e-12
vsup#branch                       -2.00005e-05

 Reference value :  5.93026e-08
 Reference value :  1.40242e-07
 Reference value :  2.37706e-07
 Reference value :  3.19899e-07
 Reference value :  4.10317e-07
 Reference value :  4.91808e-07
 Reference value :  5.76850e-07
 Reference value :  6.63050e-07
 Reference value :  7.70209e-07
 Reference value :  8.83404e-07
No. of Data Rows : 10788
dlev0               =  7.27273e-06
dlev1               =  -4.61534e-05
dlev2               =  -4.60086e-05
dlev3               =  -4.49907e-05
dlev4               =  -4.34003e-05
dlev5               =  -4.12588e-05
dlev6               =  -4.18514e-05
dlev7               =  -4.09206e-05
dlev8               =  -4.04461e-05
dlev9               =  -3.97949e-05
dlev10              =  -1.87119e-05
dlev11              =  -1.76757e-05
dlev12              =  -1.81756e-05
dlev13              =  -4.03989e-05
dlev14              =  -3.92648e-05
dlev15              =  -3.94010e-05
dlev16              =  9.99981e-01
dlev17              =  9.99980e-01
dlev18              =  9.99979e-01
dlev19              =  9.99994e-01
dlev20              =  9.99993e-01
dlev21              =  9.99994e-01
dlev22              =  9.99979e-01
dlev23              =  9.99979e-01
dlev24              =  9.99978e-01
dlev25              =  9.99978e-01
dlev26              =  9.99977e-01
dlev27              =  9.99977e-01
dlev28              =  9.99977e-01
dlev29              =  9.99977e-01
dlev30              =  9.99977e-01
dlev31              =  9.99977e-01
dlev32              =  9.99990e-01
vos = -1.497404760e-03
lowcount = 1.6000865080e+01
vbias               =  3.41525e-01
Reset re-loads circuit * comparator-offset-transient-mc @ tt_mismatch_-40c_1.20v -- generated by sim/harness, do not edit

Circuit: * comparator-offset-transient-mc @ tt_mismatch_-40c_1.20v -- generated by sim/harness, do not edit

Doing analysis at TEMP = -40.000000 and TNOM = 27.000000

Using SPARSE 1.3 as Direct Linear Solver

Initial Transient Solution
--------------------------

Node                                   Voltage
----                                   -------
vdd                                        1.2
cm                                         0.6
vd                                      -0.048
ap                                       0.576
an                                       0.624
clk                                          0
ibn                                   0.343411
xa.x1.tmid                         2.50954e-08
xa.x1.tail                             0.57129
xa.x1.np                                   1.2
xa.x1.nn                                   1.2
xa.x1.ln                                   1.2
xa.x1.lp                                   1.2
xa.x1.lnb                          2.64834e-08
xa.x1.lpb                          2.68357e-08
xa.x1.na                                   1.2
doutb                              2.62019e-08
dout                                       1.2
xa.x1.nb                                   1.2
doutn                                        1
bdoutn#branch                                0
ean#branch                          4.5422e-13
eap#branch                         5.82256e-13
vclk#branch                        2.04892e-10
vd#branch                                    0
vcm#branch                         1.03648e-12
vsup#branch                       -2.00005e-05

 Reference value :  0.00000e+00
 Reference value :  7.87981e-08
 Reference value :  1.70108e-07
 Reference value :  2.81205e-07
 Reference value :  4.00103e-07
 Reference value :  5.15950e-07
 Reference value :  6.29396e-07
 Reference value :  7.40003e-07
 Reference value :  8.39000e-07
 Reference value :  9.20202e-07
No. of Data Rows : 10844
dlev0               =  -9.10395e-06
dlev1               =  -8.73045e-06
dlev2               =  -7.83106e-06
dlev3               =  -7.07924e-06
dlev4               =  -6.46875e-06
dlev5               =  -6.03335e-06
dlev6               =  -5.89044e-06
dlev7               =  -6.29111e-06
dlev8               =  -3.11371e-05
dlev9               =  -3.05421e-05
dlev10              =  -2.99536e-05
dlev11              =  -2.93292e-05
dlev12              =  -2.86858e-05
dlev13              =  -2.80512e-05
dlev14              =  -2.57642e-06
dlev15              =  -2.68564e-05
dlev16              =  -2.62776e-05
dlev17              =  9.99996e-01
dlev18              =  9.99993e-01
dlev19              =  9.99993e-01
dlev20              =  9.99981e-01
dlev21              =  9.99979e-01
dlev22              =  9.99979e-01
dlev23              =  9.99978e-01
dlev24              =  9.99978e-01
dlev25              =  9.99991e-01
dlev26              =  9.99991e-01
dlev27              =  9.99992e-01
dlev28              =  9.99984e-01
dlev29              =  9.99992e-01
dlev30              =  9.99991e-01
dlev31              =  9.99991e-01
dlev32              =  9.99990e-01
vos = 1.5014737137e-03
lowcount = 1.7000491238e+01
vbias               =  3.43411e-01
Reset re-loads circuit * comparator-offset-transient-mc @ tt_mismatch_-40c_1.20v -- generated by sim/harness, do not edit

Circuit: * comparator-offset-transient-mc @ tt_mismatch_-40c_1.20v -- generated by sim/harness, do not edit

Doing analysis at TEMP = -40.000000 and TNOM = 27.000000

Using SPARSE 1.3 as Direct Linear Solver

Initial Transient Solution
--------------------------

Node                                   Voltage
----                                   -------
vdd                                        1.2
cm                                         0.6
vd                                      -0.048
ap                                       0.576
an                                       0.624
clk                                          0
ibn                                   0.345451
xa.x1.tmid                         2.79858e-08
xa.x1.tail                            0.567121
xa.x1.np                                   1.2
xa.x1.nn                                   1.2
xa.x1.ln                                   1.2
xa.x1.lp                                   1.2
xa.x1.lnb                          2.72445e-08
xa.x1.lpb                          2.63646e-08
xa.x1.na                                   1.2
doutb                                      1.2
dout                               2.66376e-08
xa.x1.nb                                   1.2
doutn                               2.2198e-08
bdoutn#branch                                0
ean#branch                         4.54026e-13
eap#branch                         5.82256e-13
vclk#branch                        2.05024e-10
vd#branch                                    0
vcm#branch                         1.03628e-12
vsup#branch                       -2.00005e-05

 Reference value :  0.00000e+00
 Reference value :  8.12999e-08
 Reference value :  1.65000e-07
 Reference value :  2.50066e-07
 Reference value :  3.42899e-07
 Reference value :  4.31405e-07
 Reference value :  5.13850e-07
 Reference value :  5.93304e-07
 Reference value :  6.73495e-07
 Reference value :  7.85150e-07
 Reference value :  8.73550e-07
 Reference value :  9.55101e-07
No. of Data Rows : 10813
dlev0               =  -4.53377e-05
dlev1               =  -4.56818e-05
dlev2               =  -4.57292e-05
dlev3               =  -4.45957e-05
dlev4               =  -4.33843e-05
dlev5               =  -4.22142e-05
dlev6               =  -1.34192e-05
dlev7               =  -1.23166e-05
dlev8               =  -3.00310e-05
dlev9               =  -2.96863e-05
dlev10              =  -1.15240e-05
dlev11              =  -1.27661e-05
dlev12              =  -3.93344e-05
dlev13              =  -3.85051e-05
dlev14              =  -3.75198e-05
dlev15              =  -8.88431e-06
dlev16              =  -9.51524e-06
dlev17              =  9.99980e-01
dlev18              =  9.99980e-01
dlev19              =  9.99979e-01
dlev20              =  9.99978e-01
dlev21              =  9.99989e-01
dlev22              =  9.99990e-01
dlev23              =  9.99979e-01
dlev24              =  9.99978e-01
dlev25              =  9.99982e-01
dlev26              =  9.99989e-01
dlev27              =  9.99989e-01
dlev28              =  9.99978e-01
dlev29              =  9.99977e-01
dlev30              =  9.99976e-01
dlev31              =  9.99975e-01
dlev32              =  9.99975e-01
vos = 1.5024523346e-03
lowcount = 1.7000817445e+01
vbias               =  3.45451e-01
Reset re-loads circuit * comparator-offset-transient-mc @ tt_mismatch_-40c_1.20v -- generated by sim/harness, do not edit

Circuit: * comparator-offset-transient-mc @ tt_mismatch_-40c_1.20v -- generated by sim/harness, do not edit

Doing analysis at TEMP = -40.000000 and TNOM = 27.000000

Using SPARSE 1.3 as Direct Linear Solver

Initial Transient Solution
--------------------------

Node                                   Voltage
----                                   -------
vdd                                        1.2
cm                                         0.6
vd                                      -0.048
ap                                       0.576
an                                       0.624
clk                                          0
ibn                                   0.344788
xa.x1.tmid                         2.90559e-08
xa.x1.tail                            0.565264
xa.x1.np                                   1.2
xa.x1.nn                                   1.2
xa.x1.ln                                   1.2
xa.x1.lp                                   1.2
xa.x1.lnb                          2.60343e-08
xa.x1.lpb                          2.68681e-08
xa.x1.na                                   1.2
doutb                              2.61952e-08
dout                                       1.2
xa.x1.nb                                   1.2
doutn                                        1
bdoutn#branch                                0
ean#branch                         4.54109e-13
eap#branch                          5.8184e-13
vclk#branch                        2.05055e-10
vd#branch                                    0
vcm#branch                         1.03595e-12
vsup#branch                       -2.00005e-05

 Reference value :  2.69807e-08
 Reference value :  1.10200e-07
 Reference value :  1.90041e-07
 Reference value :  2.66900e-07
 Reference value :  3.49805e-07
 Reference value :  4.46696e-07
 Reference value :  5.50066e-07
 Reference value :  6.32450e-07
 Reference value :  7.19399e-07
 Reference value :  8.00800e-07
 Reference value :  8.82900e-07
 Reference value :  9.64850e-07
No. of Data Rows : 10839
dlev0               =  -2.70271e-05
dlev1               =  -3.83614e-05
dlev2               =  -9.77926e-06
dlev3               =  -8.74068e-06
dlev4               =  -7.85420e-06
dlev5               =  -4.43377e-06
dlev6               =  -4.06751e-06
dlev7               =  -6.97628e-06
dlev8               =  -8.02900e-06
dlev9               =  -3.44980e-05
dlev10              =  -3.37990e-05
dlev11              =  -3.29515e-05
dlev12              =  -3.19964e-05
dlev13              =  -4.55883e-06
dlev14              =  -3.05854e-05
dlev15              =  9.99991e-01
dlev16              =  9.99982e-01
dlev17              =  9.99994e-01
dlev18              =  9.99982e-01
dlev19              =  9.99981e-01
dlev20              =  9.99980e-01
dlev21              =  9.99980e-01
dlev22              =  9.99993e-01
dlev23              =  9.99993e-01
dlev24              =  9.99993e-01
dlev25              =  9.99982e-01
dlev26              =  9.99992e-01
dlev27              =  9.99992e-01
dlev28              =  9.99991e-01
dlev29              =  9.99979e-01
dlev30              =  9.99979e-01
dlev31              =  9.99978e-01
dlev32              =  9.99978e-01
vos = -4.498364525e-03
lowcount = 1.5000545158e+01
vbias               =  3.44788e-01
Reset re-loads circuit * comparator-offset-transient-mc @ tt_mismatch_-40c_1.20v -- generated by sim/harness, do not edit

Circuit: * comparator-offset-transient-mc @ tt_mismatch_-40c_1.20v -- generated by sim/harness, do not edit

Doing analysis at TEMP = -40.000000 and TNOM = 27.000000

Using SPARSE 1.3 as Direct Linear Solver

Initial Transient Solution
--------------------------

Node                                   Voltage
----                                   -------
vdd                                        1.2
cm                                         0.6
vd                                      -0.048
ap                                       0.576
an                                       0.624
clk                                          0
ibn                                   0.347538
xa.x1.tmid                         2.46385e-08
xa.x1.tail                            0.572156
xa.x1.np                                   1.2
xa.x1.nn                                   1.2
xa.x1.ln                                   1.2
xa.x1.lp                                   1.2
xa.x1.lnb                          2.66484e-08
xa.x1.lpb                           2.6371e-08
xa.x1.na                                   1.2
doutb                              2.81234e-08
dout                                       1.2
xa.x1.nb                                   1.2
doutn                                        1
bdoutn#branch                                0
ean#branch                         4.54636e-13
eap#branch                         5.82784e-13
vclk#branch                        2.05363e-10
vd#branch                                    0
vcm#branch                         1.03742e-12
vsup#branch                       -2.00005e-05

 Reference value :  3.68500e-08
 Reference value :  1.23850e-07
 Reference value :  2.07600e-07
 Reference value :  2.97501e-07
 Reference value :  3.97150e-07
 Reference value :  4.88150e-07
 Reference value :  5.91497e-07
 Reference value :  6.80286e-07
 Reference value :  7.62299e-07
 Reference value :  8.43850e-07
 Reference value :  9.24598e-07
No. of Data Rows : 10815
dlev0               =  6.38637e-06
dlev1               =  -4.30063e-05
dlev2               =  -4.24622e-05
dlev3               =  -4.17744e-05
dlev4               =  -4.10768e-05
dlev5               =  -4.02439e-05
dlev6               =  -3.93476e-05
dlev7               =  -1.26234e-05
dlev8               =  -1.12056e-05
dlev9               =  -1.00409e-05
dlev10              =  -3.69008e-05
dlev11              =  -2.69170e-05
dlev12              =  -1.05422e-05
dlev13              =  -3.44101e-05
dlev14              =  -3.36958e-05
dlev15              =  -9.32345e-06
dlev16              =  -3.24187e-05
dlev17              =  9.99984e-01
dlev18              =  9.99985e-01
dlev19              =  9.99984e-01
dlev20              =  9.99984e-01
dlev21              =  9.99998e-01
dlev22              =  9.99988e-01
dlev23              =  9.99987e-01
dlev24              =  9.99997e-01
dlev25              =  9.99997e-01
dlev26              =  9.99982e-01
dlev27              =  9.99982e-01
dlev28              =  9.99982e-01
dlev29              =  9.99981e-01
dlev30              =  9.99981e-01
dlev31              =  9.99981e-01
dlev32              =  9.99980e-01
vos = 1.5020625085e-03
lowcount = 1.7000687503e+01
vbias               =  3.47538e-01
Reset re-loads circuit * comparator-offset-transient-mc @ tt_mismatch_-40c_1.20v -- generated by sim/harness, do not edit

Circuit: * comparator-offset-transient-mc @ tt_mismatch_-40c_1.20v -- generated by sim/harness, do not edit

Doing analysis at TEMP = -40.000000 and TNOM = 27.000000

Using SPARSE 1.3 as Direct Linear Solver

Initial Transient Solution
--------------------------

Node                                   Voltage
----                                   -------
vdd                                        1.2
cm                                         0.6
vd                                      -0.048
ap                                       0.576
an                                       0.624
clk                                          0
ibn                                   0.344866
xa.x1.tmid                         2.73105e-08
xa.x1.tail                            0.570085
xa.x1.np                                   1.2
xa.x1.nn                                   1.2
xa.x1.ln                                   1.2
xa.x1.lp                                   1.2
xa.x1.lnb                          2.69067e-08
xa.x1.lpb                          2.66041e-08
xa.x1.na                                   1.2
doutb                                      1.2
dout                               2.79163e-08
xa.x1.nb                                   1.2
doutn                              2.32636e-08
bdoutn#branch                                0
ean#branch                          4.5422e-13
eap#branch                         5.81979e-13
vclk#branch                        2.07995e-10
vd#branch                                    0
vcm#branch                          1.0362e-12
vsup#branch                       -2.00005e-05

 Reference value :  1.02800e-09
 Reference value :  1.03497e-07
 Reference value :  2.06203e-07
 Reference value :  3.12905e-07
 Reference value :  4.02505e-07
 Reference value :  4.91099e-07
 Reference value :  5.73450e-07
 Reference value :  6.65650e-07
 Reference value :  7.45296e-07
 Reference value :  8.28202e-07
 Reference value :  9.09250e-07
 Reference value :  9.89800e-07
No. of Data Rows : 10821
dlev0               =  -4.33758e-05
dlev1               =  -2.09096e-05
dlev2               =  -2.02315e-05
dlev3               =  -1.96764e-05
dlev4               =  -1.92413e-05
dlev5               =  -1.89480e-05
dlev6               =  -1.88686e-05
dlev7               =  -1.92081e-05
dlev8               =  -2.00883e-05
dlev9               =  -4.03404e-05
dlev10              =  -4.04985e-05
dlev11              =  -3.97093e-05
dlev12              =  -3.86350e-05
dlev13              =  -3.78983e-05
dlev14              =  -3.66578e-05
dlev15              =  -1.61607e-05
dlev16              =  -1.72766e-05
dlev17              =  -3.55579e-05
dlev18              =  9.99982e-01
dlev19              =  9.99982e-01
dlev20              =  9.99994e-01
dlev21              =  9.99982e-01
dlev22              =  9.99981e-01
dlev23              =  9.99980e-01
dlev24              =  9.99980e-01
dlev25              =  9.99980e-01
dlev26              =  9.99979e-01
dlev27              =  9.99979e-01
dlev28              =  9.99992e-01
dlev29              =  9.99992e-01
dlev30              =  9.99992e-01
dlev31              =  9.99992e-01
dlev32              =  9.99992e-01
vos = 4.5021767465e-03
lowcount = 1.8000725582e+01
vbias               =  3.44866e-01
Reset re-loads circuit * comparator-offset-transient-mc @ tt_mismatch_-40c_1.20v -- generated by sim/harness, do not edit

Circuit: * comparator-offset-transient-mc @ tt_mismatch_-40c_1.20v -- generated by sim/harness, do not edit

Doing analysis at TEMP = -40.000000 and TNOM = 27.000000

Using SPARSE 1.3 as Direct Linear Solver

Initial Transient Solution
--------------------------

Node                                   Voltage
----                                   -------
vdd                                        1.2
cm                                         0.6
vd                                      -0.048
ap                                       0.576
an                                       0.624
clk                                          0
ibn                                   0.345862
xa.x1.tmid                         2.65235e-08
xa.x1.tail                            0.568046
xa.x1.np                                   1.2
xa.x1.nn                                   1.2
xa.x1.ln                                   1.2
xa.x1.lp                                   1.2
xa.x1.lnb                          2.65948e-08
xa.x1.lpb                          2.57295e-08
xa.x1.na                                1.1881
doutb                                 0.615572
dout                                  0.625993
xa.x1.nb                               1.18771
doutn                                 0.521661
bdoutn#branch                                0
ean#branch                         4.54053e-13
eap#branch                         5.82118e-13
vclk#branch                        2.04621e-10
vd#branch                                    0
vcm#branch                         1.03617e-12
vsup#branch                       -7.26616e-05

 Reference value :  5.88003e-08
 Reference value :  1.40287e-07
 Reference value :  2.25597e-07
 Reference value :  3.11702e-07
 Reference value :  3.95450e-07
 Reference value :  4.75004e-07
 Reference value :  5.54697e-07
 Reference value :  6.40206e-07
 Reference value :  7.20850e-07
 Reference value :  8.00268e-07
 Reference value :  8.81101e-07
 Reference value :  9.72505e-07
No. of Data Rows : 10816
dlev0               =  -4.18577e-05
dlev1               =  -4.16200e-05
dlev2               =  -4.08570e-05
dlev3               =  -4.00950e-05
dlev4               =  -3.96139e-05
dlev5               =  -1.14162e-05
dlev6               =  -1.05625e-05
dlev7               =  -9.92807e-06
dlev8               =  -9.68860e-06
dlev9               =  -1.02592e-05
dlev10              =  -3.63118e-05
dlev11              =  -3.56226e-05
dlev12              =  -3.48728e-05
dlev13              =  -3.40920e-05
dlev14              =  -3.18012e-05
dlev15              =  -6.80946e-06
dlev16              =  -3.05465e-05
dlev17              =  9.99987e-01
dlev18              =  9.99996e-01
dlev19              =  9.99981e-01
dlev20              =  9.99981e-01
dlev21              =  9.99980e-01
dlev22              =  9.99994e-01
dlev23              =  9.99995e-01
dlev24              =  9.99996e-01
dlev25              =  9.99996e-01
dlev26              =  9.99994e-01
dlev27              =  9.99994e-01
dlev28              =  9.99993e-01
dlev29              =  9.99979e-01
dlev30              =  9.99978e-01
dlev31              =  9.99978e-01
dlev32              =  9.99978e-01
vos = 1.5020026640e-03
lowcount = 1.7000667555e+01
vbias               =  3.45862e-01
Reset re-loads circuit * comparator-offset-transient-mc @ tt_mismatch_-40c_1.20v -- generated by sim/harness, do not edit

Circuit: * comparator-offset-transient-mc @ tt_mismatch_-40c_1.20v -- generated by sim/harness, do not edit

Doing analysis at TEMP = -40.000000 and TNOM = 27.000000

Using SPARSE 1.3 as Direct Linear Solver

Initial Transient Solution
--------------------------

Node                                   Voltage
----                                   -------
vdd                                        1.2
cm                                         0.6
vd                                      -0.048
ap                                       0.576
an                                       0.624
clk                                          0
ibn                                   0.343244
xa.x1.tmid                         2.79646e-08
xa.x1.tail                            0.565298
xa.x1.np                                   1.2
xa.x1.nn                                   1.2
xa.x1.ln                                   1.2
xa.x1.lp                                   1.2
xa.x1.lnb                          2.70539e-08
xa.x1.lpb                          2.68222e-08
xa.x1.na                               1.18812
doutb                                 0.619731
dout                                  0.617383
xa.x1.nb                               1.18786
doutn                                 0.514486
bdoutn#branch                                0
ean#branch                         4.54026e-13
eap#branch                         5.81785e-13
vclk#branch                        2.03707e-10
vd#branch                                    0
vcm#branch                         1.03581e-12
vsup#branch                       -7.17547e-05

 Reference value :  6.99250e-08
 Reference value :  1.50850e-07
 Reference value :  2.32798e-07
 Reference value :  3.43696e-07
 Reference value :  4.47207e-07
 Reference value :  5.47650e-07
 Reference value :  6.27907e-07
 Reference value :  7.12596e-07
 Reference value :  8.25804e-07
 Reference value :  9.39650e-07
No. of Data Rows : 10816
dlev0               =  -1.07776e-05
dlev1               =  -3.32546e-05
dlev2               =  -3.27433e-05
dlev3               =  -3.22076e-05
dlev4               =  -3.16569e-05
dlev5               =  -3.10967e-05
dlev6               =  -3.05292e-05
dlev7               =  -2.99560e-05
dlev8               =  -2.78874e-05
dlev9               =  -1.14184e-06
dlev10              =  -1.99826e-06
dlev11              =  -1.70775e-06
dlev12              =  -2.54225e-05
dlev13              =  -2.48209e-05
dlev14              =  -2.63735e-07
dlev15              =  9.99992e-01
dlev16              =  1.00000e+00
dlev17              =  9.99987e-01
dlev18              =  9.99987e-01
dlev19              =  9.99999e-01
dlev20              =  9.99998e-01
dlev21              =  9.99999e-01
dlev22              =  9.99984e-01
dlev23              =  9.99984e-01
dlev24              =  9.99984e-01
dlev25              =  9.99984e-01
dlev26              =  9.99983e-01
dlev27              =  9.99983e-01
dlev28              =  9.99983e-01
dlev29              =  9.99983e-01
dlev30              =  9.99982e-01
dlev31              =  9.99982e-01
dlev32              =  9.99995e-01
vos = -4.498418507e-03
lowcount = 1.5000527164e+01
vbias               =  3.43244e-01
Reset re-loads circuit * comparator-offset-transient-mc @ tt_mismatch_-40c_1.20v -- generated by sim/harness, do not edit

Circuit: * comparator-offset-transient-mc @ tt_mismatch_-40c_1.20v -- generated by sim/harness, do not edit

Doing analysis at TEMP = -40.000000 and TNOM = 27.000000

Using SPARSE 1.3 as Direct Linear Solver

Initial Transient Solution
--------------------------

Node                                   Voltage
----                                   -------
vdd                                        1.2
cm                                         0.6
vd                                      -0.048
ap                                       0.576
an                                       0.624
clk                                          0
ibn                                   0.345389
xa.x1.tmid                         2.41644e-08
xa.x1.tail                            0.572543
xa.x1.np                                   1.2
xa.x1.nn                                   1.2
xa.x1.ln                                   1.2
xa.x1.lp                                   1.2
xa.x1.lnb                          2.58186e-08
xa.x1.lpb                          2.61025e-08
xa.x1.na                                   1.2
doutb                              2.71447e-08
dout                                       1.2
xa.x1.nb                                   1.2
doutn                                        1
bdoutn#branch                                0
ean#branch                         4.54303e-13
eap#branch                          5.8234e-13
vclk#branch                        2.05029e-10
vd#branch                                    0
vcm#branch                         1.03664e-12
vsup#branch                       -2.00005e-05

 Reference value :  1.78093e-08
 Reference value :  1.00206e-07
 Reference value :  1.94697e-07
 Reference value :  2.99810e-07
 Reference value :  4.07603e-07
 Reference value :  5.00343e-07
 Reference value :  5.84806e-07
 Reference value :  6.71397e-07
 Reference value :  7.51850e-07
 Reference value :  8.30495e-07
 Reference value :  9.20287e-07
No. of Data Rows : 10811
dlev0               =  -1.29418e-05
dlev1               =  -3.99781e-05
dlev2               =  -3.94824e-05
dlev3               =  -3.89706e-05
dlev4               =  -3.84777e-05
dlev5               =  -1.20207e-05
dlev6               =  -1.12002e-05
dlev7               =  -1.06381e-05
dlev8               =  -1.05919e-05
dlev9               =  -1.16234e-05
dlev10              =  -3.82590e-05
dlev11              =  -3.81799e-05
dlev12              =  -3.71153e-05
dlev13              =  -3.46671e-05
dlev14              =  -3.51181e-05
dlev15              =  9.99986e-01
dlev16              =  9.99993e-01
dlev17              =  9.99982e-01
dlev18              =  9.99981e-01
dlev19              =  9.99981e-01
dlev20              =  9.99980e-01
dlev21              =  9.99980e-01
dlev22              =  9.99992e-01
dlev23              =  9.99992e-01
dlev24              =  9.99992e-01
dlev25              =  9.99991e-01
dlev26              =  9.99991e-01
dlev27              =  9.99979e-01
dlev28              =  9.99978e-01
dlev29              =  9.99978e-01
dlev30              =  9.99977e-01
dlev31              =  9.99976e-01
dlev32              =  9.99976e-01
vos = -4.497888407e-03
lowcount = 1.5000703864e+01
vbias               =  3.45389e-01
Reset re-loads circuit * comparator-offset-transient-mc @ tt_mismatch_-40c_1.20v -- generated by sim/harness, do not edit

Circuit: * comparator-offset-transient-mc @ tt_mismatch_-40c_1.20v -- generated by sim/harness, do not edit

Doing analysis at TEMP = -40.000000 and TNOM = 27.000000

Using SPARSE 1.3 as Direct Linear Solver

Initial Transient Solution
--------------------------

Node                                   Voltage
----                                   -------
vdd                                        1.2
cm                                         0.6
vd                                      -0.048
ap                                       0.576
an                                       0.624
clk                                          0
ibn                                   0.344683
xa.x1.tmid                         2.40473e-08
xa.x1.tail                            0.569875
xa.x1.np                                   1.2
xa.x1.nn                                   1.2
xa.x1.ln                                   1.2
xa.x1.lp                                   1.2
xa.x1.lnb                          2.65322e-08
xa.x1.lpb                          2.75318e-08
xa.x1.na                                   1.2
doutb                                      1.2
dout                               2.75421e-08
xa.x1.nb                                   1.2
doutn                              2.29517e-08
bdoutn#branch                                0
ean#branch                         4.54192e-13
eap#branch                         5.82256e-13
vclk#branch                        2.06207e-10
vd#branch                                    0
vcm#branch                         1.03645e-12
vsup#branch                       -2.00005e-05

 Reference value :  0.00000e+00
 Reference value :  1.05401e-07
 Reference value :  2.09408e-07
 Reference value :  2.99800e-07
 Reference value :  4.00003e-07
 Reference value :  5.05048e-07
 Reference value :  6.04150e-07
 Reference value :  6.83003e-07
 Reference value :  7.65296e-07
 Reference value :  8.46750e-07
 Reference value :  9.42905e-07
No. of Data Rows : 10818
dlev0               =  -3.61065e-05
dlev1               =  -3.54934e-05
dlev2               =  -3.48575e-05
dlev3               =  -3.42312e-05
dlev4               =  -4.34910e-06
dlev5               =  -3.43612e-06
dlev6               =  -2.67737e-06
dlev7               =  -2.12063e-06
dlev8               =  -2.28308e-06
dlev9               =  -3.29379e-06
dlev10              =  -2.84724e-05
dlev11              =  -2.78652e-05
dlev12              =  -2.72328e-05
dlev13              =  -2.65942e-05
dlev14              =  -1.65111e-06
dlev15              =  -2.53429e-05
dlev16              =  1.00000e+00
dlev17              =  9.99989e-01
dlev18              =  9.99976e-01
dlev19              =  9.99976e-01
dlev20              =  9.99975e-01
dlev21              =  9.99975e-01
dlev22              =  9.99975e-01
dlev23              =  9.99987e-01
dlev24              =  9.99988e-01
dlev25              =  9.99988e-01
dlev26              =  9.99988e-01
dlev27              =  9.99987e-01
dlev28              =  9.99987e-01
dlev29              =  9.99974e-01
dlev30              =  9.99974e-01
dlev31              =  9.99973e-01
dlev32              =  9.99974e-01
vos = -1.498174778e-03
lowcount = 1.6000608407e+01
vbias               =  3.44683e-01
Reset re-loads circuit * comparator-offset-transient-mc @ tt_mismatch_-40c_1.20v -- generated by sim/harness, do not edit

Circuit: * comparator-offset-transient-mc @ tt_mismatch_-40c_1.20v -- generated by sim/harness, do not edit

Doing analysis at TEMP = -40.000000 and TNOM = 27.000000

Using SPARSE 1.3 as Direct Linear Solver

Initial Transient Solution
--------------------------

Node                                   Voltage
----                                   -------
vdd                                        1.2
cm                                         0.6
vd                                      -0.048
ap                                       0.576
an                                       0.624
clk                                          0
ibn                                   0.341824
xa.x1.tmid                         2.68244e-08
xa.x1.tail                            0.572561
xa.x1.np                                   1.2
xa.x1.nn                                   1.2
xa.x1.ln                                   1.2
xa.x1.lp                                   1.2
xa.x1.lnb                           2.5806e-08
xa.x1.lpb                          2.56204e-08
xa.x1.na                               1.18779
doutb                                  0.62753
dout                                  0.617261
xa.x1.nb                               1.18853
doutn                                 0.514384
bdoutn#branch                                0
ean#branch                         4.54414e-13
eap#branch                          5.8234e-13
vclk#branch                        2.06204e-10
vd#branch                                    0
vcm#branch                         1.03675e-12
vsup#branch                       -7.09245e-05

 Reference value :  2.43546e-08
 Reference value :  1.10797e-07
 Reference value :  2.06596e-07
 Reference value :  3.01350e-07
 Reference value :  3.85499e-07
 Reference value :  4.82450e-07
 Reference value :  5.68299e-07
 Reference value :  6.63150e-07
 Reference value :  7.43797e-07
 Reference value :  8.42250e-07
 Reference value :  9.36850e-07
No. of Data Rows : 10828
dlev0               =  -4.22731e-06
dlev1               =  -1.33650e-05
dlev2               =  -1.35136e-05
dlev3               =  -3.98505e-05
dlev4               =  -3.99087e-05
dlev5               =  -3.92630e-05
dlev6               =  -3.85496e-05
dlev7               =  -3.77693e-05
dlev8               =  -3.69420e-05
dlev9               =  -3.60897e-05
dlev10              =  -3.50281e-05
dlev11              =  -3.29168e-05
dlev12              =  -9.07647e-06
dlev13              =  -8.88254e-06
dlev14              =  -3.24287e-05
dlev15              =  -3.02227e-05
dlev16              =  9.99997e-01
dlev17              =  9.99977e-01
dlev18              =  9.99989e-01
dlev19              =  9.99988e-01
dlev20              =  9.99977e-01
dlev21              =  9.99976e-01
dlev22              =  9.99975e-01
dlev23              =  9.99975e-01
dlev24              =  9.99975e-01
dlev25              =  9.99974e-01
dlev26              =  9.99974e-01
dlev27              =  9.99974e-01
dlev28              =  9.99986e-01
dlev29              =  9.99986e-01
dlev30              =  9.99986e-01
dlev31              =  9.99986e-01
dlev32              =  9.99986e-01
vos = -1.497698897e-03
lowcount = 1.6000767034e+01
vbias               =  3.41824e-01
Reset re-loads circuit * comparator-offset-transient-mc @ tt_mismatch_-40c_1.20v -- generated by sim/harness, do not edit

Circuit: * comparator-offset-transient-mc @ tt_mismatch_-40c_1.20v -- generated by sim/harness, do not edit

Doing analysis at TEMP = -40.000000 and TNOM = 27.000000

Using SPARSE 1.3 as Direct Linear Solver

Initial Transient Solution
--------------------------

Node                                   Voltage
----                                   -------
vdd                                        1.2
cm                                         0.6
vd                                      -0.048
ap                                       0.576
an                                       0.624
clk                                          0
ibn                                   0.343296
xa.x1.tmid                         2.65051e-08
xa.x1.tail                            0.569542
xa.x1.np                                   1.2
xa.x1.nn                                   1.2
xa.x1.ln                                   1.2
xa.x1.lp                                   1.2
xa.x1.lnb                          2.53845e-08
xa.x1.lpb                           2.6768e-08
xa.x1.na                                   1.2
doutb                              2.77154e-08
dout                                       1.2
xa.x1.nb                                   1.2
doutn                                        1
bdoutn#branch                                0
ean#branch                         4.53942e-13
eap#branch                         5.82173e-13
vclk#branch                        2.05021e-10
vd#branch                                    0
vcm#branch                         1.03612e-12
vsup#branch                       -2.00005e-05

 Reference value :  2.22800e-09
 Reference value :  7.80955e-08
 Reference value :  1.57350e-07
 Reference value :  2.34200e-07
 Reference value :  3.12504e-07
 Reference value :  3.90000e-07
 Reference value :  4.66397e-07
 Reference value :  5.42050e-07
 Reference value :  6.16901e-07
 Reference value :  6.94350e-07
 Reference value :  7.70203e-07
 Reference value :  8.47550e-07
 Reference value :  9.22200e-07
No. of Data Rows : 10818
dlev0               =  -2.18220e-05
dlev1               =  -9.79660e-06
dlev2               =  -9.67508e-06
dlev3               =  -9.88045e-06
dlev4               =  -1.04704e-05
dlev5               =  -3.66248e-05
dlev6               =  -3.66885e-05
dlev7               =  -3.65234e-05
dlev8               =  -3.60837e-05
dlev9               =  -3.53692e-05
dlev10              =  -3.43389e-05
dlev11              =  -3.30386e-05
dlev12              =  -6.46266e-06
dlev13              =  -5.44516e-06
dlev14              =  -3.29486e-05
dlev15              =  -5.33581e-06
dlev16              =  9.99986e-01
dlev17              =  9.99985e-01
dlev18              =  9.99997e-01
dlev19              =  9.99997e-01
dlev20              =  9.99984e-01
dlev21              =  9.99984e-01
dlev22              =  9.99984e-01
dlev23              =  9.99983e-01
dlev24              =  9.99982e-01
dlev25              =  9.99982e-01
dlev26              =  9.99981e-01
dlev27              =  9.99981e-01
dlev28              =  9.99981e-01
dlev29              =  9.99994e-01
dlev30              =  9.99994e-01
dlev31              =  9.99994e-01
dlev32              =  9.99994e-01
vos = -1.498271089e-03
lowcount = 1.6000576304e+01
vbias               =  3.43296e-01
Reset re-loads circuit * comparator-offset-transient-mc @ tt_mismatch_-40c_1.20v -- generated by sim/harness, do not edit

Circuit: * comparator-offset-transient-mc @ tt_mismatch_-40c_1.20v -- generated by sim/harness, do not edit

Doing analysis at TEMP = -40.000000 and TNOM = 27.000000

Using SPARSE 1.3 as Direct Linear Solver

Initial Transient Solution
--------------------------

Node                                   Voltage
----                                   -------
vdd                                        1.2
cm                                         0.6
vd                                      -0.048
ap                                       0.576
an                                       0.624
clk                                          0
ibn                                   0.344984
xa.x1.tmid                         2.59794e-08
xa.x1.tail                            0.568739
xa.x1.np                                   1.2
xa.x1.nn                                   1.2
xa.x1.ln                                   1.2
xa.x1.lp                                   1.2
xa.x1.lnb                          2.62471e-08
xa.x1.lpb                          2.69597e-08
xa.x1.na                                   1.2
doutb                                      1.2
dout                               2.68812e-08
xa.x1.nb                                   1.2
doutn                               2.2401e-08
bdoutn#branch                                0
ean#branch                         4.54414e-13
eap#branch                         5.82367e-13
vclk#branch                        2.04547e-10
vd#branch                                    0
vcm#branch                         1.03678e-12
vsup#branch                       -2.00005e-05

 Reference value :  0.00000e+00
 Reference value :  8.00020e-08
 Reference value :  1.60008e-07
 Reference value :  2.36106e-07
 Reference value :  3.14502e-07
 Reference value :  3.92450e-07
 Reference value :  4.68398e-07
 Reference value :  5.43150e-07
 Reference value :  6.19805e-07
 Reference value :  6.98350e-07
 Reference value :  7.73010e-07
 Reference value :  8.50100e-07
 Reference value :  9.23193e-07
No. of Data Rows : 10831
dlev0               =  -3.26362e-05
dlev1               =  -3.20451e-05
dlev2               =  -3.15354e-05
dlev3               =  -4.31329e-06
dlev4               =  -3.26638e-06
dlev5               =  -2.37240e-06
dlev6               =  -1.64252e-06
dlev7               =  -1.13355e-06
dlev8               =  -1.02949e-06
dlev9               =  -1.71150e-06
dlev10              =  -2.75863e-05
dlev11              =  -2.56552e-05
dlev12              =  -2.50146e-05
dlev13              =  -2.43378e-05
dlev14              =  1.28963e-07
dlev15              =  8.32228e-07
dlev16              =  1.03250e-06
dlev17              =  9.99990e-01
dlev18              =  1.00000e+00
dlev19              =  9.99990e-01
dlev20              =  9.99990e-01
dlev21              =  9.99989e-01
dlev22              =  9.99989e-01
dlev23              =  9.99989e-01
dlev24              =  1.00000e+00
dlev25              =  1.00000e+00
dlev26              =  1.00000e+00
dlev27              =  1.00000e+00
dlev28              =  1.00000e+00
dlev29              =  1.00000e+00
dlev30              =  9.99986e-01
dlev31              =  9.99985e-01
dlev32              =  9.99985e-01
vos = 1.5009506582e-03
lowcount = 1.7000316886e+01
vbias               =  3.44983e-01
Reset re-loads circuit * comparator-offset-transient-mc @ tt_mismatch_-40c_1.20v -- generated by sim/harness, do not edit

Circuit: * comparator-offset-transient-mc @ tt_mismatch_-40c_1.20v -- generated by sim/harness, do not edit

Doing analysis at TEMP = -40.000000 and TNOM = 27.000000

Using SPARSE 1.3 as Direct Linear Solver

Initial Transient Solution
--------------------------

Node                                   Voltage
----                                   -------
vdd                                        1.2
cm                                         0.6
vd                                      -0.048
ap                                       0.576
an                                       0.624
clk                                          0
ibn                                   0.346773
xa.x1.tmid                         2.41656e-08
xa.x1.tail                            0.568658
xa.x1.np                                   1.2
xa.x1.nn                                   1.2
xa.x1.ln                                   1.2
xa.x1.lp                                   1.2
xa.x1.lnb                          2.66052e-08
xa.x1.lpb                          2.70131e-08
xa.x1.na                                   1.2
doutb                                      1.2
dout                               2.78899e-08
xa.x1.nb                                   1.2
doutn                              2.32416e-08
bdoutn#branch                                0
ean#branch                         4.54053e-13
eap#branch                         5.82506e-13
vclk#branch                        2.06704e-10
vd#branch                                    0
vcm#branch                         1.03656e-12
vsup#branch                       -2.00005e-05

 Reference value :  0.00000e+00
 Reference value :  8.00491e-08
 Reference value :  1.60003e-07
 Reference value :  2.37900e-07
 Reference value :  3.18105e-07
 Reference value :  4.00000e-07
 Reference value :  4.76399e-07
 Reference value :  5.52101e-07
 Reference value :  6.28499e-07
 Reference value :  7.03799e-07
 Reference value :  7.78304e-07
 Reference value :  8.54498e-07
 Reference value :  9.29870e-07
No. of Data Rows : 10829
dlev0               =  -4.49166e-05
dlev1               =  -1.78356e-05
dlev2               =  -1.68765e-05
dlev3               =  -1.60562e-05
dlev4               =  -1.53740e-05
dlev5               =  -1.48502e-05
dlev6               =  -1.46057e-05
dlev7               =  -1.47890e-05
dlev8               =  -1.53599e-05
dlev9               =  -4.27342e-05
dlev10              =  -4.20746e-05
dlev11              =  -4.11910e-05
dlev12              =  -4.01329e-05
dlev13              =  -3.78905e-05
dlev14              =  -8.90192e-06
dlev15              =  -3.77391e-05
dlev16              =  9.99986e-01
dlev17              =  9.99993e-01
dlev18              =  9.99980e-01
dlev19              =  9.99979e-01
dlev20              =  9.99979e-01
dlev21              =  9.99979e-01
dlev22              =  9.99978e-01
dlev23              =  9.99992e-01
dlev24              =  9.99992e-01
dlev25              =  9.99992e-01
dlev26              =  9.99992e-01
dlev27              =  9.99992e-01
dlev28              =  9.99991e-01
dlev29              =  9.99991e-01
dlev30              =  9.99977e-01
dlev31              =  9.99977e-01
dlev32              =  9.99977e-01
vos = -1.497974916e-03
lowcount = 1.6000675028e+01
vbias               =  3.46773e-01
Reset re-loads circuit * comparator-offset-transient-mc @ tt_mismatch_-40c_1.20v -- generated by sim/harness, do not edit

Circuit: * comparator-offset-transient-mc @ tt_mismatch_-40c_1.20v -- generated by sim/harness, do not edit

Doing analysis at TEMP = -40.000000 and TNOM = 27.000000

Using SPARSE 1.3 as Direct Linear Solver

Initial Transient Solution
--------------------------

Node                                   Voltage
----                                   -------
vdd                                        1.2
cm                                         0.6
vd                                      -0.048
ap                                       0.576
an                                       0.624
clk                                          0
ibn                                   0.344943
xa.x1.tmid                         2.47164e-08
xa.x1.tail                            0.572019
xa.x1.np                                   1.2
xa.x1.nn                                   1.2
xa.x1.ln                                   1.2
xa.x1.lp                                   1.2
xa.x1.lnb                          2.57836e-08
xa.x1.lpb                          2.62813e-08
xa.x1.na                               1.18848
doutb                                 0.618431
dout                                  0.623776
xa.x1.nb                               1.18817
doutn                                 0.519813
bdoutn#branch                                0
ean#branch                         4.54303e-13
eap#branch                         5.82367e-13
vclk#branch                        2.02611e-10
vd#branch                                    0
vcm#branch                         1.03667e-12
vsup#branch                       -7.10838e-05

 Reference value :  0.00000e+00
 Reference value :  7.67993e-08
 Reference value :  1.53150e-07
 Reference value :  2.28198e-07
 Reference value :  3.06250e-07
 Reference value :  3.81298e-07
 Reference value :  4.60003e-07
 Reference value :  5.31199e-07
 Reference value :  6.09650e-07
 Reference value :  6.84299e-07
 Reference value :  7.60806e-07
 Reference value :  8.34904e-07
 Reference value :  9.10306e-07
 Reference value :  9.89750e-07
No. of Data Rows : 10825
dlev0               =  -4.09753e-05
dlev1               =  -4.03206e-05
dlev2               =  -1.09261e-05
dlev3               =  -1.01130e-05
dlev4               =  -9.44175e-06
dlev5               =  -8.94910e-06
dlev6               =  -8.76599e-06
dlev7               =  -9.20178e-06
dlev8               =  -3.62702e-05
dlev9               =  -3.56208e-05
dlev10              =  -3.49197e-05
dlev11              =  -3.41468e-05
dlev12              =  -3.33401e-05
dlev13              =  -3.26586e-05
dlev14              =  -5.69767e-06
dlev15              =  -3.14629e-05
dlev16              =  9.99984e-01
dlev17              =  9.99982e-01
dlev18              =  9.99995e-01
dlev19              =  9.99982e-01
dlev20              =  9.99982e-01
dlev21              =  9.99981e-01
dlev22              =  9.99981e-01
dlev23              =  9.99980e-01
dlev24              =  9.99994e-01
dlev25              =  9.99994e-01
dlev26              =  9.99994e-01
dlev27              =  9.99994e-01
dlev28              =  9.99993e-01
dlev29              =  9.99993e-01
dlev30              =  9.99979e-01
dlev31              =  9.99979e-01
dlev32              =  9.99978e-01
vos = -1.498141769e-03
lowcount = 1.6000619410e+01
vbias               =  3.44943e-01
Reset re-loads circuit * comparator-offset-transient-mc @ tt_mismatch_-40c_1.20v -- generated by sim/harness, do not edit

Circuit: * comparator-offset-transient-mc @ tt_mismatch_-40c_1.20v -- generated by sim/harness, do not edit

Doing analysis at TEMP = -40.000000 and TNOM = 27.000000

Using SPARSE 1.3 as Direct Linear Solver

Initial Transient Solution
--------------------------

Node                                   Voltage
----                                   -------
vdd                                        1.2
cm                                         0.6
vd                                      -0.048
ap                                       0.576
an                                       0.624
clk                                          0
ibn                                   0.344002
xa.x1.tmid                         2.39354e-08
xa.x1.tail                            0.573529
xa.x1.np                                   1.2
xa.x1.nn                                   1.2
xa.x1.ln                                   1.2
xa.x1.lp                                   1.2
xa.x1.lnb                          2.58313e-08
xa.x1.lpb                          2.65117e-08
xa.x1.na                               1.18839
doutb                                 0.630236
dout                                  0.629037
xa.x1.nb                               1.18854
doutn                                 0.524198
bdoutn#branch                                0
ean#branch                         4.54303e-13
eap#branch                         5.82479e-13
vclk#branch                        2.04815e-10
vd#branch                                    0
vcm#branch                         1.03678e-12
vsup#branch                       -7.02172e-05

 Reference value :  5.02017e-08
 Reference value :  1.28950e-07
 Reference value :  2.04404e-07
 Reference value :  2.80604e-07
 Reference value :  3.60070e-07
 Reference value :  4.40108e-07
 Reference value :  5.14350e-07
 Reference value :  5.90200e-07
 Reference value :  6.69925e-07
 Reference value :  7.43701e-07
 Reference value :  8.20604e-07
 Reference value :  8.96703e-07
 Reference value :  9.73801e-07
No. of Data Rows : 10828
dlev0               =  -4.64341e-06
dlev1               =  -3.53939e-06
dlev2               =  -2.70401e-06
dlev3               =  -2.00632e-06
dlev4               =  -1.44296e-06
dlev5               =  -1.05159e-06
dlev6               =  -9.45295e-07
dlev7               =  -1.37703e-06
dlev8               =  -2.66904e-05
dlev9               =  -2.61125e-05
dlev10              =  -2.55012e-05
dlev11              =  -2.48603e-05
dlev12              =  -2.42099e-05
dlev13              =  -2.35598e-05
dlev14              =  2.34632e-06
dlev15              =  -2.24735e-05
dlev16              =  9.99992e-01
dlev17              =  9.99979e-01
dlev18              =  9.99993e-01
dlev19              =  9.99980e-01
dlev20              =  9.99979e-01
dlev21              =  9.99978e-01
dlev22              =  9.99978e-01
dlev23              =  9.99978e-01
dlev24              =  9.99978e-01
dlev25              =  9.99991e-01
dlev26              =  9.99991e-01
dlev27              =  9.99991e-01
dlev28              =  9.99991e-01
dlev29              =  9.99991e-01
dlev30              =  9.99990e-01
dlev31              =  9.99990e-01
dlev32              =  9.99977e-01
vos = -1.498677086e-03
lowcount = 1.6000440971e+01
vbias               =  3.44002e-01
Reset re-loads circuit * comparator-offset-transient-mc @ tt_mismatch_-40c_1.20v -- generated by sim/harness, do not edit

Circuit: * comparator-offset-transient-mc @ tt_mismatch_-40c_1.20v -- generated by sim/harness, do not edit

Doing analysis at TEMP = -40.000000 and TNOM = 27.000000

Using SPARSE 1.3 as Direct Linear Solver

Initial Transient Solution
--------------------------

Node                                   Voltage
----                                   -------
vdd                                        1.2
cm                                         0.6
vd                                      -0.048
ap                                       0.576
an                                       0.624
clk                                          0
ibn                                   0.344908
xa.x1.tmid                         2.59553e-08
xa.x1.tail                             0.56897
xa.x1.np                                   1.2
xa.x1.nn                                   1.2
xa.x1.ln                                   1.2
xa.x1.lp                                   1.2
xa.x1.lnb                          2.58884e-08
xa.x1.lpb                          2.65712e-08
xa.x1.na                               1.18859
doutb                                 0.622589
dout                                  0.622946
xa.x1.nb                               1.18803
doutn                                 0.519121
bdoutn#branch                                0
ean#branch                         4.54081e-13
eap#branch                         5.82062e-13
vclk#branch                        2.05269e-10
vd#branch                                    0
vcm#branch                         1.03614e-12
vsup#branch                       -7.09701e-05

 Reference value :  4.01508e-08
 Reference value :  1.19304e-07
 Reference value :  1.97695e-07
 Reference value :  2.72450e-07
 Reference value :  3.50397e-07
 Reference value :  4.30019e-07
 Reference value :  5.02805e-07
 Reference value :  5.81705e-07
 Reference value :  6.62350e-07
 Reference value :  7.40202e-07
 Reference value :  8.20066e-07
 Reference value :  9.07850e-07
No. of Data Rows : 10817
dlev0               =  -3.82334e-05
dlev1               =  -3.80383e-05
dlev2               =  -8.91659e-06
dlev3               =  -7.89139e-06
dlev4               =  -7.00805e-06
dlev5               =  -6.30198e-06
dlev6               =  -5.88334e-06
dlev7               =  -6.07471e-06
dlev8               =  -7.24823e-06
dlev9               =  -3.33925e-05
dlev10              =  -3.28150e-05
dlev11              =  -3.06383e-05
dlev12              =  -2.99450e-05
dlev13              =  -3.69502e-06
dlev14              =  -4.05528e-06
dlev15              =  9.99987e-01
dlev16              =  9.99990e-01
dlev17              =  9.99978e-01
dlev18              =  9.99978e-01
dlev19              =  9.99977e-01
dlev20              =  9.99977e-01
dlev21              =  9.99977e-01
dlev22              =  9.99988e-01
dlev23              =  9.99989e-01
dlev24              =  9.99989e-01
dlev25              =  9.99988e-01
dlev26              =  9.99988e-01
dlev27              =  9.99988e-01
dlev28              =  9.99976e-01
dlev29              =  9.99976e-01
dlev30              =  9.99975e-01
dlev31              =  9.99975e-01
dlev32              =  9.99974e-01
vos = -4.498226589e-03
lowcount = 1.5000591137e+01
vbias               =  3.44908e-01
Reset re-loads circuit * comparator-offset-transient-mc @ tt_mismatch_-40c_1.20v -- generated by sim/harness, do not edit

Circuit: * comparator-offset-transient-mc @ tt_mismatch_-40c_1.20v -- generated by sim/harness, do not edit

Doing analysis at TEMP = -40.000000 and TNOM = 27.000000

Using SPARSE 1.3 as Direct Linear Solver

Initial Transient Solution
--------------------------

Node                                   Voltage
----                                   -------
vdd                                        1.2
cm                                         0.6
vd                                      -0.048
ap                                       0.576
an                                       0.624
clk                                          0
ibn                                   0.347555
xa.x1.tmid                         2.32077e-08
xa.x1.tail                            0.572026
xa.x1.np                                   1.2
xa.x1.nn                                   1.2
xa.x1.ln                                   1.2
xa.x1.lp                                   1.2
xa.x1.lnb                          2.60178e-08
xa.x1.lpb                          2.64744e-08
xa.x1.na                               1.18826
doutb                                 0.622377
dout                                  0.620125
xa.x1.nb                               1.18825
doutn                                 0.516771
bdoutn#branch                                0
ean#branch                         4.54609e-13
eap#branch                         5.82451e-13
vclk#branch                        2.06019e-10
vd#branch                                    0
vcm#branch                         1.03706e-12
vsup#branch                       -7.06405e-05

 Reference value :  0.00000e+00
 Reference value :  9.76500e-08
 Reference value :  2.06805e-07
 Reference value :  3.20202e-07
 Reference value :  4.33704e-07
 Reference value :  5.31385e-07
 Reference value :  6.40066e-07
 Reference value :  7.49606e-07
 Reference value :  8.50008e-07
 Reference value :  9.61250e-07
No. of Data Rows : 10805
dlev0               =  -4.26246e-05
dlev1               =  -2.14593e-05
dlev2               =  -4.33890e-05
dlev3               =  -4.58803e-05
dlev4               =  -4.44847e-05
dlev5               =  -4.26365e-05
dlev6               =  -4.06394e-05
dlev7               =  -3.85507e-05
dlev8               =  -3.65567e-05
dlev9               =  -1.73445e-05
dlev10              =  -1.61131e-05
dlev11              =  -3.55469e-05
dlev12              =  -3.49508e-05
dlev13              =  -1.62709e-05
dlev14              =  -3.63815e-05
dlev15              =  -3.55790e-05
dlev16              =  -1.42428e-05
dlev17              =  9.99986e-01
dlev18              =  9.99983e-01
dlev19              =  9.99983e-01
dlev20              =  9.99982e-01
dlev21              =  9.99996e-01
dlev22              =  9.99981e-01
dlev23              =  9.99996e-01
dlev24              =  9.99995e-01
dlev25              =  9.99980e-01
dlev26              =  9.99980e-01
dlev27              =  9.99979e-01
dlev28              =  9.99979e-01
dlev29              =  9.99979e-01
dlev30              =  9.99978e-01
dlev31              =  9.99978e-01
dlev32              =  9.99978e-01
vos = 1.5024898517e-03
lowcount = 1.7000829951e+01
vbias               =  3.47554e-01
Reset re-loads circuit * comparator-offset-transient-mc @ tt_mismatch_-40c_1.20v -- generated by sim/harness, do not edit

Circuit: * comparator-offset-transient-mc @ tt_mismatch_-40c_1.20v -- generated by sim/harness, do not edit

Doing analysis at TEMP = -40.000000 and TNOM = 27.000000

Using SPARSE 1.3 as Direct Linear Solver

Initial Transient Solution
--------------------------

Node                                   Voltage
----                                   -------
vdd                                        1.2
cm                                         0.6
vd                                      -0.048
ap                                       0.576
an                                       0.624
clk                                          0
ibn                                    0.34636
xa.x1.tmid                         2.45577e-08
xa.x1.tail                            0.570975
xa.x1.np                                   1.2
xa.x1.nn                                   1.2
xa.x1.ln                                   1.2
xa.x1.lp                                   1.2
xa.x1.lnb                          2.73318e-08
xa.x1.lpb                          2.66383e-08
xa.x1.na                                   1.2
doutb                              2.63424e-08
dout                                       1.2
xa.x1.nb                                   1.2
doutn                                        1
bdoutn#branch                                0
ean#branch                         4.54442e-13
eap#branch                         5.82034e-13
vclk#branch                        2.04184e-10
vd#branch                                    0
vcm#branch                         1.03648e-12
vsup#branch                       -2.00005e-05

 Reference value :  5.76977e-08
 Reference value :  1.70200e-07
 Reference value :  2.82696e-07
 Reference value :  3.99150e-07
 Reference value :  5.01601e-07
 Reference value :  5.95801e-07
 Reference value :  6.80289e-07
 Reference value :  7.66698e-07
 Reference value :  8.51305e-07
 Reference value :  9.35250e-07
No. of Data Rows : 10811
dlev0               =  -2.26588e-05
dlev1               =  -3.30890e-05
dlev2               =  -3.25781e-05
dlev3               =  -3.20774e-05
dlev4               =  -4.32367e-06
dlev5               =  -3.17270e-06
dlev6               =  -2.18605e-06
dlev7               =  9.17889e-07
dlev8               =  1.29866e-06
dlev9               =  -1.28715e-06
dlev10              =  -2.84361e-06
dlev11              =  -2.59965e-05
dlev12              =  -2.53334e-05
dlev13              =  -2.45006e-05
dlev14              =  1.19643e-06
dlev15              =  1.04027e-06
dlev16              =  9.99979e-01
dlev17              =  9.99981e-01
dlev18              =  9.99979e-01
dlev19              =  9.99979e-01
dlev20              =  9.99992e-01
dlev21              =  9.99984e-01
dlev22              =  9.99983e-01
dlev23              =  9.99984e-01
dlev24              =  9.99992e-01
dlev25              =  9.99992e-01
dlev26              =  9.99979e-01
dlev27              =  9.99978e-01
dlev28              =  9.99978e-01
dlev29              =  9.99977e-01
dlev30              =  9.99977e-01
dlev31              =  9.99977e-01
dlev32              =  9.99978e-01
vos = -1.498446618e-03
lowcount = 1.6000517794e+01
vbias               =  3.46360e-01
Reset re-loads circuit * comparator-offset-transient-mc @ tt_mismatch_-40c_1.20v -- generated by sim/harness, do not edit

Circuit: * comparator-offset-transient-mc @ tt_mismatch_-40c_1.20v -- generated by sim/harness, do not edit

Doing analysis at TEMP = -40.000000 and TNOM = 27.000000

Using SPARSE 1.3 as Direct Linear Solver

Initial Transient Solution
--------------------------

Node                                   Voltage
----                                   -------
vdd                                        1.2
cm                                         0.6
vd                                      -0.048
ap                                       0.576
an                                       0.624
clk                                          0
ibn                                   0.341298
xa.x1.tmid                         2.76656e-08
xa.x1.tail                            0.572429
xa.x1.np                                   1.2
xa.x1.nn                                   1.2
xa.x1.ln                                   1.2
xa.x1.lp                                   1.2
xa.x1.lnb                          2.70226e-08
xa.x1.lpb                          2.67569e-08
xa.x1.na                                   1.2
doutb                              2.76147e-08
dout                                       1.2
xa.x1.nb                                   1.2
doutn                                        1
bdoutn#branch                                0
ean#branch                         4.54609e-13
eap#branch                         5.82312e-13
vclk#branch                        2.02093e-10
vd#branch                                    0
vcm#branch                         1.03692e-12
vsup#branch                       -2.00005e-05

 Reference value :  6.72800e-09
 Reference value :  1.14604e-07
 Reference value :  2.15150e-07
 Reference value :  3.23392e-07
 Reference value :  4.33096e-07
 Reference value :  5.34491e-07
 Reference value :  6.15097e-07
 Reference value :  7.10495e-07
 Reference value :  7.92104e-07
 Reference value :  8.79925e-07
 Reference value :  9.54404e-07
No. of Data Rows : 10816
dlev0               =  -2.91294e-05
dlev1               =  -1.24156e-06
dlev2               =  -1.33215e-06
dlev3               =  3.39249e-07
dlev4               =  -2.74268e-05
dlev5               =  -2.69359e-05
dlev6               =  -2.64427e-05
dlev7               =  -2.59418e-05
dlev8               =  -2.54348e-05
dlev9               =  -2.35021e-05
dlev10              =  -2.28834e-05
dlev11              =  -2.22625e-05
dlev12              =  -2.16434e-05
dlev13              =  2.33653e-06
dlev14              =  2.54820e-06
dlev15              =  -1.98841e-05
dlev16              =  -1.92267e-05
dlev17              =  9.99987e-01
dlev18              =  9.99986e-01
dlev19              =  9.99986e-01
dlev20              =  9.99998e-01
dlev21              =  9.99998e-01
dlev22              =  9.99985e-01
dlev23              =  9.99985e-01
dlev24              =  9.99984e-01
dlev25              =  9.99984e-01
dlev26              =  9.99983e-01
dlev27              =  9.99983e-01
dlev28              =  9.99983e-01
dlev29              =  9.99983e-01
dlev30              =  9.99982e-01
dlev31              =  9.99996e-01
dlev32              =  9.99996e-01
vos = 1.5014644898e-03
lowcount = 1.7000488163e+01
vbias               =  3.41298e-01
Reset re-loads circuit * comparator-offset-transient-mc @ tt_mismatch_-40c_1.20v -- generated by sim/harness, do not edit

Circuit: * comparator-offset-transient-mc @ tt_mismatch_-40c_1.20v -- generated by sim/harness, do not edit

Doing analysis at TEMP = -40.000000 and TNOM = 27.000000

Using SPARSE 1.3 as Direct Linear Solver

Initial Transient Solution
--------------------------

Node                                   Voltage
----                                   -------
vdd                                        1.2
cm                                         0.6
vd                                      -0.048
ap                                       0.576
an                                       0.624
clk                                          0
ibn                                   0.342899
xa.x1.tmid                         3.02587e-08
xa.x1.tail                            0.567315
xa.x1.np                                   1.2
xa.x1.nn                                   1.2
xa.x1.ln                                   1.2
xa.x1.lp                                   1.2
xa.x1.lnb                          2.67212e-08
xa.x1.lpb                          2.64835e-08
xa.x1.na                                   1.2
doutb                                      1.2
dout                               2.79904e-08
xa.x1.nb                                   1.2
doutn                              2.33253e-08
bdoutn#branch                                0
ean#branch                         4.54053e-13
eap#branch                         5.82506e-13
vclk#branch                        2.07002e-10
vd#branch                                    0
vcm#branch                         1.03656e-12
vsup#branch                       -2.00005e-05

 Reference value :  2.01100e-08
 Reference value :  9.71500e-08
 Reference value :  1.70317e-07
 Reference value :  2.50041e-07
 Reference value :  3.40905e-07
 Reference value :  4.49605e-07
 Reference value :  5.60124e-07
 Reference value :  6.68550e-07
 Reference value :  7.83050e-07
 Reference value :  8.93903e-07
No. of Data Rows : 10819
dlev0               =  -3.92842e-05
dlev1               =  -1.49461e-05
dlev2               =  -1.42114e-05
dlev3               =  -1.36125e-05
dlev4               =  -1.31542e-05
dlev5               =  -1.28908e-05
dlev6               =  -1.29928e-05
dlev7               =  -1.37000e-05
dlev8               =  -3.76177e-05
dlev9               =  -3.77637e-05
dlev10              =  -3.75108e-05
dlev11              =  -3.68596e-05
dlev12              =  -3.57187e-05
dlev13              =  -3.40191e-05
dlev14              =  -9.91502e-06
dlev15              =  -3.41973e-05
dlev16              =  -9.52354e-06
dlev17              =  9.99993e-01
dlev18              =  9.99992e-01
dlev19              =  9.99992e-01
dlev20              =  9.99979e-01
dlev21              =  9.99979e-01
dlev22              =  9.99978e-01
dlev23              =  9.99978e-01
dlev24              =  9.99978e-01
dlev25              =  9.99978e-01
dlev26              =  9.99991e-01
dlev27              =  9.99991e-01
dlev28              =  9.99991e-01
dlev29              =  9.99991e-01
dlev30              =  9.99990e-01
dlev31              =  9.99990e-01
dlev32              =  9.99990e-01
vos = 1.5018858519e-03
lowcount = 1.7000628617e+01
vbias               =  3.42899e-01
Reset re-loads circuit * comparator-offset-transient-mc @ tt_mismatch_-40c_1.20v -- generated by sim/harness, do not edit

Circuit: * comparator-offset-transient-mc @ tt_mismatch_-40c_1.20v -- generated by sim/harness, do not edit

Doing analysis at TEMP = -40.000000 and TNOM = 27.000000

Using SPARSE 1.3 as Direct Linear Solver

Initial Transient Solution
--------------------------

Node                                   Voltage
----                                   -------
vdd                                        1.2
cm                                         0.6
vd                                      -0.048
ap                                       0.576
an                                       0.624
clk                                          0
ibn                                   0.346299
xa.x1.tmid                          2.6005e-08
xa.x1.tail                            0.572127
xa.x1.np                                   1.2
xa.x1.nn                                   1.2
xa.x1.ln                                   1.2
xa.x1.lp                                   1.2
xa.x1.lnb                           2.6473e-08
xa.x1.lpb                          2.69849e-08
xa.x1.na                                   1.2
doutb                              2.68135e-08
dout                                       1.2
xa.x1.nb                                   1.2
doutn                                        1
bdoutn#branch                                0
ean#branch                         4.54387e-13
eap#branch                         5.82145e-13
vclk#branch                        2.06341e-10
vd#branch                                    0
vcm#branch                         1.03653e-12
vsup#branch                       -2.00005e-05

 Reference value :  0.00000e+00
 Reference value :  7.82056e-08
 Reference value :  1.75299e-07
 Reference value :  2.49850e-07
 Reference value :  3.20178e-07
 Reference value :  3.94850e-07
 Reference value :  4.70200e-07
 Reference value :  5.53003e-07
 Reference value :  6.60550e-07
 Reference value :  7.71901e-07
 Reference value :  8.63398e-07
 Reference value :  9.46006e-07
No. of Data Rows : 10831
dlev0               =  -7.20228e-06
dlev1               =  -4.21213e-05
dlev2               =  -4.23067e-05
dlev3               =  -4.21012e-05
dlev4               =  -4.13937e-05
dlev5               =  -1.38731e-05
dlev6               =  -1.29846e-05
dlev7               =  -1.22138e-05
dlev8               =  -9.27341e-06
dlev9               =  -1.14504e-05
dlev10              =  -1.19994e-05
dlev11              =  -3.75688e-05
dlev12              =  -3.69457e-05
dlev13              =  -3.59861e-05
dlev14              =  -3.47159e-05
dlev15              =  -9.25367e-06
dlev16              =  -9.55259e-06
dlev17              =  9.99979e-01
dlev18              =  9.99979e-01
dlev19              =  9.99977e-01
dlev20              =  9.99977e-01
dlev21              =  9.99977e-01
dlev22              =  9.99990e-01
dlev23              =  9.99990e-01
dlev24              =  9.99990e-01
dlev25              =  9.99989e-01
dlev26              =  9.99989e-01
dlev27              =  9.99976e-01
dlev28              =  9.99975e-01
dlev29              =  9.99975e-01
dlev30              =  9.99975e-01
dlev31              =  9.99974e-01
dlev32              =  9.99974e-01
vos = 1.5021730282e-03
lowcount = 1.7000724343e+01
vbias               =  3.46299e-01
Reset re-loads circuit * comparator-offset-transient-mc @ tt_mismatch_-40c_1.20v -- generated by sim/harness, do not edit

Circuit: * comparator-offset-transient-mc @ tt_mismatch_-40c_1.20v -- generated by sim/harness, do not edit

Doing analysis at TEMP = -40.000000 and TNOM = 27.000000

Using SPARSE 1.3 as Direct Linear Solver

Initial Transient Solution
--------------------------

Node                                   Voltage
----                                   -------
vdd                                        1.2
cm                                         0.6
vd                                      -0.048
ap                                       0.576
an                                       0.624
clk                                          0
ibn                                    0.34346
xa.x1.tmid                         2.52754e-08
xa.x1.tail                            0.569586
xa.x1.np                                   1.2
xa.x1.nn                                   1.2
xa.x1.ln                                   1.2
xa.x1.lp                                   1.2
xa.x1.lnb                          2.63165e-08
xa.x1.lpb                          2.61265e-08
xa.x1.na                                   1.2
doutb                              2.74205e-08
dout                                       1.2
xa.x1.nb                                   1.2
doutn                                        1
bdoutn#branch                                0
ean#branch                         4.54192e-13
eap#branch                          5.8209e-13
vclk#branch                        2.05458e-10
vd#branch                                    0
vcm#branch                         1.03628e-12
vsup#branch                       -2.00005e-05

 Reference value :  1.67993e-08
 Reference value :  1.06797e-07
 Reference value :  2.20083e-07
 Reference value :  3.22796e-07
 Reference value :  4.33905e-07
 Reference value :  5.42450e-07
 Reference value :  6.53701e-07
 Reference value :  7.66095e-07
 Reference value :  8.80151e-07
No. of Data Rows : 10826
dlev0               =  -1.03284e-05
dlev1               =  -7.61807e-06
dlev2               =  -6.76242e-06
dlev3               =  -6.04055e-06
dlev4               =  -5.45278e-06
dlev5               =  -5.05192e-06
dlev6               =  -5.00841e-06
dlev7               =  -5.62356e-06
dlev8               =  -3.15945e-05
dlev9               =  -3.09867e-05
dlev10              =  -3.03489e-05
dlev11              =  -2.96858e-05
dlev12              =  -2.90327e-05
dlev13              =  -2.25562e-06
dlev14              =  -2.77564e-05
dlev15              =  -2.71356e-05
dlev16              =  9.99995e-01
dlev17              =  9.99982e-01
dlev18              =  9.99976e-01
dlev19              =  9.99976e-01
dlev20              =  9.99976e-01
dlev21              =  9.99974e-01
dlev22              =  9.99974e-01
dlev23              =  9.99987e-01
dlev24              =  9.99988e-01
dlev25              =  9.99988e-01
dlev26              =  9.99988e-01
dlev27              =  9.99988e-01
dlev28              =  9.99988e-01
dlev29              =  9.99988e-01
dlev30              =  9.99987e-01
dlev31              =  9.99973e-01
dlev32              =  9.99973e-01
vos = -1.498323953e-03
lowcount = 1.6000558682e+01
vbias               =  3.43460e-01
Reset re-loads circuit * comparator-offset-transient-mc @ tt_mismatch_-40c_1.20v -- generated by sim/harness, do not edit

Circuit: * comparator-offset-transient-mc @ tt_mismatch_-40c_1.20v -- generated by sim/harness, do not edit

Doing analysis at TEMP = -40.000000 and TNOM = 27.000000

Using SPARSE 1.3 as Direct Linear Solver

Initial Transient Solution
--------------------------

Node                                   Voltage
----                                   -------
vdd                                        1.2
cm                                         0.6
vd                                      -0.048
ap                                       0.576
an                                       0.624
clk                                          0
ibn                                   0.347789
xa.x1.tmid                         2.50297e-08
xa.x1.tail                            0.570018
xa.x1.np                                   1.2
xa.x1.nn                                   1.2
xa.x1.ln                                   1.2
xa.x1.lp                                   1.2
xa.x1.lnb                          2.59931e-08
xa.x1.lpb                          2.58258e-08
xa.x1.na                                   1.2
doutb                                      1.2
dout                               2.69458e-08
xa.x1.nb                                   1.2
doutn                              2.24548e-08
bdoutn#branch                                0
ean#branch                         4.54109e-13
eap#branch                         5.82451e-13
vclk#branch                        2.06206e-10
vd#branch                                    0
vcm#branch                         1.03656e-12
vsup#branch                       -2.00005e-05

 Reference value :  0.00000e+00
 Reference value :  1.15503e-07
 Reference value :  2.10550e-07
 Reference value :  2.90048e-07
 Reference value :  3.81204e-07
 Reference value :  4.76306e-07
 Reference value :  5.70030e-07
 Reference value :  6.65350e-07
 Reference value :  7.67102e-07
 Reference value :  8.80804e-07
No. of Data Rows : 10810
dlev0               =  -4.02291e-05
dlev1               =  -4.03672e-05
dlev2               =  -3.98666e-05
dlev3               =  -3.93468e-05
dlev4               =  -3.87091e-05
dlev5               =  -3.79559e-05
dlev6               =  -3.70843e-05
dlev7               =  -3.61323e-05
dlev8               =  -9.82821e-06
dlev9               =  -8.46652e-06
dlev10              =  -7.47010e-06
dlev11              =  -3.36220e-05
dlev12              =  -8.30567e-06
dlev13              =  -3.51929e-05
dlev14              =  -3.43477e-05
dlev15              =  -5.95471e-06
dlev16              =  9.99988e-01
dlev17              =  1.00000e+00
dlev18              =  9.99988e-01
dlev19              =  9.99988e-01
dlev20              =  1.00000e+00
dlev21              =  9.99987e-01
dlev22              =  9.99987e-01
dlev23              =  9.99999e-01
dlev24              =  9.99999e-01
dlev25              =  9.99986e-01
dlev26              =  9.99985e-01
dlev27              =  9.99985e-01
dlev28              =  9.99985e-01
dlev29              =  9.99984e-01
dlev30              =  9.99984e-01
dlev31              =  9.99984e-01
dlev32              =  9.99996e-01
vos = -1.498117862e-03
lowcount = 1.6000627379e+01
vbias               =  3.47789e-01
Reset re-loads circuit * comparator-offset-transient-mc @ tt_mismatch_-40c_1.20v -- generated by sim/harness, do not edit

Circuit: * comparator-offset-transient-mc @ tt_mismatch_-40c_1.20v -- generated by sim/harness, do not edit

Doing analysis at TEMP = -40.000000 and TNOM = 27.000000

Using SPARSE 1.3 as Direct Linear Solver

Initial Transient Solution
--------------------------

Node                                   Voltage
----                                   -------
vdd                                        1.2
cm                                         0.6
vd                                      -0.048
ap                                       0.576
an                                       0.624
clk                                          0
ibn                                   0.346679
xa.x1.tmid                         2.45561e-08
xa.x1.tail                            0.572088
xa.x1.np                                   1.2
xa.x1.nn                                   1.2
xa.x1.ln                                   1.2
xa.x1.lp                                   1.2
xa.x1.lnb                          2.61155e-08
xa.x1.lpb                          2.64924e-08
xa.x1.na                               1.18614
doutb                                 0.619411
dout                                  0.612436
xa.x1.nb                               1.18726
doutn                                 0.510363
bdoutn#branch                                0
ean#branch                         4.54164e-13
eap#branch                         5.82534e-13
vclk#branch                        2.04026e-10
vd#branch                                    0
vcm#branch                          1.0367e-12
vsup#branch                       -7.68232e-05

 Reference value :  0.00000e+00
 Reference value :  1.01006e-07
 Reference value :  2.14850e-07
 Reference value :  3.25198e-07
 Reference value :  4.40203e-07
 Reference value :  5.49050e-07
 Reference value :  6.61450e-07
 Reference value :  7.68704e-07
 Reference value :  8.70950e-07
 Reference value :  9.71304e-07
No. of Data Rows : 10816
dlev0               =  7.24437e-06
dlev1               =  -4.11705e-05
dlev2               =  -4.03928e-05
dlev3               =  -3.96208e-05
dlev4               =  -3.88572e-05
dlev5               =  -3.81034e-05
dlev6               =  -3.73673e-05
dlev7               =  -3.64597e-05
dlev8               =  -7.55330e-06
dlev9               =  -2.41723e-05
dlev10              =  -3.40901e-05
dlev11              =  -2.30555e-05
dlev12              =  -7.64374e-06
dlev13              =  -3.31038e-05
dlev14              =  -3.06979e-05
dlev15              =  -1.24906e-06
dlev16              =  9.99987e-01
dlev17              =  9.99995e-01
dlev18              =  9.99982e-01
dlev19              =  9.99981e-01
dlev20              =  9.99994e-01
dlev21              =  9.99986e-01
dlev22              =  9.99986e-01
dlev23              =  9.99994e-01
dlev24              =  9.99981e-01
dlev25              =  9.99980e-01
dlev26              =  9.99979e-01
dlev27              =  9.99979e-01
dlev28              =  9.99978e-01
dlev29              =  9.99978e-01
dlev30              =  9.99977e-01
dlev31              =  9.99977e-01
dlev32              =  9.99977e-01
vos = -1.497860421e-03
lowcount = 1.6000713193e+01
vbias               =  3.46679e-01
Reset re-loads circuit * comparator-offset-transient-mc @ tt_mismatch_-40c_1.20v -- generated by sim/harness, do not edit

Circuit: * comparator-offset-transient-mc @ tt_mismatch_-40c_1.20v -- generated by sim/harness, do not edit

Doing analysis at TEMP = -40.000000 and TNOM = 27.000000

Using SPARSE 1.3 as Direct Linear Solver

Initial Transient Solution
--------------------------

Node                                   Voltage
----                                   -------
vdd                                        1.2
cm                                         0.6
vd                                      -0.048
ap                                       0.576
an                                       0.624
clk                                          0
ibn                                   0.345958
xa.x1.tmid                         2.30717e-08
xa.x1.tail                            0.571036
xa.x1.np                                   1.2
xa.x1.nn                                   1.2
xa.x1.ln                                   1.2
xa.x1.lp                                   1.2
xa.x1.lnb                          2.62063e-08
xa.x1.lpb                          2.74197e-08
xa.x1.na                                   1.2
doutb                              2.76057e-08
dout                                       1.2
xa.x1.nb                                   1.2
doutn                                        1
bdoutn#branch                                0
ean#branch                         4.54387e-13
eap#branch                         5.82118e-13
vclk#branch                        2.06129e-10
vd#branch                                    0
vcm#branch                          1.0365e-12
vsup#branch                       -2.00005e-05

 Reference value :  4.11042e-08
 Reference value :  1.30066e-07
 Reference value :  2.43450e-07
 Reference value :  3.24102e-07
 Reference value :  4.04304e-07
 Reference value :  4.96004e-07
 Reference value :  5.99810e-07
 Reference value :  7.10315e-07
 Reference value :  8.08502e-07
 Reference value :  9.16204e-07
No. of Data Rows : 10805
dlev0               =  -5.41849e-06
dlev1               =  -4.31661e-05
dlev2               =  -4.25409e-05
dlev3               =  -4.18304e-05
dlev4               =  -4.10641e-05
dlev5               =  -1.20101e-05
dlev6               =  -1.07453e-05
dlev7               =  -9.64878e-06
dlev8               =  -3.86404e-05
dlev9               =  -3.81578e-05
dlev10              =  -8.56286e-06
dlev11              =  -1.01777e-05
dlev12              =  -3.69219e-05
dlev13              =  -3.63096e-05
dlev14              =  -3.55862e-05
dlev15              =  -2.48501e-05
dlev16              =  -3.28261e-05
dlev17              =  9.99978e-01
dlev18              =  9.99979e-01
dlev19              =  9.99979e-01
dlev20              =  9.99978e-01
dlev21              =  9.99992e-01
dlev22              =  9.99982e-01
dlev23              =  9.99978e-01
dlev24              =  9.99982e-01
dlev25              =  9.99992e-01
dlev26              =  9.99991e-01
dlev27              =  9.99977e-01
dlev28              =  9.99977e-01
dlev29              =  9.99977e-01
dlev30              =  9.99976e-01
dlev31              =  9.99975e-01
dlev32              =  9.99976e-01
vos = 1.5023440709e-03
lowcount = 1.7000781357e+01
vbias               =  3.45958e-01
Reset re-loads circuit * comparator-offset-transient-mc @ tt_mismatch_-40c_1.20v -- generated by sim/harness, do not edit

Circuit: * comparator-offset-transient-mc @ tt_mismatch_-40c_1.20v -- generated by sim/harness, do not edit

Doing analysis at TEMP = -40.000000 and TNOM = 27.000000

Using SPARSE 1.3 as Direct Linear Solver

Initial Transient Solution
--------------------------

Node                                   Voltage
----                                   -------
vdd                                        1.2
cm                                         0.6
vd                                      -0.048
ap                                       0.576
an                                       0.624
clk                                          0
ibn                                   0.345408
xa.x1.tmid                         2.46023e-08
xa.x1.tail                            0.572811
xa.x1.np                                   1.2
xa.x1.nn                                   1.2
xa.x1.ln                                   1.2
xa.x1.lp                                   1.2
xa.x1.lnb                          2.62683e-08
xa.x1.lpb                          2.77416e-08
xa.x1.na                                   1.2
doutb                              2.68591e-08
dout                                       1.2
xa.x1.nb                                   1.2
doutn                                        1
bdoutn#branch                                0
ean#branch                         4.54525e-13
eap#branch                         5.82506e-13
vclk#branch                        2.05045e-10
vd#branch                                    0
vcm#branch                         1.03703e-12
vsup#branch                       -2.00005e-05

 Reference value :  2.02028e-08
 Reference value :  1.38804e-07
 Reference value :  2.52496e-07
 Reference value :  3.69250e-07
 Reference value :  4.81350e-07
 Reference value :  5.93111e-07
 Reference value :  7.09698e-07
 Reference value :  8.16050e-07
 Reference value :  9.29299e-07
No. of Data Rows : 10827
dlev0               =  -1.68379e-05
dlev1               =  -3.34381e-05
dlev2               =  -3.27641e-05
dlev3               =  -3.21034e-05
dlev4               =  -3.15764e-05
dlev5               =  -3.10896e-05
dlev6               =  -2.04286e-06
dlev7               =  -1.03435e-06
dlev8               =  -1.60701e-07
dlev9               =  5.40804e-07
dlev10              =  -1.90738e-05
dlev11              =  9.73170e-07
dlev12              =  -6.15005e-09
dlev13              =  -2.53594e-05
dlev14              =  -2.47360e-05
dlev15              =  -2.40824e-05
dlev16              =  2.57804e-06
dlev17              =  -2.28876e-05
dlev18              =  9.99987e-01
dlev19              =  1.00000e+00
dlev20              =  9.99987e-01
dlev21              =  9.99987e-01
dlev22              =  9.99987e-01
dlev23              =  9.99999e-01
dlev24              =  1.00000e+00
dlev25              =  1.00000e+00
dlev26              =  9.99999e-01
dlev27              =  9.99999e-01
dlev28              =  9.99998e-01
dlev29              =  9.99984e-01
dlev30              =  9.99983e-01
dlev31              =  9.99983e-01
dlev32              =  9.99982e-01
vos = 4.5012546016e-03
lowcount = 1.8000418201e+01
vbias               =  3.45408e-01
Reset re-loads circuit * comparator-offset-transient-mc @ tt_mismatch_-40c_1.20v -- generated by sim/harness, do not edit

Circuit: * comparator-offset-transient-mc @ tt_mismatch_-40c_1.20v -- generated by sim/harness, do not edit

Doing analysis at TEMP = -40.000000 and TNOM = 27.000000

Using SPARSE 1.3 as Direct Linear Solver

Initial Transient Solution
--------------------------

Node                                   Voltage
----                                   -------
vdd                                        1.2
cm                                         0.6
vd                                      -0.048
ap                                       0.576
an                                       0.624
clk                                          0
ibn                                   0.343713
xa.x1.tmid                         2.65443e-08
xa.x1.tail                            0.569563
xa.x1.np                                   1.2
xa.x1.nn                                   1.2
xa.x1.ln                                   1.2
xa.x1.lp                                   1.2
xa.x1.lnb                             2.68e-08
xa.x1.lpb                          2.60522e-08
xa.x1.na                                   1.2
doutb                                      1.2
dout                               2.71881e-08
xa.x1.nb                                   1.2
doutn                              2.26567e-08
bdoutn#branch                                0
ean#branch                          4.5447e-13
eap#branch                         5.82173e-13
vclk#branch                        2.05926e-10
vd#branch                                    0
vcm#branch                         1.03664e-12
vsup#branch                       -2.00005e-05

 Reference value :  3.43500e-08
 Reference value :  1.44603e-07
 Reference value :  2.46750e-07
 Reference value :  3.61750e-07
 Reference value :  4.74785e-07
 Reference value :  5.89604e-07
 Reference value :  7.02097e-07
 Reference value :  8.15450e-07
 Reference value :  9.28500e-07
No. of Data Rows : 10829
dlev0               =  -4.21469e-05
dlev1               =  -1.19865e-05
dlev2               =  -1.12388e-05
dlev3               =  -1.06263e-05
dlev4               =  -1.01819e-05
dlev5               =  -1.00349e-05
dlev6               =  -1.04981e-05
dlev7               =  -1.17368e-05
dlev8               =  -3.86266e-05
dlev9               =  -3.78667e-05
dlev10              =  -3.70121e-05
dlev11              =  -3.61090e-05
dlev12              =  -3.47553e-05
dlev13              =  -7.17063e-06
dlev14              =  -3.40552e-05
dlev15              =  9.99987e-01
dlev16              =  9.99996e-01
dlev17              =  9.99996e-01
dlev18              =  9.99983e-01
dlev19              =  9.99983e-01
dlev20              =  9.99982e-01
dlev21              =  9.99982e-01
dlev22              =  9.99994e-01
dlev23              =  9.99995e-01
dlev24              =  9.99995e-01
dlev25              =  9.99995e-01
dlev26              =  9.99995e-01
dlev27              =  9.99994e-01
dlev28              =  9.99994e-01
dlev29              =  9.99993e-01
dlev30              =  9.99979e-01
dlev31              =  9.99978e-01
dlev32              =  9.99978e-01
vos = -4.498362463e-03
lowcount = 1.5000545846e+01
vbias               =  3.43713e-01
Reset re-loads circuit * comparator-offset-transient-mc @ tt_mismatch_-40c_1.20v -- generated by sim/harness, do not edit

Circuit: * comparator-offset-transient-mc @ tt_mismatch_-40c_1.20v -- generated by sim/harness, do not edit

Doing analysis at TEMP = -40.000000 and TNOM = 27.000000

Using SPARSE 1.3 as Direct Linear Solver

Initial Transient Solution
--------------------------

Node                                   Voltage
----                                   -------
vdd                                        1.2
cm                                         0.6
vd                                      -0.048
ap                                       0.576
an                                       0.624
clk                                          0
ibn                                   0.347231
xa.x1.tmid                         2.29124e-08
xa.x1.tail                            0.573747
xa.x1.np                                   1.2
xa.x1.nn                                   1.2
xa.x1.ln                                   1.2
xa.x1.lp                                   1.2
xa.x1.lnb                          2.64003e-08
xa.x1.lpb                          2.63752e-08
xa.x1.na                               1.18826
doutb                                 0.623299
dout                                  0.619898
xa.x1.nb                               1.18818
doutn                                 0.516581
bdoutn#branch                                0
ean#branch                         4.54414e-13
eap#branch                         5.82506e-13
vclk#branch                        2.04231e-10
vd#branch                                    0
vcm#branch                         1.03692e-12
vsup#branch                       -7.08959e-05

 Reference value :  3.35500e-08
 Reference value :  1.49500e-07
 Reference value :  2.62200e-07
 Reference value :  3.77487e-07
 Reference value :  4.93004e-07
 Reference value :  6.08750e-07
 Reference value :  7.16009e-07
 Reference value :  8.32299e-07
 Reference value :  9.48803e-07
No. of Data Rows : 10814
dlev0               =  -1.76721e-06
dlev1               =  -4.38220e-05
dlev2               =  -4.31359e-05
dlev3               =  -4.24425e-05
dlev4               =  -4.17271e-05
dlev5               =  -4.10217e-05
dlev6               =  -4.02652e-05
dlev7               =  -3.94700e-05
dlev8               =  -3.83629e-05
dlev9               =  -8.07190e-06
dlev10              =  -6.70069e-06
dlev11              =  -3.56435e-05
dlev12              =  -3.56539e-05
dlev13              =  -7.82001e-06
dlev14              =  -3.45191e-05
dlev15              =  -3.21557e-05
dlev16              =  -3.16098e-05
dlev17              =  9.99984e-01
dlev18              =  9.99984e-01
dlev19              =  9.99984e-01
dlev20              =  9.99998e-01
dlev21              =  9.99983e-01
dlev22              =  9.99983e-01
dlev23              =  9.99998e-01
dlev24              =  9.99997e-01
dlev25              =  9.99981e-01
dlev26              =  9.99981e-01
dlev27              =  9.99981e-01
dlev28              =  9.99980e-01
dlev29              =  9.99980e-01
dlev30              =  9.99980e-01
dlev31              =  9.99980e-01
dlev32              =  9.99979e-01
vos = 1.5023105675e-03
lowcount = 1.7000770189e+01
vbias               =  3.47231e-01
Reset re-loads circuit * comparator-offset-transient-mc @ tt_mismatch_-40c_1.20v -- generated by sim/harness, do not edit

Circuit: * comparator-offset-transient-mc @ tt_mismatch_-40c_1.20v -- generated by sim/harness, do not edit

Doing analysis at TEMP = -40.000000 and TNOM = 27.000000

Using SPARSE 1.3 as Direct Linear Solver

Initial Transient Solution
--------------------------

Node                                   Voltage
----                                   -------
vdd                                        1.2
cm                                         0.6
vd                                      -0.048
ap                                       0.576
an                                       0.624
clk                                          0
ibn                                   0.343535
xa.x1.tmid                          2.6986e-08
xa.x1.tail                            0.567252
xa.x1.np                                   1.2
xa.x1.nn                                   1.2
xa.x1.ln                                   1.2
xa.x1.lp                                   1.2
xa.x1.lnb                          2.58051e-08
xa.x1.lpb                          2.57763e-08
xa.x1.na                                   1.2
doutb                                      1.2
dout                                2.8013e-08
xa.x1.nb                                   1.2
doutn                              2.33442e-08
bdoutn#branch                                0
ean#branch                         4.53998e-13
eap#branch                         5.82034e-13
vclk#branch                        2.03458e-10
vd#branch                                    0
vcm#branch                         1.03603e-12
vsup#branch                       -2.00005e-05

 Reference value :  1.73168e-08
 Reference value :  1.30706e-07
 Reference value :  2.43750e-07
 Reference value :  3.42006e-07
 Reference value :  4.58050e-07
 Reference value :  5.60289e-07
 Reference value :  6.40906e-07
 Reference value :  7.23950e-07
 Reference value :  8.21698e-07
 Reference value :  9.30000e-07
No. of Data Rows : 10824
dlev0               =  -4.26328e-05
dlev1               =  -1.49425e-05
dlev2               =  -1.44611e-05
dlev3               =  -1.41946e-05
dlev4               =  -1.40757e-05
dlev5               =  -3.97346e-05
dlev6               =  -3.95421e-05
dlev7               =  -3.88777e-05
dlev8               =  -3.81703e-05
dlev9               =  -3.74064e-05
dlev10              =  -3.66116e-05
dlev11              =  -3.58212e-05
dlev12              =  -3.39833e-05
dlev13              =  -9.93576e-06
dlev14              =  -3.35883e-05
dlev15              =  -3.29030e-05
dlev16              =  9.99994e-01
dlev17              =  9.99990e-01
dlev18              =  9.99989e-01
dlev19              =  9.99978e-01
dlev20              =  9.99976e-01
dlev21              =  9.99976e-01
dlev22              =  9.99975e-01
dlev23              =  9.99975e-01
dlev24              =  9.99975e-01
dlev25              =  9.99975e-01
dlev26              =  9.99988e-01
dlev27              =  9.99988e-01
dlev28              =  9.99988e-01
dlev29              =  9.99988e-01
dlev30              =  9.99987e-01
dlev31              =  9.99987e-01
dlev32              =  9.99974e-01
vos = -1.497676258e-03
lowcount = 1.6000774581e+01
vbias               =  3.43535e-01
Reset re-loads circuit * comparator-offset-transient-mc @ tt_mismatch_-40c_1.20v -- generated by sim/harness, do not edit

Circuit: * comparator-offset-transient-mc @ tt_mismatch_-40c_1.20v -- generated by sim/harness, do not edit

Doing analysis at TEMP = -40.000000 and TNOM = 27.000000

Using SPARSE 1.3 as Direct Linear Solver

Initial Transient Solution
--------------------------

Node                                   Voltage
----                                   -------
vdd                                        1.2
cm                                         0.6
vd                                      -0.048
ap                                       0.576
an                                       0.624
clk                                          0
ibn                                   0.343426
xa.x1.tmid                         2.53992e-08
xa.x1.tail                            0.573667
xa.x1.np                                   1.2
xa.x1.nn                                   1.2
xa.x1.ln                                   1.2
xa.x1.lp                                   1.2
xa.x1.lnb                          2.74872e-08
xa.x1.lpb                          2.65608e-08
xa.x1.na                                   1.2
doutb                                      1.2
dout                               2.70992e-08
xa.x1.nb                                   1.2
doutn                              2.25827e-08
bdoutn#branch                                0
ean#branch                         4.54414e-13
eap#branch                         5.81979e-13
vclk#branch                        2.03487e-10
vd#branch                                    0
vcm#branch                         1.03639e-12
vsup#branch                       -2.00005e-05

 Reference value :  8.72800e-09
 Reference value :  1.21150e-07
 Reference value :  2.29998e-07
 Reference value :  3.30650e-07
 Reference value :  4.42994e-07
 Reference value :  5.42250e-07
 Reference value :  6.40904e-07
 Reference value :  7.21650e-07
 Reference value :  8.27495e-07
 Reference value :  9.26406e-07
No. of Data Rows : 10820
dlev0               =  -2.86746e-05
dlev1               =  6.87720e-07
dlev2               =  1.40470e-06
dlev3               =  2.00079e-06
dlev4               =  2.48856e-06
dlev5               =  2.85393e-06
dlev6               =  3.04317e-06
dlev7               =  2.82870e-06
dlev8               =  -2.29552e-05
dlev9               =  -2.23431e-05
dlev10              =  -2.17259e-05
dlev11              =  -2.10975e-05
dlev12              =  -2.04639e-05
dlev13              =  3.90991e-06
dlev14              =  -1.91900e-05
dlev15              =  -1.85945e-05
dlev16              =  9.99987e-01
dlev17              =  9.99998e-01
dlev18              =  9.99983e-01
dlev19              =  9.99982e-01
dlev20              =  9.99981e-01
dlev21              =  9.99981e-01
dlev22              =  9.99981e-01
dlev23              =  9.99995e-01
dlev24              =  9.99995e-01
dlev25              =  9.99986e-01
dlev26              =  9.99986e-01
dlev27              =  9.99995e-01
dlev28              =  9.99995e-01
dlev29              =  9.99994e-01
dlev30              =  9.99994e-01
dlev31              =  9.99981e-01
dlev32              =  9.99981e-01
vos = -1.498920819e-03
lowcount = 1.6000359727e+01
vbias               =  3.43425e-01
Reset re-loads circuit * comparator-offset-transient-mc @ tt_mismatch_-40c_1.20v -- generated by sim/harness, do not edit

Circuit: * comparator-offset-transient-mc @ tt_mismatch_-40c_1.20v -- generated by sim/harness, do not edit

Doing analysis at TEMP = -40.000000 and TNOM = 27.000000

Using SPARSE 1.3 as Direct Linear Solver

Initial Transient Solution
--------------------------

Node                                   Voltage
----                                   -------
vdd                                        1.2
cm                                         0.6
vd                                      -0.048
ap                                       0.576
an                                       0.624
clk                                          0
ibn                                   0.342931
xa.x1.tmid                         2.22799e-08
xa.x1.tail                            0.572783
xa.x1.np                                   1.2
xa.x1.nn                                   1.2
xa.x1.ln                                   1.2
xa.x1.lp                                   1.2
xa.x1.lnb                          2.72568e-08
xa.x1.lpb                          2.67314e-08
xa.x1.na                                   1.2
doutb                              2.70546e-08
dout                                       1.2
xa.x1.nb                                   1.2
doutn                                        1
bdoutn#branch                                0
ean#branch                         4.54248e-13
eap#branch                         5.82256e-13
vclk#branch                        2.02777e-10
vd#branch                                    0
vcm#branch                          1.0365e-12
vsup#branch                       -2.00005e-05

 Reference value :  8.02800e-09
 Reference value :  1.01695e-07
 Reference value :  1.90003e-07
 Reference value :  2.82604e-07
 Reference value :  3.89870e-07
 Reference value :  4.88550e-07
 Reference value :  5.79750e-07
 Reference value :  6.78298e-07
 Reference value :  7.63995e-07
 Reference value :  8.67808e-07
 Reference value :  9.49404e-07
No. of Data Rows : 10833
dlev0               =  -1.85946e-05
dlev1               =  1.45636e-06
dlev2               =  2.11713e-06
dlev3               =  2.67077e-06
dlev4               =  3.10989e-06
dlev5               =  3.39333e-06
dlev6               =  3.33222e-06
dlev7               =  2.66617e-06
dlev8               =  -2.30395e-05
dlev9               =  -2.24430e-05
dlev10              =  -2.17839e-05
dlev11              =  -2.10712e-05
dlev12              =  4.71505e-06
dlev13              =  -1.98325e-05
dlev14              =  4.50842e-06
dlev15              =  9.99988e-01
dlev16              =  1.00000e+00
dlev17              =  9.99985e-01
dlev18              =  9.99985e-01
dlev19              =  9.99985e-01
dlev20              =  9.99984e-01
dlev21              =  9.99983e-01
dlev22              =  9.99998e-01
dlev23              =  9.99999e-01
dlev24              =  9.99998e-01
dlev25              =  9.99998e-01
dlev26              =  9.99998e-01
dlev27              =  9.99997e-01
dlev28              =  9.99997e-01
dlev29              =  9.99981e-01
dlev30              =  9.99981e-01
dlev31              =  9.99980e-01
dlev32              =  9.99981e-01
vos = -4.499157314e-03
lowcount = 1.5000280895e+01
vbias               =  3.42931e-01
Reset re-loads circuit * comparator-offset-transient-mc @ tt_mismatch_-40c_1.20v -- generated by sim/harness, do not edit

Circuit: * comparator-offset-transient-mc @ tt_mismatch_-40c_1.20v -- generated by sim/harness, do not edit

Doing analysis at TEMP = -40.000000 and TNOM = 27.000000

Using SPARSE 1.3 as Direct Linear Solver

Initial Transient Solution
--------------------------

Node                                   Voltage
----                                   -------
vdd                                        1.2
cm                                         0.6
vd                                      -0.048
ap                                       0.576
an                                       0.624
clk                                          0
ibn                                   0.343092
xa.x1.tmid                         2.47182e-08
xa.x1.tail                            0.571823
xa.x1.np                                   1.2
xa.x1.nn                                   1.2
xa.x1.ln                                   1.2
xa.x1.lp                                   1.2
xa.x1.lnb                          2.66011e-08
xa.x1.lpb                            2.588e-08
xa.x1.na                                   1.2
doutb                                      1.2
dout                               2.78491e-08
xa.x1.nb                                   1.2
doutn                              2.32076e-08
bdoutn#branch                                0
ean#branch                         4.54359e-13
eap#branch                         5.82506e-13
vclk#branch                        2.05471e-10
vd#branch                                    0
vcm#branch                         1.03687e-12
vsup#branch                       -2.00005e-05

 Reference value :  1.87131e-08
 Reference value :  1.00066e-07
 Reference value :  1.80450e-07
 Reference value :  2.77050e-07
 Reference value :  3.71803e-07
 Reference value :  4.73803e-07
 Reference value :  5.72450e-07
 Reference value :  6.80264e-07
 Reference value :  7.72699e-07
 Reference value :  8.80003e-07
 Reference value :  9.62650e-07
No. of Data Rows : 10828
dlev0               =  -4.12740e-05
dlev1               =  -1.09858e-05
dlev2               =  -1.04197e-05
dlev3               =  -1.00479e-05
dlev4               =  -9.97426e-06
dlev5               =  -1.03542e-05
dlev6               =  -3.77430e-05
dlev7               =  -3.70420e-05
dlev8               =  -3.63314e-05
dlev9               =  -3.55917e-05
dlev10              =  -3.48359e-05
dlev11              =  -3.40967e-05
dlev12              =  -3.26718e-05
dlev13              =  -5.94071e-06
dlev14              =  -3.03723e-05
dlev15              =  -5.70453e-06
dlev16              =  9.99984e-01
dlev17              =  9.99984e-01
dlev18              =  9.99995e-01
dlev19              =  9.99983e-01
dlev20              =  9.99983e-01
dlev21              =  9.99982e-01
dlev22              =  9.99982e-01
dlev23              =  9.99982e-01
dlev24              =  9.99980e-01
dlev25              =  9.99980e-01
dlev26              =  9.99993e-01
dlev27              =  9.99993e-01
dlev28              =  9.99993e-01
dlev29              =  9.99993e-01
dlev30              =  9.99993e-01
dlev31              =  9.99992e-01
dlev32              =  9.99992e-01
vos = -1.498202143e-03
lowcount = 1.6000599286e+01
vbias               =  3.43092e-01
Reset re-loads circuit * comparator-offset-transient-mc @ tt_mismatch_-40c_1.20v -- generated by sim/harness, do not edit

Circuit: * comparator-offset-transient-mc @ tt_mismatch_-40c_1.20v -- generated by sim/harness, do not edit

Doing analysis at TEMP = -40.000000 and TNOM = 27.000000

Using SPARSE 1.3 as Direct Linear Solver

Initial Transient Solution
--------------------------

Node                                   Voltage
----                                   -------
vdd                                        1.2
cm                                         0.6
vd                                      -0.048
ap                                       0.576
an                                       0.624
clk                                          0
ibn                                    0.34422
xa.x1.tmid                         2.56194e-08
xa.x1.tail                              0.5718
xa.x1.np                                   1.2
xa.x1.nn                                   1.2
xa.x1.ln                                   1.2
xa.x1.lp                                   1.2
xa.x1.lnb                          2.68935e-08
xa.x1.lpb                          2.65925e-08
xa.x1.na                                   1.2
doutb                                      1.2
dout                               2.69416e-08
xa.x1.nb                                   1.2
doutn                              2.24513e-08
bdoutn#branch                                0
ean#branch                         4.54414e-13
eap#branch                          5.8259e-13
vclk#branch                        2.06451e-10
vd#branch                                    0
vcm#branch                           1.037e-12
vsup#branch                       -2.00005e-05

 Reference value :  5.23024e-08
 Reference value :  1.41903e-07
 Reference value :  2.47250e-07
 Reference value :  3.47205e-07
 Reference value :  4.36596e-07
 Reference value :  5.41350e-07
 Reference value :  6.22894e-07
 Reference value :  7.08605e-07
 Reference value :  7.99095e-07
 Reference value :  9.06550e-07
No. of Data Rows : 10838
dlev0               =  -4.07632e-05
dlev1               =  -1.18302e-05
dlev2               =  -1.09622e-05
dlev3               =  -1.02359e-05
dlev4               =  -9.64473e-06
dlev5               =  -9.21885e-06
dlev6               =  -9.07401e-06
dlev7               =  -9.47682e-06
dlev8               =  -1.05732e-05
dlev9               =  -3.79047e-05
dlev10              =  -3.72319e-05
dlev11              =  -3.66140e-05
dlev12              =  -3.59223e-05
dlev13              =  -3.34310e-05
dlev14              =  -6.01523e-06
dlev15              =  -3.22211e-05
dlev16              =  -5.56310e-06
dlev17              =  9.99988e-01
dlev18              =  9.99997e-01
dlev19              =  9.99996e-01
dlev20              =  9.99984e-01
dlev21              =  9.99984e-01
dlev22              =  9.99984e-01
dlev23              =  9.99983e-01
dlev24              =  9.99995e-01
dlev25              =  9.99995e-01
dlev26              =  9.99995e-01
dlev27              =  9.99987e-01
dlev28              =  9.99995e-01
dlev29              =  9.99995e-01
dlev30              =  9.99994e-01
dlev31              =  9.99994e-01
dlev32              =  9.99993e-01
vos = 1.5014585476e-03
lowcount = 1.7000486183e+01
vbias               =  3.44220e-01
Reset re-loads circuit * comparator-offset-transient-mc @ tt_mismatch_-40c_1.20v -- generated by sim/harness, do not edit

Circuit: * comparator-offset-transient-mc @ tt_mismatch_-40c_1.20v -- generated by sim/harness, do not edit

Doing analysis at TEMP = -40.000000 and TNOM = 27.000000

Using SPARSE 1.3 as Direct Linear Solver

Initial Transient Solution
--------------------------

Node                                   Voltage
----                                   -------
vdd                                        1.2
cm                                         0.6
vd                                      -0.048
ap                                       0.576
an                                       0.624
clk                                          0
ibn                                   0.342128
xa.x1.tmid                         2.41583e-08
xa.x1.tail                            0.573296
xa.x1.np                                   1.2
xa.x1.nn                                   1.2
xa.x1.ln                                   1.2
xa.x1.lp                                   1.2
xa.x1.lnb                          2.68033e-08
xa.x1.lpb                          2.62766e-08
xa.x1.na                                   1.2
doutb                                      1.2
dout                               2.79211e-08
xa.x1.nb                                   1.2
doutn                              2.32676e-08
bdoutn#branch                                0
ean#branch                          4.5422e-13
eap#branch                         5.82256e-13
vclk#branch                        2.07296e-10
vd#branch                                    0
vcm#branch                         1.03648e-12
vsup#branch                       -2.00005e-05

 Reference value :  5.52800e-09
 Reference value :  1.16199e-07
 Reference value :  2.27504e-07
 Reference value :  3.38850e-07
 Reference value :  4.49800e-07
 Reference value :  5.60178e-07
 Reference value :  6.67150e-07
 Reference value :  7.74299e-07
 Reference value :  8.87895e-07
No. of Data Rows : 10828
dlev0               =  -3.99336e-05
dlev1               =  -8.31062e-06
dlev2               =  -8.79081e-06
dlev3               =  -9.28459e-06
dlev4               =  -3.68333e-05
dlev5               =  -3.61608e-05
dlev6               =  -3.54305e-05
dlev7               =  -3.46419e-05
dlev8               =  -3.38149e-05
dlev9               =  -3.29662e-05
dlev10              =  -3.15948e-05
dlev11              =  -4.23616e-06
dlev12              =  -4.37438e-06
dlev13              =  -2.90377e-05
dlev14              =  -2.84658e-05
dlev15              =  9.99990e-01
dlev16              =  9.99979e-01
dlev17              =  9.99993e-01
dlev18              =  9.99992e-01
dlev19              =  9.99980e-01
dlev20              =  9.99979e-01
dlev21              =  9.99978e-01
dlev22              =  9.99977e-01
dlev23              =  9.99977e-01
dlev24              =  9.99977e-01
dlev25              =  9.99976e-01
dlev26              =  9.99990e-01
dlev27              =  9.99990e-01
dlev28              =  9.99990e-01
dlev29              =  9.99990e-01
dlev30              =  9.99990e-01
dlev31              =  9.99990e-01
dlev32              =  9.99990e-01
vos = -4.498063572e-03
lowcount = 1.5000645476e+01
vbias               =  3.42128e-01
Reset re-loads circuit * comparator-offset-transient-mc @ tt_mismatch_-40c_1.20v -- generated by sim/harness, do not edit

Circuit: * comparator-offset-transient-mc @ tt_mismatch_-40c_1.20v -- generated by sim/harness, do not edit

Doing analysis at TEMP = -40.000000 and TNOM = 27.000000

Using SPARSE 1.3 as Direct Linear Solver

Initial Transient Solution
--------------------------

Node                                   Voltage
----                                   -------
vdd                                        1.2
cm                                         0.6
vd                                      -0.048
ap                                       0.576
an                                       0.624
clk                                          0
ibn                                   0.347528
xa.x1.tmid                          2.1606e-08
xa.x1.tail                             0.57359
xa.x1.np                                   1.2
xa.x1.nn                                   1.2
xa.x1.ln                                   1.2
xa.x1.lp                                   1.2
xa.x1.lnb                          2.67339e-08
xa.x1.lpb                          2.66626e-08
xa.x1.na                                   1.2
doutb                              2.76279e-08
dout                                       1.2
xa.x1.nb                                   1.2
doutn                                        1
bdoutn#branch                                0
ean#branch                         4.54192e-13
eap#branch                         5.82173e-13
vclk#branch                        2.03744e-10
vd#branch                                    0
vcm#branch                         1.03637e-12
vsup#branch                       -2.00005e-05

 Reference value :  0.00000e+00
 Reference value :  1.10496e-07
 Reference value :  2.28001e-07
 Reference value :  3.42997e-07
 Reference value :  4.58850e-07
 Reference value :  5.46650e-07
 Reference value :  6.59692e-07
 Reference value :  7.72592e-07
 Reference value :  8.84496e-07
No. of Data Rows : 10829
dlev0               =  -1.83324e-05
dlev1               =  -3.06566e-05
dlev2               =  -3.03755e-05
dlev3               =  -1.85634e-05
dlev4               =  2.08587e-06
dlev5               =  1.76656e-06
dlev6               =  1.44255e-06
dlev7               =  -2.75776e-05
dlev8               =  -2.70021e-05
dlev9               =  -2.64277e-05
dlev10              =  -2.58560e-05
dlev11              =  4.00293e-06
dlev12              =  4.83931e-06
dlev13              =  -2.25999e-05
dlev14              =  4.88219e-06
dlev15              =  -2.15412e-05
dlev16              =  5.39097e-06
dlev17              =  9.99989e-01
dlev18              =  9.99990e-01
dlev19              =  9.99989e-01
dlev20              =  9.99989e-01
dlev21              =  9.99988e-01
dlev22              =  1.00000e+00
dlev23              =  1.00000e+00
dlev24              =  9.99988e-01
dlev25              =  9.99987e-01
dlev26              =  9.99987e-01
dlev27              =  9.99987e-01
dlev28              =  1.00000e+00
dlev29              =  1.00000e+00
dlev30              =  9.99991e-01
dlev31              =  9.99985e-01
dlev32              =  9.99984e-01
vos = 1.5010902661e-03
lowcount = 1.7000363422e+01
vbias               =  3.47528e-01
Reset re-loads circuit * comparator-offset-transient-mc @ tt_mismatch_-40c_1.20v -- generated by sim/harness, do not edit

Circuit: * comparator-offset-transient-mc @ tt_mismatch_-40c_1.20v -- generated by sim/harness, do not edit

Doing analysis at TEMP = -40.000000 and TNOM = 27.000000

Using SPARSE 1.3 as Direct Linear Solver

Initial Transient Solution
--------------------------

Node                                   Voltage
----                                   -------
vdd                                        1.2
cm                                         0.6
vd                                      -0.048
ap                                       0.576
an                                       0.624
clk                                          0
ibn                                   0.344861
xa.x1.tmid                         2.63745e-08
xa.x1.tail                            0.566841
xa.x1.np                                   1.2
xa.x1.nn                                   1.2
xa.x1.ln                                   1.2
xa.x1.lp                                   1.2
xa.x1.lnb                          2.62511e-08
xa.x1.lpb                           2.6655e-08
xa.x1.na                                   1.2
doutb                                      1.2
dout                               2.71636e-08
xa.x1.nb                                   1.2
doutn                              2.26363e-08
bdoutn#branch                                0
ean#branch                         4.53915e-13
eap#branch                         5.82229e-13
vclk#branch                        2.04385e-10
vd#branch                                    0
vcm#branch                         1.03614e-12
vsup#branch                       -2.00005e-05

 Reference value :  0.00000e+00
 Reference value :  1.10270e-07
 Reference value :  2.15250e-07
 Reference value :  3.29591e-07
 Reference value :  4.40243e-07
 Reference value :  5.50305e-07
 Reference value :  6.64850e-07
 Reference value :  7.77302e-07
 Reference value :  8.84099e-07
 Reference value :  9.77605e-07
No. of Data Rows : 10823
dlev0               =  -2.53803e-05
dlev1               =  3.84894e-06
dlev2               =  4.42586e-06
dlev3               =  4.89228e-06
dlev4               =  5.21532e-06
dlev5               =  5.25760e-06
dlev6               =  4.82604e-06
dlev7               =  -2.00376e-05
dlev8               =  -1.94907e-05
dlev9               =  -1.88942e-05
dlev10              =  -1.82389e-05
dlev11              =  -1.75404e-05
dlev12              =  6.23956e-06
dlev13              =  -1.64646e-05
dlev14              =  -1.59386e-05
dlev15              =  9.99992e-01
dlev16              =  9.99992e-01
dlev17              =  9.99979e-01
dlev18              =  9.99978e-01
dlev19              =  9.99978e-01
dlev20              =  9.99977e-01
dlev21              =  9.99977e-01
dlev22              =  9.99990e-01
dlev23              =  9.99990e-01
dlev24              =  9.99991e-01
dlev25              =  9.99991e-01
dlev26              =  9.99990e-01
dlev27              =  9.99990e-01
dlev28              =  9.99990e-01
dlev29              =  9.99989e-01
dlev30              =  9.99976e-01
dlev31              =  9.99977e-01
dlev32              =  9.99976e-01
vos = -4.498816261e-03
lowcount = 1.5000394580e+01
vbias               =  3.44861e-01
Reset re-loads circuit * comparator-offset-transient-mc @ tt_mismatch_-40c_1.20v -- generated by sim/harness, do not edit

Circuit: * comparator-offset-transient-mc @ tt_mismatch_-40c_1.20v -- generated by sim/harness, do not edit

Doing analysis at TEMP = -40.000000 and TNOM = 27.000000

Using SPARSE 1.3 as Direct Linear Solver

Initial Transient Solution
--------------------------

Node                                   Voltage
----                                   -------
vdd                                        1.2
cm                                         0.6
vd                                      -0.048
ap                                       0.576
an                                       0.624
clk                                          0
ibn                                   0.345048
xa.x1.tmid                         2.37574e-08
xa.x1.tail                             0.57205
xa.x1.np                                   1.2
xa.x1.nn                                   1.2
xa.x1.ln                                   1.2
xa.x1.lp                                   1.2
xa.x1.lnb                          2.54719e-08
xa.x1.lpb                          2.61832e-08
xa.x1.na                                   1.2
doutb                                      1.2
dout                               2.79862e-08
xa.x1.nb                                   1.2
doutn                              2.33219e-08
bdoutn#branch                                0
ean#branch                         4.54331e-13
eap#branch                         5.82451e-13
vclk#branch                        2.03959e-10
vd#branch                                    0
vcm#branch                         1.03678e-12
vsup#branch                       -2.00005e-05

 Reference value :  8.13961e-08
 Reference value :  1.98496e-07
 Reference value :  2.85301e-07
 Reference value :  4.00405e-07
 Reference value :  5.07584e-07
 Reference value :  5.91992e-07
 Reference value :  6.84504e-07
 Reference value :  7.93397e-07
 Reference value :  9.10003e-07
No. of Data Rows : 10827
dlev0               =  -3.75883e-05
dlev1               =  -3.79378e-05
dlev2               =  -3.68717e-05
dlev3               =  -9.23205e-06
dlev4               =  -8.17415e-06
dlev5               =  -7.26866e-06
dlev6               =  -6.56980e-06
dlev7               =  -6.22974e-06
dlev8               =  -6.63905e-06
dlev9               =  -3.37619e-05
dlev10              =  -3.33015e-05
dlev11              =  -3.10753e-05
dlev12              =  -3.03896e-05
dlev13              =  -2.97268e-05
dlev14              =  -3.99320e-06
dlev15              =  -3.71247e-06
dlev16              =  9.99989e-01
dlev17              =  9.99999e-01
dlev18              =  9.99987e-01
dlev19              =  9.99987e-01
dlev20              =  9.99986e-01
dlev21              =  9.99986e-01
dlev22              =  9.99998e-01
dlev23              =  9.99998e-01
dlev24              =  9.99998e-01
dlev25              =  9.99998e-01
dlev26              =  9.99998e-01
dlev27              =  9.99997e-01
dlev28              =  9.99984e-01
dlev29              =  9.99983e-01
dlev30              =  9.99983e-01
dlev31              =  9.99982e-01
dlev32              =  9.99982e-01
vos = -1.498542084e-03
lowcount = 1.6000485972e+01
vbias               =  3.45047e-01
Reset re-loads circuit * comparator-offset-transient-mc @ tt_mismatch_-40c_1.20v -- generated by sim/harness, do not edit

Circuit: * comparator-offset-transient-mc @ tt_mismatch_-40c_1.20v -- generated by sim/harness, do not edit

Doing analysis at TEMP = -40.000000 and TNOM = 27.000000

Using SPARSE 1.3 as Direct Linear Solver

Initial Transient Solution
--------------------------

Node                                   Voltage
----                                   -------
vdd                                        1.2
cm                                         0.6
vd                                      -0.048
ap                                       0.576
an                                       0.624
clk                                          0
ibn                                   0.345259
xa.x1.tmid                         2.44628e-08
xa.x1.tail                            0.571735
xa.x1.np                                   1.2
xa.x1.nn                                   1.2
xa.x1.ln                                   1.2
xa.x1.lp                                   1.2
xa.x1.lnb                          2.68917e-08
xa.x1.lpb                          2.59442e-08
xa.x1.na                                   1.2
doutb                                      1.2
dout                               2.73114e-08
xa.x1.nb                                   1.2
doutn                              2.27595e-08
bdoutn#branch                                0
ean#branch                         4.54664e-13
eap#branch                          5.8259e-13
vclk#branch                         2.0646e-10
vd#branch                                    0
vcm#branch                         1.03725e-12
vsup#branch                       -2.00005e-05

 Reference value :  1.19159e-08
 Reference value :  1.29450e-07
 Reference value :  2.36903e-07
 Reference value :  3.16296e-07
 Reference value :  3.95750e-07
 Reference value :  4.90041e-07
 Reference value :  5.91801e-07
 Reference value :  7.00083e-07
 Reference value :  8.06704e-07
 Reference value :  8.90266e-07
 Reference value :  9.70404e-07
No. of Data Rows : 10817
dlev0               =  -4.29043e-05
dlev1               =  -4.42096e-05
dlev2               =  -4.33909e-05
dlev3               =  -4.19707e-05
dlev4               =  -4.08432e-05
dlev5               =  -1.56808e-05
dlev6               =  -1.46927e-05
dlev7               =  -1.38493e-05
dlev8               =  -1.32069e-05
dlev9               =  -1.29121e-05
dlev10              =  -1.34356e-05
dlev11              =  -1.50809e-05
dlev12              =  -4.00545e-05
dlev13              =  -3.95538e-05
dlev14              =  -3.80119e-05
dlev15              =  -1.12993e-05
dlev16              =  -3.78687e-05
dlev17              =  9.99987e-01
dlev18              =  9.99994e-01
dlev19              =  9.99979e-01
dlev20              =  9.99979e-01
dlev21              =  9.99978e-01
dlev22              =  9.99992e-01
dlev23              =  9.99993e-01
dlev24              =  9.99993e-01
dlev25              =  9.99993e-01
dlev26              =  9.99992e-01
dlev27              =  9.99992e-01
dlev28              =  9.99991e-01
dlev29              =  9.99976e-01
dlev30              =  9.99976e-01
dlev31              =  9.99975e-01
dlev32              =  9.99975e-01
vos = 1.5021403959e-03
lowcount = 1.7000713465e+01
vbias               =  3.45259e-01
Reset re-loads circuit * comparator-offset-transient-mc @ tt_mismatch_-40c_1.20v -- generated by sim/harness, do not edit

Circuit: * comparator-offset-transient-mc @ tt_mismatch_-40c_1.20v -- generated by sim/harness, do not edit

Doing analysis at TEMP = -40.000000 and TNOM = 27.000000

Using SPARSE 1.3 as Direct Linear Solver

Initial Transient Solution
--------------------------

Node                                   Voltage
----                                   -------
vdd                                        1.2
cm                                         0.6
vd                                      -0.048
ap                                       0.576
an                                       0.624
clk                                          0
ibn                                   0.343867
xa.x1.tmid                         2.56533e-08
xa.x1.tail                            0.568409
xa.x1.np                                   1.2
xa.x1.nn                                   1.2
xa.x1.ln                                   1.2
xa.x1.lp                                   1.2
xa.x1.lnb                          2.60374e-08
xa.x1.lpb                          2.63477e-08
xa.x1.na                               1.18744
doutb                                 0.620299
dout                                  0.616919
xa.x1.nb                               1.18816
doutn                                 0.514099
bdoutn#branch                                0
ean#branch                         4.54331e-13
eap#branch                         5.82395e-13
vclk#branch                        2.05882e-10
vd#branch                                    0
vcm#branch                         1.03673e-12
vsup#branch                        -7.2103e-05

 Reference value :  5.05026e-08
 Reference value :  1.38895e-07
 Reference value :  2.45950e-07
 Reference value :  3.58202e-07
 Reference value :  4.70346e-07
 Reference value :  5.68399e-07
 Reference value :  6.48303e-07
 Reference value :  7.57550e-07
 Reference value :  8.44050e-07
 Reference value :  9.54299e-07
No. of Data Rows : 10826
dlev0               =  -2.02916e-05
dlev1               =  -1.75821e-05
dlev2               =  -1.67291e-05
dlev3               =  -1.60151e-05
dlev4               =  -1.54296e-05
dlev5               =  -2.95518e-05
dlev6               =  -1.50572e-05
dlev7               =  -1.58709e-05
dlev8               =  -4.04655e-05
dlev9               =  -4.05911e-05
dlev10              =  -4.02604e-05
dlev11              =  -3.93659e-05
dlev12              =  -3.75553e-05
dlev13              =  -1.24649e-05
dlev14              =  -3.74363e-05
dlev15              =  9.99990e-01
dlev16              =  9.99993e-01
dlev17              =  9.99981e-01
dlev18              =  9.99980e-01
dlev19              =  9.99979e-01
dlev20              =  9.99979e-01
dlev21              =  9.99978e-01
dlev22              =  9.99991e-01
dlev23              =  9.99992e-01
dlev24              =  9.99992e-01
dlev25              =  9.99992e-01
dlev26              =  9.99991e-01
dlev27              =  9.99991e-01
dlev28              =  9.99991e-01
dlev29              =  9.99977e-01
dlev30              =  9.99977e-01
dlev31              =  9.99976e-01
dlev32              =  9.99976e-01
vos = -4.497996400e-03
lowcount = 1.5000667867e+01
vbias               =  3.43867e-01
Reset re-loads circuit * comparator-offset-transient-mc @ tt_mismatch_-40c_1.20v -- generated by sim/harness, do not edit

Circuit: * comparator-offset-transient-mc @ tt_mismatch_-40c_1.20v -- generated by sim/harness, do not edit

Doing analysis at TEMP = -40.000000 and TNOM = 27.000000

Using SPARSE 1.3 as Direct Linear Solver

Initial Transient Solution
--------------------------

Node                                   Voltage
----                                   -------
vdd                                        1.2
cm                                         0.6
vd                                      -0.048
ap                                       0.576
an                                       0.624
clk                                          0
ibn                                   0.345506
xa.x1.tmid                         2.50686e-08
xa.x1.tail                            0.571599
xa.x1.np                                   1.2
xa.x1.nn                                   1.2
xa.x1.ln                                   1.2
xa.x1.lp                                   1.2
xa.x1.lnb                          2.65732e-08
xa.x1.lpb                          2.63826e-08
xa.x1.na                                 1.188
doutb                                 0.621785
dout                                  0.615787
xa.x1.nb                               1.18768
doutn                                 0.513156
bdoutn#branch                                0
ean#branch                         4.54387e-13
eap#branch                         5.82395e-13
vclk#branch                        2.07579e-10
vd#branch                                    0
vcm#branch                         1.03678e-12
vsup#branch                       -7.13609e-05

 Reference value :  5.62968e-08
 Reference value :  1.40265e-07
 Reference value :  2.50805e-07
 Reference value :  3.60000e-07
 Reference value :  4.71607e-07
 Reference value :  5.87105e-07
 Reference value :  7.00100e-07
 Reference value :  8.13750e-07
 Reference value :  9.29199e-07
No. of Data Rows : 10819
dlev0               =  -3.72586e-05
dlev1               =  -3.67634e-05
dlev2               =  -3.60543e-05
dlev3               =  -3.53597e-05
dlev4               =  -3.46805e-05
dlev5               =  -3.41265e-05
dlev6               =  -6.32178e-06
dlev7               =  -5.02138e-06
dlev8               =  -3.93196e-06
dlev9               =  -2.16756e-05
dlev10              =  -2.04819e-05
dlev11              =  -3.97368e-06
dlev12              =  -2.87828e-05
dlev13              =  -2.81805e-05
dlev14              =  -2.73731e-05
dlev15              =  1.32856e-06
dlev16              =  -2.61610e-05
dlev17              =  9.99978e-01
dlev18              =  9.99980e-01
dlev19              =  9.99978e-01
dlev20              =  9.99978e-01
dlev21              =  9.99991e-01
dlev22              =  9.99983e-01
dlev23              =  9.99982e-01
dlev24              =  9.99982e-01
dlev25              =  9.99991e-01
dlev26              =  9.99990e-01
dlev27              =  9.99977e-01
dlev28              =  9.99976e-01
dlev29              =  9.99976e-01
dlev30              =  9.99976e-01
dlev31              =  9.99976e-01
dlev32              =  9.99975e-01
vos = 1.5020925547e-03
lowcount = 1.7000697518e+01
vbias               =  3.45506e-01
Reset re-loads circuit * comparator-offset-transient-mc @ tt_mismatch_-40c_1.20v -- generated by sim/harness, do not edit

Circuit: * comparator-offset-transient-mc @ tt_mismatch_-40c_1.20v -- generated by sim/harness, do not edit

Doing analysis at TEMP = -40.000000 and TNOM = 27.000000

Using SPARSE 1.3 as Direct Linear Solver

Initial Transient Solution
--------------------------

Node                                   Voltage
----                                   -------
vdd                                        1.2
cm                                         0.6
vd                                      -0.048
ap                                       0.576
an                                       0.624
clk                                          0
ibn                                   0.347611
xa.x1.tmid                         2.49557e-08
xa.x1.tail                            0.568405
xa.x1.np                                   1.2
xa.x1.nn                                   1.2
xa.x1.ln                                   1.2
xa.x1.lp                                   1.2
xa.x1.lnb                          2.65579e-08
xa.x1.lpb                          2.68587e-08
xa.x1.na                                   1.2
doutb                              2.76534e-08
dout                                       1.2
xa.x1.nb                                   1.2
doutn                                        1
bdoutn#branch                                0
ean#branch                         4.54109e-13
eap#branch                         5.82007e-13
vclk#branch                        2.04512e-10
vd#branch                                    0
vcm#branch                         1.03612e-12
vsup#branch                       -2.00005e-05

 Reference value :  3.55500e-08
 Reference value :  1.20650e-07
 Reference value :  2.00267e-07
 Reference value :  2.80885e-07
 Reference value :  3.92850e-07
 Reference value :  4.90205e-07
 Reference value :  5.85197e-07
 Reference value :  6.95950e-07
 Reference value :  8.01997e-07
 Reference value :  8.91698e-07
No. of Data Rows : 10820
dlev0               =  -7.64015e-06
dlev1               =  -3.49885e-05
dlev2               =  -3.43453e-05
dlev3               =  -3.38319e-05
dlev4               =  -3.33263e-05
dlev5               =  -3.28310e-05
dlev6               =  -5.71978e-06
dlev7               =  -4.21971e-06
dlev8               =  -2.13733e-05
dlev9               =  -2.86735e-05
dlev10              =  2.52090e-07
dlev11              =  -4.49893e-06
dlev12              =  -2.71975e-05
dlev13              =  -2.63867e-05
dlev14              =  1.96656e-06
dlev15              =  9.99990e-01
dlev16              =  9.99998e-01
dlev17              =  9.99982e-01
dlev18              =  9.99981e-01
dlev19              =  9.99995e-01
dlev20              =  9.99982e-01
dlev21              =  9.99982e-01
dlev22              =  9.99985e-01
dlev23              =  9.99994e-01
dlev24              =  9.99981e-01
dlev25              =  9.99980e-01
dlev26              =  9.99979e-01
dlev27              =  9.99979e-01
dlev28              =  9.99979e-01
dlev29              =  9.99978e-01
dlev30              =  9.99978e-01
dlev31              =  9.99978e-01
dlev32              =  9.99978e-01
vos = -4.498217358e-03
lowcount = 1.5000594214e+01
vbias               =  3.47611e-01
Reset re-loads circuit * comparator-offset-transient-mc @ tt_mismatch_-40c_1.20v -- generated by sim/harness, do not edit

Circuit: * comparator-offset-transient-mc @ tt_mismatch_-40c_1.20v -- generated by sim/harness, do not edit

Doing analysis at TEMP = -40.000000 and TNOM = 27.000000

Using SPARSE 1.3 as Direct Linear Solver

Initial Transient Solution
--------------------------

Node                                   Voltage
----                                   -------
vdd                                        1.2
cm                                         0.6
vd                                      -0.048
ap                                       0.576
an                                       0.624
clk                                          0
ibn                                   0.343403
xa.x1.tmid                         2.79515e-08
xa.x1.tail                            0.566532
xa.x1.np                                   1.2
xa.x1.nn                                   1.2
xa.x1.ln                                   1.2
xa.x1.lp                                   1.2
xa.x1.lnb                          2.65976e-08
xa.x1.lpb                          2.69387e-08
xa.x1.na                                   1.2
doutb                              2.66467e-08
dout                                       1.2
xa.x1.nb                                   1.2
doutn                                        1
bdoutn#branch                                0
ean#branch                         4.54192e-13
eap#branch                         5.81951e-13
vclk#branch                        2.05515e-10
vd#branch                                    0
vcm#branch                         1.03614e-12
vsup#branch                       -2.00005e-05

 Reference value :  0.00000e+00
 Reference value :  9.46500e-08
 Reference value :  1.77401e-07
 Reference value :  2.59907e-07
 Reference value :  3.40407e-07
 Reference value :  4.45201e-07
 Reference value :  5.44850e-07
 Reference value :  6.50596e-07
 Reference value :  7.60103e-07
 Reference value :  8.62398e-07
 Reference value :  9.72499e-07
No. of Data Rows : 10825
dlev0               =  -1.88514e-05
dlev1               =  -1.84751e-05
dlev2               =  -1.81044e-05
dlev3               =  -1.79357e-05
dlev4               =  -1.81131e-05
dlev5               =  -1.80166e-05
dlev6               =  -4.21117e-05
dlev7               =  -4.23650e-05
dlev8               =  -4.20109e-05
dlev9               =  -4.11435e-05
dlev10              =  -4.05735e-05
dlev11              =  -3.95553e-05
dlev12              =  -3.81702e-05
dlev13              =  -1.44910e-05
dlev14              =  -3.87268e-05
dlev15              =  -3.66580e-05
dlev16              =  9.99981e-01
dlev17              =  9.99981e-01
dlev18              =  9.99992e-01
dlev19              =  9.99982e-01
dlev20              =  9.99980e-01
dlev21              =  9.99979e-01
dlev22              =  9.99979e-01
dlev23              =  9.99978e-01
dlev24              =  9.99978e-01
dlev25              =  9.99978e-01
dlev26              =  9.99990e-01
dlev27              =  9.99990e-01
dlev28              =  9.99990e-01
dlev29              =  9.99990e-01
dlev30              =  9.99990e-01
dlev31              =  9.99990e-01
dlev32              =  9.99989e-01
vos = -1.497756893e-03
lowcount = 1.6000747702e+01
vbias               =  3.43403e-01
Reset re-loads circuit * comparator-offset-transient-mc @ tt_mismatch_-40c_1.20v -- generated by sim/harness, do not edit

Circuit: * comparator-offset-transient-mc @ tt_mismatch_-40c_1.20v -- generated by sim/harness, do not edit

Doing analysis at TEMP = -40.000000 and TNOM = 27.000000

Using SPARSE 1.3 as Direct Linear Solver

Initial Transient Solution
--------------------------

Node                                   Voltage
----                                   -------
vdd                                        1.2
cm                                         0.6
vd                                      -0.048
ap                                       0.576
an                                       0.624
clk                                          0
ibn                                   0.345596
xa.x1.tmid                         2.50408e-08
xa.x1.tail                            0.567885
xa.x1.np                                   1.2
xa.x1.nn                                   1.2
xa.x1.ln                                   1.2
xa.x1.lp                                   1.2
xa.x1.lnb                             2.59e-08
xa.x1.lpb                           2.7124e-08
xa.x1.na                               1.18796
doutb                                 0.623869
dout                                  0.618937
xa.x1.nb                               1.18872
doutn                                 0.515781
bdoutn#branch                                0
ean#branch                         4.54164e-13
eap#branch                         5.82007e-13
vclk#branch                        2.03942e-10
vd#branch                                    0
vcm#branch                         1.03617e-12
vsup#branch                       -7.08475e-05

 Reference value :  7.08047e-08
 Reference value :  1.78913e-07
 Reference value :  2.89099e-07
 Reference value :  3.84493e-07
 Reference value :  4.61655e-07
 Reference value :  5.43350e-07
 Reference value :  6.40305e-07
 Reference value :  7.48404e-07
 Reference value :  8.50041e-07
 Reference value :  9.50287e-07
No. of Data Rows : 10829
dlev0               =  -2.63835e-05
dlev1               =  -2.58531e-05
dlev2               =  -2.53342e-05
dlev3               =  3.09443e-06
dlev4               =  3.90288e-06
dlev5               =  4.57300e-06
dlev6               =  5.86435e-06
dlev7               =  6.15424e-06
dlev8               =  5.13275e-06
dlev9               =  3.92096e-06
dlev10              =  -1.97004e-05
dlev11              =  -1.90819e-05
dlev12              =  -1.83628e-05
dlev13              =  5.65153e-06
dlev14              =  4.93294e-06
dlev15              =  9.99984e-01
dlev16              =  9.99996e-01
dlev17              =  9.99984e-01
dlev18              =  9.99983e-01
dlev19              =  9.99983e-01
dlev20              =  9.99995e-01
dlev21              =  9.99995e-01
dlev22              =  9.99995e-01
dlev23              =  9.99995e-01
dlev24              =  9.99994e-01
dlev25              =  9.99994e-01
dlev26              =  9.99981e-01
dlev27              =  9.99980e-01
dlev28              =  9.99979e-01
dlev29              =  9.99979e-01
dlev30              =  9.99979e-01
dlev31              =  9.99978e-01
dlev32              =  9.99978e-01
vos = -4.498980633e-03
lowcount = 1.5000339789e+01
vbias               =  3.45596e-01
Reset re-loads circuit * comparator-offset-transient-mc @ tt_mismatch_-40c_1.20v -- generated by sim/harness, do not edit

Circuit: * comparator-offset-transient-mc @ tt_mismatch_-40c_1.20v -- generated by sim/harness, do not edit

Doing analysis at TEMP = -40.000000 and TNOM = 27.000000

Using SPARSE 1.3 as Direct Linear Solver

Initial Transient Solution
--------------------------

Node                                   Voltage
----                                   -------
vdd                                        1.2
cm                                         0.6
vd                                      -0.048
ap                                       0.576
an                                       0.624
clk                                          0
ibn                                    0.34706
xa.x1.tmid                         2.31998e-08
xa.x1.tail                            0.570603
xa.x1.np                                   1.2
xa.x1.nn                                   1.2
xa.x1.ln                                   1.2
xa.x1.lp                                   1.2
xa.x1.lnb                          2.65691e-08
xa.x1.lpb                          2.63682e-08
xa.x1.na                                   1.2
doutb                              2.76145e-08
dout                                       1.2
xa.x1.nb                                   1.2
doutn                                        1
bdoutn#branch                                0
ean#branch                          4.5422e-13
eap#branch                         5.82145e-13
vclk#branch                        2.04643e-10
vd#branch                                    0
vcm#branch                         1.03637e-12
vsup#branch                       -2.00005e-05

 Reference value :  4.76036e-08
 Reference value :  1.51150e-07
 Reference value :  2.60317e-07
 Reference value :  3.70704e-07
 Reference value :  4.82950e-07
 Reference value :  5.97101e-07
 Reference value :  6.91650e-07
 Reference value :  7.70110e-07
 Reference value :  8.49650e-07
 Reference value :  9.59935e-07
No. of Data Rows : 10816
dlev0               =  -8.39822e-06
dlev1               =  -4.28147e-05
dlev2               =  -4.21548e-05
dlev3               =  -4.14067e-05
dlev4               =  -4.05844e-05
dlev5               =  -4.00220e-05
dlev6               =  -9.47747e-06
dlev7               =  -8.31039e-06
dlev8               =  -7.41327e-06
dlev9               =  -6.99081e-06
dlev10              =  -7.67179e-06
dlev11              =  -3.71774e-05
dlev12              =  -3.65693e-05
dlev13              =  -3.59839e-05
dlev14              =  -5.45101e-06
dlev15              =  9.99986e-01
dlev16              =  9.99996e-01
dlev17              =  9.99983e-01
dlev18              =  9.99982e-01
dlev19              =  9.99995e-01
dlev20              =  9.99982e-01
dlev21              =  9.99982e-01
dlev22              =  9.99982e-01
dlev23              =  9.99995e-01
dlev24              =  9.99994e-01
dlev25              =  9.99980e-01
dlev26              =  9.99979e-01
dlev27              =  9.99979e-01
dlev28              =  9.99978e-01
dlev29              =  9.99978e-01
dlev30              =  9.99977e-01
dlev31              =  9.99977e-01
dlev32              =  9.99976e-01
vos = -4.497990521e-03
lowcount = 1.5000669826e+01
vbias               =  3.47060e-01
Reset re-loads circuit * comparator-offset-transient-mc @ tt_mismatch_-40c_1.20v -- generated by sim/harness, do not edit

Circuit: * comparator-offset-transient-mc @ tt_mismatch_-40c_1.20v -- generated by sim/harness, do not edit

Doing analysis at TEMP = -40.000000 and TNOM = 27.000000

Using SPARSE 1.3 as Direct Linear Solver

Initial Transient Solution
--------------------------

Node                                   Voltage
----                                   -------
vdd                                        1.2
cm                                         0.6
vd                                      -0.048
ap                                       0.576
an                                       0.624
clk                                          0
ibn                                   0.345869
xa.x1.tmid                         2.32937e-08
xa.x1.tail                            0.571267
xa.x1.np                                   1.2
xa.x1.nn                                   1.2
xa.x1.ln                                   1.2
xa.x1.lp                                   1.2
xa.x1.lnb                          2.65068e-08
xa.x1.lpb                          2.67545e-08
xa.x1.na                                   1.2
doutb                               2.7057e-08
dout                                       1.2
xa.x1.nb                                   1.2
doutn                                        1
bdoutn#branch                                0
ean#branch                          4.5422e-13
eap#branch                         5.82312e-13
vclk#branch                        2.04264e-10
vd#branch                                    0
vcm#branch                         1.03653e-12
vsup#branch                       -2.00005e-05

 Reference value :  6.25500e-08
 Reference value :  1.73508e-07
 Reference value :  2.81795e-07
 Reference value :  3.80394e-07
 Reference value :  4.88150e-07
 Reference value :  5.99499e-07
 Reference value :  7.08196e-07
 Reference value :  8.21204e-07
 Reference value :  9.33250e-07
No. of Data Rows : 10812
dlev0               =  -2.24127e-05
dlev1               =  -2.86103e-05
dlev2               =  -2.80246e-05
dlev3               =  -2.74455e-05
dlev4               =  9.02316e-07
dlev5               =  1.89477e-06
dlev6               =  2.72427e-06
dlev7               =  -1.51690e-05
dlev8               =  5.12626e-06
dlev9               =  3.59768e-06
dlev10              =  2.47690e-06
dlev11              =  -2.18027e-05
dlev12              =  -2.10797e-05
dlev13              =  -2.01375e-05
dlev14              =  -1.96415e-05
dlev15              =  9.99987e-01
dlev16              =  9.99996e-01
dlev17              =  9.99981e-01
dlev18              =  9.99981e-01
dlev19              =  9.99981e-01
dlev20              =  9.99994e-01
dlev21              =  9.99985e-01
dlev22              =  9.99984e-01
dlev23              =  9.99994e-01
dlev24              =  9.99994e-01
dlev25              =  9.99979e-01
dlev26              =  9.99979e-01
dlev27              =  9.99979e-01
dlev28              =  9.99978e-01
dlev29              =  9.99978e-01
dlev30              =  9.99978e-01
dlev31              =  9.99978e-01
dlev32              =  9.99978e-01
vos = -4.498545596e-03
lowcount = 1.5000484801e+01
vbias               =  3.45869e-01
Reset re-loads circuit * comparator-offset-transient-mc @ tt_mismatch_-40c_1.20v -- generated by sim/harness, do not edit

Circuit: * comparator-offset-transient-mc @ tt_mismatch_-40c_1.20v -- generated by sim/harness, do not edit

Doing analysis at TEMP = -40.000000 and TNOM = 27.000000

Using SPARSE 1.3 as Direct Linear Solver

Initial Transient Solution
--------------------------

Node                                   Voltage
----                                   -------
vdd                                        1.2
cm                                         0.6
vd                                      -0.048
ap                                       0.576
an                                       0.624
clk                                          0
ibn                                   0.342328
xa.x1.tmid                          2.4443e-08
xa.x1.tail                            0.573474
xa.x1.np                                   1.2
xa.x1.nn                                   1.2
xa.x1.ln                                   1.2
xa.x1.lp                                   1.2
xa.x1.lnb                          2.58183e-08
xa.x1.lpb                          2.64825e-08
xa.x1.na                                1.1874
doutb                                 0.619231
dout                                  0.615456
xa.x1.nb                               1.18834
doutn                                  0.51288
bdoutn#branch                                0
ean#branch                         4.54359e-13
eap#branch                         5.82284e-13
vclk#branch                        2.04972e-10
vd#branch                                    0
vcm#branch                         1.03664e-12
vsup#branch                       -7.31022e-05

 Reference value :  3.36500e-08
 Reference value :  1.47204e-07
 Reference value :  2.53103e-07
 Reference value :  3.70019e-07
 Reference value :  4.82050e-07
 Reference value :  5.90705e-07
 Reference value :  7.10110e-07
 Reference value :  8.15950e-07
 Reference value :  9.18497e-07
No. of Data Rows : 10828
dlev0               =  -4.15327e-05
dlev1               =  -1.32979e-05
dlev2               =  -1.26018e-05
dlev3               =  -1.20443e-05
dlev4               =  -1.16405e-05
dlev5               =  -1.14554e-05
dlev6               =  -1.16720e-05
dlev7               =  -1.24447e-05
dlev8               =  -4.02717e-05
dlev9               =  -4.01766e-05
dlev10              =  -3.94402e-05
dlev11              =  -3.86340e-05
dlev12              =  -3.76252e-05
dlev13              =  -3.57297e-05
dlev14              =  -8.20373e-06
dlev15              =  -3.55115e-05
dlev16              =  -7.94339e-06
dlev17              =  9.99986e-01
dlev18              =  9.99993e-01
dlev19              =  9.99994e-01
dlev20              =  9.99980e-01
dlev21              =  9.99979e-01
dlev22              =  9.99979e-01
dlev23              =  9.99979e-01
dlev24              =  9.99978e-01
dlev25              =  9.99978e-01
dlev26              =  9.99992e-01
dlev27              =  9.99992e-01
dlev28              =  9.99992e-01
dlev29              =  9.99992e-01
dlev30              =  9.99992e-01
dlev31              =  9.99991e-01
dlev32              =  9.99991e-01
vos = 1.5018651761e-03
lowcount = 1.7000621725e+01
vbias               =  3.42328e-01
Reset re-loads circuit * comparator-offset-transient-mc @ tt_mismatch_-40c_1.20v -- generated by sim/harness, do not edit

Circuit: * comparator-offset-transient-mc @ tt_mismatch_-40c_1.20v -- generated by sim/harness, do not edit

Doing analysis at TEMP = -40.000000 and TNOM = 27.000000

Using SPARSE 1.3 as Direct Linear Solver

Initial Transient Solution
--------------------------

Node                                   Voltage
----                                   -------
vdd                                        1.2
cm                                         0.6
vd                                      -0.048
ap                                       0.576
an                                       0.624
clk                                          0
ibn                                   0.343913
xa.x1.tmid                         2.47483e-08
xa.x1.tail                            0.572335
xa.x1.np                                   1.2
xa.x1.nn                                   1.2
xa.x1.ln                                   1.2
xa.x1.lp                                   1.2
xa.x1.lnb                          2.66509e-08
xa.x1.lpb                          2.63132e-08
xa.x1.na                                   1.2
doutb                              2.63657e-08
dout                                       1.2
xa.x1.nb                                   1.2
doutn                                        1
bdoutn#branch                                0
ean#branch                         4.54137e-13
eap#branch                         5.82562e-13
vclk#branch                        2.06196e-10
vd#branch                                    0
vcm#branch                          1.0367e-12
vsup#branch                       -2.00005e-05

 Reference value :  2.01300e-08
 Reference value :  1.31896e-07
 Reference value :  2.48050e-07
 Reference value :  3.62350e-07
 Reference value :  4.72804e-07
 Reference value :  5.84798e-07
 Reference value :  7.00504e-07
 Reference value :  8.16450e-07
 Reference value :  9.27407e-07
No. of Data Rows : 10829
dlev0               =  -3.16632e-05
dlev1               =  -4.03785e-05
dlev2               =  -1.14326e-05
dlev3               =  -1.04344e-05
dlev4               =  -9.58676e-06
dlev5               =  -8.87572e-06
dlev6               =  -8.31315e-06
dlev7               =  -7.99899e-06
dlev8               =  -8.21376e-06
dlev9               =  -9.21400e-06
dlev10              =  -3.64753e-05
dlev11              =  -3.60313e-05
dlev12              =  -3.55035e-05
dlev13              =  -3.32026e-05
dlev14              =  -6.96238e-06
dlev15              =  -5.00203e-06
dlev16              =  -3.10890e-05
dlev17              =  9.99983e-01
dlev18              =  9.99993e-01
dlev19              =  9.99993e-01
dlev20              =  9.99982e-01
dlev21              =  9.99981e-01
dlev22              =  9.99981e-01
dlev23              =  9.99980e-01
dlev24              =  9.99980e-01
dlev25              =  9.99992e-01
dlev26              =  9.99992e-01
dlev27              =  9.99992e-01
dlev28              =  9.99992e-01
dlev29              =  9.99992e-01
dlev30              =  9.99991e-01
dlev31              =  9.99991e-01
dlev32              =  9.99980e-01
vos = 1.5016088315e-03
lowcount = 1.7000536277e+01
vbias               =  3.43913e-01
Reset re-loads circuit * comparator-offset-transient-mc @ tt_mismatch_-40c_1.20v -- generated by sim/harness, do not edit

Circuit: * comparator-offset-transient-mc @ tt_mismatch_-40c_1.20v -- generated by sim/harness, do not edit

Doing analysis at TEMP = -40.000000 and TNOM = 27.000000

Using SPARSE 1.3 as Direct Linear Solver

Initial Transient Solution
--------------------------

Node                                   Voltage
----                                   -------
vdd                                        1.2
cm                                         0.6
vd                                      -0.048
ap                                       0.576
an                                       0.624
clk                                          0
ibn                                   0.346894
xa.x1.tmid                         2.48774e-08
xa.x1.tail                            0.569948
xa.x1.np                                   1.2
xa.x1.nn                                   1.2
xa.x1.ln                                   1.2
xa.x1.lp                                   1.2
xa.x1.lnb                          2.65383e-08
xa.x1.lpb                          2.64726e-08
xa.x1.na                                   1.2
doutb                                      1.2
dout                               2.84697e-08
xa.x1.nb                                   1.2
doutn                              2.37248e-08
bdoutn#branch                                0
ean#branch                         4.54192e-13
eap#branch                         5.82562e-13
vclk#branch                        2.05074e-10
vd#branch                                    0
vcm#branch                         1.03675e-12
vsup#branch                       -2.00005e-05

 Reference value :  3.38500e-08
 Reference value :  1.48600e-07
 Reference value :  2.62108e-07
 Reference value :  3.74200e-07
 Reference value :  4.89750e-07
 Reference value :  6.03150e-07
 Reference value :  7.13905e-07
 Reference value :  8.30403e-07
 Reference value :  9.44803e-07
No. of Data Rows : 10797
dlev0               =  -3.48861e-05
dlev1               =  -3.47806e-05
dlev2               =  -3.41445e-05
dlev3               =  -3.35694e-05
dlev4               =  -3.29967e-05
dlev5               =  -3.22629e-05
dlev6               =  -3.13757e-05
dlev7               =  -3.05007e-05
dlev8               =  -1.39990e-06
dlev9               =  -3.69561e-07
dlev10              =  -2.80882e-05
dlev11              =  2.16633e-07
dlev12              =  -1.48110e-06
dlev13              =  -2.65245e-05
dlev14              =  -2.55862e-05
dlev15              =  -2.49822e-05
dlev16              =  9.99978e-01
dlev17              =  9.99980e-01
dlev18              =  9.99978e-01
dlev19              =  9.99978e-01
dlev20              =  9.99992e-01
dlev21              =  9.99993e-01
dlev22              =  9.99992e-01
dlev23              =  9.99992e-01
dlev24              =  9.99977e-01
dlev25              =  9.99977e-01
dlev26              =  9.99977e-01
dlev27              =  9.99977e-01
dlev28              =  9.99976e-01
dlev29              =  9.99976e-01
dlev30              =  9.99976e-01
dlev31              =  9.99975e-01
dlev32              =  9.99975e-01
vos = -1.497890005e-03
lowcount = 1.6000703332e+01
vbias               =  3.46894e-01
m_n_samples = 6.0000000000e+01
m_n_out_of_range = 0.0000000000e+00
m_sig_vos_raw_mv = 2.7821341170e+00
m_sig_vos_mv = 2.6439119209e+00
m_vos_3sig_mv = 7.9317357626e+00
m_mean_vos_uv = -8.981621677e+02
m_mean_vos_sem = -2.500646605e+00
m_vbias_anchor_mv = 3.4689390000e+02
Note: Simulation executed from .control section 

Note: Starting dynamic gmin stepping
Note: Dynamic gmin stepping completed
Note: Starting dynamic gmin stepping
Note: Dynamic gmin stepping completed
