
Note: Compatibility modes selected: hs a


Circuit: * comparator-transient-noise @ ff_27c_1.20v -- generated by sim/harness, do not edit

Reset re-loads circuit * comparator-transient-noise @ ff_27c_1.20v -- generated by sim/harness, do not edit

Circuit: * comparator-transient-noise @ ff_27c_1.20v -- generated by sim/harness, do not edit

Doing analysis at TEMP = 27.000000 and TNOM = 27.000000

Using SPARSE 1.3 as Direct Linear Solver

Initial Transient Solution
--------------------------

Node                                   Voltage
----                                   -------
vdd                                        1.2
cm                                         0.6
vd0                                          0
ap0                                        0.6
an0                                        0.6
ibn0                                  0.264662
x0.x1.tmid                           7.288e-06
x0.x1.tail                            0.565963
clk                                          0
x0.x1.np                                   1.2
x0.x1.nn                                   1.2
x0.x1.ln                                   1.2
x0.x1.lp                                   1.2
x0.x1.lnb                          6.04047e-07
x0.x1.lpb                          6.04047e-07
x0.x1.na                               1.17493
doutb0                                0.619218
dout0                                 0.619218
x0.x1.nb                               1.17493
vd1                                      0.001
ap1                                     0.6005
an1                                     0.5995
ibn1                                  0.264662
x1.x1.tmid                         7.28803e-06
x1.x1.tail                            0.565966
x1.x1.np                                   1.2
x1.x1.nn                                   1.2
x1.x1.ln                                   1.2
x1.x1.lp                                   1.2
x1.x1.lnb                          6.04047e-07
x1.x1.lpb                          6.04047e-07
x1.x1.na                               1.17493
doutb1                                0.619218
dout1                                 0.619218
x1.x1.nb                               1.17493
vd2                                     -0.001
ap2                                     0.5995
an2                                     0.6005
ibn2                                  0.264662
x2.x1.tmid                         7.28803e-06
x2.x1.tail                            0.565966
x2.x1.np                                   1.2
x2.x1.nn                                   1.2
x2.x1.ln                                   1.2
x2.x1.lp                                   1.2
x2.x1.lnb                          6.04047e-07
x2.x1.lpb                          6.04047e-07
x2.x1.na                               1.17493
doutb2                                0.619218
dout2                                 0.619218
x2.x1.nb                               1.17493
ean2#branch                        4.54255e-12
eap2#branch                        4.56508e-12
ean1#branch                        4.56508e-12
eap1#branch                        4.54255e-12
ean0#branch                         4.5538e-12
eap0#branch                         4.5538e-12
vclk#branch                        2.99513e-09
vd2#branch                                   0
vd1#branch                                   0
vd0#branch                                   0
vcm#branch                         2.73229e-11
vsup#branch                       -0.000429292

 Reference value :  0.00000e+00
 Reference value :  6.48235e-10
 Reference value :  1.16118e-09
 Reference value :  1.95412e-09
 Reference value :  2.90353e-09
 Reference value :  3.74000e-09
 Reference value :  4.48353e-09
No. of Data Rows : 1345
vsup_v              =  1.20000e+00
d0now               =  1.22838e-05
d1now               =  1.02813e-05
d2now               =  9.03821e-06
Reset re-loads circuit * comparator-transient-noise @ ff_27c_1.20v -- generated by sim/harness, do not edit

Circuit: * comparator-transient-noise @ ff_27c_1.20v -- generated by sim/harness, do not edit

Doing analysis at TEMP = 27.000000 and TNOM = 27.000000

Using SPARSE 1.3 as Direct Linear Solver

Initial Transient Solution
--------------------------

Node                                   Voltage
----                                   -------
vdd                                        1.2
cm                                         0.6
vd0                                          0
ap0                                        0.6
an0                                        0.6
ibn0                                  0.264662
x0.x1.tmid                           7.288e-06
x0.x1.tail                            0.565963
clk                                          0
x0.x1.np                                   1.2
x0.x1.nn                                   1.2
x0.x1.ln                                   1.2
x0.x1.lp                                   1.2
x0.x1.lnb                          6.04047e-07
x0.x1.lpb                          6.04047e-07
x0.x1.na                               1.17493
doutb0                                0.619218
dout0                                 0.619218
x0.x1.nb                               1.17493
vd1                                      0.001
ap1                                     0.6005
an1                                     0.5995
ibn1                                  0.264662
x1.x1.tmid                         7.28803e-06
x1.x1.tail                            0.565966
x1.x1.np                                   1.2
x1.x1.nn                                   1.2
x1.x1.ln                                   1.2
x1.x1.lp                                   1.2
x1.x1.lnb                          6.04047e-07
x1.x1.lpb                          6.04047e-07
x1.x1.na                               1.17493
doutb1                                0.619218
dout1                                 0.619218
x1.x1.nb                               1.17493
vd2                                     -0.001
ap2                                     0.5995
an2                                     0.6005
ibn2                                  0.264662
x2.x1.tmid                         7.28803e-06
x2.x1.tail                            0.565966
x2.x1.np                                   1.2
x2.x1.nn                                   1.2
x2.x1.ln                                   1.2
x2.x1.lp                                   1.2
x2.x1.lnb                          6.04047e-07
x2.x1.lpb                          6.04047e-07
x2.x1.na                               1.17493
doutb2                                0.619218
dout2                                 0.619218
x2.x1.nb                               1.17493
ean2#branch                        4.54255e-12
eap2#branch                        4.56508e-12
ean1#branch                        4.56508e-12
eap1#branch                        4.54255e-12
ean0#branch                         4.5538e-12
eap0#branch                         4.5538e-12
vclk#branch                        2.99513e-09
vd2#branch                                   0
vd1#branch                                   0
vd0#branch                                   0
vcm#branch                         2.73229e-11
vsup#branch                       -0.000429292

 Reference value :  0.00000e+00
 Reference value :  6.63529e-10
 Reference value :  1.19410e-09
 Reference value :  2.02000e-09
 Reference value :  2.96353e-09
 Reference value :  3.78118e-09
 Reference value :  4.52353e-09
No. of Data Rows : 1345
vsup_v              =  1.20000e+00
d0now               =  4.00877e-06
d1now               =  1.19998e+00
d2now               =  -7.23656e-07
Reset re-loads circuit * comparator-transient-noise @ ff_27c_1.20v -- generated by sim/harness, do not edit

Circuit: * comparator-transient-noise @ ff_27c_1.20v -- generated by sim/harness, do not edit

Doing analysis at TEMP = 27.000000 and TNOM = 27.000000

Using SPARSE 1.3 as Direct Linear Solver

Initial Transient Solution
--------------------------

Node                                   Voltage
----                                   -------
vdd                                        1.2
cm                                         0.6
vd0                                          0
ap0                                        0.6
an0                                        0.6
ibn0                                  0.264662
x0.x1.tmid                           7.288e-06
x0.x1.tail                            0.565963
clk                                          0
x0.x1.np                                   1.2
x0.x1.nn                                   1.2
x0.x1.ln                                   1.2
x0.x1.lp                                   1.2
x0.x1.lnb                          6.04047e-07
x0.x1.lpb                          6.04047e-07
x0.x1.na                               1.17493
doutb0                                0.619218
dout0                                 0.619218
x0.x1.nb                               1.17493
vd1                                      0.001
ap1                                     0.6005
an1                                     0.5995
ibn1                                  0.264662
x1.x1.tmid                         7.28803e-06
x1.x1.tail                            0.565966
x1.x1.np                                   1.2
x1.x1.nn                                   1.2
x1.x1.ln                                   1.2
x1.x1.lp                                   1.2
x1.x1.lnb                          6.04047e-07
x1.x1.lpb                          6.04047e-07
x1.x1.na                               1.17493
doutb1                                0.619218
dout1                                 0.619218
x1.x1.nb                               1.17493
vd2                                     -0.001
ap2                                     0.5995
an2                                     0.6005
ibn2                                  0.264662
x2.x1.tmid                         7.28803e-06
x2.x1.tail                            0.565966
x2.x1.np                                   1.2
x2.x1.nn                                   1.2
x2.x1.ln                                   1.2
x2.x1.lp                                   1.2
x2.x1.lnb                          6.04047e-07
x2.x1.lpb                          6.04047e-07
x2.x1.na                               1.17493
doutb2                                0.619218
dout2                                 0.619218
x2.x1.nb                               1.17493
ean2#branch                        4.54255e-12
eap2#branch                        4.56508e-12
ean1#branch                        4.56508e-12
eap1#branch                        4.54255e-12
ean0#branch                         4.5538e-12
eap0#branch                         4.5538e-12
vclk#branch                        2.99513e-09
vd2#branch                                   0
vd1#branch                                   0
vd0#branch                                   0
vcm#branch                         2.73229e-11
vsup#branch                       -0.000429292

 Reference value :  0.00000e+00
 Reference value :  6.43529e-10
 Reference value :  1.12832e-09
 Reference value :  1.88824e-09
 Reference value :  2.78824e-09
 Reference value :  3.64118e-09
 Reference value :  4.38000e-09
 Reference value :  5.10000e-09
No. of Data Rows : 1345
vsup_v              =  1.20000e+00
d0now               =  1.19998e+00
d1now               =  2.65191e-06
d2now               =  1.27807e-05
Reset re-loads circuit * comparator-transient-noise @ ff_27c_1.20v -- generated by sim/harness, do not edit

Circuit: * comparator-transient-noise @ ff_27c_1.20v -- generated by sim/harness, do not edit

Doing analysis at TEMP = 27.000000 and TNOM = 27.000000

Using SPARSE 1.3 as Direct Linear Solver

Initial Transient Solution
--------------------------

Node                                   Voltage
----                                   -------
vdd                                        1.2
cm                                         0.6
vd0                                          0
ap0                                        0.6
an0                                        0.6
ibn0                                  0.264662
x0.x1.tmid                           7.288e-06
x0.x1.tail                            0.565963
clk                                          0
x0.x1.np                                   1.2
x0.x1.nn                                   1.2
x0.x1.ln                                   1.2
x0.x1.lp                                   1.2
x0.x1.lnb                          6.04047e-07
x0.x1.lpb                          6.04047e-07
x0.x1.na                               1.17493
doutb0                                0.619218
dout0                                 0.619218
x0.x1.nb                               1.17493
vd1                                      0.001
ap1                                     0.6005
an1                                     0.5995
ibn1                                  0.264662
x1.x1.tmid                         7.28803e-06
x1.x1.tail                            0.565966
x1.x1.np                                   1.2
x1.x1.nn                                   1.2
x1.x1.ln                                   1.2
x1.x1.lp                                   1.2
x1.x1.lnb                          6.04047e-07
x1.x1.lpb                          6.04047e-07
x1.x1.na                               1.17493
doutb1                                0.619218
dout1                                 0.619218
x1.x1.nb                               1.17493
vd2                                     -0.001
ap2                                     0.5995
an2                                     0.6005
ibn2                                  0.264662
x2.x1.tmid                         7.28803e-06
x2.x1.tail                            0.565966
x2.x1.np                                   1.2
x2.x1.nn                                   1.2
x2.x1.ln                                   1.2
x2.x1.lp                                   1.2
x2.x1.lnb                          6.04047e-07
x2.x1.lpb                          6.04047e-07
x2.x1.na                               1.17493
doutb2                                0.619218
dout2                                 0.619218
x2.x1.nb                               1.17493
ean2#branch                        4.54255e-12
eap2#branch                        4.56508e-12
ean1#branch                        4.56508e-12
eap1#branch                        4.54255e-12
ean0#branch                         4.5538e-12
eap0#branch                         4.5538e-12
vclk#branch                        2.99513e-09
vd2#branch                                   0
vd1#branch                                   0
vd0#branch                                   0
vcm#branch                         2.73229e-11
vsup#branch                       -0.000429292

 Reference value :  1.60000e-12
 Reference value :  6.88235e-10
 Reference value :  1.22822e-09
 Reference value :  2.07412e-09
 Reference value :  3.04118e-09
 Reference value :  3.84000e-09
 Reference value :  4.60118e-09
No. of Data Rows : 1345
vsup_v              =  1.20000e+00
d0now               =  1.20000e+00
d1now               =  1.19998e+00
d2now               =  1.11450e-05
Reset re-loads circuit * comparator-transient-noise @ ff_27c_1.20v -- generated by sim/harness, do not edit

Circuit: * comparator-transient-noise @ ff_27c_1.20v -- generated by sim/harness, do not edit

Doing analysis at TEMP = 27.000000 and TNOM = 27.000000

Using SPARSE 1.3 as Direct Linear Solver

Initial Transient Solution
--------------------------

Node                                   Voltage
----                                   -------
vdd                                        1.2
cm                                         0.6
vd0                                          0
ap0                                        0.6
an0                                        0.6
ibn0                                  0.264662
x0.x1.tmid                           7.288e-06
x0.x1.tail                            0.565963
clk                                          0
x0.x1.np                                   1.2
x0.x1.nn                                   1.2
x0.x1.ln                                   1.2
x0.x1.lp                                   1.2
x0.x1.lnb                          6.04047e-07
x0.x1.lpb                          6.04047e-07
x0.x1.na                               1.17493
doutb0                                0.619218
dout0                                 0.619218
x0.x1.nb                               1.17493
vd1                                      0.001
ap1                                     0.6005
an1                                     0.5995
ibn1                                  0.264662
x1.x1.tmid                         7.28803e-06
x1.x1.tail                            0.565966
x1.x1.np                                   1.2
x1.x1.nn                                   1.2
x1.x1.ln                                   1.2
x1.x1.lp                                   1.2
x1.x1.lnb                          6.04047e-07
x1.x1.lpb                          6.04047e-07
x1.x1.na                               1.17493
doutb1                                0.619218
dout1                                 0.619218
x1.x1.nb                               1.17493
vd2                                     -0.001
ap2                                     0.5995
an2                                     0.6005
ibn2                                  0.264662
x2.x1.tmid                         7.28803e-06
x2.x1.tail                            0.565966
x2.x1.np                                   1.2
x2.x1.nn                                   1.2
x2.x1.ln                                   1.2
x2.x1.lp                                   1.2
x2.x1.lnb                          6.04047e-07
x2.x1.lpb                          6.04047e-07
x2.x1.na                               1.17493
doutb2                                0.619218
dout2                                 0.619218
x2.x1.nb                               1.17493
ean2#branch                        4.54255e-12
eap2#branch                        4.56508e-12
ean1#branch                        4.56508e-12
eap1#branch                        4.54255e-12
ean0#branch                         4.5538e-12
eap0#branch                         4.5538e-12
vclk#branch                        2.99513e-09
vd2#branch                                   0
vd1#branch                                   0
vd0#branch                                   0
vcm#branch                         2.73229e-11
vsup#branch                       -0.000429292

 Reference value :  0.00000e+00
 Reference value :  6.60000e-10
 Reference value :  1.16118e-09
 Reference value :  1.98000e-09
 Reference value :  2.90353e-09
 Reference value :  3.72000e-09
 Reference value :  4.48000e-09
No. of Data Rows : 1345
vsup_v              =  1.20000e+00
d0now               =  1.19998e+00
d1now               =  1.20000e+00
d2now               =  1.19998e+00
Reset re-loads circuit * comparator-transient-noise @ ff_27c_1.20v -- generated by sim/harness, do not edit

Circuit: * comparator-transient-noise @ ff_27c_1.20v -- generated by sim/harness, do not edit

Doing analysis at TEMP = 27.000000 and TNOM = 27.000000

Using SPARSE 1.3 as Direct Linear Solver

Initial Transient Solution
--------------------------

Node                                   Voltage
----                                   -------
vdd                                        1.2
cm                                         0.6
vd0                                          0
ap0                                        0.6
an0                                        0.6
ibn0                                  0.264662
x0.x1.tmid                           7.288e-06
x0.x1.tail                            0.565963
clk                                          0
x0.x1.np                                   1.2
x0.x1.nn                                   1.2
x0.x1.ln                                   1.2
x0.x1.lp                                   1.2
x0.x1.lnb                          6.04047e-07
x0.x1.lpb                          6.04047e-07
x0.x1.na                               1.17493
doutb0                                0.619218
dout0                                 0.619218
x0.x1.nb                               1.17493
vd1                                      0.001
ap1                                     0.6005
an1                                     0.5995
ibn1                                  0.264662
x1.x1.tmid                         7.28803e-06
x1.x1.tail                            0.565966
x1.x1.np                                   1.2
x1.x1.nn                                   1.2
x1.x1.ln                                   1.2
x1.x1.lp                                   1.2
x1.x1.lnb                          6.04047e-07
x1.x1.lpb                          6.04047e-07
x1.x1.na                               1.17493
doutb1                                0.619218
dout1                                 0.619218
x1.x1.nb                               1.17493
vd2                                     -0.001
ap2                                     0.5995
an2                                     0.6005
ibn2                                  0.264662
x2.x1.tmid                         7.28803e-06
x2.x1.tail                            0.565966
x2.x1.np                                   1.2
x2.x1.nn                                   1.2
x2.x1.ln                                   1.2
x2.x1.lp                                   1.2
x2.x1.lnb                          6.04047e-07
x2.x1.lpb                          6.04047e-07
x2.x1.na                               1.17493
doutb2                                0.619218
dout2                                 0.619218
x2.x1.nb                               1.17493
ean2#branch                        4.54255e-12
eap2#branch                        4.56508e-12
ean1#branch                        4.56508e-12
eap1#branch                        4.54255e-12
ean0#branch                         4.5538e-12
eap0#branch                         4.5538e-12
vclk#branch                        2.99513e-09
vd2#branch                                   0
vd1#branch                                   0
vd0#branch                                   0
vcm#branch                         2.73229e-11
vsup#branch                       -0.000429292

 Reference value :  0.00000e+00
 Reference value :  7.08235e-10
 Reference value :  1.36118e-09
 Reference value :  2.24353e-09
 Reference value :  3.21412e-09
 Reference value :  4.00824e-09
 Reference value :  4.76000e-09
No. of Data Rows : 1345
vsup_v              =  1.20000e+00
d0now               =  1.07760e-05
d1now               =  1.19998e+00
d2now               =  -3.33992e-07
Reset re-loads circuit * comparator-transient-noise @ ff_27c_1.20v -- generated by sim/harness, do not edit

Circuit: * comparator-transient-noise @ ff_27c_1.20v -- generated by sim/harness, do not edit

Doing analysis at TEMP = 27.000000 and TNOM = 27.000000

Using SPARSE 1.3 as Direct Linear Solver

Initial Transient Solution
--------------------------

Node                                   Voltage
----                                   -------
vdd                                        1.2
cm                                         0.6
vd0                                          0
ap0                                        0.6
an0                                        0.6
ibn0                                  0.264662
x0.x1.tmid                           7.288e-06
x0.x1.tail                            0.565963
clk                                          0
x0.x1.np                                   1.2
x0.x1.nn                                   1.2
x0.x1.ln                                   1.2
x0.x1.lp                                   1.2
x0.x1.lnb                          6.04047e-07
x0.x1.lpb                          6.04047e-07
x0.x1.na                               1.17493
doutb0                                0.619218
dout0                                 0.619218
x0.x1.nb                               1.17493
vd1                                      0.001
ap1                                     0.6005
an1                                     0.5995
ibn1                                  0.264662
x1.x1.tmid                         7.28803e-06
x1.x1.tail                            0.565966
x1.x1.np                                   1.2
x1.x1.nn                                   1.2
x1.x1.ln                                   1.2
x1.x1.lp                                   1.2
x1.x1.lnb                          6.04047e-07
x1.x1.lpb                          6.04047e-07
x1.x1.na                               1.17493
doutb1                                0.619218
dout1                                 0.619218
x1.x1.nb                               1.17493
vd2                                     -0.001
ap2                                     0.5995
an2                                     0.6005
ibn2                                  0.264662
x2.x1.tmid                         7.28803e-06
x2.x1.tail                            0.565966
x2.x1.np                                   1.2
x2.x1.nn                                   1.2
x2.x1.ln                                   1.2
x2.x1.lp                                   1.2
x2.x1.lnb                          6.04047e-07
x2.x1.lpb                          6.04047e-07
x2.x1.na                               1.17493
doutb2                                0.619218
dout2                                 0.619218
x2.x1.nb                               1.17493
ean2#branch                        4.54255e-12
eap2#branch                        4.56508e-12
ean1#branch                        4.56508e-12
eap1#branch                        4.54255e-12
ean0#branch                         4.5538e-12
eap0#branch                         4.5538e-12
vclk#branch                        2.99513e-09
vd2#branch                                   0
vd1#branch                                   0
vd0#branch                                   0
vcm#branch                         2.73229e-11
vsup#branch                       -0.000429292

 Reference value :  0.00000e+00
 Reference value :  6.54118e-10
 Reference value :  1.16355e-09
 Reference value :  1.93412e-09
 Reference value :  2.92000e-09
 Reference value :  3.71412e-09
 Reference value :  4.47412e-09
No. of Data Rows : 1345
vsup_v              =  1.20000e+00
d0now               =  9.82476e-07
d1now               =  1.30307e-05
d2now               =  1.20000e+00
Reset re-loads circuit * comparator-transient-noise @ ff_27c_1.20v -- generated by sim/harness, do not edit

Circuit: * comparator-transient-noise @ ff_27c_1.20v -- generated by sim/harness, do not edit

Doing analysis at TEMP = 27.000000 and TNOM = 27.000000

Using SPARSE 1.3 as Direct Linear Solver

Initial Transient Solution
--------------------------

Node                                   Voltage
----                                   -------
vdd                                        1.2
cm                                         0.6
vd0                                          0
ap0                                        0.6
an0                                        0.6
ibn0                                  0.264662
x0.x1.tmid                           7.288e-06
x0.x1.tail                            0.565963
clk                                          0
x0.x1.np                                   1.2
x0.x1.nn                                   1.2
x0.x1.ln                                   1.2
x0.x1.lp                                   1.2
x0.x1.lnb                          6.04047e-07
x0.x1.lpb                          6.04047e-07
x0.x1.na                               1.17493
doutb0                                0.619218
dout0                                 0.619218
x0.x1.nb                               1.17493
vd1                                      0.001
ap1                                     0.6005
an1                                     0.5995
ibn1                                  0.264662
x1.x1.tmid                         7.28803e-06
x1.x1.tail                            0.565966
x1.x1.np                                   1.2
x1.x1.nn                                   1.2
x1.x1.ln                                   1.2
x1.x1.lp                                   1.2
x1.x1.lnb                          6.04047e-07
x1.x1.lpb                          6.04047e-07
x1.x1.na                               1.17493
doutb1                                0.619218
dout1                                 0.619218
x1.x1.nb                               1.17493
vd2                                     -0.001
ap2                                     0.5995
an2                                     0.6005
ibn2                                  0.264662
x2.x1.tmid                         7.28803e-06
x2.x1.tail                            0.565966
x2.x1.np                                   1.2
x2.x1.nn                                   1.2
x2.x1.ln                                   1.2
x2.x1.lp                                   1.2
x2.x1.lnb                          6.04047e-07
x2.x1.lpb                          6.04047e-07
x2.x1.na                               1.17493
doutb2                                0.619218
dout2                                 0.619218
x2.x1.nb                               1.17493
ean2#branch                        4.54255e-12
eap2#branch                        4.56508e-12
ean1#branch                        4.56508e-12
eap1#branch                        4.54255e-12
ean0#branch                         4.5538e-12
eap0#branch                         4.5538e-12
vclk#branch                        2.99513e-09
vd2#branch                                   0
vd1#branch                                   0
vd0#branch                                   0
vcm#branch                         2.73229e-11
vsup#branch                       -0.000429292

 Reference value :  0.00000e+00
 Reference value :  6.54118e-10
 Reference value :  1.27411e-09
 Reference value :  2.12118e-09
 Reference value :  3.08118e-09
 Reference value :  3.84353e-09
 Reference value :  4.58353e-09
No. of Data Rows : 1345
vsup_v              =  1.20000e+00
d0now               =  1.19998e+00
d1now               =  1.04706e-05
d2now               =  1.19999e+00
Reset re-loads circuit * comparator-transient-noise @ ff_27c_1.20v -- generated by sim/harness, do not edit

Circuit: * comparator-transient-noise @ ff_27c_1.20v -- generated by sim/harness, do not edit

Doing analysis at TEMP = 27.000000 and TNOM = 27.000000

Using SPARSE 1.3 as Direct Linear Solver

Initial Transient Solution
--------------------------

Node                                   Voltage
----                                   -------
vdd                                        1.2
cm                                         0.6
vd0                                          0
ap0                                        0.6
an0                                        0.6
ibn0                                  0.264662
x0.x1.tmid                           7.288e-06
x0.x1.tail                            0.565963
clk                                          0
x0.x1.np                                   1.2
x0.x1.nn                                   1.2
x0.x1.ln                                   1.2
x0.x1.lp                                   1.2
x0.x1.lnb                          6.04047e-07
x0.x1.lpb                          6.04047e-07
x0.x1.na                               1.17493
doutb0                                0.619218
dout0                                 0.619218
x0.x1.nb                               1.17493
vd1                                      0.001
ap1                                     0.6005
an1                                     0.5995
ibn1                                  0.264662
x1.x1.tmid                         7.28803e-06
x1.x1.tail                            0.565966
x1.x1.np                                   1.2
x1.x1.nn                                   1.2
x1.x1.ln                                   1.2
x1.x1.lp                                   1.2
x1.x1.lnb                          6.04047e-07
x1.x1.lpb                          6.04047e-07
x1.x1.na                               1.17493
doutb1                                0.619218
dout1                                 0.619218
x1.x1.nb                               1.17493
vd2                                     -0.001
ap2                                     0.5995
an2                                     0.6005
ibn2                                  0.264662
x2.x1.tmid                         7.28803e-06
x2.x1.tail                            0.565966
x2.x1.np                                   1.2
x2.x1.nn                                   1.2
x2.x1.ln                                   1.2
x2.x1.lp                                   1.2
x2.x1.lnb                          6.04047e-07
x2.x1.lpb                          6.04047e-07
x2.x1.na                               1.17493
doutb2                                0.619218
dout2                                 0.619218
x2.x1.nb                               1.17493
ean2#branch                        4.54255e-12
eap2#branch                        4.56508e-12
ean1#branch                        4.56508e-12
eap1#branch                        4.54255e-12
ean0#branch                         4.5538e-12
eap0#branch                         4.5538e-12
vclk#branch                        2.99513e-09
vd2#branch                                   0
vd1#branch                                   0
vd0#branch                                   0
vcm#branch                         2.73229e-11
vsup#branch                       -0.000429292

 Reference value :  0.00000e+00
 Reference value :  6.28235e-10
 Reference value :  1.14117e-09
 Reference value :  1.93412e-09
 Reference value :  2.90824e-09
 Reference value :  3.70353e-09
 Reference value :  4.46824e-09
No. of Data Rows : 1345
vsup_v              =  1.20000e+00
d0now               =  7.47019e-06
d1now               =  1.19998e+00
d2now               =  1.20000e+00
Reset re-loads circuit * comparator-transient-noise @ ff_27c_1.20v -- generated by sim/harness, do not edit

Circuit: * comparator-transient-noise @ ff_27c_1.20v -- generated by sim/harness, do not edit

Doing analysis at TEMP = 27.000000 and TNOM = 27.000000

Using SPARSE 1.3 as Direct Linear Solver

Initial Transient Solution
--------------------------

Node                                   Voltage
----                                   -------
vdd                                        1.2
cm                                         0.6
vd0                                          0
ap0                                        0.6
an0                                        0.6
ibn0                                  0.264662
x0.x1.tmid                           7.288e-06
x0.x1.tail                            0.565963
clk                                          0
x0.x1.np                                   1.2
x0.x1.nn                                   1.2
x0.x1.ln                                   1.2
x0.x1.lp                                   1.2
x0.x1.lnb                          6.04047e-07
x0.x1.lpb                          6.04047e-07
x0.x1.na                               1.17493
doutb0                                0.619218
dout0                                 0.619218
x0.x1.nb                               1.17493
vd1                                      0.001
ap1                                     0.6005
an1                                     0.5995
ibn1                                  0.264662
x1.x1.tmid                         7.28803e-06
x1.x1.tail                            0.565966
x1.x1.np                                   1.2
x1.x1.nn                                   1.2
x1.x1.ln                                   1.2
x1.x1.lp                                   1.2
x1.x1.lnb                          6.04047e-07
x1.x1.lpb                          6.04047e-07
x1.x1.na                               1.17493
doutb1                                0.619218
dout1                                 0.619218
x1.x1.nb                               1.17493
vd2                                     -0.001
ap2                                     0.5995
an2                                     0.6005
ibn2                                  0.264662
x2.x1.tmid                         7.28803e-06
x2.x1.tail                            0.565966
x2.x1.np                                   1.2
x2.x1.nn                                   1.2
x2.x1.ln                                   1.2
x2.x1.lp                                   1.2
x2.x1.lnb                          6.04047e-07
x2.x1.lpb                          6.04047e-07
x2.x1.na                               1.17493
doutb2                                0.619218
dout2                                 0.619218
x2.x1.nb                               1.17493
ean2#branch                        4.54255e-12
eap2#branch                        4.56508e-12
ean1#branch                        4.56508e-12
eap1#branch                        4.54255e-12
ean0#branch                         4.5538e-12
eap0#branch                         4.5538e-12
vclk#branch                        2.99513e-09
vd2#branch                                   0
vd1#branch                                   0
vd0#branch                                   0
vcm#branch                         2.73229e-11
vsup#branch                       -0.000429292

 Reference value :  0.00000e+00
 Reference value :  6.60000e-10
 Reference value :  1.18821e-09
 Reference value :  1.94824e-09
 Reference value :  2.88824e-09
 Reference value :  3.73412e-09
 Reference value :  4.50000e-09
No. of Data Rows : 1345
vsup_v              =  1.20000e+00
d0now               =  1.19998e+00
d1now               =  1.19998e+00
d2now               =  1.06268e-05
Reset re-loads circuit * comparator-transient-noise @ ff_27c_1.20v -- generated by sim/harness, do not edit

Circuit: * comparator-transient-noise @ ff_27c_1.20v -- generated by sim/harness, do not edit

Doing analysis at TEMP = 27.000000 and TNOM = 27.000000

Using SPARSE 1.3 as Direct Linear Solver

Initial Transient Solution
--------------------------

Node                                   Voltage
----                                   -------
vdd                                        1.2
cm                                         0.6
vd0                                          0
ap0                                        0.6
an0                                        0.6
ibn0                                  0.264662
x0.x1.tmid                           7.288e-06
x0.x1.tail                            0.565963
clk                                          0
x0.x1.np                                   1.2
x0.x1.nn                                   1.2
x0.x1.ln                                   1.2
x0.x1.lp                                   1.2
x0.x1.lnb                          6.04047e-07
x0.x1.lpb                          6.04047e-07
x0.x1.na                               1.17493
doutb0                                0.619218
dout0                                 0.619218
x0.x1.nb                               1.17493
vd1                                      0.001
ap1                                     0.6005
an1                                     0.5995
ibn1                                  0.264662
x1.x1.tmid                         7.28803e-06
x1.x1.tail                            0.565966
x1.x1.np                                   1.2
x1.x1.nn                                   1.2
x1.x1.ln                                   1.2
x1.x1.lp                                   1.2
x1.x1.lnb                          6.04047e-07
x1.x1.lpb                          6.04047e-07
x1.x1.na                               1.17493
doutb1                                0.619218
dout1                                 0.619218
x1.x1.nb                               1.17493
vd2                                     -0.001
ap2                                     0.5995
an2                                     0.6005
ibn2                                  0.264662
x2.x1.tmid                         7.28803e-06
x2.x1.tail                            0.565966
x2.x1.np                                   1.2
x2.x1.nn                                   1.2
x2.x1.ln                                   1.2
x2.x1.lp                                   1.2
x2.x1.lnb                          6.04047e-07
x2.x1.lpb                          6.04047e-07
x2.x1.na                               1.17493
doutb2                                0.619218
dout2                                 0.619218
x2.x1.nb                               1.17493
ean2#branch                        4.54255e-12
eap2#branch                        4.56508e-12
ean1#branch                        4.56508e-12
eap1#branch                        4.54255e-12
ean0#branch                         4.5538e-12
eap0#branch                         4.5538e-12
vclk#branch                        2.99513e-09
vd2#branch                                   0
vd1#branch                                   0
vd0#branch                                   0
vcm#branch                         2.73229e-11
vsup#branch                       -0.000429292

 Reference value :  0.00000e+00
 Reference value :  6.60000e-10
 Reference value :  1.21413e-09
 Reference value :  2.04118e-09
 Reference value :  3.00000e-09
 Reference value :  3.81412e-09
 Reference value :  4.58353e-09
No. of Data Rows : 1345
vsup_v              =  1.20000e+00
d0now               =  1.02702e-05
d1now               =  1.20000e+00
d2now               =  1.23746e-05
Reset re-loads circuit * comparator-transient-noise @ ff_27c_1.20v -- generated by sim/harness, do not edit

Circuit: * comparator-transient-noise @ ff_27c_1.20v -- generated by sim/harness, do not edit

Doing analysis at TEMP = 27.000000 and TNOM = 27.000000

Using SPARSE 1.3 as Direct Linear Solver

Initial Transient Solution
--------------------------

Node                                   Voltage
----                                   -------
vdd                                        1.2
cm                                         0.6
vd0                                          0
ap0                                        0.6
an0                                        0.6
ibn0                                  0.264662
x0.x1.tmid                           7.288e-06
x0.x1.tail                            0.565963
clk                                          0
x0.x1.np                                   1.2
x0.x1.nn                                   1.2
x0.x1.ln                                   1.2
x0.x1.lp                                   1.2
x0.x1.lnb                          6.04047e-07
x0.x1.lpb                          6.04047e-07
x0.x1.na                               1.17493
doutb0                                0.619218
dout0                                 0.619218
x0.x1.nb                               1.17493
vd1                                      0.001
ap1                                     0.6005
an1                                     0.5995
ibn1                                  0.264662
x1.x1.tmid                         7.28803e-06
x1.x1.tail                            0.565966
x1.x1.np                                   1.2
x1.x1.nn                                   1.2
x1.x1.ln                                   1.2
x1.x1.lp                                   1.2
x1.x1.lnb                          6.04047e-07
x1.x1.lpb                          6.04047e-07
x1.x1.na                               1.17493
doutb1                                0.619218
dout1                                 0.619218
x1.x1.nb                               1.17493
vd2                                     -0.001
ap2                                     0.5995
an2                                     0.6005
ibn2                                  0.264662
x2.x1.tmid                         7.28803e-06
x2.x1.tail                            0.565966
x2.x1.np                                   1.2
x2.x1.nn                                   1.2
x2.x1.ln                                   1.2
x2.x1.lp                                   1.2
x2.x1.lnb                          6.04047e-07
x2.x1.lpb                          6.04047e-07
x2.x1.na                               1.17493
doutb2                                0.619218
dout2                                 0.619218
x2.x1.nb                               1.17493
ean2#branch                        4.54255e-12
eap2#branch                        4.56508e-12
ean1#branch                        4.56508e-12
eap1#branch                        4.54255e-12
ean0#branch                         4.5538e-12
eap0#branch                         4.5538e-12
vclk#branch                        2.99513e-09
vd2#branch                                   0
vd1#branch                                   0
vd0#branch                                   0
vcm#branch                         2.73229e-11
vsup#branch                       -0.000429292

 Reference value :  0.00000e+00
 Reference value :  6.68235e-10
 Reference value :  1.18821e-09
 Reference value :  2.00353e-09
 Reference value :  2.96118e-09
 Reference value :  3.77412e-09
 Reference value :  4.54824e-09
No. of Data Rows : 1345
vsup_v              =  1.20000e+00
d0now               =  1.11854e-05
d1now               =  1.28572e-05
d2now               =  1.24851e-06
Reset re-loads circuit * comparator-transient-noise @ ff_27c_1.20v -- generated by sim/harness, do not edit

Circuit: * comparator-transient-noise @ ff_27c_1.20v -- generated by sim/harness, do not edit

Doing analysis at TEMP = 27.000000 and TNOM = 27.000000

Using SPARSE 1.3 as Direct Linear Solver

Initial Transient Solution
--------------------------

Node                                   Voltage
----                                   -------
vdd                                        1.2
cm                                         0.6
vd0                                          0
ap0                                        0.6
an0                                        0.6
ibn0                                  0.264662
x0.x1.tmid                           7.288e-06
x0.x1.tail                            0.565963
clk                                          0
x0.x1.np                                   1.2
x0.x1.nn                                   1.2
x0.x1.ln                                   1.2
x0.x1.lp                                   1.2
x0.x1.lnb                          6.04047e-07
x0.x1.lpb                          6.04047e-07
x0.x1.na                               1.17493
doutb0                                0.619218
dout0                                 0.619218
x0.x1.nb                               1.17493
vd1                                      0.001
ap1                                     0.6005
an1                                     0.5995
ibn1                                  0.264662
x1.x1.tmid                         7.28803e-06
x1.x1.tail                            0.565966
x1.x1.np                                   1.2
x1.x1.nn                                   1.2
x1.x1.ln                                   1.2
x1.x1.lp                                   1.2
x1.x1.lnb                          6.04047e-07
x1.x1.lpb                          6.04047e-07
x1.x1.na                               1.17493
doutb1                                0.619218
dout1                                 0.619218
x1.x1.nb                               1.17493
vd2                                     -0.001
ap2                                     0.5995
an2                                     0.6005
ibn2                                  0.264662
x2.x1.tmid                         7.28803e-06
x2.x1.tail                            0.565966
x2.x1.np                                   1.2
x2.x1.nn                                   1.2
x2.x1.ln                                   1.2
x2.x1.lp                                   1.2
x2.x1.lnb                          6.04047e-07
x2.x1.lpb                          6.04047e-07
x2.x1.na                               1.17493
doutb2                                0.619218
dout2                                 0.619218
x2.x1.nb                               1.17493
ean2#branch                        4.54255e-12
eap2#branch                        4.56508e-12
ean1#branch                        4.56508e-12
eap1#branch                        4.54255e-12
ean0#branch                         4.5538e-12
eap0#branch                         4.5538e-12
vclk#branch                        2.99513e-09
vd2#branch                                   0
vd1#branch                                   0
vd0#branch                                   0
vcm#branch                         2.73229e-11
vsup#branch                       -0.000429292

 Reference value :  0.00000e+00
 Reference value :  6.54118e-10
 Reference value :  1.19410e-09
 Reference value :  2.02000e-09
 Reference value :  2.98000e-09
 Reference value :  3.80118e-09
 Reference value :  4.55412e-09
No. of Data Rows : 1345
vsup_v              =  1.20000e+00
d0now               =  1.19998e+00
d1now               =  1.19998e+00
d2now               =  1.20000e+00
Reset re-loads circuit * comparator-transient-noise @ ff_27c_1.20v -- generated by sim/harness, do not edit

Circuit: * comparator-transient-noise @ ff_27c_1.20v -- generated by sim/harness, do not edit

Doing analysis at TEMP = 27.000000 and TNOM = 27.000000

Using SPARSE 1.3 as Direct Linear Solver

Initial Transient Solution
--------------------------

Node                                   Voltage
----                                   -------
vdd                                        1.2
cm                                         0.6
vd0                                          0
ap0                                        0.6
an0                                        0.6
ibn0                                  0.264662
x0.x1.tmid                           7.288e-06
x0.x1.tail                            0.565963
clk                                          0
x0.x1.np                                   1.2
x0.x1.nn                                   1.2
x0.x1.ln                                   1.2
x0.x1.lp                                   1.2
x0.x1.lnb                          6.04047e-07
x0.x1.lpb                          6.04047e-07
x0.x1.na                               1.17493
doutb0                                0.619218
dout0                                 0.619218
x0.x1.nb                               1.17493
vd1                                      0.001
ap1                                     0.6005
an1                                     0.5995
ibn1                                  0.264662
x1.x1.tmid                         7.28803e-06
x1.x1.tail                            0.565966
x1.x1.np                                   1.2
x1.x1.nn                                   1.2
x1.x1.ln                                   1.2
x1.x1.lp                                   1.2
x1.x1.lnb                          6.04047e-07
x1.x1.lpb                          6.04047e-07
x1.x1.na                               1.17493
doutb1                                0.619218
dout1                                 0.619218
x1.x1.nb                               1.17493
vd2                                     -0.001
ap2                                     0.5995
an2                                     0.6005
ibn2                                  0.264662
x2.x1.tmid                         7.28803e-06
x2.x1.tail                            0.565966
x2.x1.np                                   1.2
x2.x1.nn                                   1.2
x2.x1.ln                                   1.2
x2.x1.lp                                   1.2
x2.x1.lnb                          6.04047e-07
x2.x1.lpb                          6.04047e-07
x2.x1.na                               1.17493
doutb2                                0.619218
dout2                                 0.619218
x2.x1.nb                               1.17493
ean2#branch                        4.54255e-12
eap2#branch                        4.56508e-12
ean1#branch                        4.56508e-12
eap1#branch                        4.54255e-12
ean0#branch                         4.5538e-12
eap0#branch                         4.5538e-12
vclk#branch                        2.99513e-09
vd2#branch                                   0
vd1#branch                                   0
vd0#branch                                   0
vcm#branch                         2.73229e-11
vsup#branch                       -0.000429292

 Reference value :  0.00000e+00
 Reference value :  6.80000e-10
 Reference value :  1.20000e-09
 Reference value :  1.99412e-09
 Reference value :  2.98000e-09
 Reference value :  3.78824e-09
 Reference value :  4.55412e-09
No. of Data Rows : 1345
vsup_v              =  1.20000e+00
d0now               =  -4.13317e-06
d1now               =  1.20000e+00
d2now               =  8.74498e-06
Reset re-loads circuit * comparator-transient-noise @ ff_27c_1.20v -- generated by sim/harness, do not edit

Circuit: * comparator-transient-noise @ ff_27c_1.20v -- generated by sim/harness, do not edit

Doing analysis at TEMP = 27.000000 and TNOM = 27.000000

Using SPARSE 1.3 as Direct Linear Solver

Initial Transient Solution
--------------------------

Node                                   Voltage
----                                   -------
vdd                                        1.2
cm                                         0.6
vd0                                          0
ap0                                        0.6
an0                                        0.6
ibn0                                  0.264662
x0.x1.tmid                           7.288e-06
x0.x1.tail                            0.565963
clk                                          0
x0.x1.np                                   1.2
x0.x1.nn                                   1.2
x0.x1.ln                                   1.2
x0.x1.lp                                   1.2
x0.x1.lnb                          6.04047e-07
x0.x1.lpb                          6.04047e-07
x0.x1.na                               1.17493
doutb0                                0.619218
dout0                                 0.619218
x0.x1.nb                               1.17493
vd1                                      0.001
ap1                                     0.6005
an1                                     0.5995
ibn1                                  0.264662
x1.x1.tmid                         7.28803e-06
x1.x1.tail                            0.565966
x1.x1.np                                   1.2
x1.x1.nn                                   1.2
x1.x1.ln                                   1.2
x1.x1.lp                                   1.2
x1.x1.lnb                          6.04047e-07
x1.x1.lpb                          6.04047e-07
x1.x1.na                               1.17493
doutb1                                0.619218
dout1                                 0.619218
x1.x1.nb                               1.17493
vd2                                     -0.001
ap2                                     0.5995
an2                                     0.6005
ibn2                                  0.264662
x2.x1.tmid                         7.28803e-06
x2.x1.tail                            0.565966
x2.x1.np                                   1.2
x2.x1.nn                                   1.2
x2.x1.ln                                   1.2
x2.x1.lp                                   1.2
x2.x1.lnb                          6.04047e-07
x2.x1.lpb                          6.04047e-07
x2.x1.na                               1.17493
doutb2                                0.619218
dout2                                 0.619218
x2.x1.nb                               1.17493
ean2#branch                        4.54255e-12
eap2#branch                        4.56508e-12
ean1#branch                        4.56508e-12
eap1#branch                        4.54255e-12
ean0#branch                         4.5538e-12
eap0#branch                         4.5538e-12
vclk#branch                        2.99513e-09
vd2#branch                                   0
vd1#branch                                   0
vd0#branch                                   0
vcm#branch                         2.73229e-11
vsup#branch                       -0.000429292

 Reference value :  0.00000e+00
 Reference value :  6.74118e-10
 Reference value :  1.20118e-09
 Reference value :  2.01412e-09
 Reference value :  2.98000e-09
 Reference value :  3.80824e-09
 Reference value :  4.54353e-09
No. of Data Rows : 1345
vsup_v              =  1.20000e+00
d0now               =  1.47863e-05
d1now               =  1.26979e-05
d2now               =  -3.58411e-06
Reset re-loads circuit * comparator-transient-noise @ ff_27c_1.20v -- generated by sim/harness, do not edit

Circuit: * comparator-transient-noise @ ff_27c_1.20v -- generated by sim/harness, do not edit

Doing analysis at TEMP = 27.000000 and TNOM = 27.000000

Using SPARSE 1.3 as Direct Linear Solver

Initial Transient Solution
--------------------------

Node                                   Voltage
----                                   -------
vdd                                        1.2
cm                                         0.6
vd0                                          0
ap0                                        0.6
an0                                        0.6
ibn0                                  0.264662
x0.x1.tmid                           7.288e-06
x0.x1.tail                            0.565963
clk                                          0
x0.x1.np                                   1.2
x0.x1.nn                                   1.2
x0.x1.ln                                   1.2
x0.x1.lp                                   1.2
x0.x1.lnb                          6.04047e-07
x0.x1.lpb                          6.04047e-07
x0.x1.na                               1.17493
doutb0                                0.619218
dout0                                 0.619218
x0.x1.nb                               1.17493
vd1                                      0.001
ap1                                     0.6005
an1                                     0.5995
ibn1                                  0.264662
x1.x1.tmid                         7.28803e-06
x1.x1.tail                            0.565966
x1.x1.np                                   1.2
x1.x1.nn                                   1.2
x1.x1.ln                                   1.2
x1.x1.lp                                   1.2
x1.x1.lnb                          6.04047e-07
x1.x1.lpb                          6.04047e-07
x1.x1.na                               1.17493
doutb1                                0.619218
dout1                                 0.619218
x1.x1.nb                               1.17493
vd2                                     -0.001
ap2                                     0.5995
an2                                     0.6005
ibn2                                  0.264662
x2.x1.tmid                         7.28803e-06
x2.x1.tail                            0.565966
x2.x1.np                                   1.2
x2.x1.nn                                   1.2
x2.x1.ln                                   1.2
x2.x1.lp                                   1.2
x2.x1.lnb                          6.04047e-07
x2.x1.lpb                          6.04047e-07
x2.x1.na                               1.17493
doutb2                                0.619218
dout2                                 0.619218
x2.x1.nb                               1.17493
ean2#branch                        4.54255e-12
eap2#branch                        4.56508e-12
ean1#branch                        4.56508e-12
eap1#branch                        4.54255e-12
ean0#branch                         4.5538e-12
eap0#branch                         4.5538e-12
vclk#branch                        2.99513e-09
vd2#branch                                   0
vd1#branch                                   0
vd0#branch                                   0
vcm#branch                         2.73229e-11
vsup#branch                       -0.000429292

 Reference value :  0.00000e+00
 Reference value :  7.00000e-10
 Reference value :  1.20354e-09
 Reference value :  2.02118e-09
 Reference value :  3.00353e-09
 Reference value :  3.82000e-09
 Reference value :  4.58824e-09
No. of Data Rows : 1345
vsup_v              =  1.20000e+00
d0now               =  1.20000e+00
d1now               =  1.20000e+00
d2now               =  4.32761e-06
Reset re-loads circuit * comparator-transient-noise @ ff_27c_1.20v -- generated by sim/harness, do not edit

Circuit: * comparator-transient-noise @ ff_27c_1.20v -- generated by sim/harness, do not edit

Doing analysis at TEMP = 27.000000 and TNOM = 27.000000

Using SPARSE 1.3 as Direct Linear Solver

Initial Transient Solution
--------------------------

Node                                   Voltage
----                                   -------
vdd                                        1.2
cm                                         0.6
vd0                                          0
ap0                                        0.6
an0                                        0.6
ibn0                                  0.264662
x0.x1.tmid                           7.288e-06
x0.x1.tail                            0.565963
clk                                          0
x0.x1.np                                   1.2
x0.x1.nn                                   1.2
x0.x1.ln                                   1.2
x0.x1.lp                                   1.2
x0.x1.lnb                          6.04047e-07
x0.x1.lpb                          6.04047e-07
x0.x1.na                               1.17493
doutb0                                0.619218
dout0                                 0.619218
x0.x1.nb                               1.17493
vd1                                      0.001
ap1                                     0.6005
an1                                     0.5995
ibn1                                  0.264662
x1.x1.tmid                         7.28803e-06
x1.x1.tail                            0.565966
x1.x1.np                                   1.2
x1.x1.nn                                   1.2
x1.x1.ln                                   1.2
x1.x1.lp                                   1.2
x1.x1.lnb                          6.04047e-07
x1.x1.lpb                          6.04047e-07
x1.x1.na                               1.17493
doutb1                                0.619218
dout1                                 0.619218
x1.x1.nb                               1.17493
vd2                                     -0.001
ap2                                     0.5995
an2                                     0.6005
ibn2                                  0.264662
x2.x1.tmid                         7.28803e-06
x2.x1.tail                            0.565966
x2.x1.np                                   1.2
x2.x1.nn                                   1.2
x2.x1.ln                                   1.2
x2.x1.lp                                   1.2
x2.x1.lnb                          6.04047e-07
x2.x1.lpb                          6.04047e-07
x2.x1.na                               1.17493
doutb2                                0.619218
dout2                                 0.619218
x2.x1.nb                               1.17493
ean2#branch                        4.54255e-12
eap2#branch                        4.56508e-12
ean1#branch                        4.56508e-12
eap1#branch                        4.54255e-12
ean0#branch                         4.5538e-12
eap0#branch                         4.5538e-12
vclk#branch                        2.99513e-09
vd2#branch                                   0
vd1#branch                                   0
vd0#branch                                   0
vcm#branch                         2.73229e-11
vsup#branch                       -0.000429292

 Reference value :  0.00000e+00
 Reference value :  7.00000e-10
 Reference value :  1.21413e-09
 Reference value :  2.01412e-09
 Reference value :  2.96000e-09
 Reference value :  3.74353e-09
 Reference value :  4.50824e-09
No. of Data Rows : 1345
vsup_v              =  1.20000e+00
d0now               =  1.20000e+00
d1now               =  1.20000e+00
d2now               =  1.01981e-05
Reset re-loads circuit * comparator-transient-noise @ ff_27c_1.20v -- generated by sim/harness, do not edit

Circuit: * comparator-transient-noise @ ff_27c_1.20v -- generated by sim/harness, do not edit

Doing analysis at TEMP = 27.000000 and TNOM = 27.000000

Using SPARSE 1.3 as Direct Linear Solver

Initial Transient Solution
--------------------------

Node                                   Voltage
----                                   -------
vdd                                        1.2
cm                                         0.6
vd0                                          0
ap0                                        0.6
an0                                        0.6
ibn0                                  0.264662
x0.x1.tmid                           7.288e-06
x0.x1.tail                            0.565963
clk                                          0
x0.x1.np                                   1.2
x0.x1.nn                                   1.2
x0.x1.ln                                   1.2
x0.x1.lp                                   1.2
x0.x1.lnb                          6.04047e-07
x0.x1.lpb                          6.04047e-07
x0.x1.na                               1.17493
doutb0                                0.619218
dout0                                 0.619218
x0.x1.nb                               1.17493
vd1                                      0.001
ap1                                     0.6005
an1                                     0.5995
ibn1                                  0.264662
x1.x1.tmid                         7.28803e-06
x1.x1.tail                            0.565966
x1.x1.np                                   1.2
x1.x1.nn                                   1.2
x1.x1.ln                                   1.2
x1.x1.lp                                   1.2
x1.x1.lnb                          6.04047e-07
x1.x1.lpb                          6.04047e-07
x1.x1.na                               1.17493
doutb1                                0.619218
dout1                                 0.619218
x1.x1.nb                               1.17493
vd2                                     -0.001
ap2                                     0.5995
an2                                     0.6005
ibn2                                  0.264662
x2.x1.tmid                         7.28803e-06
x2.x1.tail                            0.565966
x2.x1.np                                   1.2
x2.x1.nn                                   1.2
x2.x1.ln                                   1.2
x2.x1.lp                                   1.2
x2.x1.lnb                          6.04047e-07
x2.x1.lpb                          6.04047e-07
x2.x1.na                               1.17493
doutb2                                0.619218
dout2                                 0.619218
x2.x1.nb                               1.17493
ean2#branch                        4.54255e-12
eap2#branch                        4.56508e-12
ean1#branch                        4.56508e-12
eap1#branch                        4.54255e-12
ean0#branch                         4.5538e-12
eap0#branch                         4.5538e-12
vclk#branch                        2.99513e-09
vd2#branch                                   0
vd1#branch                                   0
vd0#branch                                   0
vcm#branch                         2.73229e-11
vsup#branch                       -0.000429292

 Reference value :  0.00000e+00
 Reference value :  6.48235e-10
 Reference value :  1.18000e-09
 Reference value :  1.99412e-09
 Reference value :  2.94353e-09
 Reference value :  3.76824e-09
 Reference value :  4.52353e-09
No. of Data Rows : 1345
vsup_v              =  1.20000e+00
d0now               =  1.20000e+00
d1now               =  1.19999e+00
d2now               =  1.20000e+00
Reset re-loads circuit * comparator-transient-noise @ ff_27c_1.20v -- generated by sim/harness, do not edit

Circuit: * comparator-transient-noise @ ff_27c_1.20v -- generated by sim/harness, do not edit

Doing analysis at TEMP = 27.000000 and TNOM = 27.000000

Using SPARSE 1.3 as Direct Linear Solver

Initial Transient Solution
--------------------------

Node                                   Voltage
----                                   -------
vdd                                        1.2
cm                                         0.6
vd0                                          0
ap0                                        0.6
an0                                        0.6
ibn0                                  0.264662
x0.x1.tmid                           7.288e-06
x0.x1.tail                            0.565963
clk                                          0
x0.x1.np                                   1.2
x0.x1.nn                                   1.2
x0.x1.ln                                   1.2
x0.x1.lp                                   1.2
x0.x1.lnb                          6.04047e-07
x0.x1.lpb                          6.04047e-07
x0.x1.na                               1.17493
doutb0                                0.619218
dout0                                 0.619218
x0.x1.nb                               1.17493
vd1                                      0.001
ap1                                     0.6005
an1                                     0.5995
ibn1                                  0.264662
x1.x1.tmid                         7.28803e-06
x1.x1.tail                            0.565966
x1.x1.np                                   1.2
x1.x1.nn                                   1.2
x1.x1.ln                                   1.2
x1.x1.lp                                   1.2
x1.x1.lnb                          6.04047e-07
x1.x1.lpb                          6.04047e-07
x1.x1.na                               1.17493
doutb1                                0.619218
dout1                                 0.619218
x1.x1.nb                               1.17493
vd2                                     -0.001
ap2                                     0.5995
an2                                     0.6005
ibn2                                  0.264662
x2.x1.tmid                         7.28803e-06
x2.x1.tail                            0.565966
x2.x1.np                                   1.2
x2.x1.nn                                   1.2
x2.x1.ln                                   1.2
x2.x1.lp                                   1.2
x2.x1.lnb                          6.04047e-07
x2.x1.lpb                          6.04047e-07
x2.x1.na                               1.17493
doutb2                                0.619218
dout2                                 0.619218
x2.x1.nb                               1.17493
ean2#branch                        4.54255e-12
eap2#branch                        4.56508e-12
ean1#branch                        4.56508e-12
eap1#branch                        4.54255e-12
ean0#branch                         4.5538e-12
eap0#branch                         4.5538e-12
vclk#branch                        2.99513e-09
vd2#branch                                   0
vd1#branch                                   0
vd0#branch                                   0
vcm#branch                         2.73229e-11
vsup#branch                       -0.000429292

 Reference value :  0.00000e+00
 Reference value :  6.48235e-10
 Reference value :  1.12832e-09
 Reference value :  1.91412e-09
 Reference value :  2.85412e-09
 Reference value :  3.68824e-09
 Reference value :  4.40353e-09
No. of Data Rows : 1345
vsup_v              =  1.20000e+00
d0now               =  -1.83824e-06
d1now               =  1.20000e+00
d2now               =  1.20000e+00
Reset re-loads circuit * comparator-transient-noise @ ff_27c_1.20v -- generated by sim/harness, do not edit

Circuit: * comparator-transient-noise @ ff_27c_1.20v -- generated by sim/harness, do not edit

Doing analysis at TEMP = 27.000000 and TNOM = 27.000000

Using SPARSE 1.3 as Direct Linear Solver

Initial Transient Solution
--------------------------

Node                                   Voltage
----                                   -------
vdd                                        1.2
cm                                         0.6
vd0                                          0
ap0                                        0.6
an0                                        0.6
ibn0                                  0.264662
x0.x1.tmid                           7.288e-06
x0.x1.tail                            0.565963
clk                                          0
x0.x1.np                                   1.2
x0.x1.nn                                   1.2
x0.x1.ln                                   1.2
x0.x1.lp                                   1.2
x0.x1.lnb                          6.04047e-07
x0.x1.lpb                          6.04047e-07
x0.x1.na                               1.17493
doutb0                                0.619218
dout0                                 0.619218
x0.x1.nb                               1.17493
vd1                                      0.001
ap1                                     0.6005
an1                                     0.5995
ibn1                                  0.264662
x1.x1.tmid                         7.28803e-06
x1.x1.tail                            0.565966
x1.x1.np                                   1.2
x1.x1.nn                                   1.2
x1.x1.ln                                   1.2
x1.x1.lp                                   1.2
x1.x1.lnb                          6.04047e-07
x1.x1.lpb                          6.04047e-07
x1.x1.na                               1.17493
doutb1                                0.619218
dout1                                 0.619218
x1.x1.nb                               1.17493
vd2                                     -0.001
ap2                                     0.5995
an2                                     0.6005
ibn2                                  0.264662
x2.x1.tmid                         7.28803e-06
x2.x1.tail                            0.565966
x2.x1.np                                   1.2
x2.x1.nn                                   1.2
x2.x1.ln                                   1.2
x2.x1.lp                                   1.2
x2.x1.lnb                          6.04047e-07
x2.x1.lpb                          6.04047e-07
x2.x1.na                               1.17493
doutb2                                0.619218
dout2                                 0.619218
x2.x1.nb                               1.17493
ean2#branch                        4.54255e-12
eap2#branch                        4.56508e-12
ean1#branch                        4.56508e-12
eap1#branch                        4.54255e-12
ean0#branch                         4.5538e-12
eap0#branch                         4.5538e-12
vclk#branch                        2.99513e-09
vd2#branch                                   0
vd1#branch                                   0
vd0#branch                                   0
vcm#branch                         2.73229e-11
vsup#branch                       -0.000429292

 Reference value :  0.00000e+00
 Reference value :  6.68235e-10
 Reference value :  1.20826e-09
 Reference value :  2.00824e-09
 Reference value :  2.96353e-09
 Reference value :  3.77412e-09
 Reference value :  4.50353e-09
No. of Data Rows : 1345
vsup_v              =  1.20000e+00
d0now               =  3.80573e-08
d1now               =  1.19999e+00
d2now               =  -2.12465e-06
Reset re-loads circuit * comparator-transient-noise @ ff_27c_1.20v -- generated by sim/harness, do not edit

Circuit: * comparator-transient-noise @ ff_27c_1.20v -- generated by sim/harness, do not edit

Doing analysis at TEMP = 27.000000 and TNOM = 27.000000

Using SPARSE 1.3 as Direct Linear Solver

Initial Transient Solution
--------------------------

Node                                   Voltage
----                                   -------
vdd                                        1.2
cm                                         0.6
vd0                                          0
ap0                                        0.6
an0                                        0.6
ibn0                                  0.264662
x0.x1.tmid                           7.288e-06
x0.x1.tail                            0.565963
clk                                          0
x0.x1.np                                   1.2
x0.x1.nn                                   1.2
x0.x1.ln                                   1.2
x0.x1.lp                                   1.2
x0.x1.lnb                          6.04047e-07
x0.x1.lpb                          6.04047e-07
x0.x1.na                               1.17493
doutb0                                0.619218
dout0                                 0.619218
x0.x1.nb                               1.17493
vd1                                      0.001
ap1                                     0.6005
an1                                     0.5995
ibn1                                  0.264662
x1.x1.tmid                         7.28803e-06
x1.x1.tail                            0.565966
x1.x1.np                                   1.2
x1.x1.nn                                   1.2
x1.x1.ln                                   1.2
x1.x1.lp                                   1.2
x1.x1.lnb                          6.04047e-07
x1.x1.lpb                          6.04047e-07
x1.x1.na                               1.17493
doutb1                                0.619218
dout1                                 0.619218
x1.x1.nb                               1.17493
vd2                                     -0.001
ap2                                     0.5995
an2                                     0.6005
ibn2                                  0.264662
x2.x1.tmid                         7.28803e-06
x2.x1.tail                            0.565966
x2.x1.np                                   1.2
x2.x1.nn                                   1.2
x2.x1.ln                                   1.2
x2.x1.lp                                   1.2
x2.x1.lnb                          6.04047e-07
x2.x1.lpb                          6.04047e-07
x2.x1.na                               1.17493
doutb2                                0.619218
dout2                                 0.619218
x2.x1.nb                               1.17493
ean2#branch                        4.54255e-12
eap2#branch                        4.56508e-12
ean1#branch                        4.56508e-12
eap1#branch                        4.54255e-12
ean0#branch                         4.5538e-12
eap0#branch                         4.5538e-12
vclk#branch                        2.99513e-09
vd2#branch                                   0
vd1#branch                                   0
vd0#branch                                   0
vcm#branch                         2.73229e-11
vsup#branch                       -0.000429292

 Reference value :  0.00000e+00
 Reference value :  6.54118e-10
 Reference value :  1.17414e-09
 Reference value :  1.96000e-09
 Reference value :  2.86118e-09
 Reference value :  3.75412e-09
 Reference value :  4.48353e-09
No. of Data Rows : 1345
vsup_v              =  1.20000e+00
d0now               =  1.19998e+00
d1now               =  1.20000e+00
d2now               =  3.19628e-07
Reset re-loads circuit * comparator-transient-noise @ ff_27c_1.20v -- generated by sim/harness, do not edit

Circuit: * comparator-transient-noise @ ff_27c_1.20v -- generated by sim/harness, do not edit

Doing analysis at TEMP = 27.000000 and TNOM = 27.000000

Using SPARSE 1.3 as Direct Linear Solver

Initial Transient Solution
--------------------------

Node                                   Voltage
----                                   -------
vdd                                        1.2
cm                                         0.6
vd0                                          0
ap0                                        0.6
an0                                        0.6
ibn0                                  0.264662
x0.x1.tmid                           7.288e-06
x0.x1.tail                            0.565963
clk                                          0
x0.x1.np                                   1.2
x0.x1.nn                                   1.2
x0.x1.ln                                   1.2
x0.x1.lp                                   1.2
x0.x1.lnb                          6.04047e-07
x0.x1.lpb                          6.04047e-07
x0.x1.na                               1.17493
doutb0                                0.619218
dout0                                 0.619218
x0.x1.nb                               1.17493
vd1                                      0.001
ap1                                     0.6005
an1                                     0.5995
ibn1                                  0.264662
x1.x1.tmid                         7.28803e-06
x1.x1.tail                            0.565966
x1.x1.np                                   1.2
x1.x1.nn                                   1.2
x1.x1.ln                                   1.2
x1.x1.lp                                   1.2
x1.x1.lnb                          6.04047e-07
x1.x1.lpb                          6.04047e-07
x1.x1.na                               1.17493
doutb1                                0.619218
dout1                                 0.619218
x1.x1.nb                               1.17493
vd2                                     -0.001
ap2                                     0.5995
an2                                     0.6005
ibn2                                  0.264662
x2.x1.tmid                         7.28803e-06
x2.x1.tail                            0.565966
x2.x1.np                                   1.2
x2.x1.nn                                   1.2
x2.x1.ln                                   1.2
x2.x1.lp                                   1.2
x2.x1.lnb                          6.04047e-07
x2.x1.lpb                          6.04047e-07
x2.x1.na                               1.17493
doutb2                                0.619218
dout2                                 0.619218
x2.x1.nb                               1.17493
ean2#branch                        4.54255e-12
eap2#branch                        4.56508e-12
ean1#branch                        4.56508e-12
eap1#branch                        4.54255e-12
ean0#branch                         4.5538e-12
eap0#branch                         4.5538e-12
vclk#branch                        2.99513e-09
vd2#branch                                   0
vd1#branch                                   0
vd0#branch                                   0
vcm#branch                         2.73229e-11
vsup#branch                       -0.000429292

 Reference value :  0.00000e+00
 Reference value :  6.61176e-10
 Reference value :  1.20000e-09
 Reference value :  2.02824e-09
 Reference value :  2.99412e-09
 Reference value :  3.79412e-09
 Reference value :  4.58353e-09
No. of Data Rows : 1345
vsup_v              =  1.20000e+00
d0now               =  1.30744e-05
d1now               =  1.19998e+00
d2now               =  1.07116e-05
Reset re-loads circuit * comparator-transient-noise @ ff_27c_1.20v -- generated by sim/harness, do not edit

Circuit: * comparator-transient-noise @ ff_27c_1.20v -- generated by sim/harness, do not edit

Doing analysis at TEMP = 27.000000 and TNOM = 27.000000

Using SPARSE 1.3 as Direct Linear Solver

Initial Transient Solution
--------------------------

Node                                   Voltage
----                                   -------
vdd                                        1.2
cm                                         0.6
vd0                                          0
ap0                                        0.6
an0                                        0.6
ibn0                                  0.264662
x0.x1.tmid                           7.288e-06
x0.x1.tail                            0.565963
clk                                          0
x0.x1.np                                   1.2
x0.x1.nn                                   1.2
x0.x1.ln                                   1.2
x0.x1.lp                                   1.2
x0.x1.lnb                          6.04047e-07
x0.x1.lpb                          6.04047e-07
x0.x1.na                               1.17493
doutb0                                0.619218
dout0                                 0.619218
x0.x1.nb                               1.17493
vd1                                      0.001
ap1                                     0.6005
an1                                     0.5995
ibn1                                  0.264662
x1.x1.tmid                         7.28803e-06
x1.x1.tail                            0.565966
x1.x1.np                                   1.2
x1.x1.nn                                   1.2
x1.x1.ln                                   1.2
x1.x1.lp                                   1.2
x1.x1.lnb                          6.04047e-07
x1.x1.lpb                          6.04047e-07
x1.x1.na                               1.17493
doutb1                                0.619218
dout1                                 0.619218
x1.x1.nb                               1.17493
vd2                                     -0.001
ap2                                     0.5995
an2                                     0.6005
ibn2                                  0.264662
x2.x1.tmid                         7.28803e-06
x2.x1.tail                            0.565966
x2.x1.np                                   1.2
x2.x1.nn                                   1.2
x2.x1.ln                                   1.2
x2.x1.lp                                   1.2
x2.x1.lnb                          6.04047e-07
x2.x1.lpb                          6.04047e-07
x2.x1.na                               1.17493
doutb2                                0.619218
dout2                                 0.619218
x2.x1.nb                               1.17493
ean2#branch                        4.54255e-12
eap2#branch                        4.56508e-12
ean1#branch                        4.56508e-12
eap1#branch                        4.54255e-12
ean0#branch                         4.5538e-12
eap0#branch                         4.5538e-12
vclk#branch                        2.99513e-09
vd2#branch                                   0
vd1#branch                                   0
vd0#branch                                   0
vcm#branch                         2.73229e-11
vsup#branch                       -0.000429292

 Reference value :  0.00000e+00
 Reference value :  6.43529e-10
 Reference value :  1.16828e-09
 Reference value :  1.96000e-09
 Reference value :  2.90353e-09
 Reference value :  3.78353e-09
 Reference value :  4.56000e-09
No. of Data Rows : 1345
vsup_v              =  1.20000e+00
d0now               =  1.53741e-05
d1now               =  1.20000e+00
d2now               =  -1.48091e-06
Reset re-loads circuit * comparator-transient-noise @ ff_27c_1.20v -- generated by sim/harness, do not edit

Circuit: * comparator-transient-noise @ ff_27c_1.20v -- generated by sim/harness, do not edit

Doing analysis at TEMP = 27.000000 and TNOM = 27.000000

Using SPARSE 1.3 as Direct Linear Solver

Initial Transient Solution
--------------------------

Node                                   Voltage
----                                   -------
vdd                                        1.2
cm                                         0.6
vd0                                          0
ap0                                        0.6
an0                                        0.6
ibn0                                  0.264662
x0.x1.tmid                           7.288e-06
x0.x1.tail                            0.565963
clk                                          0
x0.x1.np                                   1.2
x0.x1.nn                                   1.2
x0.x1.ln                                   1.2
x0.x1.lp                                   1.2
x0.x1.lnb                          6.04047e-07
x0.x1.lpb                          6.04047e-07
x0.x1.na                               1.17493
doutb0                                0.619218
dout0                                 0.619218
x0.x1.nb                               1.17493
vd1                                      0.001
ap1                                     0.6005
an1                                     0.5995
ibn1                                  0.264662
x1.x1.tmid                         7.28803e-06
x1.x1.tail                            0.565966
x1.x1.np                                   1.2
x1.x1.nn                                   1.2
x1.x1.ln                                   1.2
x1.x1.lp                                   1.2
x1.x1.lnb                          6.04047e-07
x1.x1.lpb                          6.04047e-07
x1.x1.na                               1.17493
doutb1                                0.619218
dout1                                 0.619218
x1.x1.nb                               1.17493
vd2                                     -0.001
ap2                                     0.5995
an2                                     0.6005
ibn2                                  0.264662
x2.x1.tmid                         7.28803e-06
x2.x1.tail                            0.565966
x2.x1.np                                   1.2
x2.x1.nn                                   1.2
x2.x1.ln                                   1.2
x2.x1.lp                                   1.2
x2.x1.lnb                          6.04047e-07
x2.x1.lpb                          6.04047e-07
x2.x1.na                               1.17493
doutb2                                0.619218
dout2                                 0.619218
x2.x1.nb                               1.17493
ean2#branch                        4.54255e-12
eap2#branch                        4.56508e-12
ean1#branch                        4.56508e-12
eap1#branch                        4.54255e-12
ean0#branch                         4.5538e-12
eap0#branch                         4.5538e-12
vclk#branch                        2.99513e-09
vd2#branch                                   0
vd1#branch                                   0
vd0#branch                                   0
vcm#branch                         2.73229e-11
vsup#branch                       -0.000429292

 Reference value :  0.00000e+00
 Reference value :  6.60000e-10
 Reference value :  1.18352e-09
 Reference value :  2.04824e-09
 Reference value :  3.00353e-09
 Reference value :  3.78353e-09
 Reference value :  4.53412e-09
No. of Data Rows : 1345
vsup_v              =  1.20000e+00
d0now               =  1.20000e+00
d1now               =  1.19998e+00
d2now               =  1.10545e-05
Reset re-loads circuit * comparator-transient-noise @ ff_27c_1.20v -- generated by sim/harness, do not edit

Circuit: * comparator-transient-noise @ ff_27c_1.20v -- generated by sim/harness, do not edit

Doing analysis at TEMP = 27.000000 and TNOM = 27.000000

Using SPARSE 1.3 as Direct Linear Solver

Initial Transient Solution
--------------------------

Node                                   Voltage
----                                   -------
vdd                                        1.2
cm                                         0.6
vd0                                          0
ap0                                        0.6
an0                                        0.6
ibn0                                  0.264662
x0.x1.tmid                           7.288e-06
x0.x1.tail                            0.565963
clk                                          0
x0.x1.np                                   1.2
x0.x1.nn                                   1.2
x0.x1.ln                                   1.2
x0.x1.lp                                   1.2
x0.x1.lnb                          6.04047e-07
x0.x1.lpb                          6.04047e-07
x0.x1.na                               1.17493
doutb0                                0.619218
dout0                                 0.619218
x0.x1.nb                               1.17493
vd1                                      0.001
ap1                                     0.6005
an1                                     0.5995
ibn1                                  0.264662
x1.x1.tmid                         7.28803e-06
x1.x1.tail                            0.565966
x1.x1.np                                   1.2
x1.x1.nn                                   1.2
x1.x1.ln                                   1.2
x1.x1.lp                                   1.2
x1.x1.lnb                          6.04047e-07
x1.x1.lpb                          6.04047e-07
x1.x1.na                               1.17493
doutb1                                0.619218
dout1                                 0.619218
x1.x1.nb                               1.17493
vd2                                     -0.001
ap2                                     0.5995
an2                                     0.6005
ibn2                                  0.264662
x2.x1.tmid                         7.28803e-06
x2.x1.tail                            0.565966
x2.x1.np                                   1.2
x2.x1.nn                                   1.2
x2.x1.ln                                   1.2
x2.x1.lp                                   1.2
x2.x1.lnb                          6.04047e-07
x2.x1.lpb                          6.04047e-07
x2.x1.na                               1.17493
doutb2                                0.619218
dout2                                 0.619218
x2.x1.nb                               1.17493
ean2#branch                        4.54255e-12
eap2#branch                        4.56508e-12
ean1#branch                        4.56508e-12
eap1#branch                        4.54255e-12
ean0#branch                         4.5538e-12
eap0#branch                         4.5538e-12
vclk#branch                        2.99513e-09
vd2#branch                                   0
vd1#branch                                   0
vd0#branch                                   0
vcm#branch                         2.73229e-11
vsup#branch                       -0.000429292

 Reference value :  0.00000e+00
 Reference value :  6.43529e-10
 Reference value :  1.16355e-09
 Reference value :  1.94000e-09
 Reference value :  2.91412e-09
 Reference value :  3.74118e-09
 Reference value :  4.50000e-09
No. of Data Rows : 1345
vsup_v              =  1.20000e+00
d0now               =  1.10106e-05
d1now               =  1.19998e+00
d2now               =  1.00109e-05
Reset re-loads circuit * comparator-transient-noise @ ff_27c_1.20v -- generated by sim/harness, do not edit

Circuit: * comparator-transient-noise @ ff_27c_1.20v -- generated by sim/harness, do not edit

Doing analysis at TEMP = 27.000000 and TNOM = 27.000000

Using SPARSE 1.3 as Direct Linear Solver

Initial Transient Solution
--------------------------

Node                                   Voltage
----                                   -------
vdd                                        1.2
cm                                         0.6
vd0                                          0
ap0                                        0.6
an0                                        0.6
ibn0                                  0.264662
x0.x1.tmid                           7.288e-06
x0.x1.tail                            0.565963
clk                                          0
x0.x1.np                                   1.2
x0.x1.nn                                   1.2
x0.x1.ln                                   1.2
x0.x1.lp                                   1.2
x0.x1.lnb                          6.04047e-07
x0.x1.lpb                          6.04047e-07
x0.x1.na                               1.17493
doutb0                                0.619218
dout0                                 0.619218
x0.x1.nb                               1.17493
vd1                                      0.001
ap1                                     0.6005
an1                                     0.5995
ibn1                                  0.264662
x1.x1.tmid                         7.28803e-06
x1.x1.tail                            0.565966
x1.x1.np                                   1.2
x1.x1.nn                                   1.2
x1.x1.ln                                   1.2
x1.x1.lp                                   1.2
x1.x1.lnb                          6.04047e-07
x1.x1.lpb                          6.04047e-07
x1.x1.na                               1.17493
doutb1                                0.619218
dout1                                 0.619218
x1.x1.nb                               1.17493
vd2                                     -0.001
ap2                                     0.5995
an2                                     0.6005
ibn2                                  0.264662
x2.x1.tmid                         7.28803e-06
x2.x1.tail                            0.565966
x2.x1.np                                   1.2
x2.x1.nn                                   1.2
x2.x1.ln                                   1.2
x2.x1.lp                                   1.2
x2.x1.lnb                          6.04047e-07
x2.x1.lpb                          6.04047e-07
x2.x1.na                               1.17493
doutb2                                0.619218
dout2                                 0.619218
x2.x1.nb                               1.17493
ean2#branch                        4.54255e-12
eap2#branch                        4.56508e-12
ean1#branch                        4.56508e-12
eap1#branch                        4.54255e-12
ean0#branch                         4.5538e-12
eap0#branch                         4.5538e-12
vclk#branch                        2.99513e-09
vd2#branch                                   0
vd1#branch                                   0
vd0#branch                                   0
vcm#branch                         2.73229e-11
vsup#branch                       -0.000429292

 Reference value :  0.00000e+00
 Reference value :  6.48235e-10
 Reference value :  1.18000e-09
 Reference value :  1.94353e-09
 Reference value :  2.92118e-09
 Reference value :  3.74824e-09
 Reference value :  4.48353e-09
No. of Data Rows : 1345
vsup_v              =  1.20000e+00
d0now               =  1.20000e+00
d1now               =  1.20641e-06
d2now               =  -6.05780e-07
Reset re-loads circuit * comparator-transient-noise @ ff_27c_1.20v -- generated by sim/harness, do not edit

Circuit: * comparator-transient-noise @ ff_27c_1.20v -- generated by sim/harness, do not edit

Doing analysis at TEMP = 27.000000 and TNOM = 27.000000

Using SPARSE 1.3 as Direct Linear Solver

Initial Transient Solution
--------------------------

Node                                   Voltage
----                                   -------
vdd                                        1.2
cm                                         0.6
vd0                                          0
ap0                                        0.6
an0                                        0.6
ibn0                                  0.264662
x0.x1.tmid                           7.288e-06
x0.x1.tail                            0.565963
clk                                          0
x0.x1.np                                   1.2
x0.x1.nn                                   1.2
x0.x1.ln                                   1.2
x0.x1.lp                                   1.2
x0.x1.lnb                          6.04047e-07
x0.x1.lpb                          6.04047e-07
x0.x1.na                               1.17493
doutb0                                0.619218
dout0                                 0.619218
x0.x1.nb                               1.17493
vd1                                      0.001
ap1                                     0.6005
an1                                     0.5995
ibn1                                  0.264662
x1.x1.tmid                         7.28803e-06
x1.x1.tail                            0.565966
x1.x1.np                                   1.2
x1.x1.nn                                   1.2
x1.x1.ln                                   1.2
x1.x1.lp                                   1.2
x1.x1.lnb                          6.04047e-07
x1.x1.lpb                          6.04047e-07
x1.x1.na                               1.17493
doutb1                                0.619218
dout1                                 0.619218
x1.x1.nb                               1.17493
vd2                                     -0.001
ap2                                     0.5995
an2                                     0.6005
ibn2                                  0.264662
x2.x1.tmid                         7.28803e-06
x2.x1.tail                            0.565966
x2.x1.np                                   1.2
x2.x1.nn                                   1.2
x2.x1.ln                                   1.2
x2.x1.lp                                   1.2
x2.x1.lnb                          6.04047e-07
x2.x1.lpb                          6.04047e-07
x2.x1.na                               1.17493
doutb2                                0.619218
dout2                                 0.619218
x2.x1.nb                               1.17493
ean2#branch                        4.54255e-12
eap2#branch                        4.56508e-12
ean1#branch                        4.56508e-12
eap1#branch                        4.54255e-12
ean0#branch                         4.5538e-12
eap0#branch                         4.5538e-12
vclk#branch                        2.99513e-09
vd2#branch                                   0
vd1#branch                                   0
vd0#branch                                   0
vcm#branch                         2.73229e-11
vsup#branch                       -0.000429292

 Reference value :  0.00000e+00
 Reference value :  6.28235e-10
 Reference value :  1.10406e-09
 Reference value :  1.90118e-09
 Reference value :  2.78824e-09
 Reference value :  3.64353e-09
 Reference value :  4.36353e-09
 Reference value :  5.10000e-09
No. of Data Rows : 1345
vsup_v              =  1.20000e+00
d0now               =  7.91988e-06
d1now               =  1.15959e-05
d2now               =  1.20000e+00
Reset re-loads circuit * comparator-transient-noise @ ff_27c_1.20v -- generated by sim/harness, do not edit

Circuit: * comparator-transient-noise @ ff_27c_1.20v -- generated by sim/harness, do not edit

Doing analysis at TEMP = 27.000000 and TNOM = 27.000000

Using SPARSE 1.3 as Direct Linear Solver

Initial Transient Solution
--------------------------

Node                                   Voltage
----                                   -------
vdd                                        1.2
cm                                         0.6
vd0                                          0
ap0                                        0.6
an0                                        0.6
ibn0                                  0.264662
x0.x1.tmid                           7.288e-06
x0.x1.tail                            0.565963
clk                                          0
x0.x1.np                                   1.2
x0.x1.nn                                   1.2
x0.x1.ln                                   1.2
x0.x1.lp                                   1.2
x0.x1.lnb                          6.04047e-07
x0.x1.lpb                          6.04047e-07
x0.x1.na                               1.17493
doutb0                                0.619218
dout0                                 0.619218
x0.x1.nb                               1.17493
vd1                                      0.001
ap1                                     0.6005
an1                                     0.5995
ibn1                                  0.264662
x1.x1.tmid                         7.28803e-06
x1.x1.tail                            0.565966
x1.x1.np                                   1.2
x1.x1.nn                                   1.2
x1.x1.ln                                   1.2
x1.x1.lp                                   1.2
x1.x1.lnb                          6.04047e-07
x1.x1.lpb                          6.04047e-07
x1.x1.na                               1.17493
doutb1                                0.619218
dout1                                 0.619218
x1.x1.nb                               1.17493
vd2                                     -0.001
ap2                                     0.5995
an2                                     0.6005
ibn2                                  0.264662
x2.x1.tmid                         7.28803e-06
x2.x1.tail                            0.565966
x2.x1.np                                   1.2
x2.x1.nn                                   1.2
x2.x1.ln                                   1.2
x2.x1.lp                                   1.2
x2.x1.lnb                          6.04047e-07
x2.x1.lpb                          6.04047e-07
x2.x1.na                               1.17493
doutb2                                0.619218
dout2                                 0.619218
x2.x1.nb                               1.17493
ean2#branch                        4.54255e-12
eap2#branch                        4.56508e-12
ean1#branch                        4.56508e-12
eap1#branch                        4.54255e-12
ean0#branch                         4.5538e-12
eap0#branch                         4.5538e-12
vclk#branch                        2.99513e-09
vd2#branch                                   0
vd1#branch                                   0
vd0#branch                                   0
vcm#branch                         2.73229e-11
vsup#branch                       -0.000429292

 Reference value :  0.00000e+00
 Reference value :  6.40000e-10
 Reference value :  1.16000e-09
 Reference value :  1.94824e-09
 Reference value :  2.84000e-09
 Reference value :  3.64118e-09
 Reference value :  4.36824e-09
No. of Data Rows : 1345
vsup_v              =  1.20000e+00
d0now               =  1.19998e+00
d1now               =  1.20000e+00
d2now               =  1.19998e+00
Reset re-loads circuit * comparator-transient-noise @ ff_27c_1.20v -- generated by sim/harness, do not edit

Circuit: * comparator-transient-noise @ ff_27c_1.20v -- generated by sim/harness, do not edit

Doing analysis at TEMP = 27.000000 and TNOM = 27.000000

Using SPARSE 1.3 as Direct Linear Solver

Initial Transient Solution
--------------------------

Node                                   Voltage
----                                   -------
vdd                                        1.2
cm                                         0.6
vd0                                          0
ap0                                        0.6
an0                                        0.6
ibn0                                  0.264662
x0.x1.tmid                           7.288e-06
x0.x1.tail                            0.565963
clk                                          0
x0.x1.np                                   1.2
x0.x1.nn                                   1.2
x0.x1.ln                                   1.2
x0.x1.lp                                   1.2
x0.x1.lnb                          6.04047e-07
x0.x1.lpb                          6.04047e-07
x0.x1.na                               1.17493
doutb0                                0.619218
dout0                                 0.619218
x0.x1.nb                               1.17493
vd1                                      0.001
ap1                                     0.6005
an1                                     0.5995
ibn1                                  0.264662
x1.x1.tmid                         7.28803e-06
x1.x1.tail                            0.565966
x1.x1.np                                   1.2
x1.x1.nn                                   1.2
x1.x1.ln                                   1.2
x1.x1.lp                                   1.2
x1.x1.lnb                          6.04047e-07
x1.x1.lpb                          6.04047e-07
x1.x1.na                               1.17493
doutb1                                0.619218
dout1                                 0.619218
x1.x1.nb                               1.17493
vd2                                     -0.001
ap2                                     0.5995
an2                                     0.6005
ibn2                                  0.264662
x2.x1.tmid                         7.28803e-06
x2.x1.tail                            0.565966
x2.x1.np                                   1.2
x2.x1.nn                                   1.2
x2.x1.ln                                   1.2
x2.x1.lp                                   1.2
x2.x1.lnb                          6.04047e-07
x2.x1.lpb                          6.04047e-07
x2.x1.na                               1.17493
doutb2                                0.619218
dout2                                 0.619218
x2.x1.nb                               1.17493
ean2#branch                        4.54255e-12
eap2#branch                        4.56508e-12
ean1#branch                        4.56508e-12
eap1#branch                        4.54255e-12
ean0#branch                         4.5538e-12
eap0#branch                         4.5538e-12
vclk#branch                        2.99513e-09
vd2#branch                                   0
vd1#branch                                   0
vd0#branch                                   0
vcm#branch                         2.73229e-11
vsup#branch                       -0.000429292

 Reference value :  0.00000e+00
 Reference value :  6.54118e-10
 Reference value :  1.18352e-09
 Reference value :  1.96824e-09
 Reference value :  2.85412e-09
 Reference value :  3.67412e-09
 Reference value :  4.48824e-09
No. of Data Rows : 1345
vsup_v              =  1.20000e+00
d0now               =  1.19998e+00
d1now               =  1.19998e+00
d2now               =  1.20000e+00
Reset re-loads circuit * comparator-transient-noise @ ff_27c_1.20v -- generated by sim/harness, do not edit

Circuit: * comparator-transient-noise @ ff_27c_1.20v -- generated by sim/harness, do not edit

Doing analysis at TEMP = 27.000000 and TNOM = 27.000000

Using SPARSE 1.3 as Direct Linear Solver

Initial Transient Solution
--------------------------

Node                                   Voltage
----                                   -------
vdd                                        1.2
cm                                         0.6
vd0                                          0
ap0                                        0.6
an0                                        0.6
ibn0                                  0.264662
x0.x1.tmid                           7.288e-06
x0.x1.tail                            0.565963
clk                                          0
x0.x1.np                                   1.2
x0.x1.nn                                   1.2
x0.x1.ln                                   1.2
x0.x1.lp                                   1.2
x0.x1.lnb                          6.04047e-07
x0.x1.lpb                          6.04047e-07
x0.x1.na                               1.17493
doutb0                                0.619218
dout0                                 0.619218
x0.x1.nb                               1.17493
vd1                                      0.001
ap1                                     0.6005
an1                                     0.5995
ibn1                                  0.264662
x1.x1.tmid                         7.28803e-06
x1.x1.tail                            0.565966
x1.x1.np                                   1.2
x1.x1.nn                                   1.2
x1.x1.ln                                   1.2
x1.x1.lp                                   1.2
x1.x1.lnb                          6.04047e-07
x1.x1.lpb                          6.04047e-07
x1.x1.na                               1.17493
doutb1                                0.619218
dout1                                 0.619218
x1.x1.nb                               1.17493
vd2                                     -0.001
ap2                                     0.5995
an2                                     0.6005
ibn2                                  0.264662
x2.x1.tmid                         7.28803e-06
x2.x1.tail                            0.565966
x2.x1.np                                   1.2
x2.x1.nn                                   1.2
x2.x1.ln                                   1.2
x2.x1.lp                                   1.2
x2.x1.lnb                          6.04047e-07
x2.x1.lpb                          6.04047e-07
x2.x1.na                               1.17493
doutb2                                0.619218
dout2                                 0.619218
x2.x1.nb                               1.17493
ean2#branch                        4.54255e-12
eap2#branch                        4.56508e-12
ean1#branch                        4.56508e-12
eap1#branch                        4.54255e-12
ean0#branch                         4.5538e-12
eap0#branch                         4.5538e-12
vclk#branch                        2.99513e-09
vd2#branch                                   0
vd1#branch                                   0
vd0#branch                                   0
vcm#branch                         2.73229e-11
vsup#branch                       -0.000429292

 Reference value :  0.00000e+00
 Reference value :  6.48235e-10
 Reference value :  1.16355e-09
 Reference value :  1.98000e-09
 Reference value :  2.92824e-09
 Reference value :  3.71412e-09
 Reference value :  4.43412e-09
No. of Data Rows : 1345
vsup_v              =  1.20000e+00
d0now               =  1.20000e+00
d1now               =  1.19999e+00
d2now               =  1.17867e-05
Reset re-loads circuit * comparator-transient-noise @ ff_27c_1.20v -- generated by sim/harness, do not edit

Circuit: * comparator-transient-noise @ ff_27c_1.20v -- generated by sim/harness, do not edit

Doing analysis at TEMP = 27.000000 and TNOM = 27.000000

Using SPARSE 1.3 as Direct Linear Solver

Initial Transient Solution
--------------------------

Node                                   Voltage
----                                   -------
vdd                                        1.2
cm                                         0.6
vd0                                          0
ap0                                        0.6
an0                                        0.6
ibn0                                  0.264662
x0.x1.tmid                           7.288e-06
x0.x1.tail                            0.565963
clk                                          0
x0.x1.np                                   1.2
x0.x1.nn                                   1.2
x0.x1.ln                                   1.2
x0.x1.lp                                   1.2
x0.x1.lnb                          6.04047e-07
x0.x1.lpb                          6.04047e-07
x0.x1.na                               1.17493
doutb0                                0.619218
dout0                                 0.619218
x0.x1.nb                               1.17493
vd1                                      0.001
ap1                                     0.6005
an1                                     0.5995
ibn1                                  0.264662
x1.x1.tmid                         7.28803e-06
x1.x1.tail                            0.565966
x1.x1.np                                   1.2
x1.x1.nn                                   1.2
x1.x1.ln                                   1.2
x1.x1.lp                                   1.2
x1.x1.lnb                          6.04047e-07
x1.x1.lpb                          6.04047e-07
x1.x1.na                               1.17493
doutb1                                0.619218
dout1                                 0.619218
x1.x1.nb                               1.17493
vd2                                     -0.001
ap2                                     0.5995
an2                                     0.6005
ibn2                                  0.264662
x2.x1.tmid                         7.28803e-06
x2.x1.tail                            0.565966
x2.x1.np                                   1.2
x2.x1.nn                                   1.2
x2.x1.ln                                   1.2
x2.x1.lp                                   1.2
x2.x1.lnb                          6.04047e-07
x2.x1.lpb                          6.04047e-07
x2.x1.na                               1.17493
doutb2                                0.619218
dout2                                 0.619218
x2.x1.nb                               1.17493
ean2#branch                        4.54255e-12
eap2#branch                        4.56508e-12
ean1#branch                        4.56508e-12
eap1#branch                        4.54255e-12
ean0#branch                         4.5538e-12
eap0#branch                         4.5538e-12
vclk#branch                        2.99513e-09
vd2#branch                                   0
vd1#branch                                   0
vd0#branch                                   0
vcm#branch                         2.73229e-11
vsup#branch                       -0.000429292

 Reference value :  0.00000e+00
 Reference value :  6.48235e-10
 Reference value :  1.20000e-09
 Reference value :  1.96353e-09
 Reference value :  2.86118e-09
 Reference value :  3.68000e-09
 Reference value :  4.42353e-09
No. of Data Rows : 1345
vsup_v              =  1.20000e+00
d0now               =  -3.24760e-06
d1now               =  1.19998e+00
d2now               =  1.20000e+00
Reset re-loads circuit * comparator-transient-noise @ ff_27c_1.20v -- generated by sim/harness, do not edit

Circuit: * comparator-transient-noise @ ff_27c_1.20v -- generated by sim/harness, do not edit

Doing analysis at TEMP = 27.000000 and TNOM = 27.000000

Using SPARSE 1.3 as Direct Linear Solver

Initial Transient Solution
--------------------------

Node                                   Voltage
----                                   -------
vdd                                        1.2
cm                                         0.6
vd0                                          0
ap0                                        0.6
an0                                        0.6
ibn0                                  0.264662
x0.x1.tmid                           7.288e-06
x0.x1.tail                            0.565963
clk                                          0
x0.x1.np                                   1.2
x0.x1.nn                                   1.2
x0.x1.ln                                   1.2
x0.x1.lp                                   1.2
x0.x1.lnb                          6.04047e-07
x0.x1.lpb                          6.04047e-07
x0.x1.na                               1.17493
doutb0                                0.619218
dout0                                 0.619218
x0.x1.nb                               1.17493
vd1                                      0.001
ap1                                     0.6005
an1                                     0.5995
ibn1                                  0.264662
x1.x1.tmid                         7.28803e-06
x1.x1.tail                            0.565966
x1.x1.np                                   1.2
x1.x1.nn                                   1.2
x1.x1.ln                                   1.2
x1.x1.lp                                   1.2
x1.x1.lnb                          6.04047e-07
x1.x1.lpb                          6.04047e-07
x1.x1.na                               1.17493
doutb1                                0.619218
dout1                                 0.619218
x1.x1.nb                               1.17493
vd2                                     -0.001
ap2                                     0.5995
an2                                     0.6005
ibn2                                  0.264662
x2.x1.tmid                         7.28803e-06
x2.x1.tail                            0.565966
x2.x1.np                                   1.2
x2.x1.nn                                   1.2
x2.x1.ln                                   1.2
x2.x1.lp                                   1.2
x2.x1.lnb                          6.04047e-07
x2.x1.lpb                          6.04047e-07
x2.x1.na                               1.17493
doutb2                                0.619218
dout2                                 0.619218
x2.x1.nb                               1.17493
ean2#branch                        4.54255e-12
eap2#branch                        4.56508e-12
ean1#branch                        4.56508e-12
eap1#branch                        4.54255e-12
ean0#branch                         4.5538e-12
eap0#branch                         4.5538e-12
vclk#branch                        2.99513e-09
vd2#branch                                   0
vd1#branch                                   0
vd0#branch                                   0
vcm#branch                         2.73229e-11
vsup#branch                       -0.000429292

 Reference value :  0.00000e+00
 Reference value :  6.80000e-10
 Reference value :  1.18821e-09
 Reference value :  1.98000e-09
 Reference value :  2.98000e-09
 Reference value :  3.76824e-09
 Reference value :  4.52118e-09
No. of Data Rows : 1345
vsup_v              =  1.20000e+00
d0now               =  1.20000e+00
d1now               =  1.19998e+00
d2now               =  1.39519e-05
Reset re-loads circuit * comparator-transient-noise @ ff_27c_1.20v -- generated by sim/harness, do not edit

Circuit: * comparator-transient-noise @ ff_27c_1.20v -- generated by sim/harness, do not edit

Doing analysis at TEMP = 27.000000 and TNOM = 27.000000

Using SPARSE 1.3 as Direct Linear Solver

Initial Transient Solution
--------------------------

Node                                   Voltage
----                                   -------
vdd                                        1.2
cm                                         0.6
vd0                                          0
ap0                                        0.6
an0                                        0.6
ibn0                                  0.264662
x0.x1.tmid                           7.288e-06
x0.x1.tail                            0.565963
clk                                          0
x0.x1.np                                   1.2
x0.x1.nn                                   1.2
x0.x1.ln                                   1.2
x0.x1.lp                                   1.2
x0.x1.lnb                          6.04047e-07
x0.x1.lpb                          6.04047e-07
x0.x1.na                               1.17493
doutb0                                0.619218
dout0                                 0.619218
x0.x1.nb                               1.17493
vd1                                      0.001
ap1                                     0.6005
an1                                     0.5995
ibn1                                  0.264662
x1.x1.tmid                         7.28803e-06
x1.x1.tail                            0.565966
x1.x1.np                                   1.2
x1.x1.nn                                   1.2
x1.x1.ln                                   1.2
x1.x1.lp                                   1.2
x1.x1.lnb                          6.04047e-07
x1.x1.lpb                          6.04047e-07
x1.x1.na                               1.17493
doutb1                                0.619218
dout1                                 0.619218
x1.x1.nb                               1.17493
vd2                                     -0.001
ap2                                     0.5995
an2                                     0.6005
ibn2                                  0.264662
x2.x1.tmid                         7.28803e-06
x2.x1.tail                            0.565966
x2.x1.np                                   1.2
x2.x1.nn                                   1.2
x2.x1.ln                                   1.2
x2.x1.lp                                   1.2
x2.x1.lnb                          6.04047e-07
x2.x1.lpb                          6.04047e-07
x2.x1.na                               1.17493
doutb2                                0.619218
dout2                                 0.619218
x2.x1.nb                               1.17493
ean2#branch                        4.54255e-12
eap2#branch                        4.56508e-12
ean1#branch                        4.56508e-12
eap1#branch                        4.54255e-12
ean0#branch                         4.5538e-12
eap0#branch                         4.5538e-12
vclk#branch                        2.99513e-09
vd2#branch                                   0
vd1#branch                                   0
vd0#branch                                   0
vcm#branch                         2.73229e-11
vsup#branch                       -0.000429292

 Reference value :  0.00000e+00
 Reference value :  6.60000e-10
 Reference value :  1.18000e-09
 Reference value :  1.93412e-09
 Reference value :  2.80118e-09
 Reference value :  3.64353e-09
 Reference value :  4.36000e-09
 Reference value :  5.09412e-09
No. of Data Rows : 1345
vsup_v              =  1.20000e+00
d0now               =  1.19998e+00
d1now               =  1.19998e+00
d2now               =  2.56704e-06
Reset re-loads circuit * comparator-transient-noise @ ff_27c_1.20v -- generated by sim/harness, do not edit

Circuit: * comparator-transient-noise @ ff_27c_1.20v -- generated by sim/harness, do not edit

Doing analysis at TEMP = 27.000000 and TNOM = 27.000000

Using SPARSE 1.3 as Direct Linear Solver

Initial Transient Solution
--------------------------

Node                                   Voltage
----                                   -------
vdd                                        1.2
cm                                         0.6
vd0                                          0
ap0                                        0.6
an0                                        0.6
ibn0                                  0.264662
x0.x1.tmid                           7.288e-06
x0.x1.tail                            0.565963
clk                                          0
x0.x1.np                                   1.2
x0.x1.nn                                   1.2
x0.x1.ln                                   1.2
x0.x1.lp                                   1.2
x0.x1.lnb                          6.04047e-07
x0.x1.lpb                          6.04047e-07
x0.x1.na                               1.17493
doutb0                                0.619218
dout0                                 0.619218
x0.x1.nb                               1.17493
vd1                                      0.001
ap1                                     0.6005
an1                                     0.5995
ibn1                                  0.264662
x1.x1.tmid                         7.28803e-06
x1.x1.tail                            0.565966
x1.x1.np                                   1.2
x1.x1.nn                                   1.2
x1.x1.ln                                   1.2
x1.x1.lp                                   1.2
x1.x1.lnb                          6.04047e-07
x1.x1.lpb                          6.04047e-07
x1.x1.na                               1.17493
doutb1                                0.619218
dout1                                 0.619218
x1.x1.nb                               1.17493
vd2                                     -0.001
ap2                                     0.5995
an2                                     0.6005
ibn2                                  0.264662
x2.x1.tmid                         7.28803e-06
x2.x1.tail                            0.565966
x2.x1.np                                   1.2
x2.x1.nn                                   1.2
x2.x1.ln                                   1.2
x2.x1.lp                                   1.2
x2.x1.lnb                          6.04047e-07
x2.x1.lpb                          6.04047e-07
x2.x1.na                               1.17493
doutb2                                0.619218
dout2                                 0.619218
x2.x1.nb                               1.17493
ean2#branch                        4.54255e-12
eap2#branch                        4.56508e-12
ean1#branch                        4.56508e-12
eap1#branch                        4.54255e-12
ean0#branch                         4.5538e-12
eap0#branch                         4.5538e-12
vclk#branch                        2.99513e-09
vd2#branch                                   0
vd1#branch                                   0
vd0#branch                                   0
vcm#branch                         2.73229e-11
vsup#branch                       -0.000429292

 Reference value :  0.00000e+00
 Reference value :  6.28235e-10
 Reference value :  1.12832e-09
 Reference value :  1.90824e-09
 Reference value :  2.78000e-09
 Reference value :  3.64118e-09
 Reference value :  4.38000e-09
 Reference value :  5.10000e-09
No. of Data Rows : 1345
vsup_v              =  1.20000e+00
d0now               =  2.50092e-06
d1now               =  1.20000e+00
d2now               =  -7.30888e-07
Reset re-loads circuit * comparator-transient-noise @ ff_27c_1.20v -- generated by sim/harness, do not edit

Circuit: * comparator-transient-noise @ ff_27c_1.20v -- generated by sim/harness, do not edit

Doing analysis at TEMP = 27.000000 and TNOM = 27.000000

Using SPARSE 1.3 as Direct Linear Solver

Initial Transient Solution
--------------------------

Node                                   Voltage
----                                   -------
vdd                                        1.2
cm                                         0.6
vd0                                          0
ap0                                        0.6
an0                                        0.6
ibn0                                  0.264662
x0.x1.tmid                           7.288e-06
x0.x1.tail                            0.565963
clk                                          0
x0.x1.np                                   1.2
x0.x1.nn                                   1.2
x0.x1.ln                                   1.2
x0.x1.lp                                   1.2
x0.x1.lnb                          6.04047e-07
x0.x1.lpb                          6.04047e-07
x0.x1.na                               1.17493
doutb0                                0.619218
dout0                                 0.619218
x0.x1.nb                               1.17493
vd1                                      0.001
ap1                                     0.6005
an1                                     0.5995
ibn1                                  0.264662
x1.x1.tmid                         7.28803e-06
x1.x1.tail                            0.565966
x1.x1.np                                   1.2
x1.x1.nn                                   1.2
x1.x1.ln                                   1.2
x1.x1.lp                                   1.2
x1.x1.lnb                          6.04047e-07
x1.x1.lpb                          6.04047e-07
x1.x1.na                               1.17493
doutb1                                0.619218
dout1                                 0.619218
x1.x1.nb                               1.17493
vd2                                     -0.001
ap2                                     0.5995
an2                                     0.6005
ibn2                                  0.264662
x2.x1.tmid                         7.28803e-06
x2.x1.tail                            0.565966
x2.x1.np                                   1.2
x2.x1.nn                                   1.2
x2.x1.ln                                   1.2
x2.x1.lp                                   1.2
x2.x1.lnb                          6.04047e-07
x2.x1.lpb                          6.04047e-07
x2.x1.na                               1.17493
doutb2                                0.619218
dout2                                 0.619218
x2.x1.nb                               1.17493
ean2#branch                        4.54255e-12
eap2#branch                        4.56508e-12
ean1#branch                        4.56508e-12
eap1#branch                        4.54255e-12
ean0#branch                         4.5538e-12
eap0#branch                         4.5538e-12
vclk#branch                        2.99513e-09
vd2#branch                                   0
vd1#branch                                   0
vd0#branch                                   0
vcm#branch                         2.73229e-11
vsup#branch                       -0.000429292

 Reference value :  0.00000e+00
 Reference value :  6.40000e-10
 Reference value :  1.12832e-09
 Reference value :  1.86353e-09
 Reference value :  2.78000e-09
 Reference value :  3.58118e-09
 Reference value :  4.32824e-09
 Reference value :  5.02824e-09
No. of Data Rows : 1345
vsup_v              =  1.20000e+00
d0now               =  1.20000e+00
d1now               =  1.20000e+00
d2now               =  -6.75084e-07
Reset re-loads circuit * comparator-transient-noise @ ff_27c_1.20v -- generated by sim/harness, do not edit

Circuit: * comparator-transient-noise @ ff_27c_1.20v -- generated by sim/harness, do not edit

Doing analysis at TEMP = 27.000000 and TNOM = 27.000000

Using SPARSE 1.3 as Direct Linear Solver

Initial Transient Solution
--------------------------

Node                                   Voltage
----                                   -------
vdd                                        1.2
cm                                         0.6
vd0                                          0
ap0                                        0.6
an0                                        0.6
ibn0                                  0.264662
x0.x1.tmid                           7.288e-06
x0.x1.tail                            0.565963
clk                                          0
x0.x1.np                                   1.2
x0.x1.nn                                   1.2
x0.x1.ln                                   1.2
x0.x1.lp                                   1.2
x0.x1.lnb                          6.04047e-07
x0.x1.lpb                          6.04047e-07
x0.x1.na                               1.17493
doutb0                                0.619218
dout0                                 0.619218
x0.x1.nb                               1.17493
vd1                                      0.001
ap1                                     0.6005
an1                                     0.5995
ibn1                                  0.264662
x1.x1.tmid                         7.28803e-06
x1.x1.tail                            0.565966
x1.x1.np                                   1.2
x1.x1.nn                                   1.2
x1.x1.ln                                   1.2
x1.x1.lp                                   1.2
x1.x1.lnb                          6.04047e-07
x1.x1.lpb                          6.04047e-07
x1.x1.na                               1.17493
doutb1                                0.619218
dout1                                 0.619218
x1.x1.nb                               1.17493
vd2                                     -0.001
ap2                                     0.5995
an2                                     0.6005
ibn2                                  0.264662
x2.x1.tmid                         7.28803e-06
x2.x1.tail                            0.565966
x2.x1.np                                   1.2
x2.x1.nn                                   1.2
x2.x1.ln                                   1.2
x2.x1.lp                                   1.2
x2.x1.lnb                          6.04047e-07
x2.x1.lpb                          6.04047e-07
x2.x1.na                               1.17493
doutb2                                0.619218
dout2                                 0.619218
x2.x1.nb                               1.17493
ean2#branch                        4.54255e-12
eap2#branch                        4.56508e-12
ean1#branch                        4.56508e-12
eap1#branch                        4.54255e-12
ean0#branch                         4.5538e-12
eap0#branch                         4.5538e-12
vclk#branch                        2.99513e-09
vd2#branch                                   0
vd1#branch                                   0
vd0#branch                                   0
vcm#branch                         2.73229e-11
vsup#branch                       -0.000429292

 Reference value :  0.00000e+00
 Reference value :  6.54118e-10
 Reference value :  1.14818e-09
 Reference value :  1.90118e-09
 Reference value :  2.84000e-09
 Reference value :  3.66824e-09
 Reference value :  4.37412e-09
 Reference value :  5.10000e-09
No. of Data Rows : 1345
vsup_v              =  1.20000e+00
d0now               =  1.19998e+00
d1now               =  1.19999e+00
d2now               =  -4.71451e-07
Reset re-loads circuit * comparator-transient-noise @ ff_27c_1.20v -- generated by sim/harness, do not edit

Circuit: * comparator-transient-noise @ ff_27c_1.20v -- generated by sim/harness, do not edit

Doing analysis at TEMP = 27.000000 and TNOM = 27.000000

Using SPARSE 1.3 as Direct Linear Solver

Initial Transient Solution
--------------------------

Node                                   Voltage
----                                   -------
vdd                                        1.2
cm                                         0.6
vd0                                          0
ap0                                        0.6
an0                                        0.6
ibn0                                  0.264662
x0.x1.tmid                           7.288e-06
x0.x1.tail                            0.565963
clk                                          0
x0.x1.np                                   1.2
x0.x1.nn                                   1.2
x0.x1.ln                                   1.2
x0.x1.lp                                   1.2
x0.x1.lnb                          6.04047e-07
x0.x1.lpb                          6.04047e-07
x0.x1.na                               1.17493
doutb0                                0.619218
dout0                                 0.619218
x0.x1.nb                               1.17493
vd1                                      0.001
ap1                                     0.6005
an1                                     0.5995
ibn1                                  0.264662
x1.x1.tmid                         7.28803e-06
x1.x1.tail                            0.565966
x1.x1.np                                   1.2
x1.x1.nn                                   1.2
x1.x1.ln                                   1.2
x1.x1.lp                                   1.2
x1.x1.lnb                          6.04047e-07
x1.x1.lpb                          6.04047e-07
x1.x1.na                               1.17493
doutb1                                0.619218
dout1                                 0.619218
x1.x1.nb                               1.17493
vd2                                     -0.001
ap2                                     0.5995
an2                                     0.6005
ibn2                                  0.264662
x2.x1.tmid                         7.28803e-06
x2.x1.tail                            0.565966
x2.x1.np                                   1.2
x2.x1.nn                                   1.2
x2.x1.ln                                   1.2
x2.x1.lp                                   1.2
x2.x1.lnb                          6.04047e-07
x2.x1.lpb                          6.04047e-07
x2.x1.na                               1.17493
doutb2                                0.619218
dout2                                 0.619218
x2.x1.nb                               1.17493
ean2#branch                        4.54255e-12
eap2#branch                        4.56508e-12
ean1#branch                        4.56508e-12
eap1#branch                        4.54255e-12
ean0#branch                         4.5538e-12
eap0#branch                         4.5538e-12
vclk#branch                        2.99513e-09
vd2#branch                                   0
vd1#branch                                   0
vd0#branch                                   0
vcm#branch                         2.73229e-11
vsup#branch                       -0.000429292

 Reference value :  3.44800e-11
 Reference value :  7.01176e-10
 Reference value :  1.20354e-09
 Reference value :  2.02000e-09
 Reference value :  2.94353e-09
 Reference value :  3.72353e-09
 Reference value :  4.44824e-09
No. of Data Rows : 1345
vsup_v              =  1.20000e+00
d0now               =  5.13403e-07
d1now               =  1.20000e+00
d2now               =  1.19998e+00
Reset re-loads circuit * comparator-transient-noise @ ff_27c_1.20v -- generated by sim/harness, do not edit

Circuit: * comparator-transient-noise @ ff_27c_1.20v -- generated by sim/harness, do not edit

Doing analysis at TEMP = 27.000000 and TNOM = 27.000000

Using SPARSE 1.3 as Direct Linear Solver

Initial Transient Solution
--------------------------

Node                                   Voltage
----                                   -------
vdd                                        1.2
cm                                         0.6
vd0                                          0
ap0                                        0.6
an0                                        0.6
ibn0                                  0.264662
x0.x1.tmid                           7.288e-06
x0.x1.tail                            0.565963
clk                                          0
x0.x1.np                                   1.2
x0.x1.nn                                   1.2
x0.x1.ln                                   1.2
x0.x1.lp                                   1.2
x0.x1.lnb                          6.04047e-07
x0.x1.lpb                          6.04047e-07
x0.x1.na                               1.17493
doutb0                                0.619218
dout0                                 0.619218
x0.x1.nb                               1.17493
vd1                                      0.001
ap1                                     0.6005
an1                                     0.5995
ibn1                                  0.264662
x1.x1.tmid                         7.28803e-06
x1.x1.tail                            0.565966
x1.x1.np                                   1.2
x1.x1.nn                                   1.2
x1.x1.ln                                   1.2
x1.x1.lp                                   1.2
x1.x1.lnb                          6.04047e-07
x1.x1.lpb                          6.04047e-07
x1.x1.na                               1.17493
doutb1                                0.619218
dout1                                 0.619218
x1.x1.nb                               1.17493
vd2                                     -0.001
ap2                                     0.5995
an2                                     0.6005
ibn2                                  0.264662
x2.x1.tmid                         7.28803e-06
x2.x1.tail                            0.565966
x2.x1.np                                   1.2
x2.x1.nn                                   1.2
x2.x1.ln                                   1.2
x2.x1.lp                                   1.2
x2.x1.lnb                          6.04047e-07
x2.x1.lpb                          6.04047e-07
x2.x1.na                               1.17493
doutb2                                0.619218
dout2                                 0.619218
x2.x1.nb                               1.17493
ean2#branch                        4.54255e-12
eap2#branch                        4.56508e-12
ean1#branch                        4.56508e-12
eap1#branch                        4.54255e-12
ean0#branch                         4.5538e-12
eap0#branch                         4.5538e-12
vclk#branch                        2.99513e-09
vd2#branch                                   0
vd1#branch                                   0
vd0#branch                                   0
vcm#branch                         2.73229e-11
vsup#branch                       -0.000429292

 Reference value :  0.00000e+00
 Reference value :  6.68235e-10
 Reference value :  1.21413e-09
 Reference value :  1.98000e-09
 Reference value :  2.88353e-09
 Reference value :  3.68824e-09
 Reference value :  4.38353e-09
 Reference value :  5.08000e-09
No. of Data Rows : 1345
vsup_v              =  1.20000e+00
d0now               =  1.20000e+00
d1now               =  -3.62540e-08
d2now               =  1.13752e-05
Reset re-loads circuit * comparator-transient-noise @ ff_27c_1.20v -- generated by sim/harness, do not edit

Circuit: * comparator-transient-noise @ ff_27c_1.20v -- generated by sim/harness, do not edit

Doing analysis at TEMP = 27.000000 and TNOM = 27.000000

Using SPARSE 1.3 as Direct Linear Solver

Initial Transient Solution
--------------------------

Node                                   Voltage
----                                   -------
vdd                                        1.2
cm                                         0.6
vd0                                          0
ap0                                        0.6
an0                                        0.6
ibn0                                  0.264662
x0.x1.tmid                           7.288e-06
x0.x1.tail                            0.565963
clk                                          0
x0.x1.np                                   1.2
x0.x1.nn                                   1.2
x0.x1.ln                                   1.2
x0.x1.lp                                   1.2
x0.x1.lnb                          6.04047e-07
x0.x1.lpb                          6.04047e-07
x0.x1.na                               1.17493
doutb0                                0.619218
dout0                                 0.619218
x0.x1.nb                               1.17493
vd1                                      0.001
ap1                                     0.6005
an1                                     0.5995
ibn1                                  0.264662
x1.x1.tmid                         7.28803e-06
x1.x1.tail                            0.565966
x1.x1.np                                   1.2
x1.x1.nn                                   1.2
x1.x1.ln                                   1.2
x1.x1.lp                                   1.2
x1.x1.lnb                          6.04047e-07
x1.x1.lpb                          6.04047e-07
x1.x1.na                               1.17493
doutb1                                0.619218
dout1                                 0.619218
x1.x1.nb                               1.17493
vd2                                     -0.001
ap2                                     0.5995
an2                                     0.6005
ibn2                                  0.264662
x2.x1.tmid                         7.28803e-06
x2.x1.tail                            0.565966
x2.x1.np                                   1.2
x2.x1.nn                                   1.2
x2.x1.ln                                   1.2
x2.x1.lp                                   1.2
x2.x1.lnb                          6.04047e-07
x2.x1.lpb                          6.04047e-07
x2.x1.na                               1.17493
doutb2                                0.619218
dout2                                 0.619218
x2.x1.nb                               1.17493
ean2#branch                        4.54255e-12
eap2#branch                        4.56508e-12
ean1#branch                        4.56508e-12
eap1#branch                        4.54255e-12
ean0#branch                         4.5538e-12
eap0#branch                         4.5538e-12
vclk#branch                        2.99513e-09
vd2#branch                                   0
vd1#branch                                   0
vd0#branch                                   0
vcm#branch                         2.73229e-11
vsup#branch                       -0.000429292

 Reference value :  0.00000e+00
 Reference value :  6.54118e-10
 Reference value :  1.16355e-09
 Reference value :  1.95412e-09
 Reference value :  2.86118e-09
 Reference value :  3.70118e-09
 Reference value :  4.44118e-09
No. of Data Rows : 1345
vsup_v              =  1.20000e+00
d0now               =  9.39803e-06
d1now               =  1.19999e+00
d2now               =  1.29381e-05
Reset re-loads circuit * comparator-transient-noise @ ff_27c_1.20v -- generated by sim/harness, do not edit

Circuit: * comparator-transient-noise @ ff_27c_1.20v -- generated by sim/harness, do not edit

Doing analysis at TEMP = 27.000000 and TNOM = 27.000000

Using SPARSE 1.3 as Direct Linear Solver

Initial Transient Solution
--------------------------

Node                                   Voltage
----                                   -------
vdd                                        1.2
cm                                         0.6
vd0                                          0
ap0                                        0.6
an0                                        0.6
ibn0                                  0.264662
x0.x1.tmid                           7.288e-06
x0.x1.tail                            0.565963
clk                                          0
x0.x1.np                                   1.2
x0.x1.nn                                   1.2
x0.x1.ln                                   1.2
x0.x1.lp                                   1.2
x0.x1.lnb                          6.04047e-07
x0.x1.lpb                          6.04047e-07
x0.x1.na                               1.17493
doutb0                                0.619218
dout0                                 0.619218
x0.x1.nb                               1.17493
vd1                                      0.001
ap1                                     0.6005
an1                                     0.5995
ibn1                                  0.264662
x1.x1.tmid                         7.28803e-06
x1.x1.tail                            0.565966
x1.x1.np                                   1.2
x1.x1.nn                                   1.2
x1.x1.ln                                   1.2
x1.x1.lp                                   1.2
x1.x1.lnb                          6.04047e-07
x1.x1.lpb                          6.04047e-07
x1.x1.na                               1.17493
doutb1                                0.619218
dout1                                 0.619218
x1.x1.nb                               1.17493
vd2                                     -0.001
ap2                                     0.5995
an2                                     0.6005
ibn2                                  0.264662
x2.x1.tmid                         7.28803e-06
x2.x1.tail                            0.565966
x2.x1.np                                   1.2
x2.x1.nn                                   1.2
x2.x1.ln                                   1.2
x2.x1.lp                                   1.2
x2.x1.lnb                          6.04047e-07
x2.x1.lpb                          6.04047e-07
x2.x1.na                               1.17493
doutb2                                0.619218
dout2                                 0.619218
x2.x1.nb                               1.17493
ean2#branch                        4.54255e-12
eap2#branch                        4.56508e-12
ean1#branch                        4.56508e-12
eap1#branch                        4.54255e-12
ean0#branch                         4.5538e-12
eap0#branch                         4.5538e-12
vclk#branch                        2.99513e-09
vd2#branch                                   0
vd1#branch                                   0
vd0#branch                                   0
vcm#branch                         2.73229e-11
vsup#branch                       -0.000429292

 Reference value :  0.00000e+00
 Reference value :  6.54118e-10
 Reference value :  1.16000e-09
 Reference value :  1.94353e-09
 Reference value :  2.88000e-09
 Reference value :  3.70118e-09
 Reference value :  4.42118e-09
No. of Data Rows : 1345
vsup_v              =  1.20000e+00
d0now               =  1.20000e+00
d1now               =  1.20000e+00
d2now               =  1.20000e+00
Reset re-loads circuit * comparator-transient-noise @ ff_27c_1.20v -- generated by sim/harness, do not edit

Circuit: * comparator-transient-noise @ ff_27c_1.20v -- generated by sim/harness, do not edit

Doing analysis at TEMP = 27.000000 and TNOM = 27.000000

Using SPARSE 1.3 as Direct Linear Solver

Initial Transient Solution
--------------------------

Node                                   Voltage
----                                   -------
vdd                                        1.2
cm                                         0.6
vd0                                          0
ap0                                        0.6
an0                                        0.6
ibn0                                  0.264662
x0.x1.tmid                           7.288e-06
x0.x1.tail                            0.565963
clk                                          0
x0.x1.np                                   1.2
x0.x1.nn                                   1.2
x0.x1.ln                                   1.2
x0.x1.lp                                   1.2
x0.x1.lnb                          6.04047e-07
x0.x1.lpb                          6.04047e-07
x0.x1.na                               1.17493
doutb0                                0.619218
dout0                                 0.619218
x0.x1.nb                               1.17493
vd1                                      0.001
ap1                                     0.6005
an1                                     0.5995
ibn1                                  0.264662
x1.x1.tmid                         7.28803e-06
x1.x1.tail                            0.565966
x1.x1.np                                   1.2
x1.x1.nn                                   1.2
x1.x1.ln                                   1.2
x1.x1.lp                                   1.2
x1.x1.lnb                          6.04047e-07
x1.x1.lpb                          6.04047e-07
x1.x1.na                               1.17493
doutb1                                0.619218
dout1                                 0.619218
x1.x1.nb                               1.17493
vd2                                     -0.001
ap2                                     0.5995
an2                                     0.6005
ibn2                                  0.264662
x2.x1.tmid                         7.28803e-06
x2.x1.tail                            0.565966
x2.x1.np                                   1.2
x2.x1.nn                                   1.2
x2.x1.ln                                   1.2
x2.x1.lp                                   1.2
x2.x1.lnb                          6.04047e-07
x2.x1.lpb                          6.04047e-07
x2.x1.na                               1.17493
doutb2                                0.619218
dout2                                 0.619218
x2.x1.nb                               1.17493
ean2#branch                        4.54255e-12
eap2#branch                        4.56508e-12
ean1#branch                        4.56508e-12
eap1#branch                        4.54255e-12
ean0#branch                         4.5538e-12
eap0#branch                         4.5538e-12
vclk#branch                        2.99513e-09
vd2#branch                                   0
vd1#branch                                   0
vd0#branch                                   0
vcm#branch                         2.73229e-11
vsup#branch                       -0.000429292

 Reference value :  0.00000e+00
 Reference value :  6.63529e-10
 Reference value :  1.20000e-09
 Reference value :  2.00000e-09
 Reference value :  2.94118e-09
 Reference value :  3.78824e-09
 Reference value :  4.52824e-09
No. of Data Rows : 1345
vsup_v              =  1.20000e+00
d0now               =  1.19998e+00
d1now               =  1.09853e-05
d2now               =  1.19998e+00
Reset re-loads circuit * comparator-transient-noise @ ff_27c_1.20v -- generated by sim/harness, do not edit

Circuit: * comparator-transient-noise @ ff_27c_1.20v -- generated by sim/harness, do not edit

Doing analysis at TEMP = 27.000000 and TNOM = 27.000000

Using SPARSE 1.3 as Direct Linear Solver

Initial Transient Solution
--------------------------

Node                                   Voltage
----                                   -------
vdd                                        1.2
cm                                         0.6
vd0                                          0
ap0                                        0.6
an0                                        0.6
ibn0                                  0.264662
x0.x1.tmid                           7.288e-06
x0.x1.tail                            0.565963
clk                                          0
x0.x1.np                                   1.2
x0.x1.nn                                   1.2
x0.x1.ln                                   1.2
x0.x1.lp                                   1.2
x0.x1.lnb                          6.04047e-07
x0.x1.lpb                          6.04047e-07
x0.x1.na                               1.17493
doutb0                                0.619218
dout0                                 0.619218
x0.x1.nb                               1.17493
vd1                                      0.001
ap1                                     0.6005
an1                                     0.5995
ibn1                                  0.264662
x1.x1.tmid                         7.28803e-06
x1.x1.tail                            0.565966
x1.x1.np                                   1.2
x1.x1.nn                                   1.2
x1.x1.ln                                   1.2
x1.x1.lp                                   1.2
x1.x1.lnb                          6.04047e-07
x1.x1.lpb                          6.04047e-07
x1.x1.na                               1.17493
doutb1                                0.619218
dout1                                 0.619218
x1.x1.nb                               1.17493
vd2                                     -0.001
ap2                                     0.5995
an2                                     0.6005
ibn2                                  0.264662
x2.x1.tmid                         7.28803e-06
x2.x1.tail                            0.565966
x2.x1.np                                   1.2
x2.x1.nn                                   1.2
x2.x1.ln                                   1.2
x2.x1.lp                                   1.2
x2.x1.lnb                          6.04047e-07
x2.x1.lpb                          6.04047e-07
x2.x1.na                               1.17493
doutb2                                0.619218
dout2                                 0.619218
x2.x1.nb                               1.17493
ean2#branch                        4.54255e-12
eap2#branch                        4.56508e-12
ean1#branch                        4.56508e-12
eap1#branch                        4.54255e-12
ean0#branch                         4.5538e-12
eap0#branch                         4.5538e-12
vclk#branch                        2.99513e-09
vd2#branch                                   0
vd1#branch                                   0
vd0#branch                                   0
vcm#branch                         2.73229e-11
vsup#branch                       -0.000429292

 Reference value :  0.00000e+00
 Reference value :  7.01176e-10
 Reference value :  1.20118e-09
 Reference value :  1.99412e-09
 Reference value :  2.95412e-09
 Reference value :  3.74824e-09
 Reference value :  4.48000e-09
No. of Data Rows : 1345
vsup_v              =  1.20000e+00
d0now               =  -1.54498e-06
d1now               =  9.18754e-06
d2now               =  -1.04595e-06
Reset re-loads circuit * comparator-transient-noise @ ff_27c_1.20v -- generated by sim/harness, do not edit

Circuit: * comparator-transient-noise @ ff_27c_1.20v -- generated by sim/harness, do not edit

Doing analysis at TEMP = 27.000000 and TNOM = 27.000000

Using SPARSE 1.3 as Direct Linear Solver

Initial Transient Solution
--------------------------

Node                                   Voltage
----                                   -------
vdd                                        1.2
cm                                         0.6
vd0                                          0
ap0                                        0.6
an0                                        0.6
ibn0                                  0.264662
x0.x1.tmid                           7.288e-06
x0.x1.tail                            0.565963
clk                                          0
x0.x1.np                                   1.2
x0.x1.nn                                   1.2
x0.x1.ln                                   1.2
x0.x1.lp                                   1.2
x0.x1.lnb                          6.04047e-07
x0.x1.lpb                          6.04047e-07
x0.x1.na                               1.17493
doutb0                                0.619218
dout0                                 0.619218
x0.x1.nb                               1.17493
vd1                                      0.001
ap1                                     0.6005
an1                                     0.5995
ibn1                                  0.264662
x1.x1.tmid                         7.28803e-06
x1.x1.tail                            0.565966
x1.x1.np                                   1.2
x1.x1.nn                                   1.2
x1.x1.ln                                   1.2
x1.x1.lp                                   1.2
x1.x1.lnb                          6.04047e-07
x1.x1.lpb                          6.04047e-07
x1.x1.na                               1.17493
doutb1                                0.619218
dout1                                 0.619218
x1.x1.nb                               1.17493
vd2                                     -0.001
ap2                                     0.5995
an2                                     0.6005
ibn2                                  0.264662
x2.x1.tmid                         7.28803e-06
x2.x1.tail                            0.565966
x2.x1.np                                   1.2
x2.x1.nn                                   1.2
x2.x1.ln                                   1.2
x2.x1.lp                                   1.2
x2.x1.lnb                          6.04047e-07
x2.x1.lpb                          6.04047e-07
x2.x1.na                               1.17493
doutb2                                0.619218
dout2                                 0.619218
x2.x1.nb                               1.17493
ean2#branch                        4.54255e-12
eap2#branch                        4.56508e-12
ean1#branch                        4.56508e-12
eap1#branch                        4.54255e-12
ean0#branch                         4.5538e-12
eap0#branch                         4.5538e-12
vclk#branch                        2.99513e-09
vd2#branch                                   0
vd1#branch                                   0
vd0#branch                                   0
vcm#branch                         2.73229e-11
vsup#branch                       -0.000429292

 Reference value :  0.00000e+00
 Reference value :  6.54118e-10
 Reference value :  1.28118e-09
 Reference value :  2.15412e-09
 Reference value :  3.09412e-09
 Reference value :  3.88118e-09
 Reference value :  4.61412e-09
No. of Data Rows : 1345
vsup_v              =  1.20000e+00
d0now               =  -1.40076e-06
d1now               =  1.19998e+00
d2now               =  1.19998e+00
Reset re-loads circuit * comparator-transient-noise @ ff_27c_1.20v -- generated by sim/harness, do not edit

Circuit: * comparator-transient-noise @ ff_27c_1.20v -- generated by sim/harness, do not edit

Doing analysis at TEMP = 27.000000 and TNOM = 27.000000

Using SPARSE 1.3 as Direct Linear Solver

Initial Transient Solution
--------------------------

Node                                   Voltage
----                                   -------
vdd                                        1.2
cm                                         0.6
vd0                                          0
ap0                                        0.6
an0                                        0.6
ibn0                                  0.264662
x0.x1.tmid                           7.288e-06
x0.x1.tail                            0.565963
clk                                          0
x0.x1.np                                   1.2
x0.x1.nn                                   1.2
x0.x1.ln                                   1.2
x0.x1.lp                                   1.2
x0.x1.lnb                          6.04047e-07
x0.x1.lpb                          6.04047e-07
x0.x1.na                               1.17493
doutb0                                0.619218
dout0                                 0.619218
x0.x1.nb                               1.17493
vd1                                      0.001
ap1                                     0.6005
an1                                     0.5995
ibn1                                  0.264662
x1.x1.tmid                         7.28803e-06
x1.x1.tail                            0.565966
x1.x1.np                                   1.2
x1.x1.nn                                   1.2
x1.x1.ln                                   1.2
x1.x1.lp                                   1.2
x1.x1.lnb                          6.04047e-07
x1.x1.lpb                          6.04047e-07
x1.x1.na                               1.17493
doutb1                                0.619218
dout1                                 0.619218
x1.x1.nb                               1.17493
vd2                                     -0.001
ap2                                     0.5995
an2                                     0.6005
ibn2                                  0.264662
x2.x1.tmid                         7.28803e-06
x2.x1.tail                            0.565966
x2.x1.np                                   1.2
x2.x1.nn                                   1.2
x2.x1.ln                                   1.2
x2.x1.lp                                   1.2
x2.x1.lnb                          6.04047e-07
x2.x1.lpb                          6.04047e-07
x2.x1.na                               1.17493
doutb2                                0.619218
dout2                                 0.619218
x2.x1.nb                               1.17493
ean2#branch                        4.54255e-12
eap2#branch                        4.56508e-12
ean1#branch                        4.56508e-12
eap1#branch                        4.54255e-12
ean0#branch                         4.5538e-12
eap0#branch                         4.5538e-12
vclk#branch                        2.99513e-09
vd2#branch                                   0
vd1#branch                                   0
vd0#branch                                   0
vcm#branch                         2.73229e-11
vsup#branch                       -0.000429292

 Reference value :  0.00000e+00
 Reference value :  6.60000e-10
 Reference value :  1.17414e-09
 Reference value :  2.01412e-09
 Reference value :  2.95412e-09
 Reference value :  3.76824e-09
 Reference value :  4.49412e-09
No. of Data Rows : 1345
vsup_v              =  1.20000e+00
d0now               =  1.19998e+00
d1now               =  -4.50385e-06
d2now               =  1.19999e+00
Reset re-loads circuit * comparator-transient-noise @ ff_27c_1.20v -- generated by sim/harness, do not edit

Circuit: * comparator-transient-noise @ ff_27c_1.20v -- generated by sim/harness, do not edit

Doing analysis at TEMP = 27.000000 and TNOM = 27.000000

Using SPARSE 1.3 as Direct Linear Solver

Initial Transient Solution
--------------------------

Node                                   Voltage
----                                   -------
vdd                                        1.2
cm                                         0.6
vd0                                          0
ap0                                        0.6
an0                                        0.6
ibn0                                  0.264662
x0.x1.tmid                           7.288e-06
x0.x1.tail                            0.565963
clk                                          0
x0.x1.np                                   1.2
x0.x1.nn                                   1.2
x0.x1.ln                                   1.2
x0.x1.lp                                   1.2
x0.x1.lnb                          6.04047e-07
x0.x1.lpb                          6.04047e-07
x0.x1.na                               1.17493
doutb0                                0.619218
dout0                                 0.619218
x0.x1.nb                               1.17493
vd1                                      0.001
ap1                                     0.6005
an1                                     0.5995
ibn1                                  0.264662
x1.x1.tmid                         7.28803e-06
x1.x1.tail                            0.565966
x1.x1.np                                   1.2
x1.x1.nn                                   1.2
x1.x1.ln                                   1.2
x1.x1.lp                                   1.2
x1.x1.lnb                          6.04047e-07
x1.x1.lpb                          6.04047e-07
x1.x1.na                               1.17493
doutb1                                0.619218
dout1                                 0.619218
x1.x1.nb                               1.17493
vd2                                     -0.001
ap2                                     0.5995
an2                                     0.6005
ibn2                                  0.264662
x2.x1.tmid                         7.28803e-06
x2.x1.tail                            0.565966
x2.x1.np                                   1.2
x2.x1.nn                                   1.2
x2.x1.ln                                   1.2
x2.x1.lp                                   1.2
x2.x1.lnb                          6.04047e-07
x2.x1.lpb                          6.04047e-07
x2.x1.na                               1.17493
doutb2                                0.619218
dout2                                 0.619218
x2.x1.nb                               1.17493
ean2#branch                        4.54255e-12
eap2#branch                        4.56508e-12
ean1#branch                        4.56508e-12
eap1#branch                        4.54255e-12
ean0#branch                         4.5538e-12
eap0#branch                         4.5538e-12
vclk#branch                        2.99513e-09
vd2#branch                                   0
vd1#branch                                   0
vd0#branch                                   0
vcm#branch                         2.73229e-11
vsup#branch                       -0.000429292

 Reference value :  0.00000e+00
 Reference value :  6.61176e-10
 Reference value :  1.22000e-09
 Reference value :  2.02000e-09
 Reference value :  2.90353e-09
 Reference value :  3.74118e-09
 Reference value :  4.47412e-09
No. of Data Rows : 1345
vsup_v              =  1.20000e+00
d0now               =  4.72182e-06
d1now               =  1.19998e+00
d2now               =  1.34630e-05
Reset re-loads circuit * comparator-transient-noise @ ff_27c_1.20v -- generated by sim/harness, do not edit

Circuit: * comparator-transient-noise @ ff_27c_1.20v -- generated by sim/harness, do not edit

Doing analysis at TEMP = 27.000000 and TNOM = 27.000000

Using SPARSE 1.3 as Direct Linear Solver

Initial Transient Solution
--------------------------

Node                                   Voltage
----                                   -------
vdd                                        1.2
cm                                         0.6
vd0                                          0
ap0                                        0.6
an0                                        0.6
ibn0                                  0.264662
x0.x1.tmid                           7.288e-06
x0.x1.tail                            0.565963
clk                                          0
x0.x1.np                                   1.2
x0.x1.nn                                   1.2
x0.x1.ln                                   1.2
x0.x1.lp                                   1.2
x0.x1.lnb                          6.04047e-07
x0.x1.lpb                          6.04047e-07
x0.x1.na                               1.17493
doutb0                                0.619218
dout0                                 0.619218
x0.x1.nb                               1.17493
vd1                                      0.001
ap1                                     0.6005
an1                                     0.5995
ibn1                                  0.264662
x1.x1.tmid                         7.28803e-06
x1.x1.tail                            0.565966
x1.x1.np                                   1.2
x1.x1.nn                                   1.2
x1.x1.ln                                   1.2
x1.x1.lp                                   1.2
x1.x1.lnb                          6.04047e-07
x1.x1.lpb                          6.04047e-07
x1.x1.na                               1.17493
doutb1                                0.619218
dout1                                 0.619218
x1.x1.nb                               1.17493
vd2                                     -0.001
ap2                                     0.5995
an2                                     0.6005
ibn2                                  0.264662
x2.x1.tmid                         7.28803e-06
x2.x1.tail                            0.565966
x2.x1.np                                   1.2
x2.x1.nn                                   1.2
x2.x1.ln                                   1.2
x2.x1.lp                                   1.2
x2.x1.lnb                          6.04047e-07
x2.x1.lpb                          6.04047e-07
x2.x1.na                               1.17493
doutb2                                0.619218
dout2                                 0.619218
x2.x1.nb                               1.17493
ean2#branch                        4.54255e-12
eap2#branch                        4.56508e-12
ean1#branch                        4.56508e-12
eap1#branch                        4.54255e-12
ean0#branch                         4.5538e-12
eap0#branch                         4.5538e-12
vclk#branch                        2.99513e-09
vd2#branch                                   0
vd1#branch                                   0
vd0#branch                                   0
vcm#branch                         2.73229e-11
vsup#branch                       -0.000429292

 Reference value :  0.00000e+00
 Reference value :  6.28235e-10
 Reference value :  1.15409e-09
 Reference value :  1.95412e-09
 Reference value :  2.94000e-09
 Reference value :  3.76118e-09
 Reference value :  4.52000e-09
No. of Data Rows : 1345
vsup_v              =  1.20000e+00
d0now               =  -2.80218e-06
d1now               =  1.20000e+00
d2now               =  -2.94916e-06
Reset re-loads circuit * comparator-transient-noise @ ff_27c_1.20v -- generated by sim/harness, do not edit

Circuit: * comparator-transient-noise @ ff_27c_1.20v -- generated by sim/harness, do not edit

Doing analysis at TEMP = 27.000000 and TNOM = 27.000000

Using SPARSE 1.3 as Direct Linear Solver

Initial Transient Solution
--------------------------

Node                                   Voltage
----                                   -------
vdd                                        1.2
cm                                         0.6
vd0                                          0
ap0                                        0.6
an0                                        0.6
ibn0                                  0.264662
x0.x1.tmid                           7.288e-06
x0.x1.tail                            0.565963
clk                                          0
x0.x1.np                                   1.2
x0.x1.nn                                   1.2
x0.x1.ln                                   1.2
x0.x1.lp                                   1.2
x0.x1.lnb                          6.04047e-07
x0.x1.lpb                          6.04047e-07
x0.x1.na                               1.17493
doutb0                                0.619218
dout0                                 0.619218
x0.x1.nb                               1.17493
vd1                                      0.001
ap1                                     0.6005
an1                                     0.5995
ibn1                                  0.264662
x1.x1.tmid                         7.28803e-06
x1.x1.tail                            0.565966
x1.x1.np                                   1.2
x1.x1.nn                                   1.2
x1.x1.ln                                   1.2
x1.x1.lp                                   1.2
x1.x1.lnb                          6.04047e-07
x1.x1.lpb                          6.04047e-07
x1.x1.na                               1.17493
doutb1                                0.619218
dout1                                 0.619218
x1.x1.nb                               1.17493
vd2                                     -0.001
ap2                                     0.5995
an2                                     0.6005
ibn2                                  0.264662
x2.x1.tmid                         7.28803e-06
x2.x1.tail                            0.565966
x2.x1.np                                   1.2
x2.x1.nn                                   1.2
x2.x1.ln                                   1.2
x2.x1.lp                                   1.2
x2.x1.lnb                          6.04047e-07
x2.x1.lpb                          6.04047e-07
x2.x1.na                               1.17493
doutb2                                0.619218
dout2                                 0.619218
x2.x1.nb                               1.17493
ean2#branch                        4.54255e-12
eap2#branch                        4.56508e-12
ean1#branch                        4.56508e-12
eap1#branch                        4.54255e-12
ean0#branch                         4.5538e-12
eap0#branch                         4.5538e-12
vclk#branch                        2.99513e-09
vd2#branch                                   0
vd1#branch                                   0
vd0#branch                                   0
vcm#branch                         2.73229e-11
vsup#branch                       -0.000429292

 Reference value :  0.00000e+00
 Reference value :  6.61176e-10
 Reference value :  1.18352e-09
 Reference value :  1.99412e-09
 Reference value :  2.94824e-09
 Reference value :  3.76353e-09
 Reference value :  4.50000e-09
No. of Data Rows : 1345
vsup_v              =  1.20000e+00
d0now               =  1.20000e+00
d1now               =  1.19998e+00
d2now               =  -2.75878e-06
Reset re-loads circuit * comparator-transient-noise @ ff_27c_1.20v -- generated by sim/harness, do not edit

Circuit: * comparator-transient-noise @ ff_27c_1.20v -- generated by sim/harness, do not edit

Doing analysis at TEMP = 27.000000 and TNOM = 27.000000

Using SPARSE 1.3 as Direct Linear Solver

Initial Transient Solution
--------------------------

Node                                   Voltage
----                                   -------
vdd                                        1.2
cm                                         0.6
vd0                                          0
ap0                                        0.6
an0                                        0.6
ibn0                                  0.264662
x0.x1.tmid                           7.288e-06
x0.x1.tail                            0.565963
clk                                          0
x0.x1.np                                   1.2
x0.x1.nn                                   1.2
x0.x1.ln                                   1.2
x0.x1.lp                                   1.2
x0.x1.lnb                          6.04047e-07
x0.x1.lpb                          6.04047e-07
x0.x1.na                               1.17493
doutb0                                0.619218
dout0                                 0.619218
x0.x1.nb                               1.17493
vd1                                      0.001
ap1                                     0.6005
an1                                     0.5995
ibn1                                  0.264662
x1.x1.tmid                         7.28803e-06
x1.x1.tail                            0.565966
x1.x1.np                                   1.2
x1.x1.nn                                   1.2
x1.x1.ln                                   1.2
x1.x1.lp                                   1.2
x1.x1.lnb                          6.04047e-07
x1.x1.lpb                          6.04047e-07
x1.x1.na                               1.17493
doutb1                                0.619218
dout1                                 0.619218
x1.x1.nb                               1.17493
vd2                                     -0.001
ap2                                     0.5995
an2                                     0.6005
ibn2                                  0.264662
x2.x1.tmid                         7.28803e-06
x2.x1.tail                            0.565966
x2.x1.np                                   1.2
x2.x1.nn                                   1.2
x2.x1.ln                                   1.2
x2.x1.lp                                   1.2
x2.x1.lnb                          6.04047e-07
x2.x1.lpb                          6.04047e-07
x2.x1.na                               1.17493
doutb2                                0.619218
dout2                                 0.619218
x2.x1.nb                               1.17493
ean2#branch                        4.54255e-12
eap2#branch                        4.56508e-12
ean1#branch                        4.56508e-12
eap1#branch                        4.54255e-12
ean0#branch                         4.5538e-12
eap0#branch                         4.5538e-12
vclk#branch                        2.99513e-09
vd2#branch                                   0
vd1#branch                                   0
vd0#branch                                   0
vcm#branch                         2.73229e-11
vsup#branch                       -0.000429292

 Reference value :  0.00000e+00
 Reference value :  6.60000e-10
 Reference value :  1.17414e-09
 Reference value :  1.96000e-09
 Reference value :  2.88118e-09
 Reference value :  3.68118e-09
 Reference value :  4.40000e-09
No. of Data Rows : 1345
vsup_v              =  1.20000e+00
d0now               =  -2.62432e-06
d1now               =  1.20000e+00
d2now               =  1.19998e+00
Reset re-loads circuit * comparator-transient-noise @ ff_27c_1.20v -- generated by sim/harness, do not edit

Circuit: * comparator-transient-noise @ ff_27c_1.20v -- generated by sim/harness, do not edit

Doing analysis at TEMP = 27.000000 and TNOM = 27.000000

Using SPARSE 1.3 as Direct Linear Solver

Initial Transient Solution
--------------------------

Node                                   Voltage
----                                   -------
vdd                                        1.2
cm                                         0.6
vd0                                          0
ap0                                        0.6
an0                                        0.6
ibn0                                  0.264662
x0.x1.tmid                           7.288e-06
x0.x1.tail                            0.565963
clk                                          0
x0.x1.np                                   1.2
x0.x1.nn                                   1.2
x0.x1.ln                                   1.2
x0.x1.lp                                   1.2
x0.x1.lnb                          6.04047e-07
x0.x1.lpb                          6.04047e-07
x0.x1.na                               1.17493
doutb0                                0.619218
dout0                                 0.619218
x0.x1.nb                               1.17493
vd1                                      0.001
ap1                                     0.6005
an1                                     0.5995
ibn1                                  0.264662
x1.x1.tmid                         7.28803e-06
x1.x1.tail                            0.565966
x1.x1.np                                   1.2
x1.x1.nn                                   1.2
x1.x1.ln                                   1.2
x1.x1.lp                                   1.2
x1.x1.lnb                          6.04047e-07
x1.x1.lpb                          6.04047e-07
x1.x1.na                               1.17493
doutb1                                0.619218
dout1                                 0.619218
x1.x1.nb                               1.17493
vd2                                     -0.001
ap2                                     0.5995
an2                                     0.6005
ibn2                                  0.264662
x2.x1.tmid                         7.28803e-06
x2.x1.tail                            0.565966
x2.x1.np                                   1.2
x2.x1.nn                                   1.2
x2.x1.ln                                   1.2
x2.x1.lp                                   1.2
x2.x1.lnb                          6.04047e-07
x2.x1.lpb                          6.04047e-07
x2.x1.na                               1.17493
doutb2                                0.619218
dout2                                 0.619218
x2.x1.nb                               1.17493
ean2#branch                        4.54255e-12
eap2#branch                        4.56508e-12
ean1#branch                        4.56508e-12
eap1#branch                        4.54255e-12
ean0#branch                         4.5538e-12
eap0#branch                         4.5538e-12
vclk#branch                        2.99513e-09
vd2#branch                                   0
vd1#branch                                   0
vd0#branch                                   0
vcm#branch                         2.73229e-11
vsup#branch                       -0.000429292

 Reference value :  0.00000e+00
 Reference value :  7.00000e-10
 Reference value :  1.24000e-09
 Reference value :  2.08118e-09
 Reference value :  3.06118e-09
 Reference value :  3.86000e-09
 Reference value :  4.60118e-09
No. of Data Rows : 1345
vsup_v              =  1.20000e+00
d0now               =  1.20000e+00
d1now               =  1.19999e+00
d2now               =  1.05159e-05
Reset re-loads circuit * comparator-transient-noise @ ff_27c_1.20v -- generated by sim/harness, do not edit

Circuit: * comparator-transient-noise @ ff_27c_1.20v -- generated by sim/harness, do not edit

Doing analysis at TEMP = 27.000000 and TNOM = 27.000000

Using SPARSE 1.3 as Direct Linear Solver

Initial Transient Solution
--------------------------

Node                                   Voltage
----                                   -------
vdd                                        1.2
cm                                         0.6
vd0                                          0
ap0                                        0.6
an0                                        0.6
ibn0                                  0.264662
x0.x1.tmid                           7.288e-06
x0.x1.tail                            0.565963
clk                                          0
x0.x1.np                                   1.2
x0.x1.nn                                   1.2
x0.x1.ln                                   1.2
x0.x1.lp                                   1.2
x0.x1.lnb                          6.04047e-07
x0.x1.lpb                          6.04047e-07
x0.x1.na                               1.17493
doutb0                                0.619218
dout0                                 0.619218
x0.x1.nb                               1.17493
vd1                                      0.001
ap1                                     0.6005
an1                                     0.5995
ibn1                                  0.264662
x1.x1.tmid                         7.28803e-06
x1.x1.tail                            0.565966
x1.x1.np                                   1.2
x1.x1.nn                                   1.2
x1.x1.ln                                   1.2
x1.x1.lp                                   1.2
x1.x1.lnb                          6.04047e-07
x1.x1.lpb                          6.04047e-07
x1.x1.na                               1.17493
doutb1                                0.619218
dout1                                 0.619218
x1.x1.nb                               1.17493
vd2                                     -0.001
ap2                                     0.5995
an2                                     0.6005
ibn2                                  0.264662
x2.x1.tmid                         7.28803e-06
x2.x1.tail                            0.565966
x2.x1.np                                   1.2
x2.x1.nn                                   1.2
x2.x1.ln                                   1.2
x2.x1.lp                                   1.2
x2.x1.lnb                          6.04047e-07
x2.x1.lpb                          6.04047e-07
x2.x1.na                               1.17493
doutb2                                0.619218
dout2                                 0.619218
x2.x1.nb                               1.17493
ean2#branch                        4.54255e-12
eap2#branch                        4.56508e-12
ean1#branch                        4.56508e-12
eap1#branch                        4.54255e-12
ean0#branch                         4.5538e-12
eap0#branch                         4.5538e-12
vclk#branch                        2.99513e-09
vd2#branch                                   0
vd1#branch                                   0
vd0#branch                                   0
vcm#branch                         2.73229e-11
vsup#branch                       -0.000429292

 Reference value :  0.00000e+00
 Reference value :  6.60000e-10
 Reference value :  1.15409e-09
 Reference value :  1.90353e-09
 Reference value :  2.82000e-09
 Reference value :  3.63412e-09
 Reference value :  4.36000e-09
No. of Data Rows : 1345
vsup_v              =  1.20000e+00
d0now               =  8.66179e-06
d1now               =  1.20000e+00
d2now               =  1.19998e+00
Reset re-loads circuit * comparator-transient-noise @ ff_27c_1.20v -- generated by sim/harness, do not edit

Circuit: * comparator-transient-noise @ ff_27c_1.20v -- generated by sim/harness, do not edit

Doing analysis at TEMP = 27.000000 and TNOM = 27.000000

Using SPARSE 1.3 as Direct Linear Solver

Initial Transient Solution
--------------------------

Node                                   Voltage
----                                   -------
vdd                                        1.2
cm                                         0.6
vd0                                          0
ap0                                        0.6
an0                                        0.6
ibn0                                  0.264662
x0.x1.tmid                           7.288e-06
x0.x1.tail                            0.565963
clk                                          0
x0.x1.np                                   1.2
x0.x1.nn                                   1.2
x0.x1.ln                                   1.2
x0.x1.lp                                   1.2
x0.x1.lnb                          6.04047e-07
x0.x1.lpb                          6.04047e-07
x0.x1.na                               1.17493
doutb0                                0.619218
dout0                                 0.619218
x0.x1.nb                               1.17493
vd1                                      0.001
ap1                                     0.6005
an1                                     0.5995
ibn1                                  0.264662
x1.x1.tmid                         7.28803e-06
x1.x1.tail                            0.565966
x1.x1.np                                   1.2
x1.x1.nn                                   1.2
x1.x1.ln                                   1.2
x1.x1.lp                                   1.2
x1.x1.lnb                          6.04047e-07
x1.x1.lpb                          6.04047e-07
x1.x1.na                               1.17493
doutb1                                0.619218
dout1                                 0.619218
x1.x1.nb                               1.17493
vd2                                     -0.001
ap2                                     0.5995
an2                                     0.6005
ibn2                                  0.264662
x2.x1.tmid                         7.28803e-06
x2.x1.tail                            0.565966
x2.x1.np                                   1.2
x2.x1.nn                                   1.2
x2.x1.ln                                   1.2
x2.x1.lp                                   1.2
x2.x1.lnb                          6.04047e-07
x2.x1.lpb                          6.04047e-07
x2.x1.na                               1.17493
doutb2                                0.619218
dout2                                 0.619218
x2.x1.nb                               1.17493
ean2#branch                        4.54255e-12
eap2#branch                        4.56508e-12
ean1#branch                        4.56508e-12
eap1#branch                        4.54255e-12
ean0#branch                         4.5538e-12
eap0#branch                         4.5538e-12
vclk#branch                        2.99513e-09
vd2#branch                                   0
vd1#branch                                   0
vd0#branch                                   0
vcm#branch                         2.73229e-11
vsup#branch                       -0.000429292

 Reference value :  0.00000e+00
 Reference value :  6.63529e-10
 Reference value :  1.18352e-09
 Reference value :  1.96353e-09
 Reference value :  2.89412e-09
 Reference value :  3.68824e-09
 Reference value :  4.43412e-09
No. of Data Rows : 1345
vsup_v              =  1.20000e+00
d0now               =  1.19998e+00
d1now               =  -2.84479e-06
d2now               =  1.19998e+00
Reset re-loads circuit * comparator-transient-noise @ ff_27c_1.20v -- generated by sim/harness, do not edit

Circuit: * comparator-transient-noise @ ff_27c_1.20v -- generated by sim/harness, do not edit

Doing analysis at TEMP = 27.000000 and TNOM = 27.000000

Using SPARSE 1.3 as Direct Linear Solver

Initial Transient Solution
--------------------------

Node                                   Voltage
----                                   -------
vdd                                        1.2
cm                                         0.6
vd0                                          0
ap0                                        0.6
an0                                        0.6
ibn0                                  0.264662
x0.x1.tmid                           7.288e-06
x0.x1.tail                            0.565963
clk                                          0
x0.x1.np                                   1.2
x0.x1.nn                                   1.2
x0.x1.ln                                   1.2
x0.x1.lp                                   1.2
x0.x1.lnb                          6.04047e-07
x0.x1.lpb                          6.04047e-07
x0.x1.na                               1.17493
doutb0                                0.619218
dout0                                 0.619218
x0.x1.nb                               1.17493
vd1                                      0.001
ap1                                     0.6005
an1                                     0.5995
ibn1                                  0.264662
x1.x1.tmid                         7.28803e-06
x1.x1.tail                            0.565966
x1.x1.np                                   1.2
x1.x1.nn                                   1.2
x1.x1.ln                                   1.2
x1.x1.lp                                   1.2
x1.x1.lnb                          6.04047e-07
x1.x1.lpb                          6.04047e-07
x1.x1.na                               1.17493
doutb1                                0.619218
dout1                                 0.619218
x1.x1.nb                               1.17493
vd2                                     -0.001
ap2                                     0.5995
an2                                     0.6005
ibn2                                  0.264662
x2.x1.tmid                         7.28803e-06
x2.x1.tail                            0.565966
x2.x1.np                                   1.2
x2.x1.nn                                   1.2
x2.x1.ln                                   1.2
x2.x1.lp                                   1.2
x2.x1.lnb                          6.04047e-07
x2.x1.lpb                          6.04047e-07
x2.x1.na                               1.17493
doutb2                                0.619218
dout2                                 0.619218
x2.x1.nb                               1.17493
ean2#branch                        4.54255e-12
eap2#branch                        4.56508e-12
ean1#branch                        4.56508e-12
eap1#branch                        4.54255e-12
ean0#branch                         4.5538e-12
eap0#branch                         4.5538e-12
vclk#branch                        2.99513e-09
vd2#branch                                   0
vd1#branch                                   0
vd0#branch                                   0
vcm#branch                         2.73229e-11
vsup#branch                       -0.000429292

 Reference value :  0.00000e+00
 Reference value :  6.54118e-10
 Reference value :  1.12119e-09
 Reference value :  1.90824e-09
 Reference value :  2.80118e-09
 Reference value :  3.63412e-09
 Reference value :  4.42353e-09
No. of Data Rows : 1345
vsup_v              =  1.20000e+00
d0now               =  1.20000e+00
d1now               =  1.19999e+00
d2now               =  9.84196e-07
Reset re-loads circuit * comparator-transient-noise @ ff_27c_1.20v -- generated by sim/harness, do not edit

Circuit: * comparator-transient-noise @ ff_27c_1.20v -- generated by sim/harness, do not edit

Doing analysis at TEMP = 27.000000 and TNOM = 27.000000

Using SPARSE 1.3 as Direct Linear Solver

Initial Transient Solution
--------------------------

Node                                   Voltage
----                                   -------
vdd                                        1.2
cm                                         0.6
vd0                                          0
ap0                                        0.6
an0                                        0.6
ibn0                                  0.264662
x0.x1.tmid                           7.288e-06
x0.x1.tail                            0.565963
clk                                          0
x0.x1.np                                   1.2
x0.x1.nn                                   1.2
x0.x1.ln                                   1.2
x0.x1.lp                                   1.2
x0.x1.lnb                          6.04047e-07
x0.x1.lpb                          6.04047e-07
x0.x1.na                               1.17493
doutb0                                0.619218
dout0                                 0.619218
x0.x1.nb                               1.17493
vd1                                      0.001
ap1                                     0.6005
an1                                     0.5995
ibn1                                  0.264662
x1.x1.tmid                         7.28803e-06
x1.x1.tail                            0.565966
x1.x1.np                                   1.2
x1.x1.nn                                   1.2
x1.x1.ln                                   1.2
x1.x1.lp                                   1.2
x1.x1.lnb                          6.04047e-07
x1.x1.lpb                          6.04047e-07
x1.x1.na                               1.17493
doutb1                                0.619218
dout1                                 0.619218
x1.x1.nb                               1.17493
vd2                                     -0.001
ap2                                     0.5995
an2                                     0.6005
ibn2                                  0.264662
x2.x1.tmid                         7.28803e-06
x2.x1.tail                            0.565966
x2.x1.np                                   1.2
x2.x1.nn                                   1.2
x2.x1.ln                                   1.2
x2.x1.lp                                   1.2
x2.x1.lnb                          6.04047e-07
x2.x1.lpb                          6.04047e-07
x2.x1.na                               1.17493
doutb2                                0.619218
dout2                                 0.619218
x2.x1.nb                               1.17493
ean2#branch                        4.54255e-12
eap2#branch                        4.56508e-12
ean1#branch                        4.56508e-12
eap1#branch                        4.54255e-12
ean0#branch                         4.5538e-12
eap0#branch                         4.5538e-12
vclk#branch                        2.99513e-09
vd2#branch                                   0
vd1#branch                                   0
vd0#branch                                   0
vcm#branch                         2.73229e-11
vsup#branch                       -0.000429292

 Reference value :  0.00000e+00
 Reference value :  7.08235e-10
 Reference value :  1.30353e-09
 Reference value :  2.11412e-09
 Reference value :  3.06824e-09
 Reference value :  3.86353e-09
 Reference value :  4.60118e-09
No. of Data Rows : 1345
vsup_v              =  1.20000e+00
d0now               =  1.19998e+00
d1now               =  1.19998e+00
d2now               =  4.88646e-06
Reset re-loads circuit * comparator-transient-noise @ ff_27c_1.20v -- generated by sim/harness, do not edit

Circuit: * comparator-transient-noise @ ff_27c_1.20v -- generated by sim/harness, do not edit

Doing analysis at TEMP = 27.000000 and TNOM = 27.000000

Using SPARSE 1.3 as Direct Linear Solver

Initial Transient Solution
--------------------------

Node                                   Voltage
----                                   -------
vdd                                        1.2
cm                                         0.6
vd0                                          0
ap0                                        0.6
an0                                        0.6
ibn0                                  0.264662
x0.x1.tmid                           7.288e-06
x0.x1.tail                            0.565963
clk                                          0
x0.x1.np                                   1.2
x0.x1.nn                                   1.2
x0.x1.ln                                   1.2
x0.x1.lp                                   1.2
x0.x1.lnb                          6.04047e-07
x0.x1.lpb                          6.04047e-07
x0.x1.na                               1.17493
doutb0                                0.619218
dout0                                 0.619218
x0.x1.nb                               1.17493
vd1                                      0.001
ap1                                     0.6005
an1                                     0.5995
ibn1                                  0.264662
x1.x1.tmid                         7.28803e-06
x1.x1.tail                            0.565966
x1.x1.np                                   1.2
x1.x1.nn                                   1.2
x1.x1.ln                                   1.2
x1.x1.lp                                   1.2
x1.x1.lnb                          6.04047e-07
x1.x1.lpb                          6.04047e-07
x1.x1.na                               1.17493
doutb1                                0.619218
dout1                                 0.619218
x1.x1.nb                               1.17493
vd2                                     -0.001
ap2                                     0.5995
an2                                     0.6005
ibn2                                  0.264662
x2.x1.tmid                         7.28803e-06
x2.x1.tail                            0.565966
x2.x1.np                                   1.2
x2.x1.nn                                   1.2
x2.x1.ln                                   1.2
x2.x1.lp                                   1.2
x2.x1.lnb                          6.04047e-07
x2.x1.lpb                          6.04047e-07
x2.x1.na                               1.17493
doutb2                                0.619218
dout2                                 0.619218
x2.x1.nb                               1.17493
ean2#branch                        4.54255e-12
eap2#branch                        4.56508e-12
ean1#branch                        4.56508e-12
eap1#branch                        4.54255e-12
ean0#branch                         4.5538e-12
eap0#branch                         4.5538e-12
vclk#branch                        2.99513e-09
vd2#branch                                   0
vd1#branch                                   0
vd0#branch                                   0
vcm#branch                         2.73229e-11
vsup#branch                       -0.000429292

 Reference value :  0.00000e+00
 Reference value :  6.48235e-10
 Reference value :  1.30118e-09
 Reference value :  2.26118e-09
 Reference value :  3.18353e-09
 Reference value :  3.96118e-09
 Reference value :  4.72824e-09
No. of Data Rows : 1345
vsup_v              =  1.20000e+00
d0now               =  1.20000e+00
d1now               =  1.20000e+00
d2now               =  8.90900e-07
Reset re-loads circuit * comparator-transient-noise @ ff_27c_1.20v -- generated by sim/harness, do not edit

Circuit: * comparator-transient-noise @ ff_27c_1.20v -- generated by sim/harness, do not edit

Doing analysis at TEMP = 27.000000 and TNOM = 27.000000

Using SPARSE 1.3 as Direct Linear Solver

Initial Transient Solution
--------------------------

Node                                   Voltage
----                                   -------
vdd                                        1.2
cm                                         0.6
vd0                                          0
ap0                                        0.6
an0                                        0.6
ibn0                                  0.264662
x0.x1.tmid                           7.288e-06
x0.x1.tail                            0.565963
clk                                          0
x0.x1.np                                   1.2
x0.x1.nn                                   1.2
x0.x1.ln                                   1.2
x0.x1.lp                                   1.2
x0.x1.lnb                          6.04047e-07
x0.x1.lpb                          6.04047e-07
x0.x1.na                               1.17493
doutb0                                0.619218
dout0                                 0.619218
x0.x1.nb                               1.17493
vd1                                      0.001
ap1                                     0.6005
an1                                     0.5995
ibn1                                  0.264662
x1.x1.tmid                         7.28803e-06
x1.x1.tail                            0.565966
x1.x1.np                                   1.2
x1.x1.nn                                   1.2
x1.x1.ln                                   1.2
x1.x1.lp                                   1.2
x1.x1.lnb                          6.04047e-07
x1.x1.lpb                          6.04047e-07
x1.x1.na                               1.17493
doutb1                                0.619218
dout1                                 0.619218
x1.x1.nb                               1.17493
vd2                                     -0.001
ap2                                     0.5995
an2                                     0.6005
ibn2                                  0.264662
x2.x1.tmid                         7.28803e-06
x2.x1.tail                            0.565966
x2.x1.np                                   1.2
x2.x1.nn                                   1.2
x2.x1.ln                                   1.2
x2.x1.lp                                   1.2
x2.x1.lnb                          6.04047e-07
x2.x1.lpb                          6.04047e-07
x2.x1.na                               1.17493
doutb2                                0.619218
dout2                                 0.619218
x2.x1.nb                               1.17493
ean2#branch                        4.54255e-12
eap2#branch                        4.56508e-12
ean1#branch                        4.56508e-12
eap1#branch                        4.54255e-12
ean0#branch                         4.5538e-12
eap0#branch                         4.5538e-12
vclk#branch                        2.99513e-09
vd2#branch                                   0
vd1#branch                                   0
vd0#branch                                   0
vcm#branch                         2.73229e-11
vsup#branch                       -0.000429292

 Reference value :  0.00000e+00
 Reference value :  6.81176e-10
 Reference value :  1.22352e-09
 Reference value :  2.04000e-09
 Reference value :  3.00118e-09
 Reference value :  3.80824e-09
 Reference value :  4.54353e-09
No. of Data Rows : 1345
vsup_v              =  1.20000e+00
d0now               =  1.19999e+00
d1now               =  1.20000e+00
d2now               =  -1.95918e-07
Reset re-loads circuit * comparator-transient-noise @ ff_27c_1.20v -- generated by sim/harness, do not edit

Circuit: * comparator-transient-noise @ ff_27c_1.20v -- generated by sim/harness, do not edit

Doing analysis at TEMP = 27.000000 and TNOM = 27.000000

Using SPARSE 1.3 as Direct Linear Solver

Initial Transient Solution
--------------------------

Node                                   Voltage
----                                   -------
vdd                                        1.2
cm                                         0.6
vd0                                          0
ap0                                        0.6
an0                                        0.6
ibn0                                  0.264662
x0.x1.tmid                           7.288e-06
x0.x1.tail                            0.565963
clk                                          0
x0.x1.np                                   1.2
x0.x1.nn                                   1.2
x0.x1.ln                                   1.2
x0.x1.lp                                   1.2
x0.x1.lnb                          6.04047e-07
x0.x1.lpb                          6.04047e-07
x0.x1.na                               1.17493
doutb0                                0.619218
dout0                                 0.619218
x0.x1.nb                               1.17493
vd1                                      0.001
ap1                                     0.6005
an1                                     0.5995
ibn1                                  0.264662
x1.x1.tmid                         7.28803e-06
x1.x1.tail                            0.565966
x1.x1.np                                   1.2
x1.x1.nn                                   1.2
x1.x1.ln                                   1.2
x1.x1.lp                                   1.2
x1.x1.lnb                          6.04047e-07
x1.x1.lpb                          6.04047e-07
x1.x1.na                               1.17493
doutb1                                0.619218
dout1                                 0.619218
x1.x1.nb                               1.17493
vd2                                     -0.001
ap2                                     0.5995
an2                                     0.6005
ibn2                                  0.264662
x2.x1.tmid                         7.28803e-06
x2.x1.tail                            0.565966
x2.x1.np                                   1.2
x2.x1.nn                                   1.2
x2.x1.ln                                   1.2
x2.x1.lp                                   1.2
x2.x1.lnb                          6.04047e-07
x2.x1.lpb                          6.04047e-07
x2.x1.na                               1.17493
doutb2                                0.619218
dout2                                 0.619218
x2.x1.nb                               1.17493
ean2#branch                        4.54255e-12
eap2#branch                        4.56508e-12
ean1#branch                        4.56508e-12
eap1#branch                        4.54255e-12
ean0#branch                         4.5538e-12
eap0#branch                         4.5538e-12
vclk#branch                        2.99513e-09
vd2#branch                                   0
vd1#branch                                   0
vd0#branch                                   0
vcm#branch                         2.73229e-11
vsup#branch                       -0.000429292

 Reference value :  0.00000e+00
 Reference value :  6.41176e-10
 Reference value :  1.19410e-09
 Reference value :  1.98000e-09
 Reference value :  2.93412e-09
 Reference value :  3.79412e-09
 Reference value :  4.48353e-09
No. of Data Rows : 1345
vsup_v              =  1.20000e+00
d0now               =  4.92315e-08
d1now               =  1.20000e+00
d2now               =  1.20000e+00
Reset re-loads circuit * comparator-transient-noise @ ff_27c_1.20v -- generated by sim/harness, do not edit

Circuit: * comparator-transient-noise @ ff_27c_1.20v -- generated by sim/harness, do not edit

Doing analysis at TEMP = 27.000000 and TNOM = 27.000000

Using SPARSE 1.3 as Direct Linear Solver

Initial Transient Solution
--------------------------

Node                                   Voltage
----                                   -------
vdd                                        1.2
cm                                         0.6
vd0                                          0
ap0                                        0.6
an0                                        0.6
ibn0                                  0.264662
x0.x1.tmid                           7.288e-06
x0.x1.tail                            0.565963
clk                                          0
x0.x1.np                                   1.2
x0.x1.nn                                   1.2
x0.x1.ln                                   1.2
x0.x1.lp                                   1.2
x0.x1.lnb                          6.04047e-07
x0.x1.lpb                          6.04047e-07
x0.x1.na                               1.17493
doutb0                                0.619218
dout0                                 0.619218
x0.x1.nb                               1.17493
vd1                                      0.001
ap1                                     0.6005
an1                                     0.5995
ibn1                                  0.264662
x1.x1.tmid                         7.28803e-06
x1.x1.tail                            0.565966
x1.x1.np                                   1.2
x1.x1.nn                                   1.2
x1.x1.ln                                   1.2
x1.x1.lp                                   1.2
x1.x1.lnb                          6.04047e-07
x1.x1.lpb                          6.04047e-07
x1.x1.na                               1.17493
doutb1                                0.619218
dout1                                 0.619218
x1.x1.nb                               1.17493
vd2                                     -0.001
ap2                                     0.5995
an2                                     0.6005
ibn2                                  0.264662
x2.x1.tmid                         7.28803e-06
x2.x1.tail                            0.565966
x2.x1.np                                   1.2
x2.x1.nn                                   1.2
x2.x1.ln                                   1.2
x2.x1.lp                                   1.2
x2.x1.lnb                          6.04047e-07
x2.x1.lpb                          6.04047e-07
x2.x1.na                               1.17493
doutb2                                0.619218
dout2                                 0.619218
x2.x1.nb                               1.17493
ean2#branch                        4.54255e-12
eap2#branch                        4.56508e-12
ean1#branch                        4.56508e-12
eap1#branch                        4.54255e-12
ean0#branch                         4.5538e-12
eap0#branch                         4.5538e-12
vclk#branch                        2.99513e-09
vd2#branch                                   0
vd1#branch                                   0
vd0#branch                                   0
vcm#branch                         2.73229e-11
vsup#branch                       -0.000429292

 Reference value :  0.00000e+00
 Reference value :  6.74118e-10
 Reference value :  1.20000e-09
 Reference value :  1.99412e-09
 Reference value :  2.96118e-09
 Reference value :  3.80118e-09
 Reference value :  4.58824e-09
No. of Data Rows : 1345
vsup_v              =  1.20000e+00
d0now               =  1.19999e+00
d1now               =  1.19999e+00
d2now               =  7.44963e-06
Reset re-loads circuit * comparator-transient-noise @ ff_27c_1.20v -- generated by sim/harness, do not edit

Circuit: * comparator-transient-noise @ ff_27c_1.20v -- generated by sim/harness, do not edit

Doing analysis at TEMP = 27.000000 and TNOM = 27.000000

Using SPARSE 1.3 as Direct Linear Solver

Initial Transient Solution
--------------------------

Node                                   Voltage
----                                   -------
vdd                                        1.2
cm                                         0.6
vd0                                          0
ap0                                        0.6
an0                                        0.6
ibn0                                  0.264662
x0.x1.tmid                           7.288e-06
x0.x1.tail                            0.565963
clk                                          0
x0.x1.np                                   1.2
x0.x1.nn                                   1.2
x0.x1.ln                                   1.2
x0.x1.lp                                   1.2
x0.x1.lnb                          6.04047e-07
x0.x1.lpb                          6.04047e-07
x0.x1.na                               1.17493
doutb0                                0.619218
dout0                                 0.619218
x0.x1.nb                               1.17493
vd1                                      0.001
ap1                                     0.6005
an1                                     0.5995
ibn1                                  0.264662
x1.x1.tmid                         7.28803e-06
x1.x1.tail                            0.565966
x1.x1.np                                   1.2
x1.x1.nn                                   1.2
x1.x1.ln                                   1.2
x1.x1.lp                                   1.2
x1.x1.lnb                          6.04047e-07
x1.x1.lpb                          6.04047e-07
x1.x1.na                               1.17493
doutb1                                0.619218
dout1                                 0.619218
x1.x1.nb                               1.17493
vd2                                     -0.001
ap2                                     0.5995
an2                                     0.6005
ibn2                                  0.264662
x2.x1.tmid                         7.28803e-06
x2.x1.tail                            0.565966
x2.x1.np                                   1.2
x2.x1.nn                                   1.2
x2.x1.ln                                   1.2
x2.x1.lp                                   1.2
x2.x1.lnb                          6.04047e-07
x2.x1.lpb                          6.04047e-07
x2.x1.na                               1.17493
doutb2                                0.619218
dout2                                 0.619218
x2.x1.nb                               1.17493
ean2#branch                        4.54255e-12
eap2#branch                        4.56508e-12
ean1#branch                        4.56508e-12
eap1#branch                        4.54255e-12
ean0#branch                         4.5538e-12
eap0#branch                         4.5538e-12
vclk#branch                        2.99513e-09
vd2#branch                                   0
vd1#branch                                   0
vd0#branch                                   0
vcm#branch                         2.73229e-11
vsup#branch                       -0.000429292

 Reference value :  0.00000e+00
 Reference value :  6.81176e-10
 Reference value :  1.20826e-09
 Reference value :  2.18824e-09
 Reference value :  3.12824e-09
 Reference value :  3.92000e-09
 Reference value :  4.62824e-09
No. of Data Rows : 1345
vsup_v              =  1.20000e+00
d0now               =  1.80154e-06
d1now               =  1.20000e+00
d2now               =  1.19999e+00
Reset re-loads circuit * comparator-transient-noise @ ff_27c_1.20v -- generated by sim/harness, do not edit

Circuit: * comparator-transient-noise @ ff_27c_1.20v -- generated by sim/harness, do not edit

Doing analysis at TEMP = 27.000000 and TNOM = 27.000000

Using SPARSE 1.3 as Direct Linear Solver

Initial Transient Solution
--------------------------

Node                                   Voltage
----                                   -------
vdd                                        1.2
cm                                         0.6
vd0                                          0
ap0                                        0.6
an0                                        0.6
ibn0                                  0.264662
x0.x1.tmid                           7.288e-06
x0.x1.tail                            0.565963
clk                                          0
x0.x1.np                                   1.2
x0.x1.nn                                   1.2
x0.x1.ln                                   1.2
x0.x1.lp                                   1.2
x0.x1.lnb                          6.04047e-07
x0.x1.lpb                          6.04047e-07
x0.x1.na                               1.17493
doutb0                                0.619218
dout0                                 0.619218
x0.x1.nb                               1.17493
vd1                                      0.001
ap1                                     0.6005
an1                                     0.5995
ibn1                                  0.264662
x1.x1.tmid                         7.28803e-06
x1.x1.tail                            0.565966
x1.x1.np                                   1.2
x1.x1.nn                                   1.2
x1.x1.ln                                   1.2
x1.x1.lp                                   1.2
x1.x1.lnb                          6.04047e-07
x1.x1.lpb                          6.04047e-07
x1.x1.na                               1.17493
doutb1                                0.619218
dout1                                 0.619218
x1.x1.nb                               1.17493
vd2                                     -0.001
ap2                                     0.5995
an2                                     0.6005
ibn2                                  0.264662
x2.x1.tmid                         7.28803e-06
x2.x1.tail                            0.565966
x2.x1.np                                   1.2
x2.x1.nn                                   1.2
x2.x1.ln                                   1.2
x2.x1.lp                                   1.2
x2.x1.lnb                          6.04047e-07
x2.x1.lpb                          6.04047e-07
x2.x1.na                               1.17493
doutb2                                0.619218
dout2                                 0.619218
x2.x1.nb                               1.17493
ean2#branch                        4.54255e-12
eap2#branch                        4.56508e-12
ean1#branch                        4.56508e-12
eap1#branch                        4.54255e-12
ean0#branch                         4.5538e-12
eap0#branch                         4.5538e-12
vclk#branch                        2.99513e-09
vd2#branch                                   0
vd1#branch                                   0
vd0#branch                                   0
vcm#branch                         2.73229e-11
vsup#branch                       -0.000429292

 Reference value :  0.00000e+00
 Reference value :  6.61176e-10
 Reference value :  1.20354e-09
 Reference value :  2.02353e-09
 Reference value :  2.98824e-09
 Reference value :  3.82353e-09
 Reference value :  4.54353e-09
No. of Data Rows : 1345
vsup_v              =  1.20000e+00
d0now               =  1.26581e-05
d1now               =  1.20000e+00
d2now               =  1.09189e-05
Reset re-loads circuit * comparator-transient-noise @ ff_27c_1.20v -- generated by sim/harness, do not edit

Circuit: * comparator-transient-noise @ ff_27c_1.20v -- generated by sim/harness, do not edit

Doing analysis at TEMP = 27.000000 and TNOM = 27.000000

Using SPARSE 1.3 as Direct Linear Solver

Initial Transient Solution
--------------------------

Node                                   Voltage
----                                   -------
vdd                                        1.2
cm                                         0.6
vd0                                          0
ap0                                        0.6
an0                                        0.6
ibn0                                  0.264662
x0.x1.tmid                           7.288e-06
x0.x1.tail                            0.565963
clk                                          0
x0.x1.np                                   1.2
x0.x1.nn                                   1.2
x0.x1.ln                                   1.2
x0.x1.lp                                   1.2
x0.x1.lnb                          6.04047e-07
x0.x1.lpb                          6.04047e-07
x0.x1.na                               1.17493
doutb0                                0.619218
dout0                                 0.619218
x0.x1.nb                               1.17493
vd1                                      0.001
ap1                                     0.6005
an1                                     0.5995
ibn1                                  0.264662
x1.x1.tmid                         7.28803e-06
x1.x1.tail                            0.565966
x1.x1.np                                   1.2
x1.x1.nn                                   1.2
x1.x1.ln                                   1.2
x1.x1.lp                                   1.2
x1.x1.lnb                          6.04047e-07
x1.x1.lpb                          6.04047e-07
x1.x1.na                               1.17493
doutb1                                0.619218
dout1                                 0.619218
x1.x1.nb                               1.17493
vd2                                     -0.001
ap2                                     0.5995
an2                                     0.6005
ibn2                                  0.264662
x2.x1.tmid                         7.28803e-06
x2.x1.tail                            0.565966
x2.x1.np                                   1.2
x2.x1.nn                                   1.2
x2.x1.ln                                   1.2
x2.x1.lp                                   1.2
x2.x1.lnb                          6.04047e-07
x2.x1.lpb                          6.04047e-07
x2.x1.na                               1.17493
doutb2                                0.619218
dout2                                 0.619218
x2.x1.nb                               1.17493
ean2#branch                        4.54255e-12
eap2#branch                        4.56508e-12
ean1#branch                        4.56508e-12
eap1#branch                        4.54255e-12
ean0#branch                         4.5538e-12
eap0#branch                         4.5538e-12
vclk#branch                        2.99513e-09
vd2#branch                                   0
vd1#branch                                   0
vd0#branch                                   0
vcm#branch                         2.73229e-11
vsup#branch                       -0.000429292

 Reference value :  0.00000e+00
 Reference value :  6.74118e-10
 Reference value :  1.22822e-09
 Reference value :  2.04000e-09
 Reference value :  3.00000e-09
 Reference value :  3.86000e-09
 Reference value :  4.60000e-09
No. of Data Rows : 1345
vsup_v              =  1.20000e+00
d0now               =  1.20000e+00
d1now               =  1.20000e+00
d2now               =  8.50366e-06
Reset re-loads circuit * comparator-transient-noise @ ff_27c_1.20v -- generated by sim/harness, do not edit

Circuit: * comparator-transient-noise @ ff_27c_1.20v -- generated by sim/harness, do not edit

Doing analysis at TEMP = 27.000000 and TNOM = 27.000000

Using SPARSE 1.3 as Direct Linear Solver

Initial Transient Solution
--------------------------

Node                                   Voltage
----                                   -------
vdd                                        1.2
cm                                         0.6
vd0                                          0
ap0                                        0.6
an0                                        0.6
ibn0                                  0.264662
x0.x1.tmid                           7.288e-06
x0.x1.tail                            0.565963
clk                                          0
x0.x1.np                                   1.2
x0.x1.nn                                   1.2
x0.x1.ln                                   1.2
x0.x1.lp                                   1.2
x0.x1.lnb                          6.04047e-07
x0.x1.lpb                          6.04047e-07
x0.x1.na                               1.17493
doutb0                                0.619218
dout0                                 0.619218
x0.x1.nb                               1.17493
vd1                                      0.001
ap1                                     0.6005
an1                                     0.5995
ibn1                                  0.264662
x1.x1.tmid                         7.28803e-06
x1.x1.tail                            0.565966
x1.x1.np                                   1.2
x1.x1.nn                                   1.2
x1.x1.ln                                   1.2
x1.x1.lp                                   1.2
x1.x1.lnb                          6.04047e-07
x1.x1.lpb                          6.04047e-07
x1.x1.na                               1.17493
doutb1                                0.619218
dout1                                 0.619218
x1.x1.nb                               1.17493
vd2                                     -0.001
ap2                                     0.5995
an2                                     0.6005
ibn2                                  0.264662
x2.x1.tmid                         7.28803e-06
x2.x1.tail                            0.565966
x2.x1.np                                   1.2
x2.x1.nn                                   1.2
x2.x1.ln                                   1.2
x2.x1.lp                                   1.2
x2.x1.lnb                          6.04047e-07
x2.x1.lpb                          6.04047e-07
x2.x1.na                               1.17493
doutb2                                0.619218
dout2                                 0.619218
x2.x1.nb                               1.17493
ean2#branch                        4.54255e-12
eap2#branch                        4.56508e-12
ean1#branch                        4.56508e-12
eap1#branch                        4.54255e-12
ean0#branch                         4.5538e-12
eap0#branch                         4.5538e-12
vclk#branch                        2.99513e-09
vd2#branch                                   0
vd1#branch                                   0
vd0#branch                                   0
vcm#branch                         2.73229e-11
vsup#branch                       -0.000429292

 Reference value :  0.00000e+00
 Reference value :  6.60000e-10
 Reference value :  1.17414e-09
 Reference value :  1.96353e-09
 Reference value :  2.91412e-09
 Reference value :  3.75412e-09
 Reference value :  4.50824e-09
No. of Data Rows : 1345
vsup_v              =  1.20000e+00
d0now               =  9.43635e-06
d1now               =  1.20000e+00
d2now               =  1.93268e-06
Reset re-loads circuit * comparator-transient-noise @ ff_27c_1.20v -- generated by sim/harness, do not edit

Circuit: * comparator-transient-noise @ ff_27c_1.20v -- generated by sim/harness, do not edit

Doing analysis at TEMP = 27.000000 and TNOM = 27.000000

Using SPARSE 1.3 as Direct Linear Solver

Initial Transient Solution
--------------------------

Node                                   Voltage
----                                   -------
vdd                                        1.2
cm                                         0.6
vd0                                          0
ap0                                        0.6
an0                                        0.6
ibn0                                  0.264662
x0.x1.tmid                           7.288e-06
x0.x1.tail                            0.565963
clk                                          0
x0.x1.np                                   1.2
x0.x1.nn                                   1.2
x0.x1.ln                                   1.2
x0.x1.lp                                   1.2
x0.x1.lnb                          6.04047e-07
x0.x1.lpb                          6.04047e-07
x0.x1.na                               1.17493
doutb0                                0.619218
dout0                                 0.619218
x0.x1.nb                               1.17493
vd1                                      0.001
ap1                                     0.6005
an1                                     0.5995
ibn1                                  0.264662
x1.x1.tmid                         7.28803e-06
x1.x1.tail                            0.565966
x1.x1.np                                   1.2
x1.x1.nn                                   1.2
x1.x1.ln                                   1.2
x1.x1.lp                                   1.2
x1.x1.lnb                          6.04047e-07
x1.x1.lpb                          6.04047e-07
x1.x1.na                               1.17493
doutb1                                0.619218
dout1                                 0.619218
x1.x1.nb                               1.17493
vd2                                     -0.001
ap2                                     0.5995
an2                                     0.6005
ibn2                                  0.264662
x2.x1.tmid                         7.28803e-06
x2.x1.tail                            0.565966
x2.x1.np                                   1.2
x2.x1.nn                                   1.2
x2.x1.ln                                   1.2
x2.x1.lp                                   1.2
x2.x1.lnb                          6.04047e-07
x2.x1.lpb                          6.04047e-07
x2.x1.na                               1.17493
doutb2                                0.619218
dout2                                 0.619218
x2.x1.nb                               1.17493
ean2#branch                        4.54255e-12
eap2#branch                        4.56508e-12
ean1#branch                        4.56508e-12
eap1#branch                        4.54255e-12
ean0#branch                         4.5538e-12
eap0#branch                         4.5538e-12
vclk#branch                        2.99513e-09
vd2#branch                                   0
vd1#branch                                   0
vd0#branch                                   0
vcm#branch                         2.73229e-11
vsup#branch                       -0.000429292

 Reference value :  0.00000e+00
 Reference value :  6.74118e-10
 Reference value :  1.23411e-09
 Reference value :  2.04118e-09
 Reference value :  2.98824e-09
 Reference value :  3.82824e-09
 Reference value :  4.59412e-09
No. of Data Rows : 1345
vsup_v              =  1.20000e+00
d0now               =  1.19998e+00
d1now               =  1.20000e+00
d2now               =  1.20000e+00
Reset re-loads circuit * comparator-transient-noise @ ff_27c_1.20v -- generated by sim/harness, do not edit

Circuit: * comparator-transient-noise @ ff_27c_1.20v -- generated by sim/harness, do not edit

Doing analysis at TEMP = 27.000000 and TNOM = 27.000000

Using SPARSE 1.3 as Direct Linear Solver

Initial Transient Solution
--------------------------

Node                                   Voltage
----                                   -------
vdd                                        1.2
cm                                         0.6
vd0                                          0
ap0                                        0.6
an0                                        0.6
ibn0                                  0.264662
x0.x1.tmid                           7.288e-06
x0.x1.tail                            0.565963
clk                                          0
x0.x1.np                                   1.2
x0.x1.nn                                   1.2
x0.x1.ln                                   1.2
x0.x1.lp                                   1.2
x0.x1.lnb                          6.04047e-07
x0.x1.lpb                          6.04047e-07
x0.x1.na                               1.17493
doutb0                                0.619218
dout0                                 0.619218
x0.x1.nb                               1.17493
vd1                                      0.001
ap1                                     0.6005
an1                                     0.5995
ibn1                                  0.264662
x1.x1.tmid                         7.28803e-06
x1.x1.tail                            0.565966
x1.x1.np                                   1.2
x1.x1.nn                                   1.2
x1.x1.ln                                   1.2
x1.x1.lp                                   1.2
x1.x1.lnb                          6.04047e-07
x1.x1.lpb                          6.04047e-07
x1.x1.na                               1.17493
doutb1                                0.619218
dout1                                 0.619218
x1.x1.nb                               1.17493
vd2                                     -0.001
ap2                                     0.5995
an2                                     0.6005
ibn2                                  0.264662
x2.x1.tmid                         7.28803e-06
x2.x1.tail                            0.565966
x2.x1.np                                   1.2
x2.x1.nn                                   1.2
x2.x1.ln                                   1.2
x2.x1.lp                                   1.2
x2.x1.lnb                          6.04047e-07
x2.x1.lpb                          6.04047e-07
x2.x1.na                               1.17493
doutb2                                0.619218
dout2                                 0.619218
x2.x1.nb                               1.17493
ean2#branch                        4.54255e-12
eap2#branch                        4.56508e-12
ean1#branch                        4.56508e-12
eap1#branch                        4.54255e-12
ean0#branch                         4.5538e-12
eap0#branch                         4.5538e-12
vclk#branch                        2.99513e-09
vd2#branch                                   0
vd1#branch                                   0
vd0#branch                                   0
vcm#branch                         2.73229e-11
vsup#branch                       -0.000429292

 Reference value :  0.00000e+00
 Reference value :  6.63529e-10
 Reference value :  1.18352e-09
 Reference value :  2.02000e-09
 Reference value :  2.97412e-09
 Reference value :  3.79412e-09
 Reference value :  4.56000e-09
No. of Data Rows : 1345
vsup_v              =  1.20000e+00
d0now               =  1.02259e-05
d1now               =  1.20000e+00
d2now               =  -1.10976e-06
Reset re-loads circuit * comparator-transient-noise @ ff_27c_1.20v -- generated by sim/harness, do not edit

Circuit: * comparator-transient-noise @ ff_27c_1.20v -- generated by sim/harness, do not edit

Doing analysis at TEMP = 27.000000 and TNOM = 27.000000

Using SPARSE 1.3 as Direct Linear Solver

Initial Transient Solution
--------------------------

Node                                   Voltage
----                                   -------
vdd                                        1.2
cm                                         0.6
vd0                                          0
ap0                                        0.6
an0                                        0.6
ibn0                                  0.264662
x0.x1.tmid                           7.288e-06
x0.x1.tail                            0.565963
clk                                          0
x0.x1.np                                   1.2
x0.x1.nn                                   1.2
x0.x1.ln                                   1.2
x0.x1.lp                                   1.2
x0.x1.lnb                          6.04047e-07
x0.x1.lpb                          6.04047e-07
x0.x1.na                               1.17493
doutb0                                0.619218
dout0                                 0.619218
x0.x1.nb                               1.17493
vd1                                      0.001
ap1                                     0.6005
an1                                     0.5995
ibn1                                  0.264662
x1.x1.tmid                         7.28803e-06
x1.x1.tail                            0.565966
x1.x1.np                                   1.2
x1.x1.nn                                   1.2
x1.x1.ln                                   1.2
x1.x1.lp                                   1.2
x1.x1.lnb                          6.04047e-07
x1.x1.lpb                          6.04047e-07
x1.x1.na                               1.17493
doutb1                                0.619218
dout1                                 0.619218
x1.x1.nb                               1.17493
vd2                                     -0.001
ap2                                     0.5995
an2                                     0.6005
ibn2                                  0.264662
x2.x1.tmid                         7.28803e-06
x2.x1.tail                            0.565966
x2.x1.np                                   1.2
x2.x1.nn                                   1.2
x2.x1.ln                                   1.2
x2.x1.lp                                   1.2
x2.x1.lnb                          6.04047e-07
x2.x1.lpb                          6.04047e-07
x2.x1.na                               1.17493
doutb2                                0.619218
dout2                                 0.619218
x2.x1.nb                               1.17493
ean2#branch                        4.54255e-12
eap2#branch                        4.56508e-12
ean1#branch                        4.56508e-12
eap1#branch                        4.54255e-12
ean0#branch                         4.5538e-12
eap0#branch                         4.5538e-12
vclk#branch                        2.99513e-09
vd2#branch                                   0
vd1#branch                                   0
vd0#branch                                   0
vcm#branch                         2.73229e-11
vsup#branch                       -0.000429292

 Reference value :  0.00000e+00
 Reference value :  6.68235e-10
 Reference value :  1.20118e-09
 Reference value :  2.04118e-09
 Reference value :  3.01412e-09
 Reference value :  3.82000e-09
 Reference value :  4.55412e-09
No. of Data Rows : 1345
vsup_v              =  1.20000e+00
d0now               =  1.04025e-05
d1now               =  1.20000e+00
d2now               =  1.35403e-05
Reset re-loads circuit * comparator-transient-noise @ ff_27c_1.20v -- generated by sim/harness, do not edit

Circuit: * comparator-transient-noise @ ff_27c_1.20v -- generated by sim/harness, do not edit

Doing analysis at TEMP = 27.000000 and TNOM = 27.000000

Using SPARSE 1.3 as Direct Linear Solver

Initial Transient Solution
--------------------------

Node                                   Voltage
----                                   -------
vdd                                        1.2
cm                                         0.6
vd0                                          0
ap0                                        0.6
an0                                        0.6
ibn0                                  0.264662
x0.x1.tmid                           7.288e-06
x0.x1.tail                            0.565963
clk                                          0
x0.x1.np                                   1.2
x0.x1.nn                                   1.2
x0.x1.ln                                   1.2
x0.x1.lp                                   1.2
x0.x1.lnb                          6.04047e-07
x0.x1.lpb                          6.04047e-07
x0.x1.na                               1.17493
doutb0                                0.619218
dout0                                 0.619218
x0.x1.nb                               1.17493
vd1                                      0.001
ap1                                     0.6005
an1                                     0.5995
ibn1                                  0.264662
x1.x1.tmid                         7.28803e-06
x1.x1.tail                            0.565966
x1.x1.np                                   1.2
x1.x1.nn                                   1.2
x1.x1.ln                                   1.2
x1.x1.lp                                   1.2
x1.x1.lnb                          6.04047e-07
x1.x1.lpb                          6.04047e-07
x1.x1.na                               1.17493
doutb1                                0.619218
dout1                                 0.619218
x1.x1.nb                               1.17493
vd2                                     -0.001
ap2                                     0.5995
an2                                     0.6005
ibn2                                  0.264662
x2.x1.tmid                         7.28803e-06
x2.x1.tail                            0.565966
x2.x1.np                                   1.2
x2.x1.nn                                   1.2
x2.x1.ln                                   1.2
x2.x1.lp                                   1.2
x2.x1.lnb                          6.04047e-07
x2.x1.lpb                          6.04047e-07
x2.x1.na                               1.17493
doutb2                                0.619218
dout2                                 0.619218
x2.x1.nb                               1.17493
ean2#branch                        4.54255e-12
eap2#branch                        4.56508e-12
ean1#branch                        4.56508e-12
eap1#branch                        4.54255e-12
ean0#branch                         4.5538e-12
eap0#branch                         4.5538e-12
vclk#branch                        2.99513e-09
vd2#branch                                   0
vd1#branch                                   0
vd0#branch                                   0
vcm#branch                         2.73229e-11
vsup#branch                       -0.000429292

 Reference value :  0.00000e+00
 Reference value :  6.60000e-10
 Reference value :  1.19410e-09
 Reference value :  2.00353e-09
 Reference value :  3.00824e-09
 Reference value :  3.80824e-09
 Reference value :  4.56118e-09
No. of Data Rows : 1345
vsup_v              =  1.20000e+00
d0now               =  1.19999e+00
d1now               =  1.19999e+00
d2now               =  2.58877e-06
Reset re-loads circuit * comparator-transient-noise @ ff_27c_1.20v -- generated by sim/harness, do not edit

Circuit: * comparator-transient-noise @ ff_27c_1.20v -- generated by sim/harness, do not edit

Doing analysis at TEMP = 27.000000 and TNOM = 27.000000

Using SPARSE 1.3 as Direct Linear Solver

Initial Transient Solution
--------------------------

Node                                   Voltage
----                                   -------
vdd                                        1.2
cm                                         0.6
vd0                                          0
ap0                                        0.6
an0                                        0.6
ibn0                                  0.264662
x0.x1.tmid                           7.288e-06
x0.x1.tail                            0.565963
clk                                          0
x0.x1.np                                   1.2
x0.x1.nn                                   1.2
x0.x1.ln                                   1.2
x0.x1.lp                                   1.2
x0.x1.lnb                          6.04047e-07
x0.x1.lpb                          6.04047e-07
x0.x1.na                               1.17493
doutb0                                0.619218
dout0                                 0.619218
x0.x1.nb                               1.17493
vd1                                      0.001
ap1                                     0.6005
an1                                     0.5995
ibn1                                  0.264662
x1.x1.tmid                         7.28803e-06
x1.x1.tail                            0.565966
x1.x1.np                                   1.2
x1.x1.nn                                   1.2
x1.x1.ln                                   1.2
x1.x1.lp                                   1.2
x1.x1.lnb                          6.04047e-07
x1.x1.lpb                          6.04047e-07
x1.x1.na                               1.17493
doutb1                                0.619218
dout1                                 0.619218
x1.x1.nb                               1.17493
vd2                                     -0.001
ap2                                     0.5995
an2                                     0.6005
ibn2                                  0.264662
x2.x1.tmid                         7.28803e-06
x2.x1.tail                            0.565966
x2.x1.np                                   1.2
x2.x1.nn                                   1.2
x2.x1.ln                                   1.2
x2.x1.lp                                   1.2
x2.x1.lnb                          6.04047e-07
x2.x1.lpb                          6.04047e-07
x2.x1.na                               1.17493
doutb2                                0.619218
dout2                                 0.619218
x2.x1.nb                               1.17493
ean2#branch                        4.54255e-12
eap2#branch                        4.56508e-12
ean1#branch                        4.56508e-12
eap1#branch                        4.54255e-12
ean0#branch                         4.5538e-12
eap0#branch                         4.5538e-12
vclk#branch                        2.99513e-09
vd2#branch                                   0
vd1#branch                                   0
vd0#branch                                   0
vcm#branch                         2.73229e-11
vsup#branch                       -0.000429292

 Reference value :  0.00000e+00
 Reference value :  6.88235e-10
 Reference value :  1.24824e-09
 Reference value :  2.08118e-09
 Reference value :  2.96118e-09
 Reference value :  3.79412e-09
 Reference value :  4.54000e-09
No. of Data Rows : 1345
vsup_v              =  1.20000e+00
d0now               =  1.09975e-05
d1now               =  1.19998e+00
d2now               =  1.05848e-05
Reset re-loads circuit * comparator-transient-noise @ ff_27c_1.20v -- generated by sim/harness, do not edit

Circuit: * comparator-transient-noise @ ff_27c_1.20v -- generated by sim/harness, do not edit

Doing analysis at TEMP = 27.000000 and TNOM = 27.000000

Using SPARSE 1.3 as Direct Linear Solver

Initial Transient Solution
--------------------------

Node                                   Voltage
----                                   -------
vdd                                        1.2
cm                                         0.6
vd0                                          0
ap0                                        0.6
an0                                        0.6
ibn0                                  0.264662
x0.x1.tmid                           7.288e-06
x0.x1.tail                            0.565963
clk                                          0
x0.x1.np                                   1.2
x0.x1.nn                                   1.2
x0.x1.ln                                   1.2
x0.x1.lp                                   1.2
x0.x1.lnb                          6.04047e-07
x0.x1.lpb                          6.04047e-07
x0.x1.na                               1.17493
doutb0                                0.619218
dout0                                 0.619218
x0.x1.nb                               1.17493
vd1                                      0.001
ap1                                     0.6005
an1                                     0.5995
ibn1                                  0.264662
x1.x1.tmid                         7.28803e-06
x1.x1.tail                            0.565966
x1.x1.np                                   1.2
x1.x1.nn                                   1.2
x1.x1.ln                                   1.2
x1.x1.lp                                   1.2
x1.x1.lnb                          6.04047e-07
x1.x1.lpb                          6.04047e-07
x1.x1.na                               1.17493
doutb1                                0.619218
dout1                                 0.619218
x1.x1.nb                               1.17493
vd2                                     -0.001
ap2                                     0.5995
an2                                     0.6005
ibn2                                  0.264662
x2.x1.tmid                         7.28803e-06
x2.x1.tail                            0.565966
x2.x1.np                                   1.2
x2.x1.nn                                   1.2
x2.x1.ln                                   1.2
x2.x1.lp                                   1.2
x2.x1.lnb                          6.04047e-07
x2.x1.lpb                          6.04047e-07
x2.x1.na                               1.17493
doutb2                                0.619218
dout2                                 0.619218
x2.x1.nb                               1.17493
ean2#branch                        4.54255e-12
eap2#branch                        4.56508e-12
ean1#branch                        4.56508e-12
eap1#branch                        4.54255e-12
ean0#branch                         4.5538e-12
eap0#branch                         4.5538e-12
vclk#branch                        2.99513e-09
vd2#branch                                   0
vd1#branch                                   0
vd0#branch                                   0
vcm#branch                         2.73229e-11
vsup#branch                       -0.000429292

 Reference value :  0.00000e+00
 Reference value :  6.81176e-10
 Reference value :  1.22000e-09
 Reference value :  2.01412e-09
 Reference value :  2.98824e-09
 Reference value :  3.80000e-09
 Reference value :  4.56824e-09
No. of Data Rows : 1345
vsup_v              =  1.20000e+00
d0now               =  3.28884e-07
d1now               =  1.19999e+00
d2now               =  3.19893e-08
Reset re-loads circuit * comparator-transient-noise @ ff_27c_1.20v -- generated by sim/harness, do not edit

Circuit: * comparator-transient-noise @ ff_27c_1.20v -- generated by sim/harness, do not edit

Doing analysis at TEMP = 27.000000 and TNOM = 27.000000

Using SPARSE 1.3 as Direct Linear Solver

Initial Transient Solution
--------------------------

Node                                   Voltage
----                                   -------
vdd                                        1.2
cm                                         0.6
vd0                                          0
ap0                                        0.6
an0                                        0.6
ibn0                                  0.264662
x0.x1.tmid                           7.288e-06
x0.x1.tail                            0.565963
clk                                          0
x0.x1.np                                   1.2
x0.x1.nn                                   1.2
x0.x1.ln                                   1.2
x0.x1.lp                                   1.2
x0.x1.lnb                          6.04047e-07
x0.x1.lpb                          6.04047e-07
x0.x1.na                               1.17493
doutb0                                0.619218
dout0                                 0.619218
x0.x1.nb                               1.17493
vd1                                      0.001
ap1                                     0.6005
an1                                     0.5995
ibn1                                  0.264662
x1.x1.tmid                         7.28803e-06
x1.x1.tail                            0.565966
x1.x1.np                                   1.2
x1.x1.nn                                   1.2
x1.x1.ln                                   1.2
x1.x1.lp                                   1.2
x1.x1.lnb                          6.04047e-07
x1.x1.lpb                          6.04047e-07
x1.x1.na                               1.17493
doutb1                                0.619218
dout1                                 0.619218
x1.x1.nb                               1.17493
vd2                                     -0.001
ap2                                     0.5995
an2                                     0.6005
ibn2                                  0.264662
x2.x1.tmid                         7.28803e-06
x2.x1.tail                            0.565966
x2.x1.np                                   1.2
x2.x1.nn                                   1.2
x2.x1.ln                                   1.2
x2.x1.lp                                   1.2
x2.x1.lnb                          6.04047e-07
x2.x1.lpb                          6.04047e-07
x2.x1.na                               1.17493
doutb2                                0.619218
dout2                                 0.619218
x2.x1.nb                               1.17493
ean2#branch                        4.54255e-12
eap2#branch                        4.56508e-12
ean1#branch                        4.56508e-12
eap1#branch                        4.54255e-12
ean0#branch                         4.5538e-12
eap0#branch                         4.5538e-12
vclk#branch                        2.99513e-09
vd2#branch                                   0
vd1#branch                                   0
vd0#branch                                   0
vcm#branch                         2.73229e-11
vsup#branch                       -0.000429292

 Reference value :  0.00000e+00
 Reference value :  6.74118e-10
 Reference value :  1.22117e-09
 Reference value :  2.03412e-09
 Reference value :  2.97412e-09
 Reference value :  3.78000e-09
 Reference value :  4.52000e-09
No. of Data Rows : 1345
vsup_v              =  1.20000e+00
d0now               =  1.19998e+00
d1now               =  1.20000e+00
d2now               =  1.69101e-06
Reset re-loads circuit * comparator-transient-noise @ ff_27c_1.20v -- generated by sim/harness, do not edit

Circuit: * comparator-transient-noise @ ff_27c_1.20v -- generated by sim/harness, do not edit

Doing analysis at TEMP = 27.000000 and TNOM = 27.000000

Using SPARSE 1.3 as Direct Linear Solver

Initial Transient Solution
--------------------------

Node                                   Voltage
----                                   -------
vdd                                        1.2
cm                                         0.6
vd0                                          0
ap0                                        0.6
an0                                        0.6
ibn0                                  0.264662
x0.x1.tmid                           7.288e-06
x0.x1.tail                            0.565963
clk                                          0
x0.x1.np                                   1.2
x0.x1.nn                                   1.2
x0.x1.ln                                   1.2
x0.x1.lp                                   1.2
x0.x1.lnb                          6.04047e-07
x0.x1.lpb                          6.04047e-07
x0.x1.na                               1.17493
doutb0                                0.619218
dout0                                 0.619218
x0.x1.nb                               1.17493
vd1                                      0.001
ap1                                     0.6005
an1                                     0.5995
ibn1                                  0.264662
x1.x1.tmid                         7.28803e-06
x1.x1.tail                            0.565966
x1.x1.np                                   1.2
x1.x1.nn                                   1.2
x1.x1.ln                                   1.2
x1.x1.lp                                   1.2
x1.x1.lnb                          6.04047e-07
x1.x1.lpb                          6.04047e-07
x1.x1.na                               1.17493
doutb1                                0.619218
dout1                                 0.619218
x1.x1.nb                               1.17493
vd2                                     -0.001
ap2                                     0.5995
an2                                     0.6005
ibn2                                  0.264662
x2.x1.tmid                         7.28803e-06
x2.x1.tail                            0.565966
x2.x1.np                                   1.2
x2.x1.nn                                   1.2
x2.x1.ln                                   1.2
x2.x1.lp                                   1.2
x2.x1.lnb                          6.04047e-07
x2.x1.lpb                          6.04047e-07
x2.x1.na                               1.17493
doutb2                                0.619218
dout2                                 0.619218
x2.x1.nb                               1.17493
ean2#branch                        4.54255e-12
eap2#branch                        4.56508e-12
ean1#branch                        4.56508e-12
eap1#branch                        4.54255e-12
ean0#branch                         4.5538e-12
eap0#branch                         4.5538e-12
vclk#branch                        2.99513e-09
vd2#branch                                   0
vd1#branch                                   0
vd0#branch                                   0
vcm#branch                         2.73229e-11
vsup#branch                       -0.000429292

 Reference value :  0.00000e+00
 Reference value :  6.80000e-10
 Reference value :  1.18821e-09
 Reference value :  2.00353e-09
 Reference value :  2.98824e-09
 Reference value :  3.80000e-09
 Reference value :  4.54824e-09
No. of Data Rows : 1345
vsup_v              =  1.20000e+00
d0now               =  9.80190e-06
d1now               =  1.19998e+00
d2now               =  -6.51726e-07
Reset re-loads circuit * comparator-transient-noise @ ff_27c_1.20v -- generated by sim/harness, do not edit

Circuit: * comparator-transient-noise @ ff_27c_1.20v -- generated by sim/harness, do not edit

Doing analysis at TEMP = 27.000000 and TNOM = 27.000000

Using SPARSE 1.3 as Direct Linear Solver

Initial Transient Solution
--------------------------

Node                                   Voltage
----                                   -------
vdd                                        1.2
cm                                         0.6
vd0                                          0
ap0                                        0.6
an0                                        0.6
ibn0                                  0.264662
x0.x1.tmid                           7.288e-06
x0.x1.tail                            0.565963
clk                                          0
x0.x1.np                                   1.2
x0.x1.nn                                   1.2
x0.x1.ln                                   1.2
x0.x1.lp                                   1.2
x0.x1.lnb                          6.04047e-07
x0.x1.lpb                          6.04047e-07
x0.x1.na                               1.17493
doutb0                                0.619218
dout0                                 0.619218
x0.x1.nb                               1.17493
vd1                                      0.001
ap1                                     0.6005
an1                                     0.5995
ibn1                                  0.264662
x1.x1.tmid                         7.28803e-06
x1.x1.tail                            0.565966
x1.x1.np                                   1.2
x1.x1.nn                                   1.2
x1.x1.ln                                   1.2
x1.x1.lp                                   1.2
x1.x1.lnb                          6.04047e-07
x1.x1.lpb                          6.04047e-07
x1.x1.na                               1.17493
doutb1                                0.619218
dout1                                 0.619218
x1.x1.nb                               1.17493
vd2                                     -0.001
ap2                                     0.5995
an2                                     0.6005
ibn2                                  0.264662
x2.x1.tmid                         7.28803e-06
x2.x1.tail                            0.565966
x2.x1.np                                   1.2
x2.x1.nn                                   1.2
x2.x1.ln                                   1.2
x2.x1.lp                                   1.2
x2.x1.lnb                          6.04047e-07
x2.x1.lpb                          6.04047e-07
x2.x1.na                               1.17493
doutb2                                0.619218
dout2                                 0.619218
x2.x1.nb                               1.17493
ean2#branch                        4.54255e-12
eap2#branch                        4.56508e-12
ean1#branch                        4.56508e-12
eap1#branch                        4.54255e-12
ean0#branch                         4.5538e-12
eap0#branch                         4.5538e-12
vclk#branch                        2.99513e-09
vd2#branch                                   0
vd1#branch                                   0
vd0#branch                                   0
vcm#branch                         2.73229e-11
vsup#branch                       -0.000429292

 Reference value :  0.00000e+00
 Reference value :  6.80000e-10
 Reference value :  1.20826e-09
 Reference value :  2.02000e-09
 Reference value :  2.96118e-09
 Reference value :  3.78824e-09
 Reference value :  4.49412e-09
No. of Data Rows : 1345
vsup_v              =  1.20000e+00
d0now               =  1.19999e+00
d1now               =  1.20000e+00
d2now               =  1.02469e-05
Reset re-loads circuit * comparator-transient-noise @ ff_27c_1.20v -- generated by sim/harness, do not edit

Circuit: * comparator-transient-noise @ ff_27c_1.20v -- generated by sim/harness, do not edit

Doing analysis at TEMP = 27.000000 and TNOM = 27.000000

Using SPARSE 1.3 as Direct Linear Solver

Initial Transient Solution
--------------------------

Node                                   Voltage
----                                   -------
vdd                                        1.2
cm                                         0.6
vd0                                          0
ap0                                        0.6
an0                                        0.6
ibn0                                  0.264662
x0.x1.tmid                           7.288e-06
x0.x1.tail                            0.565963
clk                                          0
x0.x1.np                                   1.2
x0.x1.nn                                   1.2
x0.x1.ln                                   1.2
x0.x1.lp                                   1.2
x0.x1.lnb                          6.04047e-07
x0.x1.lpb                          6.04047e-07
x0.x1.na                               1.17493
doutb0                                0.619218
dout0                                 0.619218
x0.x1.nb                               1.17493
vd1                                      0.001
ap1                                     0.6005
an1                                     0.5995
ibn1                                  0.264662
x1.x1.tmid                         7.28803e-06
x1.x1.tail                            0.565966
x1.x1.np                                   1.2
x1.x1.nn                                   1.2
x1.x1.ln                                   1.2
x1.x1.lp                                   1.2
x1.x1.lnb                          6.04047e-07
x1.x1.lpb                          6.04047e-07
x1.x1.na                               1.17493
doutb1                                0.619218
dout1                                 0.619218
x1.x1.nb                               1.17493
vd2                                     -0.001
ap2                                     0.5995
an2                                     0.6005
ibn2                                  0.264662
x2.x1.tmid                         7.28803e-06
x2.x1.tail                            0.565966
x2.x1.np                                   1.2
x2.x1.nn                                   1.2
x2.x1.ln                                   1.2
x2.x1.lp                                   1.2
x2.x1.lnb                          6.04047e-07
x2.x1.lpb                          6.04047e-07
x2.x1.na                               1.17493
doutb2                                0.619218
dout2                                 0.619218
x2.x1.nb                               1.17493
ean2#branch                        4.54255e-12
eap2#branch                        4.56508e-12
ean1#branch                        4.56508e-12
eap1#branch                        4.54255e-12
ean0#branch                         4.5538e-12
eap0#branch                         4.5538e-12
vclk#branch                        2.99513e-09
vd2#branch                                   0
vd1#branch                                   0
vd0#branch                                   0
vcm#branch                         2.73229e-11
vsup#branch                       -0.000429292

 Reference value :  0.00000e+00
 Reference value :  6.74118e-10
 Reference value :  1.20000e-09
 Reference value :  2.04000e-09
 Reference value :  3.00824e-09
 Reference value :  3.82824e-09
 Reference value :  4.59412e-09
No. of Data Rows : 1345
vsup_v              =  1.20000e+00
d0now               =  1.19999e+00
d1now               =  1.20000e+00
d2now               =  -6.47657e-07
Reset re-loads circuit * comparator-transient-noise @ ff_27c_1.20v -- generated by sim/harness, do not edit

Circuit: * comparator-transient-noise @ ff_27c_1.20v -- generated by sim/harness, do not edit

Doing analysis at TEMP = 27.000000 and TNOM = 27.000000

Using SPARSE 1.3 as Direct Linear Solver

Initial Transient Solution
--------------------------

Node                                   Voltage
----                                   -------
vdd                                        1.2
cm                                         0.6
vd0                                          0
ap0                                        0.6
an0                                        0.6
ibn0                                  0.264662
x0.x1.tmid                           7.288e-06
x0.x1.tail                            0.565963
clk                                          0
x0.x1.np                                   1.2
x0.x1.nn                                   1.2
x0.x1.ln                                   1.2
x0.x1.lp                                   1.2
x0.x1.lnb                          6.04047e-07
x0.x1.lpb                          6.04047e-07
x0.x1.na                               1.17493
doutb0                                0.619218
dout0                                 0.619218
x0.x1.nb                               1.17493
vd1                                      0.001
ap1                                     0.6005
an1                                     0.5995
ibn1                                  0.264662
x1.x1.tmid                         7.28803e-06
x1.x1.tail                            0.565966
x1.x1.np                                   1.2
x1.x1.nn                                   1.2
x1.x1.ln                                   1.2
x1.x1.lp                                   1.2
x1.x1.lnb                          6.04047e-07
x1.x1.lpb                          6.04047e-07
x1.x1.na                               1.17493
doutb1                                0.619218
dout1                                 0.619218
x1.x1.nb                               1.17493
vd2                                     -0.001
ap2                                     0.5995
an2                                     0.6005
ibn2                                  0.264662
x2.x1.tmid                         7.28803e-06
x2.x1.tail                            0.565966
x2.x1.np                                   1.2
x2.x1.nn                                   1.2
x2.x1.ln                                   1.2
x2.x1.lp                                   1.2
x2.x1.lnb                          6.04047e-07
x2.x1.lpb                          6.04047e-07
x2.x1.na                               1.17493
doutb2                                0.619218
dout2                                 0.619218
x2.x1.nb                               1.17493
ean2#branch                        4.54255e-12
eap2#branch                        4.56508e-12
ean1#branch                        4.56508e-12
eap1#branch                        4.54255e-12
ean0#branch                         4.5538e-12
eap0#branch                         4.5538e-12
vclk#branch                        2.99513e-09
vd2#branch                                   0
vd1#branch                                   0
vd0#branch                                   0
vcm#branch                         2.73229e-11
vsup#branch                       -0.000429292

 Reference value :  0.00000e+00
 Reference value :  6.74118e-10
 Reference value :  1.20118e-09
 Reference value :  2.04353e-09
 Reference value :  3.02824e-09
 Reference value :  3.84353e-09
 Reference value :  4.60353e-09
No. of Data Rows : 1345
vsup_v              =  1.20000e+00
d0now               =  1.07276e-05
d1now               =  1.20000e+00
d2now               =  1.20464e-05
Reset re-loads circuit * comparator-transient-noise @ ff_27c_1.20v -- generated by sim/harness, do not edit

Circuit: * comparator-transient-noise @ ff_27c_1.20v -- generated by sim/harness, do not edit

Doing analysis at TEMP = 27.000000 and TNOM = 27.000000

Using SPARSE 1.3 as Direct Linear Solver

Initial Transient Solution
--------------------------

Node                                   Voltage
----                                   -------
vdd                                        1.2
cm                                         0.6
vd0                                          0
ap0                                        0.6
an0                                        0.6
ibn0                                  0.264662
x0.x1.tmid                           7.288e-06
x0.x1.tail                            0.565963
clk                                          0
x0.x1.np                                   1.2
x0.x1.nn                                   1.2
x0.x1.ln                                   1.2
x0.x1.lp                                   1.2
x0.x1.lnb                          6.04047e-07
x0.x1.lpb                          6.04047e-07
x0.x1.na                               1.17493
doutb0                                0.619218
dout0                                 0.619218
x0.x1.nb                               1.17493
vd1                                      0.001
ap1                                     0.6005
an1                                     0.5995
ibn1                                  0.264662
x1.x1.tmid                         7.28803e-06
x1.x1.tail                            0.565966
x1.x1.np                                   1.2
x1.x1.nn                                   1.2
x1.x1.ln                                   1.2
x1.x1.lp                                   1.2
x1.x1.lnb                          6.04047e-07
x1.x1.lpb                          6.04047e-07
x1.x1.na                               1.17493
doutb1                                0.619218
dout1                                 0.619218
x1.x1.nb                               1.17493
vd2                                     -0.001
ap2                                     0.5995
an2                                     0.6005
ibn2                                  0.264662
x2.x1.tmid                         7.28803e-06
x2.x1.tail                            0.565966
x2.x1.np                                   1.2
x2.x1.nn                                   1.2
x2.x1.ln                                   1.2
x2.x1.lp                                   1.2
x2.x1.lnb                          6.04047e-07
x2.x1.lpb                          6.04047e-07
x2.x1.na                               1.17493
doutb2                                0.619218
dout2                                 0.619218
x2.x1.nb                               1.17493
ean2#branch                        4.54255e-12
eap2#branch                        4.56508e-12
ean1#branch                        4.56508e-12
eap1#branch                        4.54255e-12
ean0#branch                         4.5538e-12
eap0#branch                         4.5538e-12
vclk#branch                        2.99513e-09
vd2#branch                                   0
vd1#branch                                   0
vd0#branch                                   0
vcm#branch                         2.73229e-11
vsup#branch                       -0.000429292

 Reference value :  0.00000e+00
 Reference value :  6.63529e-10
 Reference value :  1.22000e-09
 Reference value :  2.06000e-09
 Reference value :  3.00118e-09
 Reference value :  3.86824e-09
 Reference value :  4.64824e-09
No. of Data Rows : 1345
vsup_v              =  1.20000e+00
d0now               =  1.20000e+00
d1now               =  1.19998e+00
d2now               =  9.91964e-06
Reset re-loads circuit * comparator-transient-noise @ ff_27c_1.20v -- generated by sim/harness, do not edit

Circuit: * comparator-transient-noise @ ff_27c_1.20v -- generated by sim/harness, do not edit

Doing analysis at TEMP = 27.000000 and TNOM = 27.000000

Using SPARSE 1.3 as Direct Linear Solver

Initial Transient Solution
--------------------------

Node                                   Voltage
----                                   -------
vdd                                        1.2
cm                                         0.6
vd0                                          0
ap0                                        0.6
an0                                        0.6
ibn0                                  0.264662
x0.x1.tmid                           7.288e-06
x0.x1.tail                            0.565963
clk                                          0
x0.x1.np                                   1.2
x0.x1.nn                                   1.2
x0.x1.ln                                   1.2
x0.x1.lp                                   1.2
x0.x1.lnb                          6.04047e-07
x0.x1.lpb                          6.04047e-07
x0.x1.na                               1.17493
doutb0                                0.619218
dout0                                 0.619218
x0.x1.nb                               1.17493
vd1                                      0.001
ap1                                     0.6005
an1                                     0.5995
ibn1                                  0.264662
x1.x1.tmid                         7.28803e-06
x1.x1.tail                            0.565966
x1.x1.np                                   1.2
x1.x1.nn                                   1.2
x1.x1.ln                                   1.2
x1.x1.lp                                   1.2
x1.x1.lnb                          6.04047e-07
x1.x1.lpb                          6.04047e-07
x1.x1.na                               1.17493
doutb1                                0.619218
dout1                                 0.619218
x1.x1.nb                               1.17493
vd2                                     -0.001
ap2                                     0.5995
an2                                     0.6005
ibn2                                  0.264662
x2.x1.tmid                         7.28803e-06
x2.x1.tail                            0.565966
x2.x1.np                                   1.2
x2.x1.nn                                   1.2
x2.x1.ln                                   1.2
x2.x1.lp                                   1.2
x2.x1.lnb                          6.04047e-07
x2.x1.lpb                          6.04047e-07
x2.x1.na                               1.17493
doutb2                                0.619218
dout2                                 0.619218
x2.x1.nb                               1.17493
ean2#branch                        4.54255e-12
eap2#branch                        4.56508e-12
ean1#branch                        4.56508e-12
eap1#branch                        4.54255e-12
ean0#branch                         4.5538e-12
eap0#branch                         4.5538e-12
vclk#branch                        2.99513e-09
vd2#branch                                   0
vd1#branch                                   0
vd0#branch                                   0
vcm#branch                         2.73229e-11
vsup#branch                       -0.000429292

 Reference value :  0.00000e+00
 Reference value :  6.48235e-10
 Reference value :  1.20000e-09
 Reference value :  1.97412e-09
 Reference value :  2.92000e-09
 Reference value :  3.74000e-09
 Reference value :  4.50000e-09
No. of Data Rows : 1345
vsup_v              =  1.20000e+00
d0now               =  3.23244e-06
d1now               =  1.19998e+00
d2now               =  1.28742e-06
Reset re-loads circuit * comparator-transient-noise @ ff_27c_1.20v -- generated by sim/harness, do not edit

Circuit: * comparator-transient-noise @ ff_27c_1.20v -- generated by sim/harness, do not edit

Doing analysis at TEMP = 27.000000 and TNOM = 27.000000

Using SPARSE 1.3 as Direct Linear Solver

Initial Transient Solution
--------------------------

Node                                   Voltage
----                                   -------
vdd                                        1.2
cm                                         0.6
vd0                                          0
ap0                                        0.6
an0                                        0.6
ibn0                                  0.264662
x0.x1.tmid                           7.288e-06
x0.x1.tail                            0.565963
clk                                          0
x0.x1.np                                   1.2
x0.x1.nn                                   1.2
x0.x1.ln                                   1.2
x0.x1.lp                                   1.2
x0.x1.lnb                          6.04047e-07
x0.x1.lpb                          6.04047e-07
x0.x1.na                               1.17493
doutb0                                0.619218
dout0                                 0.619218
x0.x1.nb                               1.17493
vd1                                      0.001
ap1                                     0.6005
an1                                     0.5995
ibn1                                  0.264662
x1.x1.tmid                         7.28803e-06
x1.x1.tail                            0.565966
x1.x1.np                                   1.2
x1.x1.nn                                   1.2
x1.x1.ln                                   1.2
x1.x1.lp                                   1.2
x1.x1.lnb                          6.04047e-07
x1.x1.lpb                          6.04047e-07
x1.x1.na                               1.17493
doutb1                                0.619218
dout1                                 0.619218
x1.x1.nb                               1.17493
vd2                                     -0.001
ap2                                     0.5995
an2                                     0.6005
ibn2                                  0.264662
x2.x1.tmid                         7.28803e-06
x2.x1.tail                            0.565966
x2.x1.np                                   1.2
x2.x1.nn                                   1.2
x2.x1.ln                                   1.2
x2.x1.lp                                   1.2
x2.x1.lnb                          6.04047e-07
x2.x1.lpb                          6.04047e-07
x2.x1.na                               1.17493
doutb2                                0.619218
dout2                                 0.619218
x2.x1.nb                               1.17493
ean2#branch                        4.54255e-12
eap2#branch                        4.56508e-12
ean1#branch                        4.56508e-12
eap1#branch                        4.54255e-12
ean0#branch                         4.5538e-12
eap0#branch                         4.5538e-12
vclk#branch                        2.99513e-09
vd2#branch                                   0
vd1#branch                                   0
vd0#branch                                   0
vcm#branch                         2.73229e-11
vsup#branch                       -0.000429292

 Reference value :  0.00000e+00
 Reference value :  6.74118e-10
 Reference value :  1.18352e-09
 Reference value :  2.00353e-09
 Reference value :  2.92824e-09
 Reference value :  3.78118e-09
 Reference value :  4.53412e-09
No. of Data Rows : 1345
vsup_v              =  1.20000e+00
d0now               =  7.94039e-06
d1now               =  1.20000e+00
d2now               =  1.40220e-05
Reset re-loads circuit * comparator-transient-noise @ ff_27c_1.20v -- generated by sim/harness, do not edit

Circuit: * comparator-transient-noise @ ff_27c_1.20v -- generated by sim/harness, do not edit

Doing analysis at TEMP = 27.000000 and TNOM = 27.000000

Using SPARSE 1.3 as Direct Linear Solver

Initial Transient Solution
--------------------------

Node                                   Voltage
----                                   -------
vdd                                        1.2
cm                                         0.6
vd0                                          0
ap0                                        0.6
an0                                        0.6
ibn0                                  0.264662
x0.x1.tmid                           7.288e-06
x0.x1.tail                            0.565963
clk                                          0
x0.x1.np                                   1.2
x0.x1.nn                                   1.2
x0.x1.ln                                   1.2
x0.x1.lp                                   1.2
x0.x1.lnb                          6.04047e-07
x0.x1.lpb                          6.04047e-07
x0.x1.na                               1.17493
doutb0                                0.619218
dout0                                 0.619218
x0.x1.nb                               1.17493
vd1                                      0.001
ap1                                     0.6005
an1                                     0.5995
ibn1                                  0.264662
x1.x1.tmid                         7.28803e-06
x1.x1.tail                            0.565966
x1.x1.np                                   1.2
x1.x1.nn                                   1.2
x1.x1.ln                                   1.2
x1.x1.lp                                   1.2
x1.x1.lnb                          6.04047e-07
x1.x1.lpb                          6.04047e-07
x1.x1.na                               1.17493
doutb1                                0.619218
dout1                                 0.619218
x1.x1.nb                               1.17493
vd2                                     -0.001
ap2                                     0.5995
an2                                     0.6005
ibn2                                  0.264662
x2.x1.tmid                         7.28803e-06
x2.x1.tail                            0.565966
x2.x1.np                                   1.2
x2.x1.nn                                   1.2
x2.x1.ln                                   1.2
x2.x1.lp                                   1.2
x2.x1.lnb                          6.04047e-07
x2.x1.lpb                          6.04047e-07
x2.x1.na                               1.17493
doutb2                                0.619218
dout2                                 0.619218
x2.x1.nb                               1.17493
ean2#branch                        4.54255e-12
eap2#branch                        4.56508e-12
ean1#branch                        4.56508e-12
eap1#branch                        4.54255e-12
ean0#branch                         4.5538e-12
eap0#branch                         4.5538e-12
vclk#branch                        2.99513e-09
vd2#branch                                   0
vd1#branch                                   0
vd0#branch                                   0
vcm#branch                         2.73229e-11
vsup#branch                       -0.000429292

 Reference value :  0.00000e+00
 Reference value :  6.68235e-10
 Reference value :  1.22117e-09
 Reference value :  2.04000e-09
 Reference value :  3.02118e-09
 Reference value :  3.86118e-09
 Reference value :  4.60824e-09
No. of Data Rows : 1345
vsup_v              =  1.20000e+00
d0now               =  -6.72641e-07
d1now               =  1.19998e+00
d2now               =  9.87423e-06
Reset re-loads circuit * comparator-transient-noise @ ff_27c_1.20v -- generated by sim/harness, do not edit

Circuit: * comparator-transient-noise @ ff_27c_1.20v -- generated by sim/harness, do not edit

Doing analysis at TEMP = 27.000000 and TNOM = 27.000000

Using SPARSE 1.3 as Direct Linear Solver

Initial Transient Solution
--------------------------

Node                                   Voltage
----                                   -------
vdd                                        1.2
cm                                         0.6
vd0                                          0
ap0                                        0.6
an0                                        0.6
ibn0                                  0.264662
x0.x1.tmid                           7.288e-06
x0.x1.tail                            0.565963
clk                                          0
x0.x1.np                                   1.2
x0.x1.nn                                   1.2
x0.x1.ln                                   1.2
x0.x1.lp                                   1.2
x0.x1.lnb                          6.04047e-07
x0.x1.lpb                          6.04047e-07
x0.x1.na                               1.17493
doutb0                                0.619218
dout0                                 0.619218
x0.x1.nb                               1.17493
vd1                                      0.001
ap1                                     0.6005
an1                                     0.5995
ibn1                                  0.264662
x1.x1.tmid                         7.28803e-06
x1.x1.tail                            0.565966
x1.x1.np                                   1.2
x1.x1.nn                                   1.2
x1.x1.ln                                   1.2
x1.x1.lp                                   1.2
x1.x1.lnb                          6.04047e-07
x1.x1.lpb                          6.04047e-07
x1.x1.na                               1.17493
doutb1                                0.619218
dout1                                 0.619218
x1.x1.nb                               1.17493
vd2                                     -0.001
ap2                                     0.5995
an2                                     0.6005
ibn2                                  0.264662
x2.x1.tmid                         7.28803e-06
x2.x1.tail                            0.565966
x2.x1.np                                   1.2
x2.x1.nn                                   1.2
x2.x1.ln                                   1.2
x2.x1.lp                                   1.2
x2.x1.lnb                          6.04047e-07
x2.x1.lpb                          6.04047e-07
x2.x1.na                               1.17493
doutb2                                0.619218
dout2                                 0.619218
x2.x1.nb                               1.17493
ean2#branch                        4.54255e-12
eap2#branch                        4.56508e-12
ean1#branch                        4.56508e-12
eap1#branch                        4.54255e-12
ean0#branch                         4.5538e-12
eap0#branch                         4.5538e-12
vclk#branch                        2.99513e-09
vd2#branch                                   0
vd1#branch                                   0
vd0#branch                                   0
vcm#branch                         2.73229e-11
vsup#branch                       -0.000429292

 Reference value :  0.00000e+00
 Reference value :  6.63529e-10
 Reference value :  1.20826e-09
 Reference value :  2.01412e-09
 Reference value :  2.94824e-09
 Reference value :  3.77412e-09
 Reference value :  4.50353e-09
No. of Data Rows : 1345
vsup_v              =  1.20000e+00
d0now               =  1.19998e+00
d1now               =  1.19998e+00
d2now               =  -1.81412e-06
Reset re-loads circuit * comparator-transient-noise @ ff_27c_1.20v -- generated by sim/harness, do not edit

Circuit: * comparator-transient-noise @ ff_27c_1.20v -- generated by sim/harness, do not edit

Doing analysis at TEMP = 27.000000 and TNOM = 27.000000

Using SPARSE 1.3 as Direct Linear Solver

Initial Transient Solution
--------------------------

Node                                   Voltage
----                                   -------
vdd                                        1.2
cm                                         0.6
vd0                                          0
ap0                                        0.6
an0                                        0.6
ibn0                                  0.264662
x0.x1.tmid                           7.288e-06
x0.x1.tail                            0.565963
clk                                          0
x0.x1.np                                   1.2
x0.x1.nn                                   1.2
x0.x1.ln                                   1.2
x0.x1.lp                                   1.2
x0.x1.lnb                          6.04047e-07
x0.x1.lpb                          6.04047e-07
x0.x1.na                               1.17493
doutb0                                0.619218
dout0                                 0.619218
x0.x1.nb                               1.17493
vd1                                      0.001
ap1                                     0.6005
an1                                     0.5995
ibn1                                  0.264662
x1.x1.tmid                         7.28803e-06
x1.x1.tail                            0.565966
x1.x1.np                                   1.2
x1.x1.nn                                   1.2
x1.x1.ln                                   1.2
x1.x1.lp                                   1.2
x1.x1.lnb                          6.04047e-07
x1.x1.lpb                          6.04047e-07
x1.x1.na                               1.17493
doutb1                                0.619218
dout1                                 0.619218
x1.x1.nb                               1.17493
vd2                                     -0.001
ap2                                     0.5995
an2                                     0.6005
ibn2                                  0.264662
x2.x1.tmid                         7.28803e-06
x2.x1.tail                            0.565966
x2.x1.np                                   1.2
x2.x1.nn                                   1.2
x2.x1.ln                                   1.2
x2.x1.lp                                   1.2
x2.x1.lnb                          6.04047e-07
x2.x1.lpb                          6.04047e-07
x2.x1.na                               1.17493
doutb2                                0.619218
dout2                                 0.619218
x2.x1.nb                               1.17493
ean2#branch                        4.54255e-12
eap2#branch                        4.56508e-12
ean1#branch                        4.56508e-12
eap1#branch                        4.54255e-12
ean0#branch                         4.5538e-12
eap0#branch                         4.5538e-12
vclk#branch                        2.99513e-09
vd2#branch                                   0
vd1#branch                                   0
vd0#branch                                   0
vcm#branch                         2.73229e-11
vsup#branch                       -0.000429292

 Reference value :  0.00000e+00
 Reference value :  6.68235e-10
 Reference value :  1.22000e-09
 Reference value :  2.02353e-09
 Reference value :  3.00000e-09
 Reference value :  3.89412e-09
 Reference value :  4.64824e-09
No. of Data Rows : 1345
vsup_v              =  1.20000e+00
d0now               =  1.20000e+00
d1now               =  -1.32259e-06
d2now               =  1.16406e-05
Reset re-loads circuit * comparator-transient-noise @ ff_27c_1.20v -- generated by sim/harness, do not edit

Circuit: * comparator-transient-noise @ ff_27c_1.20v -- generated by sim/harness, do not edit

Doing analysis at TEMP = 27.000000 and TNOM = 27.000000

Using SPARSE 1.3 as Direct Linear Solver

Initial Transient Solution
--------------------------

Node                                   Voltage
----                                   -------
vdd                                        1.2
cm                                         0.6
vd0                                          0
ap0                                        0.6
an0                                        0.6
ibn0                                  0.264662
x0.x1.tmid                           7.288e-06
x0.x1.tail                            0.565963
clk                                          0
x0.x1.np                                   1.2
x0.x1.nn                                   1.2
x0.x1.ln                                   1.2
x0.x1.lp                                   1.2
x0.x1.lnb                          6.04047e-07
x0.x1.lpb                          6.04047e-07
x0.x1.na                               1.17493
doutb0                                0.619218
dout0                                 0.619218
x0.x1.nb                               1.17493
vd1                                      0.001
ap1                                     0.6005
an1                                     0.5995
ibn1                                  0.264662
x1.x1.tmid                         7.28803e-06
x1.x1.tail                            0.565966
x1.x1.np                                   1.2
x1.x1.nn                                   1.2
x1.x1.ln                                   1.2
x1.x1.lp                                   1.2
x1.x1.lnb                          6.04047e-07
x1.x1.lpb                          6.04047e-07
x1.x1.na                               1.17493
doutb1                                0.619218
dout1                                 0.619218
x1.x1.nb                               1.17493
vd2                                     -0.001
ap2                                     0.5995
an2                                     0.6005
ibn2                                  0.264662
x2.x1.tmid                         7.28803e-06
x2.x1.tail                            0.565966
x2.x1.np                                   1.2
x2.x1.nn                                   1.2
x2.x1.ln                                   1.2
x2.x1.lp                                   1.2
x2.x1.lnb                          6.04047e-07
x2.x1.lpb                          6.04047e-07
x2.x1.na                               1.17493
doutb2                                0.619218
dout2                                 0.619218
x2.x1.nb                               1.17493
ean2#branch                        4.54255e-12
eap2#branch                        4.56508e-12
ean1#branch                        4.56508e-12
eap1#branch                        4.54255e-12
ean0#branch                         4.5538e-12
eap0#branch                         4.5538e-12
vclk#branch                        2.99513e-09
vd2#branch                                   0
vd1#branch                                   0
vd0#branch                                   0
vcm#branch                         2.73229e-11
vsup#branch                       -0.000429292

 Reference value :  0.00000e+00
 Reference value :  6.80000e-10
 Reference value :  1.20826e-09
 Reference value :  2.00118e-09
 Reference value :  2.94118e-09
 Reference value :  3.83412e-09
 Reference value :  4.60118e-09
No. of Data Rows : 1345
vsup_v              =  1.20000e+00
d0now               =  1.28596e-06
d1now               =  1.19998e+00
d2now               =  -9.44329e-07
Reset re-loads circuit * comparator-transient-noise @ ff_27c_1.20v -- generated by sim/harness, do not edit

Circuit: * comparator-transient-noise @ ff_27c_1.20v -- generated by sim/harness, do not edit

Doing analysis at TEMP = 27.000000 and TNOM = 27.000000

Using SPARSE 1.3 as Direct Linear Solver

Initial Transient Solution
--------------------------

Node                                   Voltage
----                                   -------
vdd                                        1.2
cm                                         0.6
vd0                                          0
ap0                                        0.6
an0                                        0.6
ibn0                                  0.264662
x0.x1.tmid                           7.288e-06
x0.x1.tail                            0.565963
clk                                          0
x0.x1.np                                   1.2
x0.x1.nn                                   1.2
x0.x1.ln                                   1.2
x0.x1.lp                                   1.2
x0.x1.lnb                          6.04047e-07
x0.x1.lpb                          6.04047e-07
x0.x1.na                               1.17493
doutb0                                0.619218
dout0                                 0.619218
x0.x1.nb                               1.17493
vd1                                      0.001
ap1                                     0.6005
an1                                     0.5995
ibn1                                  0.264662
x1.x1.tmid                         7.28803e-06
x1.x1.tail                            0.565966
x1.x1.np                                   1.2
x1.x1.nn                                   1.2
x1.x1.ln                                   1.2
x1.x1.lp                                   1.2
x1.x1.lnb                          6.04047e-07
x1.x1.lpb                          6.04047e-07
x1.x1.na                               1.17493
doutb1                                0.619218
dout1                                 0.619218
x1.x1.nb                               1.17493
vd2                                     -0.001
ap2                                     0.5995
an2                                     0.6005
ibn2                                  0.264662
x2.x1.tmid                         7.28803e-06
x2.x1.tail                            0.565966
x2.x1.np                                   1.2
x2.x1.nn                                   1.2
x2.x1.ln                                   1.2
x2.x1.lp                                   1.2
x2.x1.lnb                          6.04047e-07
x2.x1.lpb                          6.04047e-07
x2.x1.na                               1.17493
doutb2                                0.619218
dout2                                 0.619218
x2.x1.nb                               1.17493
ean2#branch                        4.54255e-12
eap2#branch                        4.56508e-12
ean1#branch                        4.56508e-12
eap1#branch                        4.54255e-12
ean0#branch                         4.5538e-12
eap0#branch                         4.5538e-12
vclk#branch                        2.99513e-09
vd2#branch                                   0
vd1#branch                                   0
vd0#branch                                   0
vcm#branch                         2.73229e-11
vsup#branch                       -0.000429292

 Reference value :  0.00000e+00
 Reference value :  6.48235e-10
 Reference value :  1.18821e-09
 Reference value :  2.00118e-09
 Reference value :  2.98824e-09
 Reference value :  3.80353e-09
 Reference value :  4.56353e-09
No. of Data Rows : 1345
vsup_v              =  1.20000e+00
d0now               =  5.29124e-06
d1now               =  1.20000e+00
d2now               =  -1.07303e-06
m_frac_high_zero = 4.9999849887e-01
m_frac_high_plus = 8.2499513810e-01
m_frac_high_minus = 2.7500109686e-01
Note: Simulation executed from .control section 

Warning: m=xx on .subckt line will override multiplier m hierarchy!

