
Note: Compatibility modes selected: hs a


Circuit: * comparator-transient-noise @ fs_27c_1.08v -- generated by sim/harness, do not edit

Reset re-loads circuit * comparator-transient-noise @ fs_27c_1.08v -- generated by sim/harness, do not edit

Circuit: * comparator-transient-noise @ fs_27c_1.08v -- generated by sim/harness, do not edit

Doing analysis at TEMP = 27.000000 and TNOM = 27.000000

Using SPARSE 1.3 as Direct Linear Solver

Initial Transient Solution
--------------------------

Node                                   Voltage
----                                   -------
vdd                                       1.08
cm                                         0.6
vd0                                          0
ap0                                        0.6
an0                                        0.6
ibn0                                  0.286672
x0.x1.tmid                         3.10902e-06
x0.x1.tail                            0.564738
clk                                          0
x0.x1.np                                  1.08
x0.x1.nn                                  1.08
x0.x1.ln                                  1.08
x0.x1.lp                                  1.08
x0.x1.lnb                          4.03241e-08
x0.x1.lpb                          4.03241e-08
x0.x1.na                               1.06903
doutb0                                0.526576
dout0                                 0.526576
x0.x1.nb                               1.06903
vd1                                      0.001
ap1                                     0.6005
an1                                     0.5995
ibn1                                  0.286672
x1.x1.tmid                         3.10903e-06
x1.x1.tail                            0.564741
x1.x1.np                                  1.08
x1.x1.nn                                  1.08
x1.x1.ln                                  1.08
x1.x1.lp                                  1.08
x1.x1.lnb                          4.03241e-08
x1.x1.lpb                          4.03241e-08
x1.x1.na                               1.06903
doutb1                                0.526576
dout1                                 0.526576
x1.x1.nb                               1.06903
vd2                                     -0.001
ap2                                     0.5995
an2                                     0.6005
ibn2                                  0.286672
x2.x1.tmid                         3.10903e-06
x2.x1.tail                            0.564741
x2.x1.np                                  1.08
x2.x1.nn                                  1.08
x2.x1.ln                                  1.08
x2.x1.lp                                  1.08
x2.x1.lnb                          4.03241e-08
x2.x1.lpb                          4.03241e-08
x2.x1.na                               1.06903
doutb2                                0.526576
dout2                                 0.526576
x2.x1.nb                               1.06903
ean2#branch                        1.17249e-12
eap2#branch                         1.1793e-12
ean1#branch                         1.1793e-12
eap1#branch                        1.17249e-12
ean0#branch                        1.17587e-12
eap0#branch                        1.17587e-12
vclk#branch                        3.71616e-10
vd2#branch                                   0
vd1#branch                                   0
vd0#branch                                   0
vcm#branch                         7.05532e-12
vsup#branch                       -0.000164793

 Reference value :  0.00000e+00
 Reference value :  7.20000e-10
 Reference value :  1.25412e-09
 Reference value :  2.08824e-09
 Reference value :  3.02118e-09
 Reference value :  3.76000e-09
 Reference value :  4.50824e-09
No. of Data Rows : 1345
vsup_v              =  1.08000e+00
d0now               =  -2.64762e-06
d1now               =  1.07999e+00
d2now               =  -3.16634e-06
Reset re-loads circuit * comparator-transient-noise @ fs_27c_1.08v -- generated by sim/harness, do not edit

Circuit: * comparator-transient-noise @ fs_27c_1.08v -- generated by sim/harness, do not edit

Doing analysis at TEMP = 27.000000 and TNOM = 27.000000

Using SPARSE 1.3 as Direct Linear Solver

Initial Transient Solution
--------------------------

Node                                   Voltage
----                                   -------
vdd                                       1.08
cm                                         0.6
vd0                                          0
ap0                                        0.6
an0                                        0.6
ibn0                                  0.286672
x0.x1.tmid                         3.10902e-06
x0.x1.tail                            0.564738
clk                                          0
x0.x1.np                                  1.08
x0.x1.nn                                  1.08
x0.x1.ln                                  1.08
x0.x1.lp                                  1.08
x0.x1.lnb                          4.03241e-08
x0.x1.lpb                          4.03241e-08
x0.x1.na                               1.06903
doutb0                                0.526576
dout0                                 0.526576
x0.x1.nb                               1.06903
vd1                                      0.001
ap1                                     0.6005
an1                                     0.5995
ibn1                                  0.286672
x1.x1.tmid                         3.10903e-06
x1.x1.tail                            0.564741
x1.x1.np                                  1.08
x1.x1.nn                                  1.08
x1.x1.ln                                  1.08
x1.x1.lp                                  1.08
x1.x1.lnb                          4.03241e-08
x1.x1.lpb                          4.03241e-08
x1.x1.na                               1.06903
doutb1                                0.526576
dout1                                 0.526576
x1.x1.nb                               1.06903
vd2                                     -0.001
ap2                                     0.5995
an2                                     0.6005
ibn2                                  0.286672
x2.x1.tmid                         3.10903e-06
x2.x1.tail                            0.564741
x2.x1.np                                  1.08
x2.x1.nn                                  1.08
x2.x1.ln                                  1.08
x2.x1.lp                                  1.08
x2.x1.lnb                          4.03241e-08
x2.x1.lpb                          4.03241e-08
x2.x1.na                               1.06903
doutb2                                0.526576
dout2                                 0.526576
x2.x1.nb                               1.06903
ean2#branch                        1.17249e-12
eap2#branch                         1.1793e-12
ean1#branch                         1.1793e-12
eap1#branch                        1.17249e-12
ean0#branch                        1.17587e-12
eap0#branch                        1.17587e-12
vclk#branch                        3.71616e-10
vd2#branch                                   0
vd1#branch                                   0
vd0#branch                                   0
vcm#branch                         7.05532e-12
vsup#branch                       -0.000164793

 Reference value :  0.00000e+00
 Reference value :  6.74118e-10
 Reference value :  1.20826e-09
 Reference value :  2.14118e-09
 Reference value :  3.07412e-09
 Reference value :  3.82000e-09
 Reference value :  4.58000e-09
No. of Data Rows : 1345
vsup_v              =  1.08000e+00
d0now               =  1.08000e+00
d1now               =  -3.85450e-07
d2now               =  1.08000e+00
Reset re-loads circuit * comparator-transient-noise @ fs_27c_1.08v -- generated by sim/harness, do not edit

Circuit: * comparator-transient-noise @ fs_27c_1.08v -- generated by sim/harness, do not edit

Doing analysis at TEMP = 27.000000 and TNOM = 27.000000

Using SPARSE 1.3 as Direct Linear Solver

Initial Transient Solution
--------------------------

Node                                   Voltage
----                                   -------
vdd                                       1.08
cm                                         0.6
vd0                                          0
ap0                                        0.6
an0                                        0.6
ibn0                                  0.286672
x0.x1.tmid                         3.10902e-06
x0.x1.tail                            0.564738
clk                                          0
x0.x1.np                                  1.08
x0.x1.nn                                  1.08
x0.x1.ln                                  1.08
x0.x1.lp                                  1.08
x0.x1.lnb                          4.03241e-08
x0.x1.lpb                          4.03241e-08
x0.x1.na                               1.06903
doutb0                                0.526576
dout0                                 0.526576
x0.x1.nb                               1.06903
vd1                                      0.001
ap1                                     0.6005
an1                                     0.5995
ibn1                                  0.286672
x1.x1.tmid                         3.10903e-06
x1.x1.tail                            0.564741
x1.x1.np                                  1.08
x1.x1.nn                                  1.08
x1.x1.ln                                  1.08
x1.x1.lp                                  1.08
x1.x1.lnb                          4.03241e-08
x1.x1.lpb                          4.03241e-08
x1.x1.na                               1.06903
doutb1                                0.526576
dout1                                 0.526576
x1.x1.nb                               1.06903
vd2                                     -0.001
ap2                                     0.5995
an2                                     0.6005
ibn2                                  0.286672
x2.x1.tmid                         3.10903e-06
x2.x1.tail                            0.564741
x2.x1.np                                  1.08
x2.x1.nn                                  1.08
x2.x1.ln                                  1.08
x2.x1.lp                                  1.08
x2.x1.lnb                          4.03241e-08
x2.x1.lpb                          4.03241e-08
x2.x1.na                               1.06903
doutb2                                0.526576
dout2                                 0.526576
x2.x1.nb                               1.06903
ean2#branch                        1.17249e-12
eap2#branch                         1.1793e-12
ean1#branch                         1.1793e-12
eap1#branch                        1.17249e-12
ean0#branch                        1.17587e-12
eap0#branch                        1.17587e-12
vclk#branch                        3.71616e-10
vd2#branch                                   0
vd1#branch                                   0
vd0#branch                                   0
vcm#branch                         7.05532e-12
vsup#branch                       -0.000164793

 Reference value :  0.00000e+00
 Reference value :  7.08235e-10
 Reference value :  1.24000e-09
 Reference value :  2.12353e-09
 Reference value :  3.04000e-09
 Reference value :  3.88118e-09
 Reference value :  4.60353e-09
No. of Data Rows : 1345
vsup_v              =  1.08000e+00
d0now               =  -5.08099e-08
d1now               =  1.08000e+00
d2now               =  1.07999e+00
Reset re-loads circuit * comparator-transient-noise @ fs_27c_1.08v -- generated by sim/harness, do not edit

Circuit: * comparator-transient-noise @ fs_27c_1.08v -- generated by sim/harness, do not edit

Doing analysis at TEMP = 27.000000 and TNOM = 27.000000

Using SPARSE 1.3 as Direct Linear Solver

Initial Transient Solution
--------------------------

Node                                   Voltage
----                                   -------
vdd                                       1.08
cm                                         0.6
vd0                                          0
ap0                                        0.6
an0                                        0.6
ibn0                                  0.286672
x0.x1.tmid                         3.10902e-06
x0.x1.tail                            0.564738
clk                                          0
x0.x1.np                                  1.08
x0.x1.nn                                  1.08
x0.x1.ln                                  1.08
x0.x1.lp                                  1.08
x0.x1.lnb                          4.03241e-08
x0.x1.lpb                          4.03241e-08
x0.x1.na                               1.06903
doutb0                                0.526576
dout0                                 0.526576
x0.x1.nb                               1.06903
vd1                                      0.001
ap1                                     0.6005
an1                                     0.5995
ibn1                                  0.286672
x1.x1.tmid                         3.10903e-06
x1.x1.tail                            0.564741
x1.x1.np                                  1.08
x1.x1.nn                                  1.08
x1.x1.ln                                  1.08
x1.x1.lp                                  1.08
x1.x1.lnb                          4.03241e-08
x1.x1.lpb                          4.03241e-08
x1.x1.na                               1.06903
doutb1                                0.526576
dout1                                 0.526576
x1.x1.nb                               1.06903
vd2                                     -0.001
ap2                                     0.5995
an2                                     0.6005
ibn2                                  0.286672
x2.x1.tmid                         3.10903e-06
x2.x1.tail                            0.564741
x2.x1.np                                  1.08
x2.x1.nn                                  1.08
x2.x1.ln                                  1.08
x2.x1.lp                                  1.08
x2.x1.lnb                          4.03241e-08
x2.x1.lpb                          4.03241e-08
x2.x1.na                               1.06903
doutb2                                0.526576
dout2                                 0.526576
x2.x1.nb                               1.06903
ean2#branch                        1.17249e-12
eap2#branch                         1.1793e-12
ean1#branch                         1.1793e-12
eap1#branch                        1.17249e-12
ean0#branch                        1.17587e-12
eap0#branch                        1.17587e-12
vclk#branch                        3.71616e-10
vd2#branch                                   0
vd1#branch                                   0
vd0#branch                                   0
vcm#branch                         7.05532e-12
vsup#branch                       -0.000164793

 Reference value :  0.00000e+00
 Reference value :  6.63529e-10
 Reference value :  1.21413e-09
 Reference value :  2.04824e-09
 Reference value :  3.02000e-09
 Reference value :  3.81412e-09
 Reference value :  4.59412e-09
No. of Data Rows : 1345
vsup_v              =  1.08000e+00
d0now               =  2.44397e-06
d1now               =  1.08000e+00
d2now               =  1.57456e-06
Reset re-loads circuit * comparator-transient-noise @ fs_27c_1.08v -- generated by sim/harness, do not edit

Circuit: * comparator-transient-noise @ fs_27c_1.08v -- generated by sim/harness, do not edit

Doing analysis at TEMP = 27.000000 and TNOM = 27.000000

Using SPARSE 1.3 as Direct Linear Solver

Initial Transient Solution
--------------------------

Node                                   Voltage
----                                   -------
vdd                                       1.08
cm                                         0.6
vd0                                          0
ap0                                        0.6
an0                                        0.6
ibn0                                  0.286672
x0.x1.tmid                         3.10902e-06
x0.x1.tail                            0.564738
clk                                          0
x0.x1.np                                  1.08
x0.x1.nn                                  1.08
x0.x1.ln                                  1.08
x0.x1.lp                                  1.08
x0.x1.lnb                          4.03241e-08
x0.x1.lpb                          4.03241e-08
x0.x1.na                               1.06903
doutb0                                0.526576
dout0                                 0.526576
x0.x1.nb                               1.06903
vd1                                      0.001
ap1                                     0.6005
an1                                     0.5995
ibn1                                  0.286672
x1.x1.tmid                         3.10903e-06
x1.x1.tail                            0.564741
x1.x1.np                                  1.08
x1.x1.nn                                  1.08
x1.x1.ln                                  1.08
x1.x1.lp                                  1.08
x1.x1.lnb                          4.03241e-08
x1.x1.lpb                          4.03241e-08
x1.x1.na                               1.06903
doutb1                                0.526576
dout1                                 0.526576
x1.x1.nb                               1.06903
vd2                                     -0.001
ap2                                     0.5995
an2                                     0.6005
ibn2                                  0.286672
x2.x1.tmid                         3.10903e-06
x2.x1.tail                            0.564741
x2.x1.np                                  1.08
x2.x1.nn                                  1.08
x2.x1.ln                                  1.08
x2.x1.lp                                  1.08
x2.x1.lnb                          4.03241e-08
x2.x1.lpb                          4.03241e-08
x2.x1.na                               1.06903
doutb2                                0.526576
dout2                                 0.526576
x2.x1.nb                               1.06903
ean2#branch                        1.17249e-12
eap2#branch                         1.1793e-12
ean1#branch                         1.1793e-12
eap1#branch                        1.17249e-12
ean0#branch                        1.17587e-12
eap0#branch                        1.17587e-12
vclk#branch                        3.71616e-10
vd2#branch                                   0
vd1#branch                                   0
vd0#branch                                   0
vcm#branch                         7.05532e-12
vsup#branch                       -0.000164793

 Reference value :  0.00000e+00
 Reference value :  6.61176e-10
 Reference value :  1.18352e-09
 Reference value :  2.04824e-09
 Reference value :  3.00118e-09
 Reference value :  3.80000e-09
 Reference value :  4.46353e-09
No. of Data Rows : 1345
vsup_v              =  1.08000e+00
d0now               =  1.08000e+00
d1now               =  5.89613e-06
d2now               =  2.52655e-06
Reset re-loads circuit * comparator-transient-noise @ fs_27c_1.08v -- generated by sim/harness, do not edit

Circuit: * comparator-transient-noise @ fs_27c_1.08v -- generated by sim/harness, do not edit

Doing analysis at TEMP = 27.000000 and TNOM = 27.000000

Using SPARSE 1.3 as Direct Linear Solver

Initial Transient Solution
--------------------------

Node                                   Voltage
----                                   -------
vdd                                       1.08
cm                                         0.6
vd0                                          0
ap0                                        0.6
an0                                        0.6
ibn0                                  0.286672
x0.x1.tmid                         3.10902e-06
x0.x1.tail                            0.564738
clk                                          0
x0.x1.np                                  1.08
x0.x1.nn                                  1.08
x0.x1.ln                                  1.08
x0.x1.lp                                  1.08
x0.x1.lnb                          4.03241e-08
x0.x1.lpb                          4.03241e-08
x0.x1.na                               1.06903
doutb0                                0.526576
dout0                                 0.526576
x0.x1.nb                               1.06903
vd1                                      0.001
ap1                                     0.6005
an1                                     0.5995
ibn1                                  0.286672
x1.x1.tmid                         3.10903e-06
x1.x1.tail                            0.564741
x1.x1.np                                  1.08
x1.x1.nn                                  1.08
x1.x1.ln                                  1.08
x1.x1.lp                                  1.08
x1.x1.lnb                          4.03241e-08
x1.x1.lpb                          4.03241e-08
x1.x1.na                               1.06903
doutb1                                0.526576
dout1                                 0.526576
x1.x1.nb                               1.06903
vd2                                     -0.001
ap2                                     0.5995
an2                                     0.6005
ibn2                                  0.286672
x2.x1.tmid                         3.10903e-06
x2.x1.tail                            0.564741
x2.x1.np                                  1.08
x2.x1.nn                                  1.08
x2.x1.ln                                  1.08
x2.x1.lp                                  1.08
x2.x1.lnb                          4.03241e-08
x2.x1.lpb                          4.03241e-08
x2.x1.na                               1.06903
doutb2                                0.526576
dout2                                 0.526576
x2.x1.nb                               1.06903
ean2#branch                        1.17249e-12
eap2#branch                         1.1793e-12
ean1#branch                         1.1793e-12
eap1#branch                        1.17249e-12
ean0#branch                        1.17587e-12
eap0#branch                        1.17587e-12
vclk#branch                        3.71616e-10
vd2#branch                                   0
vd1#branch                                   0
vd0#branch                                   0
vcm#branch                         7.05532e-12
vsup#branch                       -0.000164793

 Reference value :  0.00000e+00
 Reference value :  6.54118e-10
 Reference value :  1.18352e-09
 Reference value :  2.05412e-09
 Reference value :  3.08000e-09
 Reference value :  3.88353e-09
 Reference value :  4.66000e-09
No. of Data Rows : 1345
vsup_v              =  1.08000e+00
d0now               =  1.08000e+00
d1now               =  1.07999e+00
d2now               =  3.99344e-06
Reset re-loads circuit * comparator-transient-noise @ fs_27c_1.08v -- generated by sim/harness, do not edit

Circuit: * comparator-transient-noise @ fs_27c_1.08v -- generated by sim/harness, do not edit

Doing analysis at TEMP = 27.000000 and TNOM = 27.000000

Using SPARSE 1.3 as Direct Linear Solver

Initial Transient Solution
--------------------------

Node                                   Voltage
----                                   -------
vdd                                       1.08
cm                                         0.6
vd0                                          0
ap0                                        0.6
an0                                        0.6
ibn0                                  0.286672
x0.x1.tmid                         3.10902e-06
x0.x1.tail                            0.564738
clk                                          0
x0.x1.np                                  1.08
x0.x1.nn                                  1.08
x0.x1.ln                                  1.08
x0.x1.lp                                  1.08
x0.x1.lnb                          4.03241e-08
x0.x1.lpb                          4.03241e-08
x0.x1.na                               1.06903
doutb0                                0.526576
dout0                                 0.526576
x0.x1.nb                               1.06903
vd1                                      0.001
ap1                                     0.6005
an1                                     0.5995
ibn1                                  0.286672
x1.x1.tmid                         3.10903e-06
x1.x1.tail                            0.564741
x1.x1.np                                  1.08
x1.x1.nn                                  1.08
x1.x1.ln                                  1.08
x1.x1.lp                                  1.08
x1.x1.lnb                          4.03241e-08
x1.x1.lpb                          4.03241e-08
x1.x1.na                               1.06903
doutb1                                0.526576
dout1                                 0.526576
x1.x1.nb                               1.06903
vd2                                     -0.001
ap2                                     0.5995
an2                                     0.6005
ibn2                                  0.286672
x2.x1.tmid                         3.10903e-06
x2.x1.tail                            0.564741
x2.x1.np                                  1.08
x2.x1.nn                                  1.08
x2.x1.ln                                  1.08
x2.x1.lp                                  1.08
x2.x1.lnb                          4.03241e-08
x2.x1.lpb                          4.03241e-08
x2.x1.na                               1.06903
doutb2                                0.526576
dout2                                 0.526576
x2.x1.nb                               1.06903
ean2#branch                        1.17249e-12
eap2#branch                         1.1793e-12
ean1#branch                         1.1793e-12
eap1#branch                        1.17249e-12
ean0#branch                        1.17587e-12
eap0#branch                        1.17587e-12
vclk#branch                        3.71616e-10
vd2#branch                                   0
vd1#branch                                   0
vd0#branch                                   0
vcm#branch                         7.05532e-12
vsup#branch                       -0.000164793

 Reference value :  0.00000e+00
 Reference value :  6.74118e-10
 Reference value :  1.20000e-09
 Reference value :  2.06118e-09
 Reference value :  2.96353e-09
 Reference value :  3.76118e-09
 Reference value :  4.56353e-09
No. of Data Rows : 1345
vsup_v              =  1.08000e+00
d0now               =  9.93943e-07
d1now               =  1.07999e+00
d2now               =  -5.96493e-07
Reset re-loads circuit * comparator-transient-noise @ fs_27c_1.08v -- generated by sim/harness, do not edit

Circuit: * comparator-transient-noise @ fs_27c_1.08v -- generated by sim/harness, do not edit

Doing analysis at TEMP = 27.000000 and TNOM = 27.000000

Using SPARSE 1.3 as Direct Linear Solver

Initial Transient Solution
--------------------------

Node                                   Voltage
----                                   -------
vdd                                       1.08
cm                                         0.6
vd0                                          0
ap0                                        0.6
an0                                        0.6
ibn0                                  0.286672
x0.x1.tmid                         3.10902e-06
x0.x1.tail                            0.564738
clk                                          0
x0.x1.np                                  1.08
x0.x1.nn                                  1.08
x0.x1.ln                                  1.08
x0.x1.lp                                  1.08
x0.x1.lnb                          4.03241e-08
x0.x1.lpb                          4.03241e-08
x0.x1.na                               1.06903
doutb0                                0.526576
dout0                                 0.526576
x0.x1.nb                               1.06903
vd1                                      0.001
ap1                                     0.6005
an1                                     0.5995
ibn1                                  0.286672
x1.x1.tmid                         3.10903e-06
x1.x1.tail                            0.564741
x1.x1.np                                  1.08
x1.x1.nn                                  1.08
x1.x1.ln                                  1.08
x1.x1.lp                                  1.08
x1.x1.lnb                          4.03241e-08
x1.x1.lpb                          4.03241e-08
x1.x1.na                               1.06903
doutb1                                0.526576
dout1                                 0.526576
x1.x1.nb                               1.06903
vd2                                     -0.001
ap2                                     0.5995
an2                                     0.6005
ibn2                                  0.286672
x2.x1.tmid                         3.10903e-06
x2.x1.tail                            0.564741
x2.x1.np                                  1.08
x2.x1.nn                                  1.08
x2.x1.ln                                  1.08
x2.x1.lp                                  1.08
x2.x1.lnb                          4.03241e-08
x2.x1.lpb                          4.03241e-08
x2.x1.na                               1.06903
doutb2                                0.526576
dout2                                 0.526576
x2.x1.nb                               1.06903
ean2#branch                        1.17249e-12
eap2#branch                         1.1793e-12
ean1#branch                         1.1793e-12
eap1#branch                        1.17249e-12
ean0#branch                        1.17587e-12
eap0#branch                        1.17587e-12
vclk#branch                        3.71616e-10
vd2#branch                                   0
vd1#branch                                   0
vd0#branch                                   0
vcm#branch                         7.05532e-12
vsup#branch                       -0.000164793

 Reference value :  0.00000e+00
 Reference value :  6.60000e-10
 Reference value :  1.18352e-09
 Reference value :  2.00118e-09
 Reference value :  2.94000e-09
 Reference value :  3.74118e-09
 Reference value :  4.50824e-09
No. of Data Rows : 1345
vsup_v              =  1.08000e+00
d0now               =  2.65938e-06
d1now               =  1.08000e+00
d2now               =  -1.31569e-06
Reset re-loads circuit * comparator-transient-noise @ fs_27c_1.08v -- generated by sim/harness, do not edit

Circuit: * comparator-transient-noise @ fs_27c_1.08v -- generated by sim/harness, do not edit

Doing analysis at TEMP = 27.000000 and TNOM = 27.000000

Using SPARSE 1.3 as Direct Linear Solver

Initial Transient Solution
--------------------------

Node                                   Voltage
----                                   -------
vdd                                       1.08
cm                                         0.6
vd0                                          0
ap0                                        0.6
an0                                        0.6
ibn0                                  0.286672
x0.x1.tmid                         3.10902e-06
x0.x1.tail                            0.564738
clk                                          0
x0.x1.np                                  1.08
x0.x1.nn                                  1.08
x0.x1.ln                                  1.08
x0.x1.lp                                  1.08
x0.x1.lnb                          4.03241e-08
x0.x1.lpb                          4.03241e-08
x0.x1.na                               1.06903
doutb0                                0.526576
dout0                                 0.526576
x0.x1.nb                               1.06903
vd1                                      0.001
ap1                                     0.6005
an1                                     0.5995
ibn1                                  0.286672
x1.x1.tmid                         3.10903e-06
x1.x1.tail                            0.564741
x1.x1.np                                  1.08
x1.x1.nn                                  1.08
x1.x1.ln                                  1.08
x1.x1.lp                                  1.08
x1.x1.lnb                          4.03241e-08
x1.x1.lpb                          4.03241e-08
x1.x1.na                               1.06903
doutb1                                0.526576
dout1                                 0.526576
x1.x1.nb                               1.06903
vd2                                     -0.001
ap2                                     0.5995
an2                                     0.6005
ibn2                                  0.286672
x2.x1.tmid                         3.10903e-06
x2.x1.tail                            0.564741
x2.x1.np                                  1.08
x2.x1.nn                                  1.08
x2.x1.ln                                  1.08
x2.x1.lp                                  1.08
x2.x1.lnb                          4.03241e-08
x2.x1.lpb                          4.03241e-08
x2.x1.na                               1.06903
doutb2                                0.526576
dout2                                 0.526576
x2.x1.nb                               1.06903
ean2#branch                        1.17249e-12
eap2#branch                         1.1793e-12
ean1#branch                         1.1793e-12
eap1#branch                        1.17249e-12
ean0#branch                        1.17587e-12
eap0#branch                        1.17587e-12
vclk#branch                        3.71616e-10
vd2#branch                                   0
vd1#branch                                   0
vd0#branch                                   0
vcm#branch                         7.05532e-12
vsup#branch                       -0.000164793

 Reference value :  0.00000e+00
 Reference value :  6.60000e-10
 Reference value :  1.20826e-09
 Reference value :  2.04000e-09
 Reference value :  3.00353e-09
 Reference value :  3.76118e-09
 Reference value :  4.48118e-09
No. of Data Rows : 1345
vsup_v              =  1.08000e+00
d0now               =  1.07999e+00
d1now               =  -2.51930e-06
d2now               =  5.47251e-06
Reset re-loads circuit * comparator-transient-noise @ fs_27c_1.08v -- generated by sim/harness, do not edit

Circuit: * comparator-transient-noise @ fs_27c_1.08v -- generated by sim/harness, do not edit

Doing analysis at TEMP = 27.000000 and TNOM = 27.000000

Using SPARSE 1.3 as Direct Linear Solver

Initial Transient Solution
--------------------------

Node                                   Voltage
----                                   -------
vdd                                       1.08
cm                                         0.6
vd0                                          0
ap0                                        0.6
an0                                        0.6
ibn0                                  0.286672
x0.x1.tmid                         3.10902e-06
x0.x1.tail                            0.564738
clk                                          0
x0.x1.np                                  1.08
x0.x1.nn                                  1.08
x0.x1.ln                                  1.08
x0.x1.lp                                  1.08
x0.x1.lnb                          4.03241e-08
x0.x1.lpb                          4.03241e-08
x0.x1.na                               1.06903
doutb0                                0.526576
dout0                                 0.526576
x0.x1.nb                               1.06903
vd1                                      0.001
ap1                                     0.6005
an1                                     0.5995
ibn1                                  0.286672
x1.x1.tmid                         3.10903e-06
x1.x1.tail                            0.564741
x1.x1.np                                  1.08
x1.x1.nn                                  1.08
x1.x1.ln                                  1.08
x1.x1.lp                                  1.08
x1.x1.lnb                          4.03241e-08
x1.x1.lpb                          4.03241e-08
x1.x1.na                               1.06903
doutb1                                0.526576
dout1                                 0.526576
x1.x1.nb                               1.06903
vd2                                     -0.001
ap2                                     0.5995
an2                                     0.6005
ibn2                                  0.286672
x2.x1.tmid                         3.10903e-06
x2.x1.tail                            0.564741
x2.x1.np                                  1.08
x2.x1.nn                                  1.08
x2.x1.ln                                  1.08
x2.x1.lp                                  1.08
x2.x1.lnb                          4.03241e-08
x2.x1.lpb                          4.03241e-08
x2.x1.na                               1.06903
doutb2                                0.526576
dout2                                 0.526576
x2.x1.nb                               1.06903
ean2#branch                        1.17249e-12
eap2#branch                         1.1793e-12
ean1#branch                         1.1793e-12
eap1#branch                        1.17249e-12
ean0#branch                        1.17587e-12
eap0#branch                        1.17587e-12
vclk#branch                        3.71616e-10
vd2#branch                                   0
vd1#branch                                   0
vd0#branch                                   0
vcm#branch                         7.05532e-12
vsup#branch                       -0.000164793

 Reference value :  0.00000e+00
 Reference value :  6.41176e-10
 Reference value :  1.14818e-09
 Reference value :  1.99412e-09
 Reference value :  2.92000e-09
 Reference value :  3.66353e-09
 Reference value :  4.48000e-09
No. of Data Rows : 1345
vsup_v              =  1.08000e+00
d0now               =  3.02789e-06
d1now               =  -7.73158e-07
d2now               =  4.23801e-06
Reset re-loads circuit * comparator-transient-noise @ fs_27c_1.08v -- generated by sim/harness, do not edit

Circuit: * comparator-transient-noise @ fs_27c_1.08v -- generated by sim/harness, do not edit

Doing analysis at TEMP = 27.000000 and TNOM = 27.000000

Using SPARSE 1.3 as Direct Linear Solver

Initial Transient Solution
--------------------------

Node                                   Voltage
----                                   -------
vdd                                       1.08
cm                                         0.6
vd0                                          0
ap0                                        0.6
an0                                        0.6
ibn0                                  0.286672
x0.x1.tmid                         3.10902e-06
x0.x1.tail                            0.564738
clk                                          0
x0.x1.np                                  1.08
x0.x1.nn                                  1.08
x0.x1.ln                                  1.08
x0.x1.lp                                  1.08
x0.x1.lnb                          4.03241e-08
x0.x1.lpb                          4.03241e-08
x0.x1.na                               1.06903
doutb0                                0.526576
dout0                                 0.526576
x0.x1.nb                               1.06903
vd1                                      0.001
ap1                                     0.6005
an1                                     0.5995
ibn1                                  0.286672
x1.x1.tmid                         3.10903e-06
x1.x1.tail                            0.564741
x1.x1.np                                  1.08
x1.x1.nn                                  1.08
x1.x1.ln                                  1.08
x1.x1.lp                                  1.08
x1.x1.lnb                          4.03241e-08
x1.x1.lpb                          4.03241e-08
x1.x1.na                               1.06903
doutb1                                0.526576
dout1                                 0.526576
x1.x1.nb                               1.06903
vd2                                     -0.001
ap2                                     0.5995
an2                                     0.6005
ibn2                                  0.286672
x2.x1.tmid                         3.10903e-06
x2.x1.tail                            0.564741
x2.x1.np                                  1.08
x2.x1.nn                                  1.08
x2.x1.ln                                  1.08
x2.x1.lp                                  1.08
x2.x1.lnb                          4.03241e-08
x2.x1.lpb                          4.03241e-08
x2.x1.na                               1.06903
doutb2                                0.526576
dout2                                 0.526576
x2.x1.nb                               1.06903
ean2#branch                        1.17249e-12
eap2#branch                         1.1793e-12
ean1#branch                         1.1793e-12
eap1#branch                        1.17249e-12
ean0#branch                        1.17587e-12
eap0#branch                        1.17587e-12
vclk#branch                        3.71616e-10
vd2#branch                                   0
vd1#branch                                   0
vd0#branch                                   0
vcm#branch                         7.05532e-12
vsup#branch                       -0.000164793

 Reference value :  0.00000e+00
 Reference value :  6.68235e-10
 Reference value :  1.16355e-09
 Reference value :  2.02353e-09
 Reference value :  2.99412e-09
 Reference value :  3.80824e-09
 Reference value :  4.58824e-09
No. of Data Rows : 1345
vsup_v              =  1.08000e+00
d0now               =  7.36783e-07
d1now               =  1.08000e+00
d2now               =  2.78050e-07
Reset re-loads circuit * comparator-transient-noise @ fs_27c_1.08v -- generated by sim/harness, do not edit

Circuit: * comparator-transient-noise @ fs_27c_1.08v -- generated by sim/harness, do not edit

Doing analysis at TEMP = 27.000000 and TNOM = 27.000000

Using SPARSE 1.3 as Direct Linear Solver

Initial Transient Solution
--------------------------

Node                                   Voltage
----                                   -------
vdd                                       1.08
cm                                         0.6
vd0                                          0
ap0                                        0.6
an0                                        0.6
ibn0                                  0.286672
x0.x1.tmid                         3.10902e-06
x0.x1.tail                            0.564738
clk                                          0
x0.x1.np                                  1.08
x0.x1.nn                                  1.08
x0.x1.ln                                  1.08
x0.x1.lp                                  1.08
x0.x1.lnb                          4.03241e-08
x0.x1.lpb                          4.03241e-08
x0.x1.na                               1.06903
doutb0                                0.526576
dout0                                 0.526576
x0.x1.nb                               1.06903
vd1                                      0.001
ap1                                     0.6005
an1                                     0.5995
ibn1                                  0.286672
x1.x1.tmid                         3.10903e-06
x1.x1.tail                            0.564741
x1.x1.np                                  1.08
x1.x1.nn                                  1.08
x1.x1.ln                                  1.08
x1.x1.lp                                  1.08
x1.x1.lnb                          4.03241e-08
x1.x1.lpb                          4.03241e-08
x1.x1.na                               1.06903
doutb1                                0.526576
dout1                                 0.526576
x1.x1.nb                               1.06903
vd2                                     -0.001
ap2                                     0.5995
an2                                     0.6005
ibn2                                  0.286672
x2.x1.tmid                         3.10903e-06
x2.x1.tail                            0.564741
x2.x1.np                                  1.08
x2.x1.nn                                  1.08
x2.x1.ln                                  1.08
x2.x1.lp                                  1.08
x2.x1.lnb                          4.03241e-08
x2.x1.lpb                          4.03241e-08
x2.x1.na                               1.06903
doutb2                                0.526576
dout2                                 0.526576
x2.x1.nb                               1.06903
ean2#branch                        1.17249e-12
eap2#branch                         1.1793e-12
ean1#branch                         1.1793e-12
eap1#branch                        1.17249e-12
ean0#branch                        1.17587e-12
eap0#branch                        1.17587e-12
vclk#branch                        3.71616e-10
vd2#branch                                   0
vd1#branch                                   0
vd0#branch                                   0
vcm#branch                         7.05532e-12
vsup#branch                       -0.000164793

 Reference value :  0.00000e+00
 Reference value :  6.63529e-10
 Reference value :  1.18352e-09
 Reference value :  2.04824e-09
 Reference value :  3.07412e-09
 Reference value :  3.86000e-09
 Reference value :  4.60353e-09
No. of Data Rows : 1345
vsup_v              =  1.08000e+00
d0now               =  1.07999e+00
d1now               =  1.08000e+00
d2now               =  1.08000e+00
Reset re-loads circuit * comparator-transient-noise @ fs_27c_1.08v -- generated by sim/harness, do not edit

Circuit: * comparator-transient-noise @ fs_27c_1.08v -- generated by sim/harness, do not edit

Doing analysis at TEMP = 27.000000 and TNOM = 27.000000

Using SPARSE 1.3 as Direct Linear Solver

Initial Transient Solution
--------------------------

Node                                   Voltage
----                                   -------
vdd                                       1.08
cm                                         0.6
vd0                                          0
ap0                                        0.6
an0                                        0.6
ibn0                                  0.286672
x0.x1.tmid                         3.10902e-06
x0.x1.tail                            0.564738
clk                                          0
x0.x1.np                                  1.08
x0.x1.nn                                  1.08
x0.x1.ln                                  1.08
x0.x1.lp                                  1.08
x0.x1.lnb                          4.03241e-08
x0.x1.lpb                          4.03241e-08
x0.x1.na                               1.06903
doutb0                                0.526576
dout0                                 0.526576
x0.x1.nb                               1.06903
vd1                                      0.001
ap1                                     0.6005
an1                                     0.5995
ibn1                                  0.286672
x1.x1.tmid                         3.10903e-06
x1.x1.tail                            0.564741
x1.x1.np                                  1.08
x1.x1.nn                                  1.08
x1.x1.ln                                  1.08
x1.x1.lp                                  1.08
x1.x1.lnb                          4.03241e-08
x1.x1.lpb                          4.03241e-08
x1.x1.na                               1.06903
doutb1                                0.526576
dout1                                 0.526576
x1.x1.nb                               1.06903
vd2                                     -0.001
ap2                                     0.5995
an2                                     0.6005
ibn2                                  0.286672
x2.x1.tmid                         3.10903e-06
x2.x1.tail                            0.564741
x2.x1.np                                  1.08
x2.x1.nn                                  1.08
x2.x1.ln                                  1.08
x2.x1.lp                                  1.08
x2.x1.lnb                          4.03241e-08
x2.x1.lpb                          4.03241e-08
x2.x1.na                               1.06903
doutb2                                0.526576
dout2                                 0.526576
x2.x1.nb                               1.06903
ean2#branch                        1.17249e-12
eap2#branch                         1.1793e-12
ean1#branch                         1.1793e-12
eap1#branch                        1.17249e-12
ean0#branch                        1.17587e-12
eap0#branch                        1.17587e-12
vclk#branch                        3.71616e-10
vd2#branch                                   0
vd1#branch                                   0
vd0#branch                                   0
vcm#branch                         7.05532e-12
vsup#branch                       -0.000164793

 Reference value :  0.00000e+00
 Reference value :  6.60000e-10
 Reference value :  1.18000e-09
 Reference value :  2.00824e-09
 Reference value :  2.89412e-09
 Reference value :  3.72000e-09
 Reference value :  4.46000e-09
No. of Data Rows : 1345
vsup_v              =  1.08000e+00
d0now               =  1.07999e+00
d1now               =  1.08000e+00
d2now               =  1.08000e+00
Reset re-loads circuit * comparator-transient-noise @ fs_27c_1.08v -- generated by sim/harness, do not edit

Circuit: * comparator-transient-noise @ fs_27c_1.08v -- generated by sim/harness, do not edit

Doing analysis at TEMP = 27.000000 and TNOM = 27.000000

Using SPARSE 1.3 as Direct Linear Solver

Initial Transient Solution
--------------------------

Node                                   Voltage
----                                   -------
vdd                                       1.08
cm                                         0.6
vd0                                          0
ap0                                        0.6
an0                                        0.6
ibn0                                  0.286672
x0.x1.tmid                         3.10902e-06
x0.x1.tail                            0.564738
clk                                          0
x0.x1.np                                  1.08
x0.x1.nn                                  1.08
x0.x1.ln                                  1.08
x0.x1.lp                                  1.08
x0.x1.lnb                          4.03241e-08
x0.x1.lpb                          4.03241e-08
x0.x1.na                               1.06903
doutb0                                0.526576
dout0                                 0.526576
x0.x1.nb                               1.06903
vd1                                      0.001
ap1                                     0.6005
an1                                     0.5995
ibn1                                  0.286672
x1.x1.tmid                         3.10903e-06
x1.x1.tail                            0.564741
x1.x1.np                                  1.08
x1.x1.nn                                  1.08
x1.x1.ln                                  1.08
x1.x1.lp                                  1.08
x1.x1.lnb                          4.03241e-08
x1.x1.lpb                          4.03241e-08
x1.x1.na                               1.06903
doutb1                                0.526576
dout1                                 0.526576
x1.x1.nb                               1.06903
vd2                                     -0.001
ap2                                     0.5995
an2                                     0.6005
ibn2                                  0.286672
x2.x1.tmid                         3.10903e-06
x2.x1.tail                            0.564741
x2.x1.np                                  1.08
x2.x1.nn                                  1.08
x2.x1.ln                                  1.08
x2.x1.lp                                  1.08
x2.x1.lnb                          4.03241e-08
x2.x1.lpb                          4.03241e-08
x2.x1.na                               1.06903
doutb2                                0.526576
dout2                                 0.526576
x2.x1.nb                               1.06903
ean2#branch                        1.17249e-12
eap2#branch                         1.1793e-12
ean1#branch                         1.1793e-12
eap1#branch                        1.17249e-12
ean0#branch                        1.17587e-12
eap0#branch                        1.17587e-12
vclk#branch                        3.71616e-10
vd2#branch                                   0
vd1#branch                                   0
vd0#branch                                   0
vcm#branch                         7.05532e-12
vsup#branch                       -0.000164793

 Reference value :  0.00000e+00
 Reference value :  6.54118e-10
 Reference value :  1.16828e-09
 Reference value :  2.02824e-09
 Reference value :  2.94118e-09
 Reference value :  3.75412e-09
 Reference value :  4.54118e-09
No. of Data Rows : 1345
vsup_v              =  1.08000e+00
d0now               =  2.95038e-06
d1now               =  1.07999e+00
d2now               =  1.19883e-06
Reset re-loads circuit * comparator-transient-noise @ fs_27c_1.08v -- generated by sim/harness, do not edit

Circuit: * comparator-transient-noise @ fs_27c_1.08v -- generated by sim/harness, do not edit

Doing analysis at TEMP = 27.000000 and TNOM = 27.000000

Using SPARSE 1.3 as Direct Linear Solver

Initial Transient Solution
--------------------------

Node                                   Voltage
----                                   -------
vdd                                       1.08
cm                                         0.6
vd0                                          0
ap0                                        0.6
an0                                        0.6
ibn0                                  0.286672
x0.x1.tmid                         3.10902e-06
x0.x1.tail                            0.564738
clk                                          0
x0.x1.np                                  1.08
x0.x1.nn                                  1.08
x0.x1.ln                                  1.08
x0.x1.lp                                  1.08
x0.x1.lnb                          4.03241e-08
x0.x1.lpb                          4.03241e-08
x0.x1.na                               1.06903
doutb0                                0.526576
dout0                                 0.526576
x0.x1.nb                               1.06903
vd1                                      0.001
ap1                                     0.6005
an1                                     0.5995
ibn1                                  0.286672
x1.x1.tmid                         3.10903e-06
x1.x1.tail                            0.564741
x1.x1.np                                  1.08
x1.x1.nn                                  1.08
x1.x1.ln                                  1.08
x1.x1.lp                                  1.08
x1.x1.lnb                          4.03241e-08
x1.x1.lpb                          4.03241e-08
x1.x1.na                               1.06903
doutb1                                0.526576
dout1                                 0.526576
x1.x1.nb                               1.06903
vd2                                     -0.001
ap2                                     0.5995
an2                                     0.6005
ibn2                                  0.286672
x2.x1.tmid                         3.10903e-06
x2.x1.tail                            0.564741
x2.x1.np                                  1.08
x2.x1.nn                                  1.08
x2.x1.ln                                  1.08
x2.x1.lp                                  1.08
x2.x1.lnb                          4.03241e-08
x2.x1.lpb                          4.03241e-08
x2.x1.na                               1.06903
doutb2                                0.526576
dout2                                 0.526576
x2.x1.nb                               1.06903
ean2#branch                        1.17249e-12
eap2#branch                         1.1793e-12
ean1#branch                         1.1793e-12
eap1#branch                        1.17249e-12
ean0#branch                        1.17587e-12
eap0#branch                        1.17587e-12
vclk#branch                        3.71616e-10
vd2#branch                                   0
vd1#branch                                   0
vd0#branch                                   0
vcm#branch                         7.05532e-12
vsup#branch                       -0.000164793

 Reference value :  0.00000e+00
 Reference value :  6.54118e-10
 Reference value :  1.16118e-09
 Reference value :  1.99412e-09
 Reference value :  2.88118e-09
 Reference value :  3.74824e-09
 Reference value :  4.55412e-09
No. of Data Rows : 1345
vsup_v              =  1.08000e+00
d0now               =  -5.02478e-07
d1now               =  6.66265e-07
d2now               =  1.08000e+00
Reset re-loads circuit * comparator-transient-noise @ fs_27c_1.08v -- generated by sim/harness, do not edit

Circuit: * comparator-transient-noise @ fs_27c_1.08v -- generated by sim/harness, do not edit

Doing analysis at TEMP = 27.000000 and TNOM = 27.000000

Using SPARSE 1.3 as Direct Linear Solver

Initial Transient Solution
--------------------------

Node                                   Voltage
----                                   -------
vdd                                       1.08
cm                                         0.6
vd0                                          0
ap0                                        0.6
an0                                        0.6
ibn0                                  0.286672
x0.x1.tmid                         3.10902e-06
x0.x1.tail                            0.564738
clk                                          0
x0.x1.np                                  1.08
x0.x1.nn                                  1.08
x0.x1.ln                                  1.08
x0.x1.lp                                  1.08
x0.x1.lnb                          4.03241e-08
x0.x1.lpb                          4.03241e-08
x0.x1.na                               1.06903
doutb0                                0.526576
dout0                                 0.526576
x0.x1.nb                               1.06903
vd1                                      0.001
ap1                                     0.6005
an1                                     0.5995
ibn1                                  0.286672
x1.x1.tmid                         3.10903e-06
x1.x1.tail                            0.564741
x1.x1.np                                  1.08
x1.x1.nn                                  1.08
x1.x1.ln                                  1.08
x1.x1.lp                                  1.08
x1.x1.lnb                          4.03241e-08
x1.x1.lpb                          4.03241e-08
x1.x1.na                               1.06903
doutb1                                0.526576
dout1                                 0.526576
x1.x1.nb                               1.06903
vd2                                     -0.001
ap2                                     0.5995
an2                                     0.6005
ibn2                                  0.286672
x2.x1.tmid                         3.10903e-06
x2.x1.tail                            0.564741
x2.x1.np                                  1.08
x2.x1.nn                                  1.08
x2.x1.ln                                  1.08
x2.x1.lp                                  1.08
x2.x1.lnb                          4.03241e-08
x2.x1.lpb                          4.03241e-08
x2.x1.na                               1.06903
doutb2                                0.526576
dout2                                 0.526576
x2.x1.nb                               1.06903
ean2#branch                        1.17249e-12
eap2#branch                         1.1793e-12
ean1#branch                         1.1793e-12
eap1#branch                        1.17249e-12
ean0#branch                        1.17587e-12
eap0#branch                        1.17587e-12
vclk#branch                        3.71616e-10
vd2#branch                                   0
vd1#branch                                   0
vd0#branch                                   0
vcm#branch                         7.05532e-12
vsup#branch                       -0.000164793

 Reference value :  0.00000e+00
 Reference value :  6.68235e-10
 Reference value :  1.19410e-09
 Reference value :  2.12000e-09
 Reference value :  3.06824e-09
 Reference value :  3.89412e-09
 Reference value :  4.64824e-09
No. of Data Rows : 1345
vsup_v              =  1.08000e+00
d0now               =  -1.84016e-07
d1now               =  1.08000e+00
d2now               =  2.49736e-06
Reset re-loads circuit * comparator-transient-noise @ fs_27c_1.08v -- generated by sim/harness, do not edit

Circuit: * comparator-transient-noise @ fs_27c_1.08v -- generated by sim/harness, do not edit

Doing analysis at TEMP = 27.000000 and TNOM = 27.000000

Using SPARSE 1.3 as Direct Linear Solver

Initial Transient Solution
--------------------------

Node                                   Voltage
----                                   -------
vdd                                       1.08
cm                                         0.6
vd0                                          0
ap0                                        0.6
an0                                        0.6
ibn0                                  0.286672
x0.x1.tmid                         3.10902e-06
x0.x1.tail                            0.564738
clk                                          0
x0.x1.np                                  1.08
x0.x1.nn                                  1.08
x0.x1.ln                                  1.08
x0.x1.lp                                  1.08
x0.x1.lnb                          4.03241e-08
x0.x1.lpb                          4.03241e-08
x0.x1.na                               1.06903
doutb0                                0.526576
dout0                                 0.526576
x0.x1.nb                               1.06903
vd1                                      0.001
ap1                                     0.6005
an1                                     0.5995
ibn1                                  0.286672
x1.x1.tmid                         3.10903e-06
x1.x1.tail                            0.564741
x1.x1.np                                  1.08
x1.x1.nn                                  1.08
x1.x1.ln                                  1.08
x1.x1.lp                                  1.08
x1.x1.lnb                          4.03241e-08
x1.x1.lpb                          4.03241e-08
x1.x1.na                               1.06903
doutb1                                0.526576
dout1                                 0.526576
x1.x1.nb                               1.06903
vd2                                     -0.001
ap2                                     0.5995
an2                                     0.6005
ibn2                                  0.286672
x2.x1.tmid                         3.10903e-06
x2.x1.tail                            0.564741
x2.x1.np                                  1.08
x2.x1.nn                                  1.08
x2.x1.ln                                  1.08
x2.x1.lp                                  1.08
x2.x1.lnb                          4.03241e-08
x2.x1.lpb                          4.03241e-08
x2.x1.na                               1.06903
doutb2                                0.526576
dout2                                 0.526576
x2.x1.nb                               1.06903
ean2#branch                        1.17249e-12
eap2#branch                         1.1793e-12
ean1#branch                         1.1793e-12
eap1#branch                        1.17249e-12
ean0#branch                        1.17587e-12
eap0#branch                        1.17587e-12
vclk#branch                        3.71616e-10
vd2#branch                                   0
vd1#branch                                   0
vd0#branch                                   0
vcm#branch                         7.05532e-12
vsup#branch                       -0.000164793

 Reference value :  0.00000e+00
 Reference value :  6.54118e-10
 Reference value :  1.20354e-09
 Reference value :  2.04118e-09
 Reference value :  3.08000e-09
 Reference value :  3.93412e-09
 Reference value :  4.70353e-09
No. of Data Rows : 1345
vsup_v              =  1.08000e+00
d0now               =  2.94771e-06
d1now               =  1.08000e+00
d2now               =  1.08000e+00
Reset re-loads circuit * comparator-transient-noise @ fs_27c_1.08v -- generated by sim/harness, do not edit

Circuit: * comparator-transient-noise @ fs_27c_1.08v -- generated by sim/harness, do not edit

Doing analysis at TEMP = 27.000000 and TNOM = 27.000000

Using SPARSE 1.3 as Direct Linear Solver

Initial Transient Solution
--------------------------

Node                                   Voltage
----                                   -------
vdd                                       1.08
cm                                         0.6
vd0                                          0
ap0                                        0.6
an0                                        0.6
ibn0                                  0.286672
x0.x1.tmid                         3.10902e-06
x0.x1.tail                            0.564738
clk                                          0
x0.x1.np                                  1.08
x0.x1.nn                                  1.08
x0.x1.ln                                  1.08
x0.x1.lp                                  1.08
x0.x1.lnb                          4.03241e-08
x0.x1.lpb                          4.03241e-08
x0.x1.na                               1.06903
doutb0                                0.526576
dout0                                 0.526576
x0.x1.nb                               1.06903
vd1                                      0.001
ap1                                     0.6005
an1                                     0.5995
ibn1                                  0.286672
x1.x1.tmid                         3.10903e-06
x1.x1.tail                            0.564741
x1.x1.np                                  1.08
x1.x1.nn                                  1.08
x1.x1.ln                                  1.08
x1.x1.lp                                  1.08
x1.x1.lnb                          4.03241e-08
x1.x1.lpb                          4.03241e-08
x1.x1.na                               1.06903
doutb1                                0.526576
dout1                                 0.526576
x1.x1.nb                               1.06903
vd2                                     -0.001
ap2                                     0.5995
an2                                     0.6005
ibn2                                  0.286672
x2.x1.tmid                         3.10903e-06
x2.x1.tail                            0.564741
x2.x1.np                                  1.08
x2.x1.nn                                  1.08
x2.x1.ln                                  1.08
x2.x1.lp                                  1.08
x2.x1.lnb                          4.03241e-08
x2.x1.lpb                          4.03241e-08
x2.x1.na                               1.06903
doutb2                                0.526576
dout2                                 0.526576
x2.x1.nb                               1.06903
ean2#branch                        1.17249e-12
eap2#branch                         1.1793e-12
ean1#branch                         1.1793e-12
eap1#branch                        1.17249e-12
ean0#branch                        1.17587e-12
eap0#branch                        1.17587e-12
vclk#branch                        3.71616e-10
vd2#branch                                   0
vd1#branch                                   0
vd0#branch                                   0
vcm#branch                         7.05532e-12
vsup#branch                       -0.000164793

 Reference value :  0.00000e+00
 Reference value :  6.68235e-10
 Reference value :  1.20826e-09
 Reference value :  2.08000e-09
 Reference value :  3.02000e-09
 Reference value :  3.80118e-09
 Reference value :  4.52353e-09
No. of Data Rows : 1345
vsup_v              =  1.08000e+00
d0now               =  1.08000e+00
d1now               =  1.08000e+00
d2now               =  -4.11589e-07
Reset re-loads circuit * comparator-transient-noise @ fs_27c_1.08v -- generated by sim/harness, do not edit

Circuit: * comparator-transient-noise @ fs_27c_1.08v -- generated by sim/harness, do not edit

Doing analysis at TEMP = 27.000000 and TNOM = 27.000000

Using SPARSE 1.3 as Direct Linear Solver

Initial Transient Solution
--------------------------

Node                                   Voltage
----                                   -------
vdd                                       1.08
cm                                         0.6
vd0                                          0
ap0                                        0.6
an0                                        0.6
ibn0                                  0.286672
x0.x1.tmid                         3.10902e-06
x0.x1.tail                            0.564738
clk                                          0
x0.x1.np                                  1.08
x0.x1.nn                                  1.08
x0.x1.ln                                  1.08
x0.x1.lp                                  1.08
x0.x1.lnb                          4.03241e-08
x0.x1.lpb                          4.03241e-08
x0.x1.na                               1.06903
doutb0                                0.526576
dout0                                 0.526576
x0.x1.nb                               1.06903
vd1                                      0.001
ap1                                     0.6005
an1                                     0.5995
ibn1                                  0.286672
x1.x1.tmid                         3.10903e-06
x1.x1.tail                            0.564741
x1.x1.np                                  1.08
x1.x1.nn                                  1.08
x1.x1.ln                                  1.08
x1.x1.lp                                  1.08
x1.x1.lnb                          4.03241e-08
x1.x1.lpb                          4.03241e-08
x1.x1.na                               1.06903
doutb1                                0.526576
dout1                                 0.526576
x1.x1.nb                               1.06903
vd2                                     -0.001
ap2                                     0.5995
an2                                     0.6005
ibn2                                  0.286672
x2.x1.tmid                         3.10903e-06
x2.x1.tail                            0.564741
x2.x1.np                                  1.08
x2.x1.nn                                  1.08
x2.x1.ln                                  1.08
x2.x1.lp                                  1.08
x2.x1.lnb                          4.03241e-08
x2.x1.lpb                          4.03241e-08
x2.x1.na                               1.06903
doutb2                                0.526576
dout2                                 0.526576
x2.x1.nb                               1.06903
ean2#branch                        1.17249e-12
eap2#branch                         1.1793e-12
ean1#branch                         1.1793e-12
eap1#branch                        1.17249e-12
ean0#branch                        1.17587e-12
eap0#branch                        1.17587e-12
vclk#branch                        3.71616e-10
vd2#branch                                   0
vd1#branch                                   0
vd0#branch                                   0
vcm#branch                         7.05532e-12
vsup#branch                       -0.000164793

 Reference value :  0.00000e+00
 Reference value :  6.54118e-10
 Reference value :  1.16355e-09
 Reference value :  2.00118e-09
 Reference value :  2.96353e-09
 Reference value :  3.74824e-09
 Reference value :  4.48353e-09
No. of Data Rows : 1345
vsup_v              =  1.08000e+00
d0now               =  3.03732e-06
d1now               =  1.07999e+00
d2now               =  1.07999e+00
Reset re-loads circuit * comparator-transient-noise @ fs_27c_1.08v -- generated by sim/harness, do not edit

Circuit: * comparator-transient-noise @ fs_27c_1.08v -- generated by sim/harness, do not edit

Doing analysis at TEMP = 27.000000 and TNOM = 27.000000

Using SPARSE 1.3 as Direct Linear Solver

Initial Transient Solution
--------------------------

Node                                   Voltage
----                                   -------
vdd                                       1.08
cm                                         0.6
vd0                                          0
ap0                                        0.6
an0                                        0.6
ibn0                                  0.286672
x0.x1.tmid                         3.10902e-06
x0.x1.tail                            0.564738
clk                                          0
x0.x1.np                                  1.08
x0.x1.nn                                  1.08
x0.x1.ln                                  1.08
x0.x1.lp                                  1.08
x0.x1.lnb                          4.03241e-08
x0.x1.lpb                          4.03241e-08
x0.x1.na                               1.06903
doutb0                                0.526576
dout0                                 0.526576
x0.x1.nb                               1.06903
vd1                                      0.001
ap1                                     0.6005
an1                                     0.5995
ibn1                                  0.286672
x1.x1.tmid                         3.10903e-06
x1.x1.tail                            0.564741
x1.x1.np                                  1.08
x1.x1.nn                                  1.08
x1.x1.ln                                  1.08
x1.x1.lp                                  1.08
x1.x1.lnb                          4.03241e-08
x1.x1.lpb                          4.03241e-08
x1.x1.na                               1.06903
doutb1                                0.526576
dout1                                 0.526576
x1.x1.nb                               1.06903
vd2                                     -0.001
ap2                                     0.5995
an2                                     0.6005
ibn2                                  0.286672
x2.x1.tmid                         3.10903e-06
x2.x1.tail                            0.564741
x2.x1.np                                  1.08
x2.x1.nn                                  1.08
x2.x1.ln                                  1.08
x2.x1.lp                                  1.08
x2.x1.lnb                          4.03241e-08
x2.x1.lpb                          4.03241e-08
x2.x1.na                               1.06903
doutb2                                0.526576
dout2                                 0.526576
x2.x1.nb                               1.06903
ean2#branch                        1.17249e-12
eap2#branch                         1.1793e-12
ean1#branch                         1.1793e-12
eap1#branch                        1.17249e-12
ean0#branch                        1.17587e-12
eap0#branch                        1.17587e-12
vclk#branch                        3.71616e-10
vd2#branch                                   0
vd1#branch                                   0
vd0#branch                                   0
vcm#branch                         7.05532e-12
vsup#branch                       -0.000164793

 Reference value :  0.00000e+00
 Reference value :  6.63529e-10
 Reference value :  1.18352e-09
 Reference value :  2.06118e-09
 Reference value :  2.99412e-09
 Reference value :  3.77412e-09
 Reference value :  4.52824e-09
No. of Data Rows : 1345
vsup_v              =  1.08000e+00
d0now               =  1.08000e+00
d1now               =  1.08000e+00
d2now               =  -1.08406e-06
Reset re-loads circuit * comparator-transient-noise @ fs_27c_1.08v -- generated by sim/harness, do not edit

Circuit: * comparator-transient-noise @ fs_27c_1.08v -- generated by sim/harness, do not edit

Doing analysis at TEMP = 27.000000 and TNOM = 27.000000

Using SPARSE 1.3 as Direct Linear Solver

Initial Transient Solution
--------------------------

Node                                   Voltage
----                                   -------
vdd                                       1.08
cm                                         0.6
vd0                                          0
ap0                                        0.6
an0                                        0.6
ibn0                                  0.286672
x0.x1.tmid                         3.10902e-06
x0.x1.tail                            0.564738
clk                                          0
x0.x1.np                                  1.08
x0.x1.nn                                  1.08
x0.x1.ln                                  1.08
x0.x1.lp                                  1.08
x0.x1.lnb                          4.03241e-08
x0.x1.lpb                          4.03241e-08
x0.x1.na                               1.06903
doutb0                                0.526576
dout0                                 0.526576
x0.x1.nb                               1.06903
vd1                                      0.001
ap1                                     0.6005
an1                                     0.5995
ibn1                                  0.286672
x1.x1.tmid                         3.10903e-06
x1.x1.tail                            0.564741
x1.x1.np                                  1.08
x1.x1.nn                                  1.08
x1.x1.ln                                  1.08
x1.x1.lp                                  1.08
x1.x1.lnb                          4.03241e-08
x1.x1.lpb                          4.03241e-08
x1.x1.na                               1.06903
doutb1                                0.526576
dout1                                 0.526576
x1.x1.nb                               1.06903
vd2                                     -0.001
ap2                                     0.5995
an2                                     0.6005
ibn2                                  0.286672
x2.x1.tmid                         3.10903e-06
x2.x1.tail                            0.564741
x2.x1.np                                  1.08
x2.x1.nn                                  1.08
x2.x1.ln                                  1.08
x2.x1.lp                                  1.08
x2.x1.lnb                          4.03241e-08
x2.x1.lpb                          4.03241e-08
x2.x1.na                               1.06903
doutb2                                0.526576
dout2                                 0.526576
x2.x1.nb                               1.06903
ean2#branch                        1.17249e-12
eap2#branch                         1.1793e-12
ean1#branch                         1.1793e-12
eap1#branch                        1.17249e-12
ean0#branch                        1.17587e-12
eap0#branch                        1.17587e-12
vclk#branch                        3.71616e-10
vd2#branch                                   0
vd1#branch                                   0
vd0#branch                                   0
vcm#branch                         7.05532e-12
vsup#branch                       -0.000164793

 Reference value :  0.00000e+00
 Reference value :  6.68235e-10
 Reference value :  1.19410e-09
 Reference value :  2.04824e-09
 Reference value :  2.94824e-09
 Reference value :  3.76000e-09
 Reference value :  4.54118e-09
No. of Data Rows : 1345
vsup_v              =  1.08000e+00
d0now               =  3.91166e-06
d1now               =  1.07999e+00
d2now               =  1.09269e-06
Reset re-loads circuit * comparator-transient-noise @ fs_27c_1.08v -- generated by sim/harness, do not edit

Circuit: * comparator-transient-noise @ fs_27c_1.08v -- generated by sim/harness, do not edit

Doing analysis at TEMP = 27.000000 and TNOM = 27.000000

Using SPARSE 1.3 as Direct Linear Solver

Initial Transient Solution
--------------------------

Node                                   Voltage
----                                   -------
vdd                                       1.08
cm                                         0.6
vd0                                          0
ap0                                        0.6
an0                                        0.6
ibn0                                  0.286672
x0.x1.tmid                         3.10902e-06
x0.x1.tail                            0.564738
clk                                          0
x0.x1.np                                  1.08
x0.x1.nn                                  1.08
x0.x1.ln                                  1.08
x0.x1.lp                                  1.08
x0.x1.lnb                          4.03241e-08
x0.x1.lpb                          4.03241e-08
x0.x1.na                               1.06903
doutb0                                0.526576
dout0                                 0.526576
x0.x1.nb                               1.06903
vd1                                      0.001
ap1                                     0.6005
an1                                     0.5995
ibn1                                  0.286672
x1.x1.tmid                         3.10903e-06
x1.x1.tail                            0.564741
x1.x1.np                                  1.08
x1.x1.nn                                  1.08
x1.x1.ln                                  1.08
x1.x1.lp                                  1.08
x1.x1.lnb                          4.03241e-08
x1.x1.lpb                          4.03241e-08
x1.x1.na                               1.06903
doutb1                                0.526576
dout1                                 0.526576
x1.x1.nb                               1.06903
vd2                                     -0.001
ap2                                     0.5995
an2                                     0.6005
ibn2                                  0.286672
x2.x1.tmid                         3.10903e-06
x2.x1.tail                            0.564741
x2.x1.np                                  1.08
x2.x1.nn                                  1.08
x2.x1.ln                                  1.08
x2.x1.lp                                  1.08
x2.x1.lnb                          4.03241e-08
x2.x1.lpb                          4.03241e-08
x2.x1.na                               1.06903
doutb2                                0.526576
dout2                                 0.526576
x2.x1.nb                               1.06903
ean2#branch                        1.17249e-12
eap2#branch                         1.1793e-12
ean1#branch                         1.1793e-12
eap1#branch                        1.17249e-12
ean0#branch                        1.17587e-12
eap0#branch                        1.17587e-12
vclk#branch                        3.71616e-10
vd2#branch                                   0
vd1#branch                                   0
vd0#branch                                   0
vcm#branch                         7.05532e-12
vsup#branch                       -0.000164793

 Reference value :  0.00000e+00
 Reference value :  6.63529e-10
 Reference value :  1.17414e-09
 Reference value :  2.03412e-09
 Reference value :  2.96000e-09
 Reference value :  3.80353e-09
 Reference value :  4.55412e-09
No. of Data Rows : 1345
vsup_v              =  1.08000e+00
d0now               =  1.08000e+00
d1now               =  1.07999e+00
d2now               =  2.56628e-06
Reset re-loads circuit * comparator-transient-noise @ fs_27c_1.08v -- generated by sim/harness, do not edit

Circuit: * comparator-transient-noise @ fs_27c_1.08v -- generated by sim/harness, do not edit

Doing analysis at TEMP = 27.000000 and TNOM = 27.000000

Using SPARSE 1.3 as Direct Linear Solver

Initial Transient Solution
--------------------------

Node                                   Voltage
----                                   -------
vdd                                       1.08
cm                                         0.6
vd0                                          0
ap0                                        0.6
an0                                        0.6
ibn0                                  0.286672
x0.x1.tmid                         3.10902e-06
x0.x1.tail                            0.564738
clk                                          0
x0.x1.np                                  1.08
x0.x1.nn                                  1.08
x0.x1.ln                                  1.08
x0.x1.lp                                  1.08
x0.x1.lnb                          4.03241e-08
x0.x1.lpb                          4.03241e-08
x0.x1.na                               1.06903
doutb0                                0.526576
dout0                                 0.526576
x0.x1.nb                               1.06903
vd1                                      0.001
ap1                                     0.6005
an1                                     0.5995
ibn1                                  0.286672
x1.x1.tmid                         3.10903e-06
x1.x1.tail                            0.564741
x1.x1.np                                  1.08
x1.x1.nn                                  1.08
x1.x1.ln                                  1.08
x1.x1.lp                                  1.08
x1.x1.lnb                          4.03241e-08
x1.x1.lpb                          4.03241e-08
x1.x1.na                               1.06903
doutb1                                0.526576
dout1                                 0.526576
x1.x1.nb                               1.06903
vd2                                     -0.001
ap2                                     0.5995
an2                                     0.6005
ibn2                                  0.286672
x2.x1.tmid                         3.10903e-06
x2.x1.tail                            0.564741
x2.x1.np                                  1.08
x2.x1.nn                                  1.08
x2.x1.ln                                  1.08
x2.x1.lp                                  1.08
x2.x1.lnb                          4.03241e-08
x2.x1.lpb                          4.03241e-08
x2.x1.na                               1.06903
doutb2                                0.526576
dout2                                 0.526576
x2.x1.nb                               1.06903
ean2#branch                        1.17249e-12
eap2#branch                         1.1793e-12
ean1#branch                         1.1793e-12
eap1#branch                        1.17249e-12
ean0#branch                        1.17587e-12
eap0#branch                        1.17587e-12
vclk#branch                        3.71616e-10
vd2#branch                                   0
vd1#branch                                   0
vd0#branch                                   0
vcm#branch                         7.05532e-12
vsup#branch                       -0.000164793

 Reference value :  0.00000e+00
 Reference value :  6.80000e-10
 Reference value :  1.20826e-09
 Reference value :  2.06118e-09
 Reference value :  3.02118e-09
 Reference value :  3.77412e-09
 Reference value :  4.52353e-09
No. of Data Rows : 1345
vsup_v              =  1.08000e+00
d0now               =  1.08000e+00
d1now               =  1.07999e+00
d2now               =  1.07999e+00
Reset re-loads circuit * comparator-transient-noise @ fs_27c_1.08v -- generated by sim/harness, do not edit

Circuit: * comparator-transient-noise @ fs_27c_1.08v -- generated by sim/harness, do not edit

Doing analysis at TEMP = 27.000000 and TNOM = 27.000000

Using SPARSE 1.3 as Direct Linear Solver

Initial Transient Solution
--------------------------

Node                                   Voltage
----                                   -------
vdd                                       1.08
cm                                         0.6
vd0                                          0
ap0                                        0.6
an0                                        0.6
ibn0                                  0.286672
x0.x1.tmid                         3.10902e-06
x0.x1.tail                            0.564738
clk                                          0
x0.x1.np                                  1.08
x0.x1.nn                                  1.08
x0.x1.ln                                  1.08
x0.x1.lp                                  1.08
x0.x1.lnb                          4.03241e-08
x0.x1.lpb                          4.03241e-08
x0.x1.na                               1.06903
doutb0                                0.526576
dout0                                 0.526576
x0.x1.nb                               1.06903
vd1                                      0.001
ap1                                     0.6005
an1                                     0.5995
ibn1                                  0.286672
x1.x1.tmid                         3.10903e-06
x1.x1.tail                            0.564741
x1.x1.np                                  1.08
x1.x1.nn                                  1.08
x1.x1.ln                                  1.08
x1.x1.lp                                  1.08
x1.x1.lnb                          4.03241e-08
x1.x1.lpb                          4.03241e-08
x1.x1.na                               1.06903
doutb1                                0.526576
dout1                                 0.526576
x1.x1.nb                               1.06903
vd2                                     -0.001
ap2                                     0.5995
an2                                     0.6005
ibn2                                  0.286672
x2.x1.tmid                         3.10903e-06
x2.x1.tail                            0.564741
x2.x1.np                                  1.08
x2.x1.nn                                  1.08
x2.x1.ln                                  1.08
x2.x1.lp                                  1.08
x2.x1.lnb                          4.03241e-08
x2.x1.lpb                          4.03241e-08
x2.x1.na                               1.06903
doutb2                                0.526576
dout2                                 0.526576
x2.x1.nb                               1.06903
ean2#branch                        1.17249e-12
eap2#branch                         1.1793e-12
ean1#branch                         1.1793e-12
eap1#branch                        1.17249e-12
ean0#branch                        1.17587e-12
eap0#branch                        1.17587e-12
vclk#branch                        3.71616e-10
vd2#branch                                   0
vd1#branch                                   0
vd0#branch                                   0
vcm#branch                         7.05532e-12
vsup#branch                       -0.000164793

 Reference value :  0.00000e+00
 Reference value :  6.63529e-10
 Reference value :  1.18352e-09
 Reference value :  2.02118e-09
 Reference value :  2.95412e-09
 Reference value :  3.72353e-09
 Reference value :  4.46824e-09
No. of Data Rows : 1345
vsup_v              =  1.08000e+00
d0now               =  1.08000e+00
d1now               =  4.22262e-06
d2now               =  1.67900e-06
Reset re-loads circuit * comparator-transient-noise @ fs_27c_1.08v -- generated by sim/harness, do not edit

Circuit: * comparator-transient-noise @ fs_27c_1.08v -- generated by sim/harness, do not edit

Doing analysis at TEMP = 27.000000 and TNOM = 27.000000

Using SPARSE 1.3 as Direct Linear Solver

Initial Transient Solution
--------------------------

Node                                   Voltage
----                                   -------
vdd                                       1.08
cm                                         0.6
vd0                                          0
ap0                                        0.6
an0                                        0.6
ibn0                                  0.286672
x0.x1.tmid                         3.10902e-06
x0.x1.tail                            0.564738
clk                                          0
x0.x1.np                                  1.08
x0.x1.nn                                  1.08
x0.x1.ln                                  1.08
x0.x1.lp                                  1.08
x0.x1.lnb                          4.03241e-08
x0.x1.lpb                          4.03241e-08
x0.x1.na                               1.06903
doutb0                                0.526576
dout0                                 0.526576
x0.x1.nb                               1.06903
vd1                                      0.001
ap1                                     0.6005
an1                                     0.5995
ibn1                                  0.286672
x1.x1.tmid                         3.10903e-06
x1.x1.tail                            0.564741
x1.x1.np                                  1.08
x1.x1.nn                                  1.08
x1.x1.ln                                  1.08
x1.x1.lp                                  1.08
x1.x1.lnb                          4.03241e-08
x1.x1.lpb                          4.03241e-08
x1.x1.na                               1.06903
doutb1                                0.526576
dout1                                 0.526576
x1.x1.nb                               1.06903
vd2                                     -0.001
ap2                                     0.5995
an2                                     0.6005
ibn2                                  0.286672
x2.x1.tmid                         3.10903e-06
x2.x1.tail                            0.564741
x2.x1.np                                  1.08
x2.x1.nn                                  1.08
x2.x1.ln                                  1.08
x2.x1.lp                                  1.08
x2.x1.lnb                          4.03241e-08
x2.x1.lpb                          4.03241e-08
x2.x1.na                               1.06903
doutb2                                0.526576
dout2                                 0.526576
x2.x1.nb                               1.06903
ean2#branch                        1.17249e-12
eap2#branch                         1.1793e-12
ean1#branch                         1.1793e-12
eap1#branch                        1.17249e-12
ean0#branch                        1.17587e-12
eap0#branch                        1.17587e-12
vclk#branch                        3.71616e-10
vd2#branch                                   0
vd1#branch                                   0
vd0#branch                                   0
vcm#branch                         7.05532e-12
vsup#branch                       -0.000164793

 Reference value :  0.00000e+00
 Reference value :  6.28235e-10
 Reference value :  1.10406e-09
 Reference value :  1.90000e-09
 Reference value :  2.72824e-09
 Reference value :  3.56000e-09
 Reference value :  4.30353e-09
 Reference value :  5.04353e-09
No. of Data Rows : 1345
vsup_v              =  1.08000e+00
d0now               =  1.08000e+00
d1now               =  1.08000e+00
d2now               =  2.87588e-06
Reset re-loads circuit * comparator-transient-noise @ fs_27c_1.08v -- generated by sim/harness, do not edit

Circuit: * comparator-transient-noise @ fs_27c_1.08v -- generated by sim/harness, do not edit

Doing analysis at TEMP = 27.000000 and TNOM = 27.000000

Using SPARSE 1.3 as Direct Linear Solver

Initial Transient Solution
--------------------------

Node                                   Voltage
----                                   -------
vdd                                       1.08
cm                                         0.6
vd0                                          0
ap0                                        0.6
an0                                        0.6
ibn0                                  0.286672
x0.x1.tmid                         3.10902e-06
x0.x1.tail                            0.564738
clk                                          0
x0.x1.np                                  1.08
x0.x1.nn                                  1.08
x0.x1.ln                                  1.08
x0.x1.lp                                  1.08
x0.x1.lnb                          4.03241e-08
x0.x1.lpb                          4.03241e-08
x0.x1.na                               1.06903
doutb0                                0.526576
dout0                                 0.526576
x0.x1.nb                               1.06903
vd1                                      0.001
ap1                                     0.6005
an1                                     0.5995
ibn1                                  0.286672
x1.x1.tmid                         3.10903e-06
x1.x1.tail                            0.564741
x1.x1.np                                  1.08
x1.x1.nn                                  1.08
x1.x1.ln                                  1.08
x1.x1.lp                                  1.08
x1.x1.lnb                          4.03241e-08
x1.x1.lpb                          4.03241e-08
x1.x1.na                               1.06903
doutb1                                0.526576
dout1                                 0.526576
x1.x1.nb                               1.06903
vd2                                     -0.001
ap2                                     0.5995
an2                                     0.6005
ibn2                                  0.286672
x2.x1.tmid                         3.10903e-06
x2.x1.tail                            0.564741
x2.x1.np                                  1.08
x2.x1.nn                                  1.08
x2.x1.ln                                  1.08
x2.x1.lp                                  1.08
x2.x1.lnb                          4.03241e-08
x2.x1.lpb                          4.03241e-08
x2.x1.na                               1.06903
doutb2                                0.526576
dout2                                 0.526576
x2.x1.nb                               1.06903
ean2#branch                        1.17249e-12
eap2#branch                         1.1793e-12
ean1#branch                         1.1793e-12
eap1#branch                        1.17249e-12
ean0#branch                        1.17587e-12
eap0#branch                        1.17587e-12
vclk#branch                        3.71616e-10
vd2#branch                                   0
vd1#branch                                   0
vd0#branch                                   0
vcm#branch                         7.05532e-12
vsup#branch                       -0.000164793

 Reference value :  0.00000e+00
 Reference value :  7.03529e-10
 Reference value :  1.25412e-09
 Reference value :  2.16000e-09
 Reference value :  3.14824e-09
 Reference value :  4.00118e-09
 Reference value :  4.75412e-09
No. of Data Rows : 1345
vsup_v              =  1.08000e+00
d0now               =  3.04415e-07
d1now               =  4.66608e-06
d2now               =  1.69792e-06
Reset re-loads circuit * comparator-transient-noise @ fs_27c_1.08v -- generated by sim/harness, do not edit

Circuit: * comparator-transient-noise @ fs_27c_1.08v -- generated by sim/harness, do not edit

Doing analysis at TEMP = 27.000000 and TNOM = 27.000000

Using SPARSE 1.3 as Direct Linear Solver

Initial Transient Solution
--------------------------

Node                                   Voltage
----                                   -------
vdd                                       1.08
cm                                         0.6
vd0                                          0
ap0                                        0.6
an0                                        0.6
ibn0                                  0.286672
x0.x1.tmid                         3.10902e-06
x0.x1.tail                            0.564738
clk                                          0
x0.x1.np                                  1.08
x0.x1.nn                                  1.08
x0.x1.ln                                  1.08
x0.x1.lp                                  1.08
x0.x1.lnb                          4.03241e-08
x0.x1.lpb                          4.03241e-08
x0.x1.na                               1.06903
doutb0                                0.526576
dout0                                 0.526576
x0.x1.nb                               1.06903
vd1                                      0.001
ap1                                     0.6005
an1                                     0.5995
ibn1                                  0.286672
x1.x1.tmid                         3.10903e-06
x1.x1.tail                            0.564741
x1.x1.np                                  1.08
x1.x1.nn                                  1.08
x1.x1.ln                                  1.08
x1.x1.lp                                  1.08
x1.x1.lnb                          4.03241e-08
x1.x1.lpb                          4.03241e-08
x1.x1.na                               1.06903
doutb1                                0.526576
dout1                                 0.526576
x1.x1.nb                               1.06903
vd2                                     -0.001
ap2                                     0.5995
an2                                     0.6005
ibn2                                  0.286672
x2.x1.tmid                         3.10903e-06
x2.x1.tail                            0.564741
x2.x1.np                                  1.08
x2.x1.nn                                  1.08
x2.x1.ln                                  1.08
x2.x1.lp                                  1.08
x2.x1.lnb                          4.03241e-08
x2.x1.lpb                          4.03241e-08
x2.x1.na                               1.06903
doutb2                                0.526576
dout2                                 0.526576
x2.x1.nb                               1.06903
ean2#branch                        1.17249e-12
eap2#branch                         1.1793e-12
ean1#branch                         1.1793e-12
eap1#branch                        1.17249e-12
ean0#branch                        1.17587e-12
eap0#branch                        1.17587e-12
vclk#branch                        3.71616e-10
vd2#branch                                   0
vd1#branch                                   0
vd0#branch                                   0
vcm#branch                         7.05532e-12
vsup#branch                       -0.000164793

 Reference value :  0.00000e+00
 Reference value :  6.54118e-10
 Reference value :  1.19410e-09
 Reference value :  1.99412e-09
 Reference value :  2.86824e-09
 Reference value :  3.69412e-09
 Reference value :  4.43412e-09
No. of Data Rows : 1345
vsup_v              =  1.08000e+00
d0now               =  -6.21868e-07
d1now               =  1.08000e+00
d2now               =  1.83578e-06
Reset re-loads circuit * comparator-transient-noise @ fs_27c_1.08v -- generated by sim/harness, do not edit

Circuit: * comparator-transient-noise @ fs_27c_1.08v -- generated by sim/harness, do not edit

Doing analysis at TEMP = 27.000000 and TNOM = 27.000000

Using SPARSE 1.3 as Direct Linear Solver

Initial Transient Solution
--------------------------

Node                                   Voltage
----                                   -------
vdd                                       1.08
cm                                         0.6
vd0                                          0
ap0                                        0.6
an0                                        0.6
ibn0                                  0.286672
x0.x1.tmid                         3.10902e-06
x0.x1.tail                            0.564738
clk                                          0
x0.x1.np                                  1.08
x0.x1.nn                                  1.08
x0.x1.ln                                  1.08
x0.x1.lp                                  1.08
x0.x1.lnb                          4.03241e-08
x0.x1.lpb                          4.03241e-08
x0.x1.na                               1.06903
doutb0                                0.526576
dout0                                 0.526576
x0.x1.nb                               1.06903
vd1                                      0.001
ap1                                     0.6005
an1                                     0.5995
ibn1                                  0.286672
x1.x1.tmid                         3.10903e-06
x1.x1.tail                            0.564741
x1.x1.np                                  1.08
x1.x1.nn                                  1.08
x1.x1.ln                                  1.08
x1.x1.lp                                  1.08
x1.x1.lnb                          4.03241e-08
x1.x1.lpb                          4.03241e-08
x1.x1.na                               1.06903
doutb1                                0.526576
dout1                                 0.526576
x1.x1.nb                               1.06903
vd2                                     -0.001
ap2                                     0.5995
an2                                     0.6005
ibn2                                  0.286672
x2.x1.tmid                         3.10903e-06
x2.x1.tail                            0.564741
x2.x1.np                                  1.08
x2.x1.nn                                  1.08
x2.x1.ln                                  1.08
x2.x1.lp                                  1.08
x2.x1.lnb                          4.03241e-08
x2.x1.lpb                          4.03241e-08
x2.x1.na                               1.06903
doutb2                                0.526576
dout2                                 0.526576
x2.x1.nb                               1.06903
ean2#branch                        1.17249e-12
eap2#branch                         1.1793e-12
ean1#branch                         1.1793e-12
eap1#branch                        1.17249e-12
ean0#branch                        1.17587e-12
eap0#branch                        1.17587e-12
vclk#branch                        3.71616e-10
vd2#branch                                   0
vd1#branch                                   0
vd0#branch                                   0
vcm#branch                         7.05532e-12
vsup#branch                       -0.000164793

 Reference value :  0.00000e+00
 Reference value :  6.54118e-10
 Reference value :  1.22352e-09
 Reference value :  2.06353e-09
 Reference value :  3.10118e-09
 Reference value :  3.87412e-09
 Reference value :  4.60824e-09
No. of Data Rows : 1345
vsup_v              =  1.08000e+00
d0now               =  1.07999e+00
d1now               =  2.84359e-07
d2now               =  -2.08963e-06
Reset re-loads circuit * comparator-transient-noise @ fs_27c_1.08v -- generated by sim/harness, do not edit

Circuit: * comparator-transient-noise @ fs_27c_1.08v -- generated by sim/harness, do not edit

Doing analysis at TEMP = 27.000000 and TNOM = 27.000000

Using SPARSE 1.3 as Direct Linear Solver

Initial Transient Solution
--------------------------

Node                                   Voltage
----                                   -------
vdd                                       1.08
cm                                         0.6
vd0                                          0
ap0                                        0.6
an0                                        0.6
ibn0                                  0.286672
x0.x1.tmid                         3.10902e-06
x0.x1.tail                            0.564738
clk                                          0
x0.x1.np                                  1.08
x0.x1.nn                                  1.08
x0.x1.ln                                  1.08
x0.x1.lp                                  1.08
x0.x1.lnb                          4.03241e-08
x0.x1.lpb                          4.03241e-08
x0.x1.na                               1.06903
doutb0                                0.526576
dout0                                 0.526576
x0.x1.nb                               1.06903
vd1                                      0.001
ap1                                     0.6005
an1                                     0.5995
ibn1                                  0.286672
x1.x1.tmid                         3.10903e-06
x1.x1.tail                            0.564741
x1.x1.np                                  1.08
x1.x1.nn                                  1.08
x1.x1.ln                                  1.08
x1.x1.lp                                  1.08
x1.x1.lnb                          4.03241e-08
x1.x1.lpb                          4.03241e-08
x1.x1.na                               1.06903
doutb1                                0.526576
dout1                                 0.526576
x1.x1.nb                               1.06903
vd2                                     -0.001
ap2                                     0.5995
an2                                     0.6005
ibn2                                  0.286672
x2.x1.tmid                         3.10903e-06
x2.x1.tail                            0.564741
x2.x1.np                                  1.08
x2.x1.nn                                  1.08
x2.x1.ln                                  1.08
x2.x1.lp                                  1.08
x2.x1.lnb                          4.03241e-08
x2.x1.lpb                          4.03241e-08
x2.x1.na                               1.06903
doutb2                                0.526576
dout2                                 0.526576
x2.x1.nb                               1.06903
ean2#branch                        1.17249e-12
eap2#branch                         1.1793e-12
ean1#branch                         1.1793e-12
eap1#branch                        1.17249e-12
ean0#branch                        1.17587e-12
eap0#branch                        1.17587e-12
vclk#branch                        3.71616e-10
vd2#branch                                   0
vd1#branch                                   0
vd0#branch                                   0
vcm#branch                         7.05532e-12
vsup#branch                       -0.000164793

 Reference value :  0.00000e+00
 Reference value :  6.80000e-10
 Reference value :  1.16828e-09
 Reference value :  1.99412e-09
 Reference value :  2.88353e-09
 Reference value :  3.68118e-09
 Reference value :  4.42824e-09
No. of Data Rows : 1345
vsup_v              =  1.08000e+00
d0now               =  1.46065e-06
d1now               =  1.08000e+00
d2now               =  -2.54048e-06
Reset re-loads circuit * comparator-transient-noise @ fs_27c_1.08v -- generated by sim/harness, do not edit

Circuit: * comparator-transient-noise @ fs_27c_1.08v -- generated by sim/harness, do not edit

Doing analysis at TEMP = 27.000000 and TNOM = 27.000000

Using SPARSE 1.3 as Direct Linear Solver

Initial Transient Solution
--------------------------

Node                                   Voltage
----                                   -------
vdd                                       1.08
cm                                         0.6
vd0                                          0
ap0                                        0.6
an0                                        0.6
ibn0                                  0.286672
x0.x1.tmid                         3.10902e-06
x0.x1.tail                            0.564738
clk                                          0
x0.x1.np                                  1.08
x0.x1.nn                                  1.08
x0.x1.ln                                  1.08
x0.x1.lp                                  1.08
x0.x1.lnb                          4.03241e-08
x0.x1.lpb                          4.03241e-08
x0.x1.na                               1.06903
doutb0                                0.526576
dout0                                 0.526576
x0.x1.nb                               1.06903
vd1                                      0.001
ap1                                     0.6005
an1                                     0.5995
ibn1                                  0.286672
x1.x1.tmid                         3.10903e-06
x1.x1.tail                            0.564741
x1.x1.np                                  1.08
x1.x1.nn                                  1.08
x1.x1.ln                                  1.08
x1.x1.lp                                  1.08
x1.x1.lnb                          4.03241e-08
x1.x1.lpb                          4.03241e-08
x1.x1.na                               1.06903
doutb1                                0.526576
dout1                                 0.526576
x1.x1.nb                               1.06903
vd2                                     -0.001
ap2                                     0.5995
an2                                     0.6005
ibn2                                  0.286672
x2.x1.tmid                         3.10903e-06
x2.x1.tail                            0.564741
x2.x1.np                                  1.08
x2.x1.nn                                  1.08
x2.x1.ln                                  1.08
x2.x1.lp                                  1.08
x2.x1.lnb                          4.03241e-08
x2.x1.lpb                          4.03241e-08
x2.x1.na                               1.06903
doutb2                                0.526576
dout2                                 0.526576
x2.x1.nb                               1.06903
ean2#branch                        1.17249e-12
eap2#branch                         1.1793e-12
ean1#branch                         1.1793e-12
eap1#branch                        1.17249e-12
ean0#branch                        1.17587e-12
eap0#branch                        1.17587e-12
vclk#branch                        3.71616e-10
vd2#branch                                   0
vd1#branch                                   0
vd0#branch                                   0
vcm#branch                         7.05532e-12
vsup#branch                       -0.000164793

 Reference value :  0.00000e+00
 Reference value :  6.81176e-10
 Reference value :  1.22117e-09
 Reference value :  2.06353e-09
 Reference value :  2.96824e-09
 Reference value :  3.76824e-09
 Reference value :  4.50824e-09
No. of Data Rows : 1345
vsup_v              =  1.08000e+00
d0now               =  1.08000e+00
d1now               =  1.08000e+00
d2now               =  3.41443e-06
Reset re-loads circuit * comparator-transient-noise @ fs_27c_1.08v -- generated by sim/harness, do not edit

Circuit: * comparator-transient-noise @ fs_27c_1.08v -- generated by sim/harness, do not edit

Doing analysis at TEMP = 27.000000 and TNOM = 27.000000

Using SPARSE 1.3 as Direct Linear Solver

Initial Transient Solution
--------------------------

Node                                   Voltage
----                                   -------
vdd                                       1.08
cm                                         0.6
vd0                                          0
ap0                                        0.6
an0                                        0.6
ibn0                                  0.286672
x0.x1.tmid                         3.10902e-06
x0.x1.tail                            0.564738
clk                                          0
x0.x1.np                                  1.08
x0.x1.nn                                  1.08
x0.x1.ln                                  1.08
x0.x1.lp                                  1.08
x0.x1.lnb                          4.03241e-08
x0.x1.lpb                          4.03241e-08
x0.x1.na                               1.06903
doutb0                                0.526576
dout0                                 0.526576
x0.x1.nb                               1.06903
vd1                                      0.001
ap1                                     0.6005
an1                                     0.5995
ibn1                                  0.286672
x1.x1.tmid                         3.10903e-06
x1.x1.tail                            0.564741
x1.x1.np                                  1.08
x1.x1.nn                                  1.08
x1.x1.ln                                  1.08
x1.x1.lp                                  1.08
x1.x1.lnb                          4.03241e-08
x1.x1.lpb                          4.03241e-08
x1.x1.na                               1.06903
doutb1                                0.526576
dout1                                 0.526576
x1.x1.nb                               1.06903
vd2                                     -0.001
ap2                                     0.5995
an2                                     0.6005
ibn2                                  0.286672
x2.x1.tmid                         3.10903e-06
x2.x1.tail                            0.564741
x2.x1.np                                  1.08
x2.x1.nn                                  1.08
x2.x1.ln                                  1.08
x2.x1.lp                                  1.08
x2.x1.lnb                          4.03241e-08
x2.x1.lpb                          4.03241e-08
x2.x1.na                               1.06903
doutb2                                0.526576
dout2                                 0.526576
x2.x1.nb                               1.06903
ean2#branch                        1.17249e-12
eap2#branch                         1.1793e-12
ean1#branch                         1.1793e-12
eap1#branch                        1.17249e-12
ean0#branch                        1.17587e-12
eap0#branch                        1.17587e-12
vclk#branch                        3.71616e-10
vd2#branch                                   0
vd1#branch                                   0
vd0#branch                                   0
vcm#branch                         7.05532e-12
vsup#branch                       -0.000164793

 Reference value :  0.00000e+00
 Reference value :  7.83529e-10
 Reference value :  1.34000e-09
 Reference value :  2.16118e-09
 Reference value :  3.12118e-09
 Reference value :  3.86824e-09
 Reference value :  4.58000e-09
No. of Data Rows : 1345
vsup_v              =  1.08000e+00
d0now               =  -2.08401e-06
d1now               =  1.08000e+00
d2now               =  2.11927e-06
Reset re-loads circuit * comparator-transient-noise @ fs_27c_1.08v -- generated by sim/harness, do not edit

Circuit: * comparator-transient-noise @ fs_27c_1.08v -- generated by sim/harness, do not edit

Doing analysis at TEMP = 27.000000 and TNOM = 27.000000

Using SPARSE 1.3 as Direct Linear Solver

Initial Transient Solution
--------------------------

Node                                   Voltage
----                                   -------
vdd                                       1.08
cm                                         0.6
vd0                                          0
ap0                                        0.6
an0                                        0.6
ibn0                                  0.286672
x0.x1.tmid                         3.10902e-06
x0.x1.tail                            0.564738
clk                                          0
x0.x1.np                                  1.08
x0.x1.nn                                  1.08
x0.x1.ln                                  1.08
x0.x1.lp                                  1.08
x0.x1.lnb                          4.03241e-08
x0.x1.lpb                          4.03241e-08
x0.x1.na                               1.06903
doutb0                                0.526576
dout0                                 0.526576
x0.x1.nb                               1.06903
vd1                                      0.001
ap1                                     0.6005
an1                                     0.5995
ibn1                                  0.286672
x1.x1.tmid                         3.10903e-06
x1.x1.tail                            0.564741
x1.x1.np                                  1.08
x1.x1.nn                                  1.08
x1.x1.ln                                  1.08
x1.x1.lp                                  1.08
x1.x1.lnb                          4.03241e-08
x1.x1.lpb                          4.03241e-08
x1.x1.na                               1.06903
doutb1                                0.526576
dout1                                 0.526576
x1.x1.nb                               1.06903
vd2                                     -0.001
ap2                                     0.5995
an2                                     0.6005
ibn2                                  0.286672
x2.x1.tmid                         3.10903e-06
x2.x1.tail                            0.564741
x2.x1.np                                  1.08
x2.x1.nn                                  1.08
x2.x1.ln                                  1.08
x2.x1.lp                                  1.08
x2.x1.lnb                          4.03241e-08
x2.x1.lpb                          4.03241e-08
x2.x1.na                               1.06903
doutb2                                0.526576
dout2                                 0.526576
x2.x1.nb                               1.06903
ean2#branch                        1.17249e-12
eap2#branch                         1.1793e-12
ean1#branch                         1.1793e-12
eap1#branch                        1.17249e-12
ean0#branch                        1.17587e-12
eap0#branch                        1.17587e-12
vclk#branch                        3.71616e-10
vd2#branch                                   0
vd1#branch                                   0
vd0#branch                                   0
vcm#branch                         7.05532e-12
vsup#branch                       -0.000164793

 Reference value :  0.00000e+00
 Reference value :  6.60000e-10
 Reference value :  1.19410e-09
 Reference value :  2.07412e-09
 Reference value :  3.02000e-09
 Reference value :  3.77412e-09
 Reference value :  4.51412e-09
No. of Data Rows : 1345
vsup_v              =  1.08000e+00
d0now               =  8.60430e-07
d1now               =  1.07999e+00
d2now               =  1.07999e+00
Reset re-loads circuit * comparator-transient-noise @ fs_27c_1.08v -- generated by sim/harness, do not edit

Circuit: * comparator-transient-noise @ fs_27c_1.08v -- generated by sim/harness, do not edit

Doing analysis at TEMP = 27.000000 and TNOM = 27.000000

Using SPARSE 1.3 as Direct Linear Solver

Initial Transient Solution
--------------------------

Node                                   Voltage
----                                   -------
vdd                                       1.08
cm                                         0.6
vd0                                          0
ap0                                        0.6
an0                                        0.6
ibn0                                  0.286672
x0.x1.tmid                         3.10902e-06
x0.x1.tail                            0.564738
clk                                          0
x0.x1.np                                  1.08
x0.x1.nn                                  1.08
x0.x1.ln                                  1.08
x0.x1.lp                                  1.08
x0.x1.lnb                          4.03241e-08
x0.x1.lpb                          4.03241e-08
x0.x1.na                               1.06903
doutb0                                0.526576
dout0                                 0.526576
x0.x1.nb                               1.06903
vd1                                      0.001
ap1                                     0.6005
an1                                     0.5995
ibn1                                  0.286672
x1.x1.tmid                         3.10903e-06
x1.x1.tail                            0.564741
x1.x1.np                                  1.08
x1.x1.nn                                  1.08
x1.x1.ln                                  1.08
x1.x1.lp                                  1.08
x1.x1.lnb                          4.03241e-08
x1.x1.lpb                          4.03241e-08
x1.x1.na                               1.06903
doutb1                                0.526576
dout1                                 0.526576
x1.x1.nb                               1.06903
vd2                                     -0.001
ap2                                     0.5995
an2                                     0.6005
ibn2                                  0.286672
x2.x1.tmid                         3.10903e-06
x2.x1.tail                            0.564741
x2.x1.np                                  1.08
x2.x1.nn                                  1.08
x2.x1.ln                                  1.08
x2.x1.lp                                  1.08
x2.x1.lnb                          4.03241e-08
x2.x1.lpb                          4.03241e-08
x2.x1.na                               1.06903
doutb2                                0.526576
dout2                                 0.526576
x2.x1.nb                               1.06903
ean2#branch                        1.17249e-12
eap2#branch                         1.1793e-12
ean1#branch                         1.1793e-12
eap1#branch                        1.17249e-12
ean0#branch                        1.17587e-12
eap0#branch                        1.17587e-12
vclk#branch                        3.71616e-10
vd2#branch                                   0
vd1#branch                                   0
vd0#branch                                   0
vcm#branch                         7.05532e-12
vsup#branch                       -0.000164793

 Reference value :  0.00000e+00
 Reference value :  6.48235e-10
 Reference value :  1.15409e-09
 Reference value :  1.98000e-09
 Reference value :  2.89412e-09
 Reference value :  3.74353e-09
 Reference value :  4.50824e-09
No. of Data Rows : 1345
vsup_v              =  1.08000e+00
d0now               =  1.08000e+00
d1now               =  1.08000e+00
d2now               =  -5.97738e-07
Reset re-loads circuit * comparator-transient-noise @ fs_27c_1.08v -- generated by sim/harness, do not edit

Circuit: * comparator-transient-noise @ fs_27c_1.08v -- generated by sim/harness, do not edit

Doing analysis at TEMP = 27.000000 and TNOM = 27.000000

Using SPARSE 1.3 as Direct Linear Solver

Initial Transient Solution
--------------------------

Node                                   Voltage
----                                   -------
vdd                                       1.08
cm                                         0.6
vd0                                          0
ap0                                        0.6
an0                                        0.6
ibn0                                  0.286672
x0.x1.tmid                         3.10902e-06
x0.x1.tail                            0.564738
clk                                          0
x0.x1.np                                  1.08
x0.x1.nn                                  1.08
x0.x1.ln                                  1.08
x0.x1.lp                                  1.08
x0.x1.lnb                          4.03241e-08
x0.x1.lpb                          4.03241e-08
x0.x1.na                               1.06903
doutb0                                0.526576
dout0                                 0.526576
x0.x1.nb                               1.06903
vd1                                      0.001
ap1                                     0.6005
an1                                     0.5995
ibn1                                  0.286672
x1.x1.tmid                         3.10903e-06
x1.x1.tail                            0.564741
x1.x1.np                                  1.08
x1.x1.nn                                  1.08
x1.x1.ln                                  1.08
x1.x1.lp                                  1.08
x1.x1.lnb                          4.03241e-08
x1.x1.lpb                          4.03241e-08
x1.x1.na                               1.06903
doutb1                                0.526576
dout1                                 0.526576
x1.x1.nb                               1.06903
vd2                                     -0.001
ap2                                     0.5995
an2                                     0.6005
ibn2                                  0.286672
x2.x1.tmid                         3.10903e-06
x2.x1.tail                            0.564741
x2.x1.np                                  1.08
x2.x1.nn                                  1.08
x2.x1.ln                                  1.08
x2.x1.lp                                  1.08
x2.x1.lnb                          4.03241e-08
x2.x1.lpb                          4.03241e-08
x2.x1.na                               1.06903
doutb2                                0.526576
dout2                                 0.526576
x2.x1.nb                               1.06903
ean2#branch                        1.17249e-12
eap2#branch                         1.1793e-12
ean1#branch                         1.1793e-12
eap1#branch                        1.17249e-12
ean0#branch                        1.17587e-12
eap0#branch                        1.17587e-12
vclk#branch                        3.71616e-10
vd2#branch                                   0
vd1#branch                                   0
vd0#branch                                   0
vcm#branch                         7.05532e-12
vsup#branch                       -0.000164793

 Reference value :  0.00000e+00
 Reference value :  6.41176e-10
 Reference value :  1.16118e-09
 Reference value :  2.00353e-09
 Reference value :  2.96000e-09
 Reference value :  3.74824e-09
 Reference value :  4.48000e-09
No. of Data Rows : 1345
vsup_v              =  1.08000e+00
d0now               =  1.07999e+00
d1now               =  1.08000e+00
d2now               =  -1.06520e-06
Reset re-loads circuit * comparator-transient-noise @ fs_27c_1.08v -- generated by sim/harness, do not edit

Circuit: * comparator-transient-noise @ fs_27c_1.08v -- generated by sim/harness, do not edit

Doing analysis at TEMP = 27.000000 and TNOM = 27.000000

Using SPARSE 1.3 as Direct Linear Solver

Initial Transient Solution
--------------------------

Node                                   Voltage
----                                   -------
vdd                                       1.08
cm                                         0.6
vd0                                          0
ap0                                        0.6
an0                                        0.6
ibn0                                  0.286672
x0.x1.tmid                         3.10902e-06
x0.x1.tail                            0.564738
clk                                          0
x0.x1.np                                  1.08
x0.x1.nn                                  1.08
x0.x1.ln                                  1.08
x0.x1.lp                                  1.08
x0.x1.lnb                          4.03241e-08
x0.x1.lpb                          4.03241e-08
x0.x1.na                               1.06903
doutb0                                0.526576
dout0                                 0.526576
x0.x1.nb                               1.06903
vd1                                      0.001
ap1                                     0.6005
an1                                     0.5995
ibn1                                  0.286672
x1.x1.tmid                         3.10903e-06
x1.x1.tail                            0.564741
x1.x1.np                                  1.08
x1.x1.nn                                  1.08
x1.x1.ln                                  1.08
x1.x1.lp                                  1.08
x1.x1.lnb                          4.03241e-08
x1.x1.lpb                          4.03241e-08
x1.x1.na                               1.06903
doutb1                                0.526576
dout1                                 0.526576
x1.x1.nb                               1.06903
vd2                                     -0.001
ap2                                     0.5995
an2                                     0.6005
ibn2                                  0.286672
x2.x1.tmid                         3.10903e-06
x2.x1.tail                            0.564741
x2.x1.np                                  1.08
x2.x1.nn                                  1.08
x2.x1.ln                                  1.08
x2.x1.lp                                  1.08
x2.x1.lnb                          4.03241e-08
x2.x1.lpb                          4.03241e-08
x2.x1.na                               1.06903
doutb2                                0.526576
dout2                                 0.526576
x2.x1.nb                               1.06903
ean2#branch                        1.17249e-12
eap2#branch                         1.1793e-12
ean1#branch                         1.1793e-12
eap1#branch                        1.17249e-12
ean0#branch                        1.17587e-12
eap0#branch                        1.17587e-12
vclk#branch                        3.71616e-10
vd2#branch                                   0
vd1#branch                                   0
vd0#branch                                   0
vcm#branch                         7.05532e-12
vsup#branch                       -0.000164793

 Reference value :  0.00000e+00
 Reference value :  6.28235e-10
 Reference value :  1.23411e-09
 Reference value :  2.07412e-09
 Reference value :  2.98118e-09
 Reference value :  3.77412e-09
 Reference value :  4.59412e-09
No. of Data Rows : 1345
vsup_v              =  1.08000e+00
d0now               =  1.08000e+00
d1now               =  1.08000e+00
d2now               =  1.08000e+00
Reset re-loads circuit * comparator-transient-noise @ fs_27c_1.08v -- generated by sim/harness, do not edit

Circuit: * comparator-transient-noise @ fs_27c_1.08v -- generated by sim/harness, do not edit

Doing analysis at TEMP = 27.000000 and TNOM = 27.000000

Using SPARSE 1.3 as Direct Linear Solver

Initial Transient Solution
--------------------------

Node                                   Voltage
----                                   -------
vdd                                       1.08
cm                                         0.6
vd0                                          0
ap0                                        0.6
an0                                        0.6
ibn0                                  0.286672
x0.x1.tmid                         3.10902e-06
x0.x1.tail                            0.564738
clk                                          0
x0.x1.np                                  1.08
x0.x1.nn                                  1.08
x0.x1.ln                                  1.08
x0.x1.lp                                  1.08
x0.x1.lnb                          4.03241e-08
x0.x1.lpb                          4.03241e-08
x0.x1.na                               1.06903
doutb0                                0.526576
dout0                                 0.526576
x0.x1.nb                               1.06903
vd1                                      0.001
ap1                                     0.6005
an1                                     0.5995
ibn1                                  0.286672
x1.x1.tmid                         3.10903e-06
x1.x1.tail                            0.564741
x1.x1.np                                  1.08
x1.x1.nn                                  1.08
x1.x1.ln                                  1.08
x1.x1.lp                                  1.08
x1.x1.lnb                          4.03241e-08
x1.x1.lpb                          4.03241e-08
x1.x1.na                               1.06903
doutb1                                0.526576
dout1                                 0.526576
x1.x1.nb                               1.06903
vd2                                     -0.001
ap2                                     0.5995
an2                                     0.6005
ibn2                                  0.286672
x2.x1.tmid                         3.10903e-06
x2.x1.tail                            0.564741
x2.x1.np                                  1.08
x2.x1.nn                                  1.08
x2.x1.ln                                  1.08
x2.x1.lp                                  1.08
x2.x1.lnb                          4.03241e-08
x2.x1.lpb                          4.03241e-08
x2.x1.na                               1.06903
doutb2                                0.526576
dout2                                 0.526576
x2.x1.nb                               1.06903
ean2#branch                        1.17249e-12
eap2#branch                         1.1793e-12
ean1#branch                         1.1793e-12
eap1#branch                        1.17249e-12
ean0#branch                        1.17587e-12
eap0#branch                        1.17587e-12
vclk#branch                        3.71616e-10
vd2#branch                                   0
vd1#branch                                   0
vd0#branch                                   0
vcm#branch                         7.05532e-12
vsup#branch                       -0.000164793

 Reference value :  0.00000e+00
 Reference value :  6.48235e-10
 Reference value :  1.18117e-09
 Reference value :  2.00118e-09
 Reference value :  2.88118e-09
 Reference value :  3.64353e-09
 Reference value :  4.39412e-09
No. of Data Rows : 1345
vsup_v              =  1.08000e+00
d0now               =  1.08000e+00
d1now               =  2.33011e-06
d2now               =  4.02765e-06
Reset re-loads circuit * comparator-transient-noise @ fs_27c_1.08v -- generated by sim/harness, do not edit

Circuit: * comparator-transient-noise @ fs_27c_1.08v -- generated by sim/harness, do not edit

Doing analysis at TEMP = 27.000000 and TNOM = 27.000000

Using SPARSE 1.3 as Direct Linear Solver

Initial Transient Solution
--------------------------

Node                                   Voltage
----                                   -------
vdd                                       1.08
cm                                         0.6
vd0                                          0
ap0                                        0.6
an0                                        0.6
ibn0                                  0.286672
x0.x1.tmid                         3.10902e-06
x0.x1.tail                            0.564738
clk                                          0
x0.x1.np                                  1.08
x0.x1.nn                                  1.08
x0.x1.ln                                  1.08
x0.x1.lp                                  1.08
x0.x1.lnb                          4.03241e-08
x0.x1.lpb                          4.03241e-08
x0.x1.na                               1.06903
doutb0                                0.526576
dout0                                 0.526576
x0.x1.nb                               1.06903
vd1                                      0.001
ap1                                     0.6005
an1                                     0.5995
ibn1                                  0.286672
x1.x1.tmid                         3.10903e-06
x1.x1.tail                            0.564741
x1.x1.np                                  1.08
x1.x1.nn                                  1.08
x1.x1.ln                                  1.08
x1.x1.lp                                  1.08
x1.x1.lnb                          4.03241e-08
x1.x1.lpb                          4.03241e-08
x1.x1.na                               1.06903
doutb1                                0.526576
dout1                                 0.526576
x1.x1.nb                               1.06903
vd2                                     -0.001
ap2                                     0.5995
an2                                     0.6005
ibn2                                  0.286672
x2.x1.tmid                         3.10903e-06
x2.x1.tail                            0.564741
x2.x1.np                                  1.08
x2.x1.nn                                  1.08
x2.x1.ln                                  1.08
x2.x1.lp                                  1.08
x2.x1.lnb                          4.03241e-08
x2.x1.lpb                          4.03241e-08
x2.x1.na                               1.06903
doutb2                                0.526576
dout2                                 0.526576
x2.x1.nb                               1.06903
ean2#branch                        1.17249e-12
eap2#branch                         1.1793e-12
ean1#branch                         1.1793e-12
eap1#branch                        1.17249e-12
ean0#branch                        1.17587e-12
eap0#branch                        1.17587e-12
vclk#branch                        3.71616e-10
vd2#branch                                   0
vd1#branch                                   0
vd0#branch                                   0
vcm#branch                         7.05532e-12
vsup#branch                       -0.000164793

 Reference value :  0.00000e+00
 Reference value :  6.54118e-10
 Reference value :  1.16355e-09
 Reference value :  2.00000e-09
 Reference value :  2.82353e-09
 Reference value :  3.62824e-09
 Reference value :  4.38353e-09
No. of Data Rows : 1345
vsup_v              =  1.08000e+00
d0now               =  1.07999e+00
d1now               =  1.73412e-06
d2now               =  -1.50444e-08
Reset re-loads circuit * comparator-transient-noise @ fs_27c_1.08v -- generated by sim/harness, do not edit

Circuit: * comparator-transient-noise @ fs_27c_1.08v -- generated by sim/harness, do not edit

Doing analysis at TEMP = 27.000000 and TNOM = 27.000000

Using SPARSE 1.3 as Direct Linear Solver

Initial Transient Solution
--------------------------

Node                                   Voltage
----                                   -------
vdd                                       1.08
cm                                         0.6
vd0                                          0
ap0                                        0.6
an0                                        0.6
ibn0                                  0.286672
x0.x1.tmid                         3.10902e-06
x0.x1.tail                            0.564738
clk                                          0
x0.x1.np                                  1.08
x0.x1.nn                                  1.08
x0.x1.ln                                  1.08
x0.x1.lp                                  1.08
x0.x1.lnb                          4.03241e-08
x0.x1.lpb                          4.03241e-08
x0.x1.na                               1.06903
doutb0                                0.526576
dout0                                 0.526576
x0.x1.nb                               1.06903
vd1                                      0.001
ap1                                     0.6005
an1                                     0.5995
ibn1                                  0.286672
x1.x1.tmid                         3.10903e-06
x1.x1.tail                            0.564741
x1.x1.np                                  1.08
x1.x1.nn                                  1.08
x1.x1.ln                                  1.08
x1.x1.lp                                  1.08
x1.x1.lnb                          4.03241e-08
x1.x1.lpb                          4.03241e-08
x1.x1.na                               1.06903
doutb1                                0.526576
dout1                                 0.526576
x1.x1.nb                               1.06903
vd2                                     -0.001
ap2                                     0.5995
an2                                     0.6005
ibn2                                  0.286672
x2.x1.tmid                         3.10903e-06
x2.x1.tail                            0.564741
x2.x1.np                                  1.08
x2.x1.nn                                  1.08
x2.x1.ln                                  1.08
x2.x1.lp                                  1.08
x2.x1.lnb                          4.03241e-08
x2.x1.lpb                          4.03241e-08
x2.x1.na                               1.06903
doutb2                                0.526576
dout2                                 0.526576
x2.x1.nb                               1.06903
ean2#branch                        1.17249e-12
eap2#branch                         1.1793e-12
ean1#branch                         1.1793e-12
eap1#branch                        1.17249e-12
ean0#branch                        1.17587e-12
eap0#branch                        1.17587e-12
vclk#branch                        3.71616e-10
vd2#branch                                   0
vd1#branch                                   0
vd0#branch                                   0
vcm#branch                         7.05532e-12
vsup#branch                       -0.000164793

 Reference value :  0.00000e+00
 Reference value :  6.41176e-10
 Reference value :  1.12832e-09
 Reference value :  1.89412e-09
 Reference value :  2.74000e-09
 Reference value :  3.55412e-09
 Reference value :  4.24824e-09
 Reference value :  5.02000e-09
No. of Data Rows : 1345
vsup_v              =  1.08000e+00
d0now               =  2.14807e-06
d1now               =  1.08000e+00
d2now               =  -1.85480e-06
Reset re-loads circuit * comparator-transient-noise @ fs_27c_1.08v -- generated by sim/harness, do not edit

Circuit: * comparator-transient-noise @ fs_27c_1.08v -- generated by sim/harness, do not edit

Doing analysis at TEMP = 27.000000 and TNOM = 27.000000

Using SPARSE 1.3 as Direct Linear Solver

Initial Transient Solution
--------------------------

Node                                   Voltage
----                                   -------
vdd                                       1.08
cm                                         0.6
vd0                                          0
ap0                                        0.6
an0                                        0.6
ibn0                                  0.286672
x0.x1.tmid                         3.10902e-06
x0.x1.tail                            0.564738
clk                                          0
x0.x1.np                                  1.08
x0.x1.nn                                  1.08
x0.x1.ln                                  1.08
x0.x1.lp                                  1.08
x0.x1.lnb                          4.03241e-08
x0.x1.lpb                          4.03241e-08
x0.x1.na                               1.06903
doutb0                                0.526576
dout0                                 0.526576
x0.x1.nb                               1.06903
vd1                                      0.001
ap1                                     0.6005
an1                                     0.5995
ibn1                                  0.286672
x1.x1.tmid                         3.10903e-06
x1.x1.tail                            0.564741
x1.x1.np                                  1.08
x1.x1.nn                                  1.08
x1.x1.ln                                  1.08
x1.x1.lp                                  1.08
x1.x1.lnb                          4.03241e-08
x1.x1.lpb                          4.03241e-08
x1.x1.na                               1.06903
doutb1                                0.526576
dout1                                 0.526576
x1.x1.nb                               1.06903
vd2                                     -0.001
ap2                                     0.5995
an2                                     0.6005
ibn2                                  0.286672
x2.x1.tmid                         3.10903e-06
x2.x1.tail                            0.564741
x2.x1.np                                  1.08
x2.x1.nn                                  1.08
x2.x1.ln                                  1.08
x2.x1.lp                                  1.08
x2.x1.lnb                          4.03241e-08
x2.x1.lpb                          4.03241e-08
x2.x1.na                               1.06903
doutb2                                0.526576
dout2                                 0.526576
x2.x1.nb                               1.06903
ean2#branch                        1.17249e-12
eap2#branch                         1.1793e-12
ean1#branch                         1.1793e-12
eap1#branch                        1.17249e-12
ean0#branch                        1.17587e-12
eap0#branch                        1.17587e-12
vclk#branch                        3.71616e-10
vd2#branch                                   0
vd1#branch                                   0
vd0#branch                                   0
vcm#branch                         7.05532e-12
vsup#branch                       -0.000164793

 Reference value :  0.00000e+00
 Reference value :  6.43529e-10
 Reference value :  1.16355e-09
 Reference value :  1.96118e-09
 Reference value :  2.80353e-09
 Reference value :  3.56824e-09
 Reference value :  4.28000e-09
 Reference value :  5.03412e-09
No. of Data Rows : 1345
vsup_v              =  1.08000e+00
d0now               =  1.07999e+00
d1now               =  1.08000e+00
d2now               =  1.06338e-06
Reset re-loads circuit * comparator-transient-noise @ fs_27c_1.08v -- generated by sim/harness, do not edit

Circuit: * comparator-transient-noise @ fs_27c_1.08v -- generated by sim/harness, do not edit

Doing analysis at TEMP = 27.000000 and TNOM = 27.000000

Using SPARSE 1.3 as Direct Linear Solver

Initial Transient Solution
--------------------------

Node                                   Voltage
----                                   -------
vdd                                       1.08
cm                                         0.6
vd0                                          0
ap0                                        0.6
an0                                        0.6
ibn0                                  0.286672
x0.x1.tmid                         3.10902e-06
x0.x1.tail                            0.564738
clk                                          0
x0.x1.np                                  1.08
x0.x1.nn                                  1.08
x0.x1.ln                                  1.08
x0.x1.lp                                  1.08
x0.x1.lnb                          4.03241e-08
x0.x1.lpb                          4.03241e-08
x0.x1.na                               1.06903
doutb0                                0.526576
dout0                                 0.526576
x0.x1.nb                               1.06903
vd1                                      0.001
ap1                                     0.6005
an1                                     0.5995
ibn1                                  0.286672
x1.x1.tmid                         3.10903e-06
x1.x1.tail                            0.564741
x1.x1.np                                  1.08
x1.x1.nn                                  1.08
x1.x1.ln                                  1.08
x1.x1.lp                                  1.08
x1.x1.lnb                          4.03241e-08
x1.x1.lpb                          4.03241e-08
x1.x1.na                               1.06903
doutb1                                0.526576
dout1                                 0.526576
x1.x1.nb                               1.06903
vd2                                     -0.001
ap2                                     0.5995
an2                                     0.6005
ibn2                                  0.286672
x2.x1.tmid                         3.10903e-06
x2.x1.tail                            0.564741
x2.x1.np                                  1.08
x2.x1.nn                                  1.08
x2.x1.ln                                  1.08
x2.x1.lp                                  1.08
x2.x1.lnb                          4.03241e-08
x2.x1.lpb                          4.03241e-08
x2.x1.na                               1.06903
doutb2                                0.526576
dout2                                 0.526576
x2.x1.nb                               1.06903
ean2#branch                        1.17249e-12
eap2#branch                         1.1793e-12
ean1#branch                         1.1793e-12
eap1#branch                        1.17249e-12
ean0#branch                        1.17587e-12
eap0#branch                        1.17587e-12
vclk#branch                        3.71616e-10
vd2#branch                                   0
vd1#branch                                   0
vd0#branch                                   0
vcm#branch                         7.05532e-12
vsup#branch                       -0.000164793

 Reference value :  0.00000e+00
 Reference value :  6.60000e-10
 Reference value :  1.16828e-09
 Reference value :  2.00353e-09
 Reference value :  2.88000e-09
 Reference value :  3.66353e-09
 Reference value :  4.39412e-09
 Reference value :  5.10000e-09
No. of Data Rows : 1345
vsup_v              =  1.08000e+00
d0now               =  -2.78926e-08
d1now               =  -2.38896e-06
d2now               =  5.41147e-07
Reset re-loads circuit * comparator-transient-noise @ fs_27c_1.08v -- generated by sim/harness, do not edit

Circuit: * comparator-transient-noise @ fs_27c_1.08v -- generated by sim/harness, do not edit

Doing analysis at TEMP = 27.000000 and TNOM = 27.000000

Using SPARSE 1.3 as Direct Linear Solver

Initial Transient Solution
--------------------------

Node                                   Voltage
----                                   -------
vdd                                       1.08
cm                                         0.6
vd0                                          0
ap0                                        0.6
an0                                        0.6
ibn0                                  0.286672
x0.x1.tmid                         3.10902e-06
x0.x1.tail                            0.564738
clk                                          0
x0.x1.np                                  1.08
x0.x1.nn                                  1.08
x0.x1.ln                                  1.08
x0.x1.lp                                  1.08
x0.x1.lnb                          4.03241e-08
x0.x1.lpb                          4.03241e-08
x0.x1.na                               1.06903
doutb0                                0.526576
dout0                                 0.526576
x0.x1.nb                               1.06903
vd1                                      0.001
ap1                                     0.6005
an1                                     0.5995
ibn1                                  0.286672
x1.x1.tmid                         3.10903e-06
x1.x1.tail                            0.564741
x1.x1.np                                  1.08
x1.x1.nn                                  1.08
x1.x1.ln                                  1.08
x1.x1.lp                                  1.08
x1.x1.lnb                          4.03241e-08
x1.x1.lpb                          4.03241e-08
x1.x1.na                               1.06903
doutb1                                0.526576
dout1                                 0.526576
x1.x1.nb                               1.06903
vd2                                     -0.001
ap2                                     0.5995
an2                                     0.6005
ibn2                                  0.286672
x2.x1.tmid                         3.10903e-06
x2.x1.tail                            0.564741
x2.x1.np                                  1.08
x2.x1.nn                                  1.08
x2.x1.ln                                  1.08
x2.x1.lp                                  1.08
x2.x1.lnb                          4.03241e-08
x2.x1.lpb                          4.03241e-08
x2.x1.na                               1.06903
doutb2                                0.526576
dout2                                 0.526576
x2.x1.nb                               1.06903
ean2#branch                        1.17249e-12
eap2#branch                         1.1793e-12
ean1#branch                         1.1793e-12
eap1#branch                        1.17249e-12
ean0#branch                        1.17587e-12
eap0#branch                        1.17587e-12
vclk#branch                        3.71616e-10
vd2#branch                                   0
vd1#branch                                   0
vd0#branch                                   0
vcm#branch                         7.05532e-12
vsup#branch                       -0.000164793

 Reference value :  0.00000e+00
 Reference value :  6.14118e-10
 Reference value :  1.10051e-09
 Reference value :  1.86118e-09
 Reference value :  2.68824e-09
 Reference value :  3.48353e-09
 Reference value :  4.22353e-09
 Reference value :  4.93412e-09
No. of Data Rows : 1345
vsup_v              =  1.08000e+00
d0now               =  -2.22092e-06
d1now               =  1.07999e+00
d2now               =  8.63715e-07
Reset re-loads circuit * comparator-transient-noise @ fs_27c_1.08v -- generated by sim/harness, do not edit

Circuit: * comparator-transient-noise @ fs_27c_1.08v -- generated by sim/harness, do not edit

Doing analysis at TEMP = 27.000000 and TNOM = 27.000000

Using SPARSE 1.3 as Direct Linear Solver

Initial Transient Solution
--------------------------

Node                                   Voltage
----                                   -------
vdd                                       1.08
cm                                         0.6
vd0                                          0
ap0                                        0.6
an0                                        0.6
ibn0                                  0.286672
x0.x1.tmid                         3.10902e-06
x0.x1.tail                            0.564738
clk                                          0
x0.x1.np                                  1.08
x0.x1.nn                                  1.08
x0.x1.ln                                  1.08
x0.x1.lp                                  1.08
x0.x1.lnb                          4.03241e-08
x0.x1.lpb                          4.03241e-08
x0.x1.na                               1.06903
doutb0                                0.526576
dout0                                 0.526576
x0.x1.nb                               1.06903
vd1                                      0.001
ap1                                     0.6005
an1                                     0.5995
ibn1                                  0.286672
x1.x1.tmid                         3.10903e-06
x1.x1.tail                            0.564741
x1.x1.np                                  1.08
x1.x1.nn                                  1.08
x1.x1.ln                                  1.08
x1.x1.lp                                  1.08
x1.x1.lnb                          4.03241e-08
x1.x1.lpb                          4.03241e-08
x1.x1.na                               1.06903
doutb1                                0.526576
dout1                                 0.526576
x1.x1.nb                               1.06903
vd2                                     -0.001
ap2                                     0.5995
an2                                     0.6005
ibn2                                  0.286672
x2.x1.tmid                         3.10903e-06
x2.x1.tail                            0.564741
x2.x1.np                                  1.08
x2.x1.nn                                  1.08
x2.x1.ln                                  1.08
x2.x1.lp                                  1.08
x2.x1.lnb                          4.03241e-08
x2.x1.lpb                          4.03241e-08
x2.x1.na                               1.06903
doutb2                                0.526576
dout2                                 0.526576
x2.x1.nb                               1.06903
ean2#branch                        1.17249e-12
eap2#branch                         1.1793e-12
ean1#branch                         1.1793e-12
eap1#branch                        1.17249e-12
ean0#branch                        1.17587e-12
eap0#branch                        1.17587e-12
vclk#branch                        3.71616e-10
vd2#branch                                   0
vd1#branch                                   0
vd0#branch                                   0
vcm#branch                         7.05532e-12
vsup#branch                       -0.000164793

 Reference value :  0.00000e+00
 Reference value :  6.43529e-10
 Reference value :  1.14350e-09
 Reference value :  1.94824e-09
 Reference value :  2.84118e-09
 Reference value :  3.60824e-09
 Reference value :  4.34000e-09
 Reference value :  5.06353e-09
No. of Data Rows : 1345
vsup_v              =  1.08000e+00
d0now               =  1.08000e+00
d1now               =  1.08000e+00
d2now               =  -2.59251e-07
Reset re-loads circuit * comparator-transient-noise @ fs_27c_1.08v -- generated by sim/harness, do not edit

Circuit: * comparator-transient-noise @ fs_27c_1.08v -- generated by sim/harness, do not edit

Doing analysis at TEMP = 27.000000 and TNOM = 27.000000

Using SPARSE 1.3 as Direct Linear Solver

Initial Transient Solution
--------------------------

Node                                   Voltage
----                                   -------
vdd                                       1.08
cm                                         0.6
vd0                                          0
ap0                                        0.6
an0                                        0.6
ibn0                                  0.286672
x0.x1.tmid                         3.10902e-06
x0.x1.tail                            0.564738
clk                                          0
x0.x1.np                                  1.08
x0.x1.nn                                  1.08
x0.x1.ln                                  1.08
x0.x1.lp                                  1.08
x0.x1.lnb                          4.03241e-08
x0.x1.lpb                          4.03241e-08
x0.x1.na                               1.06903
doutb0                                0.526576
dout0                                 0.526576
x0.x1.nb                               1.06903
vd1                                      0.001
ap1                                     0.6005
an1                                     0.5995
ibn1                                  0.286672
x1.x1.tmid                         3.10903e-06
x1.x1.tail                            0.564741
x1.x1.np                                  1.08
x1.x1.nn                                  1.08
x1.x1.ln                                  1.08
x1.x1.lp                                  1.08
x1.x1.lnb                          4.03241e-08
x1.x1.lpb                          4.03241e-08
x1.x1.na                               1.06903
doutb1                                0.526576
dout1                                 0.526576
x1.x1.nb                               1.06903
vd2                                     -0.001
ap2                                     0.5995
an2                                     0.6005
ibn2                                  0.286672
x2.x1.tmid                         3.10903e-06
x2.x1.tail                            0.564741
x2.x1.np                                  1.08
x2.x1.nn                                  1.08
x2.x1.ln                                  1.08
x2.x1.lp                                  1.08
x2.x1.lnb                          4.03241e-08
x2.x1.lpb                          4.03241e-08
x2.x1.na                               1.06903
doutb2                                0.526576
dout2                                 0.526576
x2.x1.nb                               1.06903
ean2#branch                        1.17249e-12
eap2#branch                         1.1793e-12
ean1#branch                         1.1793e-12
eap1#branch                        1.17249e-12
ean0#branch                        1.17587e-12
eap0#branch                        1.17587e-12
vclk#branch                        3.71616e-10
vd2#branch                                   0
vd1#branch                                   0
vd0#branch                                   0
vcm#branch                         7.05532e-12
vsup#branch                       -0.000164793

 Reference value :  0.00000e+00
 Reference value :  6.60000e-10
 Reference value :  1.16828e-09
 Reference value :  2.02118e-09
 Reference value :  2.94353e-09
 Reference value :  3.71412e-09
 Reference value :  4.44824e-09
No. of Data Rows : 1345
vsup_v              =  1.08000e+00
d0now               =  1.08000e+00
d1now               =  -2.37383e-06
d2now               =  3.81212e-06
Reset re-loads circuit * comparator-transient-noise @ fs_27c_1.08v -- generated by sim/harness, do not edit

Circuit: * comparator-transient-noise @ fs_27c_1.08v -- generated by sim/harness, do not edit

Doing analysis at TEMP = 27.000000 and TNOM = 27.000000

Using SPARSE 1.3 as Direct Linear Solver

Initial Transient Solution
--------------------------

Node                                   Voltage
----                                   -------
vdd                                       1.08
cm                                         0.6
vd0                                          0
ap0                                        0.6
an0                                        0.6
ibn0                                  0.286672
x0.x1.tmid                         3.10902e-06
x0.x1.tail                            0.564738
clk                                          0
x0.x1.np                                  1.08
x0.x1.nn                                  1.08
x0.x1.ln                                  1.08
x0.x1.lp                                  1.08
x0.x1.lnb                          4.03241e-08
x0.x1.lpb                          4.03241e-08
x0.x1.na                               1.06903
doutb0                                0.526576
dout0                                 0.526576
x0.x1.nb                               1.06903
vd1                                      0.001
ap1                                     0.6005
an1                                     0.5995
ibn1                                  0.286672
x1.x1.tmid                         3.10903e-06
x1.x1.tail                            0.564741
x1.x1.np                                  1.08
x1.x1.nn                                  1.08
x1.x1.ln                                  1.08
x1.x1.lp                                  1.08
x1.x1.lnb                          4.03241e-08
x1.x1.lpb                          4.03241e-08
x1.x1.na                               1.06903
doutb1                                0.526576
dout1                                 0.526576
x1.x1.nb                               1.06903
vd2                                     -0.001
ap2                                     0.5995
an2                                     0.6005
ibn2                                  0.286672
x2.x1.tmid                         3.10903e-06
x2.x1.tail                            0.564741
x2.x1.np                                  1.08
x2.x1.nn                                  1.08
x2.x1.ln                                  1.08
x2.x1.lp                                  1.08
x2.x1.lnb                          4.03241e-08
x2.x1.lpb                          4.03241e-08
x2.x1.na                               1.06903
doutb2                                0.526576
dout2                                 0.526576
x2.x1.nb                               1.06903
ean2#branch                        1.17249e-12
eap2#branch                         1.1793e-12
ean1#branch                         1.1793e-12
eap1#branch                        1.17249e-12
ean0#branch                        1.17587e-12
eap0#branch                        1.17587e-12
vclk#branch                        3.71616e-10
vd2#branch                                   0
vd1#branch                                   0
vd0#branch                                   0
vcm#branch                         7.05532e-12
vsup#branch                       -0.000164793

 Reference value :  0.00000e+00
 Reference value :  6.41176e-10
 Reference value :  1.14000e-09
 Reference value :  1.97412e-09
 Reference value :  2.88824e-09
 Reference value :  3.68118e-09
 Reference value :  4.40000e-09
No. of Data Rows : 1345
vsup_v              =  1.08000e+00
d0now               =  1.08000e+00
d1now               =  1.07999e+00
d2now               =  3.87633e-06
Reset re-loads circuit * comparator-transient-noise @ fs_27c_1.08v -- generated by sim/harness, do not edit

Circuit: * comparator-transient-noise @ fs_27c_1.08v -- generated by sim/harness, do not edit

Doing analysis at TEMP = 27.000000 and TNOM = 27.000000

Using SPARSE 1.3 as Direct Linear Solver

Initial Transient Solution
--------------------------

Node                                   Voltage
----                                   -------
vdd                                       1.08
cm                                         0.6
vd0                                          0
ap0                                        0.6
an0                                        0.6
ibn0                                  0.286672
x0.x1.tmid                         3.10902e-06
x0.x1.tail                            0.564738
clk                                          0
x0.x1.np                                  1.08
x0.x1.nn                                  1.08
x0.x1.ln                                  1.08
x0.x1.lp                                  1.08
x0.x1.lnb                          4.03241e-08
x0.x1.lpb                          4.03241e-08
x0.x1.na                               1.06903
doutb0                                0.526576
dout0                                 0.526576
x0.x1.nb                               1.06903
vd1                                      0.001
ap1                                     0.6005
an1                                     0.5995
ibn1                                  0.286672
x1.x1.tmid                         3.10903e-06
x1.x1.tail                            0.564741
x1.x1.np                                  1.08
x1.x1.nn                                  1.08
x1.x1.ln                                  1.08
x1.x1.lp                                  1.08
x1.x1.lnb                          4.03241e-08
x1.x1.lpb                          4.03241e-08
x1.x1.na                               1.06903
doutb1                                0.526576
dout1                                 0.526576
x1.x1.nb                               1.06903
vd2                                     -0.001
ap2                                     0.5995
an2                                     0.6005
ibn2                                  0.286672
x2.x1.tmid                         3.10903e-06
x2.x1.tail                            0.564741
x2.x1.np                                  1.08
x2.x1.nn                                  1.08
x2.x1.ln                                  1.08
x2.x1.lp                                  1.08
x2.x1.lnb                          4.03241e-08
x2.x1.lpb                          4.03241e-08
x2.x1.na                               1.06903
doutb2                                0.526576
dout2                                 0.526576
x2.x1.nb                               1.06903
ean2#branch                        1.17249e-12
eap2#branch                         1.1793e-12
ean1#branch                         1.1793e-12
eap1#branch                        1.17249e-12
ean0#branch                        1.17587e-12
eap0#branch                        1.17587e-12
vclk#branch                        3.71616e-10
vd2#branch                                   0
vd1#branch                                   0
vd0#branch                                   0
vcm#branch                         7.05532e-12
vsup#branch                       -0.000164793

 Reference value :  0.00000e+00
 Reference value :  6.48235e-10
 Reference value :  1.15409e-09
 Reference value :  1.97412e-09
 Reference value :  2.88353e-09
 Reference value :  3.69412e-09
 Reference value :  4.40118e-09
No. of Data Rows : 1345
vsup_v              =  1.08000e+00
d0now               =  1.08000e+00
d1now               =  1.07999e+00
d2now               =  3.17492e-06
Reset re-loads circuit * comparator-transient-noise @ fs_27c_1.08v -- generated by sim/harness, do not edit

Circuit: * comparator-transient-noise @ fs_27c_1.08v -- generated by sim/harness, do not edit

Doing analysis at TEMP = 27.000000 and TNOM = 27.000000

Using SPARSE 1.3 as Direct Linear Solver

Initial Transient Solution
--------------------------

Node                                   Voltage
----                                   -------
vdd                                       1.08
cm                                         0.6
vd0                                          0
ap0                                        0.6
an0                                        0.6
ibn0                                  0.286672
x0.x1.tmid                         3.10902e-06
x0.x1.tail                            0.564738
clk                                          0
x0.x1.np                                  1.08
x0.x1.nn                                  1.08
x0.x1.ln                                  1.08
x0.x1.lp                                  1.08
x0.x1.lnb                          4.03241e-08
x0.x1.lpb                          4.03241e-08
x0.x1.na                               1.06903
doutb0                                0.526576
dout0                                 0.526576
x0.x1.nb                               1.06903
vd1                                      0.001
ap1                                     0.6005
an1                                     0.5995
ibn1                                  0.286672
x1.x1.tmid                         3.10903e-06
x1.x1.tail                            0.564741
x1.x1.np                                  1.08
x1.x1.nn                                  1.08
x1.x1.ln                                  1.08
x1.x1.lp                                  1.08
x1.x1.lnb                          4.03241e-08
x1.x1.lpb                          4.03241e-08
x1.x1.na                               1.06903
doutb1                                0.526576
dout1                                 0.526576
x1.x1.nb                               1.06903
vd2                                     -0.001
ap2                                     0.5995
an2                                     0.6005
ibn2                                  0.286672
x2.x1.tmid                         3.10903e-06
x2.x1.tail                            0.564741
x2.x1.np                                  1.08
x2.x1.nn                                  1.08
x2.x1.ln                                  1.08
x2.x1.lp                                  1.08
x2.x1.lnb                          4.03241e-08
x2.x1.lpb                          4.03241e-08
x2.x1.na                               1.06903
doutb2                                0.526576
dout2                                 0.526576
x2.x1.nb                               1.06903
ean2#branch                        1.17249e-12
eap2#branch                         1.1793e-12
ean1#branch                         1.1793e-12
eap1#branch                        1.17249e-12
ean0#branch                        1.17587e-12
eap0#branch                        1.17587e-12
vclk#branch                        3.71616e-10
vd2#branch                                   0
vd1#branch                                   0
vd0#branch                                   0
vcm#branch                         7.05532e-12
vsup#branch                       -0.000164793

 Reference value :  0.00000e+00
 Reference value :  6.41176e-10
 Reference value :  1.16355e-09
 Reference value :  1.99412e-09
 Reference value :  2.86824e-09
 Reference value :  3.66000e-09
 Reference value :  4.39412e-09
No. of Data Rows : 1345
vsup_v              =  1.08000e+00
d0now               =  4.52342e-06
d1now               =  1.07999e+00
d2now               =  1.08000e+00
Reset re-loads circuit * comparator-transient-noise @ fs_27c_1.08v -- generated by sim/harness, do not edit

Circuit: * comparator-transient-noise @ fs_27c_1.08v -- generated by sim/harness, do not edit

Doing analysis at TEMP = 27.000000 and TNOM = 27.000000

Using SPARSE 1.3 as Direct Linear Solver

Initial Transient Solution
--------------------------

Node                                   Voltage
----                                   -------
vdd                                       1.08
cm                                         0.6
vd0                                          0
ap0                                        0.6
an0                                        0.6
ibn0                                  0.286672
x0.x1.tmid                         3.10902e-06
x0.x1.tail                            0.564738
clk                                          0
x0.x1.np                                  1.08
x0.x1.nn                                  1.08
x0.x1.ln                                  1.08
x0.x1.lp                                  1.08
x0.x1.lnb                          4.03241e-08
x0.x1.lpb                          4.03241e-08
x0.x1.na                               1.06903
doutb0                                0.526576
dout0                                 0.526576
x0.x1.nb                               1.06903
vd1                                      0.001
ap1                                     0.6005
an1                                     0.5995
ibn1                                  0.286672
x1.x1.tmid                         3.10903e-06
x1.x1.tail                            0.564741
x1.x1.np                                  1.08
x1.x1.nn                                  1.08
x1.x1.ln                                  1.08
x1.x1.lp                                  1.08
x1.x1.lnb                          4.03241e-08
x1.x1.lpb                          4.03241e-08
x1.x1.na                               1.06903
doutb1                                0.526576
dout1                                 0.526576
x1.x1.nb                               1.06903
vd2                                     -0.001
ap2                                     0.5995
an2                                     0.6005
ibn2                                  0.286672
x2.x1.tmid                         3.10903e-06
x2.x1.tail                            0.564741
x2.x1.np                                  1.08
x2.x1.nn                                  1.08
x2.x1.ln                                  1.08
x2.x1.lp                                  1.08
x2.x1.lnb                          4.03241e-08
x2.x1.lpb                          4.03241e-08
x2.x1.na                               1.06903
doutb2                                0.526576
dout2                                 0.526576
x2.x1.nb                               1.06903
ean2#branch                        1.17249e-12
eap2#branch                         1.1793e-12
ean1#branch                         1.1793e-12
eap1#branch                        1.17249e-12
ean0#branch                        1.17587e-12
eap0#branch                        1.17587e-12
vclk#branch                        3.71616e-10
vd2#branch                                   0
vd1#branch                                   0
vd0#branch                                   0
vcm#branch                         7.05532e-12
vsup#branch                       -0.000164793

 Reference value :  0.00000e+00
 Reference value :  6.48235e-10
 Reference value :  1.16355e-09
 Reference value :  2.02000e-09
 Reference value :  2.94118e-09
 Reference value :  3.70118e-09
 Reference value :  4.42353e-09
No. of Data Rows : 1345
vsup_v              =  1.08000e+00
d0now               =  1.08000e+00
d1now               =  1.07999e+00
d2now               =  1.08000e+00
Reset re-loads circuit * comparator-transient-noise @ fs_27c_1.08v -- generated by sim/harness, do not edit

Circuit: * comparator-transient-noise @ fs_27c_1.08v -- generated by sim/harness, do not edit

Doing analysis at TEMP = 27.000000 and TNOM = 27.000000

Using SPARSE 1.3 as Direct Linear Solver

Initial Transient Solution
--------------------------

Node                                   Voltage
----                                   -------
vdd                                       1.08
cm                                         0.6
vd0                                          0
ap0                                        0.6
an0                                        0.6
ibn0                                  0.286672
x0.x1.tmid                         3.10902e-06
x0.x1.tail                            0.564738
clk                                          0
x0.x1.np                                  1.08
x0.x1.nn                                  1.08
x0.x1.ln                                  1.08
x0.x1.lp                                  1.08
x0.x1.lnb                          4.03241e-08
x0.x1.lpb                          4.03241e-08
x0.x1.na                               1.06903
doutb0                                0.526576
dout0                                 0.526576
x0.x1.nb                               1.06903
vd1                                      0.001
ap1                                     0.6005
an1                                     0.5995
ibn1                                  0.286672
x1.x1.tmid                         3.10903e-06
x1.x1.tail                            0.564741
x1.x1.np                                  1.08
x1.x1.nn                                  1.08
x1.x1.ln                                  1.08
x1.x1.lp                                  1.08
x1.x1.lnb                          4.03241e-08
x1.x1.lpb                          4.03241e-08
x1.x1.na                               1.06903
doutb1                                0.526576
dout1                                 0.526576
x1.x1.nb                               1.06903
vd2                                     -0.001
ap2                                     0.5995
an2                                     0.6005
ibn2                                  0.286672
x2.x1.tmid                         3.10903e-06
x2.x1.tail                            0.564741
x2.x1.np                                  1.08
x2.x1.nn                                  1.08
x2.x1.ln                                  1.08
x2.x1.lp                                  1.08
x2.x1.lnb                          4.03241e-08
x2.x1.lpb                          4.03241e-08
x2.x1.na                               1.06903
doutb2                                0.526576
dout2                                 0.526576
x2.x1.nb                               1.06903
ean2#branch                        1.17249e-12
eap2#branch                         1.1793e-12
ean1#branch                         1.1793e-12
eap1#branch                        1.17249e-12
ean0#branch                        1.17587e-12
eap0#branch                        1.17587e-12
vclk#branch                        3.71616e-10
vd2#branch                                   0
vd1#branch                                   0
vd0#branch                                   0
vcm#branch                         7.05532e-12
vsup#branch                       -0.000164793

 Reference value :  0.00000e+00
 Reference value :  6.61176e-10
 Reference value :  1.16355e-09
 Reference value :  2.02353e-09
 Reference value :  2.90353e-09
 Reference value :  3.68000e-09
 Reference value :  4.40118e-09
No. of Data Rows : 1345
vsup_v              =  1.08000e+00
d0now               =  1.07999e+00
d1now               =  1.07999e+00
d2now               =  -1.30777e-06
Reset re-loads circuit * comparator-transient-noise @ fs_27c_1.08v -- generated by sim/harness, do not edit

Circuit: * comparator-transient-noise @ fs_27c_1.08v -- generated by sim/harness, do not edit

Doing analysis at TEMP = 27.000000 and TNOM = 27.000000

Using SPARSE 1.3 as Direct Linear Solver

Initial Transient Solution
--------------------------

Node                                   Voltage
----                                   -------
vdd                                       1.08
cm                                         0.6
vd0                                          0
ap0                                        0.6
an0                                        0.6
ibn0                                  0.286672
x0.x1.tmid                         3.10902e-06
x0.x1.tail                            0.564738
clk                                          0
x0.x1.np                                  1.08
x0.x1.nn                                  1.08
x0.x1.ln                                  1.08
x0.x1.lp                                  1.08
x0.x1.lnb                          4.03241e-08
x0.x1.lpb                          4.03241e-08
x0.x1.na                               1.06903
doutb0                                0.526576
dout0                                 0.526576
x0.x1.nb                               1.06903
vd1                                      0.001
ap1                                     0.6005
an1                                     0.5995
ibn1                                  0.286672
x1.x1.tmid                         3.10903e-06
x1.x1.tail                            0.564741
x1.x1.np                                  1.08
x1.x1.nn                                  1.08
x1.x1.ln                                  1.08
x1.x1.lp                                  1.08
x1.x1.lnb                          4.03241e-08
x1.x1.lpb                          4.03241e-08
x1.x1.na                               1.06903
doutb1                                0.526576
dout1                                 0.526576
x1.x1.nb                               1.06903
vd2                                     -0.001
ap2                                     0.5995
an2                                     0.6005
ibn2                                  0.286672
x2.x1.tmid                         3.10903e-06
x2.x1.tail                            0.564741
x2.x1.np                                  1.08
x2.x1.nn                                  1.08
x2.x1.ln                                  1.08
x2.x1.lp                                  1.08
x2.x1.lnb                          4.03241e-08
x2.x1.lpb                          4.03241e-08
x2.x1.na                               1.06903
doutb2                                0.526576
dout2                                 0.526576
x2.x1.nb                               1.06903
ean2#branch                        1.17249e-12
eap2#branch                         1.1793e-12
ean1#branch                         1.1793e-12
eap1#branch                        1.17249e-12
ean0#branch                        1.17587e-12
eap0#branch                        1.17587e-12
vclk#branch                        3.71616e-10
vd2#branch                                   0
vd1#branch                                   0
vd0#branch                                   0
vcm#branch                         7.05532e-12
vsup#branch                       -0.000164793

 Reference value :  0.00000e+00
 Reference value :  6.40000e-10
 Reference value :  1.14000e-09
 Reference value :  1.96353e-09
 Reference value :  2.88000e-09
 Reference value :  3.68353e-09
 Reference value :  4.41412e-09
No. of Data Rows : 1345
vsup_v              =  1.08000e+00
d0now               =  1.08000e+00
d1now               =  1.08000e+00
d2now               =  1.07999e+00
Reset re-loads circuit * comparator-transient-noise @ fs_27c_1.08v -- generated by sim/harness, do not edit

Circuit: * comparator-transient-noise @ fs_27c_1.08v -- generated by sim/harness, do not edit

Doing analysis at TEMP = 27.000000 and TNOM = 27.000000

Using SPARSE 1.3 as Direct Linear Solver

Initial Transient Solution
--------------------------

Node                                   Voltage
----                                   -------
vdd                                       1.08
cm                                         0.6
vd0                                          0
ap0                                        0.6
an0                                        0.6
ibn0                                  0.286672
x0.x1.tmid                         3.10902e-06
x0.x1.tail                            0.564738
clk                                          0
x0.x1.np                                  1.08
x0.x1.nn                                  1.08
x0.x1.ln                                  1.08
x0.x1.lp                                  1.08
x0.x1.lnb                          4.03241e-08
x0.x1.lpb                          4.03241e-08
x0.x1.na                               1.06903
doutb0                                0.526576
dout0                                 0.526576
x0.x1.nb                               1.06903
vd1                                      0.001
ap1                                     0.6005
an1                                     0.5995
ibn1                                  0.286672
x1.x1.tmid                         3.10903e-06
x1.x1.tail                            0.564741
x1.x1.np                                  1.08
x1.x1.nn                                  1.08
x1.x1.ln                                  1.08
x1.x1.lp                                  1.08
x1.x1.lnb                          4.03241e-08
x1.x1.lpb                          4.03241e-08
x1.x1.na                               1.06903
doutb1                                0.526576
dout1                                 0.526576
x1.x1.nb                               1.06903
vd2                                     -0.001
ap2                                     0.5995
an2                                     0.6005
ibn2                                  0.286672
x2.x1.tmid                         3.10903e-06
x2.x1.tail                            0.564741
x2.x1.np                                  1.08
x2.x1.nn                                  1.08
x2.x1.ln                                  1.08
x2.x1.lp                                  1.08
x2.x1.lnb                          4.03241e-08
x2.x1.lpb                          4.03241e-08
x2.x1.na                               1.06903
doutb2                                0.526576
dout2                                 0.526576
x2.x1.nb                               1.06903
ean2#branch                        1.17249e-12
eap2#branch                         1.1793e-12
ean1#branch                         1.1793e-12
eap1#branch                        1.17249e-12
ean0#branch                        1.17587e-12
eap0#branch                        1.17587e-12
vclk#branch                        3.71616e-10
vd2#branch                                   0
vd1#branch                                   0
vd0#branch                                   0
vcm#branch                         7.05532e-12
vsup#branch                       -0.000164793

 Reference value :  0.00000e+00
 Reference value :  6.41176e-10
 Reference value :  1.16000e-09
 Reference value :  2.01412e-09
 Reference value :  2.92118e-09
 Reference value :  3.70824e-09
 Reference value :  4.44353e-09
No. of Data Rows : 1345
vsup_v              =  1.08000e+00
d0now               =  1.08000e+00
d1now               =  1.07999e+00
d2now               =  3.42038e-06
Reset re-loads circuit * comparator-transient-noise @ fs_27c_1.08v -- generated by sim/harness, do not edit

Circuit: * comparator-transient-noise @ fs_27c_1.08v -- generated by sim/harness, do not edit

Doing analysis at TEMP = 27.000000 and TNOM = 27.000000

Using SPARSE 1.3 as Direct Linear Solver

Initial Transient Solution
--------------------------

Node                                   Voltage
----                                   -------
vdd                                       1.08
cm                                         0.6
vd0                                          0
ap0                                        0.6
an0                                        0.6
ibn0                                  0.286672
x0.x1.tmid                         3.10902e-06
x0.x1.tail                            0.564738
clk                                          0
x0.x1.np                                  1.08
x0.x1.nn                                  1.08
x0.x1.ln                                  1.08
x0.x1.lp                                  1.08
x0.x1.lnb                          4.03241e-08
x0.x1.lpb                          4.03241e-08
x0.x1.na                               1.06903
doutb0                                0.526576
dout0                                 0.526576
x0.x1.nb                               1.06903
vd1                                      0.001
ap1                                     0.6005
an1                                     0.5995
ibn1                                  0.286672
x1.x1.tmid                         3.10903e-06
x1.x1.tail                            0.564741
x1.x1.np                                  1.08
x1.x1.nn                                  1.08
x1.x1.ln                                  1.08
x1.x1.lp                                  1.08
x1.x1.lnb                          4.03241e-08
x1.x1.lpb                          4.03241e-08
x1.x1.na                               1.06903
doutb1                                0.526576
dout1                                 0.526576
x1.x1.nb                               1.06903
vd2                                     -0.001
ap2                                     0.5995
an2                                     0.6005
ibn2                                  0.286672
x2.x1.tmid                         3.10903e-06
x2.x1.tail                            0.564741
x2.x1.np                                  1.08
x2.x1.nn                                  1.08
x2.x1.ln                                  1.08
x2.x1.lp                                  1.08
x2.x1.lnb                          4.03241e-08
x2.x1.lpb                          4.03241e-08
x2.x1.na                               1.06903
doutb2                                0.526576
dout2                                 0.526576
x2.x1.nb                               1.06903
ean2#branch                        1.17249e-12
eap2#branch                         1.1793e-12
ean1#branch                         1.1793e-12
eap1#branch                        1.17249e-12
ean0#branch                        1.17587e-12
eap0#branch                        1.17587e-12
vclk#branch                        3.71616e-10
vd2#branch                                   0
vd1#branch                                   0
vd0#branch                                   0
vcm#branch                         7.05532e-12
vsup#branch                       -0.000164793

 Reference value :  0.00000e+00
 Reference value :  6.60000e-10
 Reference value :  1.16355e-09
 Reference value :  1.99412e-09
 Reference value :  2.98353e-09
 Reference value :  3.78000e-09
 Reference value :  4.54000e-09
No. of Data Rows : 1345
vsup_v              =  1.08000e+00
d0now               =  1.08000e+00
d1now               =  1.08000e+00
d2now               =  1.08000e+00
Reset re-loads circuit * comparator-transient-noise @ fs_27c_1.08v -- generated by sim/harness, do not edit

Circuit: * comparator-transient-noise @ fs_27c_1.08v -- generated by sim/harness, do not edit

Doing analysis at TEMP = 27.000000 and TNOM = 27.000000

Using SPARSE 1.3 as Direct Linear Solver

Initial Transient Solution
--------------------------

Node                                   Voltage
----                                   -------
vdd                                       1.08
cm                                         0.6
vd0                                          0
ap0                                        0.6
an0                                        0.6
ibn0                                  0.286672
x0.x1.tmid                         3.10902e-06
x0.x1.tail                            0.564738
clk                                          0
x0.x1.np                                  1.08
x0.x1.nn                                  1.08
x0.x1.ln                                  1.08
x0.x1.lp                                  1.08
x0.x1.lnb                          4.03241e-08
x0.x1.lpb                          4.03241e-08
x0.x1.na                               1.06903
doutb0                                0.526576
dout0                                 0.526576
x0.x1.nb                               1.06903
vd1                                      0.001
ap1                                     0.6005
an1                                     0.5995
ibn1                                  0.286672
x1.x1.tmid                         3.10903e-06
x1.x1.tail                            0.564741
x1.x1.np                                  1.08
x1.x1.nn                                  1.08
x1.x1.ln                                  1.08
x1.x1.lp                                  1.08
x1.x1.lnb                          4.03241e-08
x1.x1.lpb                          4.03241e-08
x1.x1.na                               1.06903
doutb1                                0.526576
dout1                                 0.526576
x1.x1.nb                               1.06903
vd2                                     -0.001
ap2                                     0.5995
an2                                     0.6005
ibn2                                  0.286672
x2.x1.tmid                         3.10903e-06
x2.x1.tail                            0.564741
x2.x1.np                                  1.08
x2.x1.nn                                  1.08
x2.x1.ln                                  1.08
x2.x1.lp                                  1.08
x2.x1.lnb                          4.03241e-08
x2.x1.lpb                          4.03241e-08
x2.x1.na                               1.06903
doutb2                                0.526576
dout2                                 0.526576
x2.x1.nb                               1.06903
ean2#branch                        1.17249e-12
eap2#branch                         1.1793e-12
ean1#branch                         1.1793e-12
eap1#branch                        1.17249e-12
ean0#branch                        1.17587e-12
eap0#branch                        1.17587e-12
vclk#branch                        3.71616e-10
vd2#branch                                   0
vd1#branch                                   0
vd0#branch                                   0
vcm#branch                         7.05532e-12
vsup#branch                       -0.000164793

 Reference value :  0.00000e+00
 Reference value :  6.40000e-10
 Reference value :  1.14000e-09
 Reference value :  1.96824e-09
 Reference value :  2.86353e-09
 Reference value :  3.66118e-09
 Reference value :  4.40118e-09
No. of Data Rows : 1345
vsup_v              =  1.08000e+00
d0now               =  1.07999e+00
d1now               =  5.25146e-06
d2now               =  1.51168e-06
Reset re-loads circuit * comparator-transient-noise @ fs_27c_1.08v -- generated by sim/harness, do not edit

Circuit: * comparator-transient-noise @ fs_27c_1.08v -- generated by sim/harness, do not edit

Doing analysis at TEMP = 27.000000 and TNOM = 27.000000

Using SPARSE 1.3 as Direct Linear Solver

Initial Transient Solution
--------------------------

Node                                   Voltage
----                                   -------
vdd                                       1.08
cm                                         0.6
vd0                                          0
ap0                                        0.6
an0                                        0.6
ibn0                                  0.286672
x0.x1.tmid                         3.10902e-06
x0.x1.tail                            0.564738
clk                                          0
x0.x1.np                                  1.08
x0.x1.nn                                  1.08
x0.x1.ln                                  1.08
x0.x1.lp                                  1.08
x0.x1.lnb                          4.03241e-08
x0.x1.lpb                          4.03241e-08
x0.x1.na                               1.06903
doutb0                                0.526576
dout0                                 0.526576
x0.x1.nb                               1.06903
vd1                                      0.001
ap1                                     0.6005
an1                                     0.5995
ibn1                                  0.286672
x1.x1.tmid                         3.10903e-06
x1.x1.tail                            0.564741
x1.x1.np                                  1.08
x1.x1.nn                                  1.08
x1.x1.ln                                  1.08
x1.x1.lp                                  1.08
x1.x1.lnb                          4.03241e-08
x1.x1.lpb                          4.03241e-08
x1.x1.na                               1.06903
doutb1                                0.526576
dout1                                 0.526576
x1.x1.nb                               1.06903
vd2                                     -0.001
ap2                                     0.5995
an2                                     0.6005
ibn2                                  0.286672
x2.x1.tmid                         3.10903e-06
x2.x1.tail                            0.564741
x2.x1.np                                  1.08
x2.x1.nn                                  1.08
x2.x1.ln                                  1.08
x2.x1.lp                                  1.08
x2.x1.lnb                          4.03241e-08
x2.x1.lpb                          4.03241e-08
x2.x1.na                               1.06903
doutb2                                0.526576
dout2                                 0.526576
x2.x1.nb                               1.06903
ean2#branch                        1.17249e-12
eap2#branch                         1.1793e-12
ean1#branch                         1.1793e-12
eap1#branch                        1.17249e-12
ean0#branch                        1.17587e-12
eap0#branch                        1.17587e-12
vclk#branch                        3.71616e-10
vd2#branch                                   0
vd1#branch                                   0
vd0#branch                                   0
vcm#branch                         7.05532e-12
vsup#branch                       -0.000164793

 Reference value :  0.00000e+00
 Reference value :  6.41176e-10
 Reference value :  1.13416e-09
 Reference value :  1.96824e-09
 Reference value :  2.76118e-09
 Reference value :  3.57412e-09
 Reference value :  4.31412e-09
 Reference value :  5.06353e-09
No. of Data Rows : 1345
vsup_v              =  1.08000e+00
d0now               =  1.08000e+00
d1now               =  1.08000e+00
d2now               =  2.32813e-06
Reset re-loads circuit * comparator-transient-noise @ fs_27c_1.08v -- generated by sim/harness, do not edit

Circuit: * comparator-transient-noise @ fs_27c_1.08v -- generated by sim/harness, do not edit

Doing analysis at TEMP = 27.000000 and TNOM = 27.000000

Using SPARSE 1.3 as Direct Linear Solver

Initial Transient Solution
--------------------------

Node                                   Voltage
----                                   -------
vdd                                       1.08
cm                                         0.6
vd0                                          0
ap0                                        0.6
an0                                        0.6
ibn0                                  0.286672
x0.x1.tmid                         3.10902e-06
x0.x1.tail                            0.564738
clk                                          0
x0.x1.np                                  1.08
x0.x1.nn                                  1.08
x0.x1.ln                                  1.08
x0.x1.lp                                  1.08
x0.x1.lnb                          4.03241e-08
x0.x1.lpb                          4.03241e-08
x0.x1.na                               1.06903
doutb0                                0.526576
dout0                                 0.526576
x0.x1.nb                               1.06903
vd1                                      0.001
ap1                                     0.6005
an1                                     0.5995
ibn1                                  0.286672
x1.x1.tmid                         3.10903e-06
x1.x1.tail                            0.564741
x1.x1.np                                  1.08
x1.x1.nn                                  1.08
x1.x1.ln                                  1.08
x1.x1.lp                                  1.08
x1.x1.lnb                          4.03241e-08
x1.x1.lpb                          4.03241e-08
x1.x1.na                               1.06903
doutb1                                0.526576
dout1                                 0.526576
x1.x1.nb                               1.06903
vd2                                     -0.001
ap2                                     0.5995
an2                                     0.6005
ibn2                                  0.286672
x2.x1.tmid                         3.10903e-06
x2.x1.tail                            0.564741
x2.x1.np                                  1.08
x2.x1.nn                                  1.08
x2.x1.ln                                  1.08
x2.x1.lp                                  1.08
x2.x1.lnb                          4.03241e-08
x2.x1.lpb                          4.03241e-08
x2.x1.na                               1.06903
doutb2                                0.526576
dout2                                 0.526576
x2.x1.nb                               1.06903
ean2#branch                        1.17249e-12
eap2#branch                         1.1793e-12
ean1#branch                         1.1793e-12
eap1#branch                        1.17249e-12
ean0#branch                        1.17587e-12
eap0#branch                        1.17587e-12
vclk#branch                        3.71616e-10
vd2#branch                                   0
vd1#branch                                   0
vd0#branch                                   0
vcm#branch                         7.05532e-12
vsup#branch                       -0.000164793

 Reference value :  0.00000e+00
 Reference value :  6.63529e-10
 Reference value :  1.16355e-09
 Reference value :  1.98824e-09
 Reference value :  2.86118e-09
 Reference value :  3.62824e-09
 Reference value :  4.34000e-09
 Reference value :  5.05412e-09
No. of Data Rows : 1345
vsup_v              =  1.08000e+00
d0now               =  1.07999e+00
d1now               =  1.08000e+00
d2now               =  1.60618e-06
Reset re-loads circuit * comparator-transient-noise @ fs_27c_1.08v -- generated by sim/harness, do not edit

Circuit: * comparator-transient-noise @ fs_27c_1.08v -- generated by sim/harness, do not edit

Doing analysis at TEMP = 27.000000 and TNOM = 27.000000

Using SPARSE 1.3 as Direct Linear Solver

Initial Transient Solution
--------------------------

Node                                   Voltage
----                                   -------
vdd                                       1.08
cm                                         0.6
vd0                                          0
ap0                                        0.6
an0                                        0.6
ibn0                                  0.286672
x0.x1.tmid                         3.10902e-06
x0.x1.tail                            0.564738
clk                                          0
x0.x1.np                                  1.08
x0.x1.nn                                  1.08
x0.x1.ln                                  1.08
x0.x1.lp                                  1.08
x0.x1.lnb                          4.03241e-08
x0.x1.lpb                          4.03241e-08
x0.x1.na                               1.06903
doutb0                                0.526576
dout0                                 0.526576
x0.x1.nb                               1.06903
vd1                                      0.001
ap1                                     0.6005
an1                                     0.5995
ibn1                                  0.286672
x1.x1.tmid                         3.10903e-06
x1.x1.tail                            0.564741
x1.x1.np                                  1.08
x1.x1.nn                                  1.08
x1.x1.ln                                  1.08
x1.x1.lp                                  1.08
x1.x1.lnb                          4.03241e-08
x1.x1.lpb                          4.03241e-08
x1.x1.na                               1.06903
doutb1                                0.526576
dout1                                 0.526576
x1.x1.nb                               1.06903
vd2                                     -0.001
ap2                                     0.5995
an2                                     0.6005
ibn2                                  0.286672
x2.x1.tmid                         3.10903e-06
x2.x1.tail                            0.564741
x2.x1.np                                  1.08
x2.x1.nn                                  1.08
x2.x1.ln                                  1.08
x2.x1.lp                                  1.08
x2.x1.lnb                          4.03241e-08
x2.x1.lpb                          4.03241e-08
x2.x1.na                               1.06903
doutb2                                0.526576
dout2                                 0.526576
x2.x1.nb                               1.06903
ean2#branch                        1.17249e-12
eap2#branch                         1.1793e-12
ean1#branch                         1.1793e-12
eap1#branch                        1.17249e-12
ean0#branch                        1.17587e-12
eap0#branch                        1.17587e-12
vclk#branch                        3.71616e-10
vd2#branch                                   0
vd1#branch                                   0
vd0#branch                                   0
vcm#branch                         7.05532e-12
vsup#branch                       -0.000164793

 Reference value :  0.00000e+00
 Reference value :  6.81176e-10
 Reference value :  1.20000e-09
 Reference value :  2.02000e-09
 Reference value :  2.88353e-09
 Reference value :  3.66118e-09
 Reference value :  4.41412e-09
No. of Data Rows : 1345
vsup_v              =  1.08000e+00
d0now               =  1.08001e+00
d1now               =  1.08000e+00
d2now               =  -3.04237e-06
Reset re-loads circuit * comparator-transient-noise @ fs_27c_1.08v -- generated by sim/harness, do not edit

Circuit: * comparator-transient-noise @ fs_27c_1.08v -- generated by sim/harness, do not edit

Doing analysis at TEMP = 27.000000 and TNOM = 27.000000

Using SPARSE 1.3 as Direct Linear Solver

Initial Transient Solution
--------------------------

Node                                   Voltage
----                                   -------
vdd                                       1.08
cm                                         0.6
vd0                                          0
ap0                                        0.6
an0                                        0.6
ibn0                                  0.286672
x0.x1.tmid                         3.10902e-06
x0.x1.tail                            0.564738
clk                                          0
x0.x1.np                                  1.08
x0.x1.nn                                  1.08
x0.x1.ln                                  1.08
x0.x1.lp                                  1.08
x0.x1.lnb                          4.03241e-08
x0.x1.lpb                          4.03241e-08
x0.x1.na                               1.06903
doutb0                                0.526576
dout0                                 0.526576
x0.x1.nb                               1.06903
vd1                                      0.001
ap1                                     0.6005
an1                                     0.5995
ibn1                                  0.286672
x1.x1.tmid                         3.10903e-06
x1.x1.tail                            0.564741
x1.x1.np                                  1.08
x1.x1.nn                                  1.08
x1.x1.ln                                  1.08
x1.x1.lp                                  1.08
x1.x1.lnb                          4.03241e-08
x1.x1.lpb                          4.03241e-08
x1.x1.na                               1.06903
doutb1                                0.526576
dout1                                 0.526576
x1.x1.nb                               1.06903
vd2                                     -0.001
ap2                                     0.5995
an2                                     0.6005
ibn2                                  0.286672
x2.x1.tmid                         3.10903e-06
x2.x1.tail                            0.564741
x2.x1.np                                  1.08
x2.x1.nn                                  1.08
x2.x1.ln                                  1.08
x2.x1.lp                                  1.08
x2.x1.lnb                          4.03241e-08
x2.x1.lpb                          4.03241e-08
x2.x1.na                               1.06903
doutb2                                0.526576
dout2                                 0.526576
x2.x1.nb                               1.06903
ean2#branch                        1.17249e-12
eap2#branch                         1.1793e-12
ean1#branch                         1.1793e-12
eap1#branch                        1.17249e-12
ean0#branch                        1.17587e-12
eap0#branch                        1.17587e-12
vclk#branch                        3.71616e-10
vd2#branch                                   0
vd1#branch                                   0
vd0#branch                                   0
vcm#branch                         7.05532e-12
vsup#branch                       -0.000164793

 Reference value :  0.00000e+00
 Reference value :  6.40000e-10
 Reference value :  1.22117e-09
 Reference value :  2.05412e-09
 Reference value :  2.98353e-09
 Reference value :  3.80118e-09
 Reference value :  4.54353e-09
No. of Data Rows : 1345
vsup_v              =  1.08000e+00
d0now               =  -2.35346e-06
d1now               =  1.08000e+00
d2now               =  1.14028e-06
Reset re-loads circuit * comparator-transient-noise @ fs_27c_1.08v -- generated by sim/harness, do not edit

Circuit: * comparator-transient-noise @ fs_27c_1.08v -- generated by sim/harness, do not edit

Doing analysis at TEMP = 27.000000 and TNOM = 27.000000

Using SPARSE 1.3 as Direct Linear Solver

Initial Transient Solution
--------------------------

Node                                   Voltage
----                                   -------
vdd                                       1.08
cm                                         0.6
vd0                                          0
ap0                                        0.6
an0                                        0.6
ibn0                                  0.286672
x0.x1.tmid                         3.10902e-06
x0.x1.tail                            0.564738
clk                                          0
x0.x1.np                                  1.08
x0.x1.nn                                  1.08
x0.x1.ln                                  1.08
x0.x1.lp                                  1.08
x0.x1.lnb                          4.03241e-08
x0.x1.lpb                          4.03241e-08
x0.x1.na                               1.06903
doutb0                                0.526576
dout0                                 0.526576
x0.x1.nb                               1.06903
vd1                                      0.001
ap1                                     0.6005
an1                                     0.5995
ibn1                                  0.286672
x1.x1.tmid                         3.10903e-06
x1.x1.tail                            0.564741
x1.x1.np                                  1.08
x1.x1.nn                                  1.08
x1.x1.ln                                  1.08
x1.x1.lp                                  1.08
x1.x1.lnb                          4.03241e-08
x1.x1.lpb                          4.03241e-08
x1.x1.na                               1.06903
doutb1                                0.526576
dout1                                 0.526576
x1.x1.nb                               1.06903
vd2                                     -0.001
ap2                                     0.5995
an2                                     0.6005
ibn2                                  0.286672
x2.x1.tmid                         3.10903e-06
x2.x1.tail                            0.564741
x2.x1.np                                  1.08
x2.x1.nn                                  1.08
x2.x1.ln                                  1.08
x2.x1.lp                                  1.08
x2.x1.lnb                          4.03241e-08
x2.x1.lpb                          4.03241e-08
x2.x1.na                               1.06903
doutb2                                0.526576
dout2                                 0.526576
x2.x1.nb                               1.06903
ean2#branch                        1.17249e-12
eap2#branch                         1.1793e-12
ean1#branch                         1.1793e-12
eap1#branch                        1.17249e-12
ean0#branch                        1.17587e-12
eap0#branch                        1.17587e-12
vclk#branch                        3.71616e-10
vd2#branch                                   0
vd1#branch                                   0
vd0#branch                                   0
vcm#branch                         7.05532e-12
vsup#branch                       -0.000164793

 Reference value :  0.00000e+00
 Reference value :  6.41176e-10
 Reference value :  1.16355e-09
 Reference value :  2.00118e-09
 Reference value :  2.95412e-09
 Reference value :  3.75412e-09
 Reference value :  4.47412e-09
No. of Data Rows : 1345
vsup_v              =  1.08000e+00
d0now               =  3.55165e-06
d1now               =  1.08000e+00
d2now               =  1.69227e-06
Reset re-loads circuit * comparator-transient-noise @ fs_27c_1.08v -- generated by sim/harness, do not edit

Circuit: * comparator-transient-noise @ fs_27c_1.08v -- generated by sim/harness, do not edit

Doing analysis at TEMP = 27.000000 and TNOM = 27.000000

Using SPARSE 1.3 as Direct Linear Solver

Initial Transient Solution
--------------------------

Node                                   Voltage
----                                   -------
vdd                                       1.08
cm                                         0.6
vd0                                          0
ap0                                        0.6
an0                                        0.6
ibn0                                  0.286672
x0.x1.tmid                         3.10902e-06
x0.x1.tail                            0.564738
clk                                          0
x0.x1.np                                  1.08
x0.x1.nn                                  1.08
x0.x1.ln                                  1.08
x0.x1.lp                                  1.08
x0.x1.lnb                          4.03241e-08
x0.x1.lpb                          4.03241e-08
x0.x1.na                               1.06903
doutb0                                0.526576
dout0                                 0.526576
x0.x1.nb                               1.06903
vd1                                      0.001
ap1                                     0.6005
an1                                     0.5995
ibn1                                  0.286672
x1.x1.tmid                         3.10903e-06
x1.x1.tail                            0.564741
x1.x1.np                                  1.08
x1.x1.nn                                  1.08
x1.x1.ln                                  1.08
x1.x1.lp                                  1.08
x1.x1.lnb                          4.03241e-08
x1.x1.lpb                          4.03241e-08
x1.x1.na                               1.06903
doutb1                                0.526576
dout1                                 0.526576
x1.x1.nb                               1.06903
vd2                                     -0.001
ap2                                     0.5995
an2                                     0.6005
ibn2                                  0.286672
x2.x1.tmid                         3.10903e-06
x2.x1.tail                            0.564741
x2.x1.np                                  1.08
x2.x1.nn                                  1.08
x2.x1.ln                                  1.08
x2.x1.lp                                  1.08
x2.x1.lnb                          4.03241e-08
x2.x1.lpb                          4.03241e-08
x2.x1.na                               1.06903
doutb2                                0.526576
dout2                                 0.526576
x2.x1.nb                               1.06903
ean2#branch                        1.17249e-12
eap2#branch                         1.1793e-12
ean1#branch                         1.1793e-12
eap1#branch                        1.17249e-12
ean0#branch                        1.17587e-12
eap0#branch                        1.17587e-12
vclk#branch                        3.71616e-10
vd2#branch                                   0
vd1#branch                                   0
vd0#branch                                   0
vcm#branch                         7.05532e-12
vsup#branch                       -0.000164793

 Reference value :  0.00000e+00
 Reference value :  6.80000e-10
 Reference value :  1.18821e-09
 Reference value :  2.00353e-09
 Reference value :  2.90000e-09
 Reference value :  3.75412e-09
 Reference value :  4.50824e-09
No. of Data Rows : 1345
vsup_v              =  1.08000e+00
d0now               =  1.08000e+00
d1now               =  1.08000e+00
d2now               =  5.77759e-07
Reset re-loads circuit * comparator-transient-noise @ fs_27c_1.08v -- generated by sim/harness, do not edit

Circuit: * comparator-transient-noise @ fs_27c_1.08v -- generated by sim/harness, do not edit

Doing analysis at TEMP = 27.000000 and TNOM = 27.000000

Using SPARSE 1.3 as Direct Linear Solver

Initial Transient Solution
--------------------------

Node                                   Voltage
----                                   -------
vdd                                       1.08
cm                                         0.6
vd0                                          0
ap0                                        0.6
an0                                        0.6
ibn0                                  0.286672
x0.x1.tmid                         3.10902e-06
x0.x1.tail                            0.564738
clk                                          0
x0.x1.np                                  1.08
x0.x1.nn                                  1.08
x0.x1.ln                                  1.08
x0.x1.lp                                  1.08
x0.x1.lnb                          4.03241e-08
x0.x1.lpb                          4.03241e-08
x0.x1.na                               1.06903
doutb0                                0.526576
dout0                                 0.526576
x0.x1.nb                               1.06903
vd1                                      0.001
ap1                                     0.6005
an1                                     0.5995
ibn1                                  0.286672
x1.x1.tmid                         3.10903e-06
x1.x1.tail                            0.564741
x1.x1.np                                  1.08
x1.x1.nn                                  1.08
x1.x1.ln                                  1.08
x1.x1.lp                                  1.08
x1.x1.lnb                          4.03241e-08
x1.x1.lpb                          4.03241e-08
x1.x1.na                               1.06903
doutb1                                0.526576
dout1                                 0.526576
x1.x1.nb                               1.06903
vd2                                     -0.001
ap2                                     0.5995
an2                                     0.6005
ibn2                                  0.286672
x2.x1.tmid                         3.10903e-06
x2.x1.tail                            0.564741
x2.x1.np                                  1.08
x2.x1.nn                                  1.08
x2.x1.ln                                  1.08
x2.x1.lp                                  1.08
x2.x1.lnb                          4.03241e-08
x2.x1.lpb                          4.03241e-08
x2.x1.na                               1.06903
doutb2                                0.526576
dout2                                 0.526576
x2.x1.nb                               1.06903
ean2#branch                        1.17249e-12
eap2#branch                         1.1793e-12
ean1#branch                         1.1793e-12
eap1#branch                        1.17249e-12
ean0#branch                        1.17587e-12
eap0#branch                        1.17587e-12
vclk#branch                        3.71616e-10
vd2#branch                                   0
vd1#branch                                   0
vd0#branch                                   0
vcm#branch                         7.05532e-12
vsup#branch                       -0.000164793

 Reference value :  0.00000e+00
 Reference value :  7.00000e-10
 Reference value :  1.25412e-09
 Reference value :  2.06824e-09
 Reference value :  2.94118e-09
 Reference value :  3.68353e-09
 Reference value :  4.42824e-09
No. of Data Rows : 1345
vsup_v              =  1.08000e+00
d0now               =  1.07999e+00
d1now               =  1.08000e+00
d2now               =  1.07999e+00
Reset re-loads circuit * comparator-transient-noise @ fs_27c_1.08v -- generated by sim/harness, do not edit

Circuit: * comparator-transient-noise @ fs_27c_1.08v -- generated by sim/harness, do not edit

Doing analysis at TEMP = 27.000000 and TNOM = 27.000000

Using SPARSE 1.3 as Direct Linear Solver

Initial Transient Solution
--------------------------

Node                                   Voltage
----                                   -------
vdd                                       1.08
cm                                         0.6
vd0                                          0
ap0                                        0.6
an0                                        0.6
ibn0                                  0.286672
x0.x1.tmid                         3.10902e-06
x0.x1.tail                            0.564738
clk                                          0
x0.x1.np                                  1.08
x0.x1.nn                                  1.08
x0.x1.ln                                  1.08
x0.x1.lp                                  1.08
x0.x1.lnb                          4.03241e-08
x0.x1.lpb                          4.03241e-08
x0.x1.na                               1.06903
doutb0                                0.526576
dout0                                 0.526576
x0.x1.nb                               1.06903
vd1                                      0.001
ap1                                     0.6005
an1                                     0.5995
ibn1                                  0.286672
x1.x1.tmid                         3.10903e-06
x1.x1.tail                            0.564741
x1.x1.np                                  1.08
x1.x1.nn                                  1.08
x1.x1.ln                                  1.08
x1.x1.lp                                  1.08
x1.x1.lnb                          4.03241e-08
x1.x1.lpb                          4.03241e-08
x1.x1.na                               1.06903
doutb1                                0.526576
dout1                                 0.526576
x1.x1.nb                               1.06903
vd2                                     -0.001
ap2                                     0.5995
an2                                     0.6005
ibn2                                  0.286672
x2.x1.tmid                         3.10903e-06
x2.x1.tail                            0.564741
x2.x1.np                                  1.08
x2.x1.nn                                  1.08
x2.x1.ln                                  1.08
x2.x1.lp                                  1.08
x2.x1.lnb                          4.03241e-08
x2.x1.lpb                          4.03241e-08
x2.x1.na                               1.06903
doutb2                                0.526576
dout2                                 0.526576
x2.x1.nb                               1.06903
ean2#branch                        1.17249e-12
eap2#branch                         1.1793e-12
ean1#branch                         1.1793e-12
eap1#branch                        1.17249e-12
ean0#branch                        1.17587e-12
eap0#branch                        1.17587e-12
vclk#branch                        3.71616e-10
vd2#branch                                   0
vd1#branch                                   0
vd0#branch                                   0
vcm#branch                         7.05532e-12
vsup#branch                       -0.000164793

 Reference value :  0.00000e+00
 Reference value :  7.01176e-10
 Reference value :  1.22000e-09
 Reference value :  2.06000e-09
 Reference value :  2.94824e-09
 Reference value :  3.70824e-09
 Reference value :  4.46824e-09
No. of Data Rows : 1345
vsup_v              =  1.08000e+00
d0now               =  1.08000e+00
d1now               =  1.08000e+00
d2now               =  1.07999e+00
Reset re-loads circuit * comparator-transient-noise @ fs_27c_1.08v -- generated by sim/harness, do not edit

Circuit: * comparator-transient-noise @ fs_27c_1.08v -- generated by sim/harness, do not edit

Doing analysis at TEMP = 27.000000 and TNOM = 27.000000

Using SPARSE 1.3 as Direct Linear Solver

Initial Transient Solution
--------------------------

Node                                   Voltage
----                                   -------
vdd                                       1.08
cm                                         0.6
vd0                                          0
ap0                                        0.6
an0                                        0.6
ibn0                                  0.286672
x0.x1.tmid                         3.10902e-06
x0.x1.tail                            0.564738
clk                                          0
x0.x1.np                                  1.08
x0.x1.nn                                  1.08
x0.x1.ln                                  1.08
x0.x1.lp                                  1.08
x0.x1.lnb                          4.03241e-08
x0.x1.lpb                          4.03241e-08
x0.x1.na                               1.06903
doutb0                                0.526576
dout0                                 0.526576
x0.x1.nb                               1.06903
vd1                                      0.001
ap1                                     0.6005
an1                                     0.5995
ibn1                                  0.286672
x1.x1.tmid                         3.10903e-06
x1.x1.tail                            0.564741
x1.x1.np                                  1.08
x1.x1.nn                                  1.08
x1.x1.ln                                  1.08
x1.x1.lp                                  1.08
x1.x1.lnb                          4.03241e-08
x1.x1.lpb                          4.03241e-08
x1.x1.na                               1.06903
doutb1                                0.526576
dout1                                 0.526576
x1.x1.nb                               1.06903
vd2                                     -0.001
ap2                                     0.5995
an2                                     0.6005
ibn2                                  0.286672
x2.x1.tmid                         3.10903e-06
x2.x1.tail                            0.564741
x2.x1.np                                  1.08
x2.x1.nn                                  1.08
x2.x1.ln                                  1.08
x2.x1.lp                                  1.08
x2.x1.lnb                          4.03241e-08
x2.x1.lpb                          4.03241e-08
x2.x1.na                               1.06903
doutb2                                0.526576
dout2                                 0.526576
x2.x1.nb                               1.06903
ean2#branch                        1.17249e-12
eap2#branch                         1.1793e-12
ean1#branch                         1.1793e-12
eap1#branch                        1.17249e-12
ean0#branch                        1.17587e-12
eap0#branch                        1.17587e-12
vclk#branch                        3.71616e-10
vd2#branch                                   0
vd1#branch                                   0
vd0#branch                                   0
vcm#branch                         7.05532e-12
vsup#branch                       -0.000164793

 Reference value :  0.00000e+00
 Reference value :  6.63529e-10
 Reference value :  1.17414e-09
 Reference value :  2.01412e-09
 Reference value :  2.90353e-09
 Reference value :  3.68118e-09
 Reference value :  4.39412e-09
No. of Data Rows : 1345
vsup_v              =  1.08000e+00
d0now               =  1.07999e+00
d1now               =  1.08000e+00
d2now               =  2.61247e-06
Reset re-loads circuit * comparator-transient-noise @ fs_27c_1.08v -- generated by sim/harness, do not edit

Circuit: * comparator-transient-noise @ fs_27c_1.08v -- generated by sim/harness, do not edit

Doing analysis at TEMP = 27.000000 and TNOM = 27.000000

Using SPARSE 1.3 as Direct Linear Solver

Initial Transient Solution
--------------------------

Node                                   Voltage
----                                   -------
vdd                                       1.08
cm                                         0.6
vd0                                          0
ap0                                        0.6
an0                                        0.6
ibn0                                  0.286672
x0.x1.tmid                         3.10902e-06
x0.x1.tail                            0.564738
clk                                          0
x0.x1.np                                  1.08
x0.x1.nn                                  1.08
x0.x1.ln                                  1.08
x0.x1.lp                                  1.08
x0.x1.lnb                          4.03241e-08
x0.x1.lpb                          4.03241e-08
x0.x1.na                               1.06903
doutb0                                0.526576
dout0                                 0.526576
x0.x1.nb                               1.06903
vd1                                      0.001
ap1                                     0.6005
an1                                     0.5995
ibn1                                  0.286672
x1.x1.tmid                         3.10903e-06
x1.x1.tail                            0.564741
x1.x1.np                                  1.08
x1.x1.nn                                  1.08
x1.x1.ln                                  1.08
x1.x1.lp                                  1.08
x1.x1.lnb                          4.03241e-08
x1.x1.lpb                          4.03241e-08
x1.x1.na                               1.06903
doutb1                                0.526576
dout1                                 0.526576
x1.x1.nb                               1.06903
vd2                                     -0.001
ap2                                     0.5995
an2                                     0.6005
ibn2                                  0.286672
x2.x1.tmid                         3.10903e-06
x2.x1.tail                            0.564741
x2.x1.np                                  1.08
x2.x1.nn                                  1.08
x2.x1.ln                                  1.08
x2.x1.lp                                  1.08
x2.x1.lnb                          4.03241e-08
x2.x1.lpb                          4.03241e-08
x2.x1.na                               1.06903
doutb2                                0.526576
dout2                                 0.526576
x2.x1.nb                               1.06903
ean2#branch                        1.17249e-12
eap2#branch                         1.1793e-12
ean1#branch                         1.1793e-12
eap1#branch                        1.17249e-12
ean0#branch                        1.17587e-12
eap0#branch                        1.17587e-12
vclk#branch                        3.71616e-10
vd2#branch                                   0
vd1#branch                                   0
vd0#branch                                   0
vcm#branch                         7.05532e-12
vsup#branch                       -0.000164793

 Reference value :  0.00000e+00
 Reference value :  6.23529e-10
 Reference value :  1.10406e-09
 Reference value :  1.94118e-09
 Reference value :  2.84353e-09
 Reference value :  3.68353e-09
 Reference value :  4.42000e-09
No. of Data Rows : 1345
vsup_v              =  1.08000e+00
d0now               =  4.28362e-06
d1now               =  9.16479e-07
d2now               =  -2.13353e-07
Reset re-loads circuit * comparator-transient-noise @ fs_27c_1.08v -- generated by sim/harness, do not edit

Circuit: * comparator-transient-noise @ fs_27c_1.08v -- generated by sim/harness, do not edit

Doing analysis at TEMP = 27.000000 and TNOM = 27.000000

Using SPARSE 1.3 as Direct Linear Solver

Initial Transient Solution
--------------------------

Node                                   Voltage
----                                   -------
vdd                                       1.08
cm                                         0.6
vd0                                          0
ap0                                        0.6
an0                                        0.6
ibn0                                  0.286672
x0.x1.tmid                         3.10902e-06
x0.x1.tail                            0.564738
clk                                          0
x0.x1.np                                  1.08
x0.x1.nn                                  1.08
x0.x1.ln                                  1.08
x0.x1.lp                                  1.08
x0.x1.lnb                          4.03241e-08
x0.x1.lpb                          4.03241e-08
x0.x1.na                               1.06903
doutb0                                0.526576
dout0                                 0.526576
x0.x1.nb                               1.06903
vd1                                      0.001
ap1                                     0.6005
an1                                     0.5995
ibn1                                  0.286672
x1.x1.tmid                         3.10903e-06
x1.x1.tail                            0.564741
x1.x1.np                                  1.08
x1.x1.nn                                  1.08
x1.x1.ln                                  1.08
x1.x1.lp                                  1.08
x1.x1.lnb                          4.03241e-08
x1.x1.lpb                          4.03241e-08
x1.x1.na                               1.06903
doutb1                                0.526576
dout1                                 0.526576
x1.x1.nb                               1.06903
vd2                                     -0.001
ap2                                     0.5995
an2                                     0.6005
ibn2                                  0.286672
x2.x1.tmid                         3.10903e-06
x2.x1.tail                            0.564741
x2.x1.np                                  1.08
x2.x1.nn                                  1.08
x2.x1.ln                                  1.08
x2.x1.lp                                  1.08
x2.x1.lnb                          4.03241e-08
x2.x1.lpb                          4.03241e-08
x2.x1.na                               1.06903
doutb2                                0.526576
dout2                                 0.526576
x2.x1.nb                               1.06903
ean2#branch                        1.17249e-12
eap2#branch                         1.1793e-12
ean1#branch                         1.1793e-12
eap1#branch                        1.17249e-12
ean0#branch                        1.17587e-12
eap0#branch                        1.17587e-12
vclk#branch                        3.71616e-10
vd2#branch                                   0
vd1#branch                                   0
vd0#branch                                   0
vcm#branch                         7.05532e-12
vsup#branch                       -0.000164793

 Reference value :  0.00000e+00
 Reference value :  6.61176e-10
 Reference value :  1.12356e-09
 Reference value :  1.90118e-09
 Reference value :  2.72353e-09
 Reference value :  3.52000e-09
 Reference value :  4.30000e-09
 Reference value :  5.03412e-09
No. of Data Rows : 1345
vsup_v              =  1.08000e+00
d0now               =  3.93643e-06
d1now               =  1.07999e+00
d2now               =  2.25606e-06
Reset re-loads circuit * comparator-transient-noise @ fs_27c_1.08v -- generated by sim/harness, do not edit

Circuit: * comparator-transient-noise @ fs_27c_1.08v -- generated by sim/harness, do not edit

Doing analysis at TEMP = 27.000000 and TNOM = 27.000000

Using SPARSE 1.3 as Direct Linear Solver

Initial Transient Solution
--------------------------

Node                                   Voltage
----                                   -------
vdd                                       1.08
cm                                         0.6
vd0                                          0
ap0                                        0.6
an0                                        0.6
ibn0                                  0.286672
x0.x1.tmid                         3.10902e-06
x0.x1.tail                            0.564738
clk                                          0
x0.x1.np                                  1.08
x0.x1.nn                                  1.08
x0.x1.ln                                  1.08
x0.x1.lp                                  1.08
x0.x1.lnb                          4.03241e-08
x0.x1.lpb                          4.03241e-08
x0.x1.na                               1.06903
doutb0                                0.526576
dout0                                 0.526576
x0.x1.nb                               1.06903
vd1                                      0.001
ap1                                     0.6005
an1                                     0.5995
ibn1                                  0.286672
x1.x1.tmid                         3.10903e-06
x1.x1.tail                            0.564741
x1.x1.np                                  1.08
x1.x1.nn                                  1.08
x1.x1.ln                                  1.08
x1.x1.lp                                  1.08
x1.x1.lnb                          4.03241e-08
x1.x1.lpb                          4.03241e-08
x1.x1.na                               1.06903
doutb1                                0.526576
dout1                                 0.526576
x1.x1.nb                               1.06903
vd2                                     -0.001
ap2                                     0.5995
an2                                     0.6005
ibn2                                  0.286672
x2.x1.tmid                         3.10903e-06
x2.x1.tail                            0.564741
x2.x1.np                                  1.08
x2.x1.nn                                  1.08
x2.x1.ln                                  1.08
x2.x1.lp                                  1.08
x2.x1.lnb                          4.03241e-08
x2.x1.lpb                          4.03241e-08
x2.x1.na                               1.06903
doutb2                                0.526576
dout2                                 0.526576
x2.x1.nb                               1.06903
ean2#branch                        1.17249e-12
eap2#branch                         1.1793e-12
ean1#branch                         1.1793e-12
eap1#branch                        1.17249e-12
ean0#branch                        1.17587e-12
eap0#branch                        1.17587e-12
vclk#branch                        3.71616e-10
vd2#branch                                   0
vd1#branch                                   0
vd0#branch                                   0
vcm#branch                         7.05532e-12
vsup#branch                       -0.000164793

 Reference value :  0.00000e+00
 Reference value :  6.34118e-10
 Reference value :  1.15409e-09
 Reference value :  1.96353e-09
 Reference value :  2.87412e-09
 Reference value :  3.64118e-09
 Reference value :  4.36353e-09
 Reference value :  5.09412e-09
No. of Data Rows : 1345
vsup_v              =  1.08000e+00
d0now               =  1.08000e+00
d1now               =  1.08000e+00
d2now               =  1.71816e-06
Reset re-loads circuit * comparator-transient-noise @ fs_27c_1.08v -- generated by sim/harness, do not edit

Circuit: * comparator-transient-noise @ fs_27c_1.08v -- generated by sim/harness, do not edit

Doing analysis at TEMP = 27.000000 and TNOM = 27.000000

Using SPARSE 1.3 as Direct Linear Solver

Initial Transient Solution
--------------------------

Node                                   Voltage
----                                   -------
vdd                                       1.08
cm                                         0.6
vd0                                          0
ap0                                        0.6
an0                                        0.6
ibn0                                  0.286672
x0.x1.tmid                         3.10902e-06
x0.x1.tail                            0.564738
clk                                          0
x0.x1.np                                  1.08
x0.x1.nn                                  1.08
x0.x1.ln                                  1.08
x0.x1.lp                                  1.08
x0.x1.lnb                          4.03241e-08
x0.x1.lpb                          4.03241e-08
x0.x1.na                               1.06903
doutb0                                0.526576
dout0                                 0.526576
x0.x1.nb                               1.06903
vd1                                      0.001
ap1                                     0.6005
an1                                     0.5995
ibn1                                  0.286672
x1.x1.tmid                         3.10903e-06
x1.x1.tail                            0.564741
x1.x1.np                                  1.08
x1.x1.nn                                  1.08
x1.x1.ln                                  1.08
x1.x1.lp                                  1.08
x1.x1.lnb                          4.03241e-08
x1.x1.lpb                          4.03241e-08
x1.x1.na                               1.06903
doutb1                                0.526576
dout1                                 0.526576
x1.x1.nb                               1.06903
vd2                                     -0.001
ap2                                     0.5995
an2                                     0.6005
ibn2                                  0.286672
x2.x1.tmid                         3.10903e-06
x2.x1.tail                            0.564741
x2.x1.np                                  1.08
x2.x1.nn                                  1.08
x2.x1.ln                                  1.08
x2.x1.lp                                  1.08
x2.x1.lnb                          4.03241e-08
x2.x1.lpb                          4.03241e-08
x2.x1.na                               1.06903
doutb2                                0.526576
dout2                                 0.526576
x2.x1.nb                               1.06903
ean2#branch                        1.17249e-12
eap2#branch                         1.1793e-12
ean1#branch                         1.1793e-12
eap1#branch                        1.17249e-12
ean0#branch                        1.17587e-12
eap0#branch                        1.17587e-12
vclk#branch                        3.71616e-10
vd2#branch                                   0
vd1#branch                                   0
vd0#branch                                   0
vcm#branch                         7.05532e-12
vsup#branch                       -0.000164793

 Reference value :  0.00000e+00
 Reference value :  6.60000e-10
 Reference value :  1.15409e-09
 Reference value :  1.97412e-09
 Reference value :  2.88353e-09
 Reference value :  3.68824e-09
 Reference value :  4.42353e-09
No. of Data Rows : 1345
vsup_v              =  1.08000e+00
d0now               =  4.29390e-06
d1now               =  1.08000e+00
d2now               =  -1.09897e-07
Reset re-loads circuit * comparator-transient-noise @ fs_27c_1.08v -- generated by sim/harness, do not edit

Circuit: * comparator-transient-noise @ fs_27c_1.08v -- generated by sim/harness, do not edit

Doing analysis at TEMP = 27.000000 and TNOM = 27.000000

Using SPARSE 1.3 as Direct Linear Solver

Initial Transient Solution
--------------------------

Node                                   Voltage
----                                   -------
vdd                                       1.08
cm                                         0.6
vd0                                          0
ap0                                        0.6
an0                                        0.6
ibn0                                  0.286672
x0.x1.tmid                         3.10902e-06
x0.x1.tail                            0.564738
clk                                          0
x0.x1.np                                  1.08
x0.x1.nn                                  1.08
x0.x1.ln                                  1.08
x0.x1.lp                                  1.08
x0.x1.lnb                          4.03241e-08
x0.x1.lpb                          4.03241e-08
x0.x1.na                               1.06903
doutb0                                0.526576
dout0                                 0.526576
x0.x1.nb                               1.06903
vd1                                      0.001
ap1                                     0.6005
an1                                     0.5995
ibn1                                  0.286672
x1.x1.tmid                         3.10903e-06
x1.x1.tail                            0.564741
x1.x1.np                                  1.08
x1.x1.nn                                  1.08
x1.x1.ln                                  1.08
x1.x1.lp                                  1.08
x1.x1.lnb                          4.03241e-08
x1.x1.lpb                          4.03241e-08
x1.x1.na                               1.06903
doutb1                                0.526576
dout1                                 0.526576
x1.x1.nb                               1.06903
vd2                                     -0.001
ap2                                     0.5995
an2                                     0.6005
ibn2                                  0.286672
x2.x1.tmid                         3.10903e-06
x2.x1.tail                            0.564741
x2.x1.np                                  1.08
x2.x1.nn                                  1.08
x2.x1.ln                                  1.08
x2.x1.lp                                  1.08
x2.x1.lnb                          4.03241e-08
x2.x1.lpb                          4.03241e-08
x2.x1.na                               1.06903
doutb2                                0.526576
dout2                                 0.526576
x2.x1.nb                               1.06903
ean2#branch                        1.17249e-12
eap2#branch                         1.1793e-12
ean1#branch                         1.1793e-12
eap1#branch                        1.17249e-12
ean0#branch                        1.17587e-12
eap0#branch                        1.17587e-12
vclk#branch                        3.71616e-10
vd2#branch                                   0
vd1#branch                                   0
vd0#branch                                   0
vcm#branch                         7.05532e-12
vsup#branch                       -0.000164793

 Reference value :  0.00000e+00
 Reference value :  6.21176e-10
 Reference value :  1.11406e-09
 Reference value :  1.96000e-09
 Reference value :  2.86824e-09
 Reference value :  3.66000e-09
 Reference value :  4.41412e-09
No. of Data Rows : 1345
vsup_v              =  1.08000e+00
d0now               =  1.07999e+00
d1now               =  1.07999e+00
d2now               =  -1.22760e-06
Reset re-loads circuit * comparator-transient-noise @ fs_27c_1.08v -- generated by sim/harness, do not edit

Circuit: * comparator-transient-noise @ fs_27c_1.08v -- generated by sim/harness, do not edit

Doing analysis at TEMP = 27.000000 and TNOM = 27.000000

Using SPARSE 1.3 as Direct Linear Solver

Initial Transient Solution
--------------------------

Node                                   Voltage
----                                   -------
vdd                                       1.08
cm                                         0.6
vd0                                          0
ap0                                        0.6
an0                                        0.6
ibn0                                  0.286672
x0.x1.tmid                         3.10902e-06
x0.x1.tail                            0.564738
clk                                          0
x0.x1.np                                  1.08
x0.x1.nn                                  1.08
x0.x1.ln                                  1.08
x0.x1.lp                                  1.08
x0.x1.lnb                          4.03241e-08
x0.x1.lpb                          4.03241e-08
x0.x1.na                               1.06903
doutb0                                0.526576
dout0                                 0.526576
x0.x1.nb                               1.06903
vd1                                      0.001
ap1                                     0.6005
an1                                     0.5995
ibn1                                  0.286672
x1.x1.tmid                         3.10903e-06
x1.x1.tail                            0.564741
x1.x1.np                                  1.08
x1.x1.nn                                  1.08
x1.x1.ln                                  1.08
x1.x1.lp                                  1.08
x1.x1.lnb                          4.03241e-08
x1.x1.lpb                          4.03241e-08
x1.x1.na                               1.06903
doutb1                                0.526576
dout1                                 0.526576
x1.x1.nb                               1.06903
vd2                                     -0.001
ap2                                     0.5995
an2                                     0.6005
ibn2                                  0.286672
x2.x1.tmid                         3.10903e-06
x2.x1.tail                            0.564741
x2.x1.np                                  1.08
x2.x1.nn                                  1.08
x2.x1.ln                                  1.08
x2.x1.lp                                  1.08
x2.x1.lnb                          4.03241e-08
x2.x1.lpb                          4.03241e-08
x2.x1.na                               1.06903
doutb2                                0.526576
dout2                                 0.526576
x2.x1.nb                               1.06903
ean2#branch                        1.17249e-12
eap2#branch                         1.1793e-12
ean1#branch                         1.1793e-12
eap1#branch                        1.17249e-12
ean0#branch                        1.17587e-12
eap0#branch                        1.17587e-12
vclk#branch                        3.71616e-10
vd2#branch                                   0
vd1#branch                                   0
vd0#branch                                   0
vcm#branch                         7.05532e-12
vsup#branch                       -0.000164793

 Reference value :  0.00000e+00
 Reference value :  6.14118e-10
 Reference value :  1.10203e-09
 Reference value :  1.94824e-09
 Reference value :  2.80000e-09
 Reference value :  3.66118e-09
 Reference value :  4.42118e-09
No. of Data Rows : 1345
vsup_v              =  1.08000e+00
d0now               =  -5.17651e-07
d1now               =  1.08000e+00
d2now               =  5.00363e-06
Reset re-loads circuit * comparator-transient-noise @ fs_27c_1.08v -- generated by sim/harness, do not edit

Circuit: * comparator-transient-noise @ fs_27c_1.08v -- generated by sim/harness, do not edit

Doing analysis at TEMP = 27.000000 and TNOM = 27.000000

Using SPARSE 1.3 as Direct Linear Solver

Initial Transient Solution
--------------------------

Node                                   Voltage
----                                   -------
vdd                                       1.08
cm                                         0.6
vd0                                          0
ap0                                        0.6
an0                                        0.6
ibn0                                  0.286672
x0.x1.tmid                         3.10902e-06
x0.x1.tail                            0.564738
clk                                          0
x0.x1.np                                  1.08
x0.x1.nn                                  1.08
x0.x1.ln                                  1.08
x0.x1.lp                                  1.08
x0.x1.lnb                          4.03241e-08
x0.x1.lpb                          4.03241e-08
x0.x1.na                               1.06903
doutb0                                0.526576
dout0                                 0.526576
x0.x1.nb                               1.06903
vd1                                      0.001
ap1                                     0.6005
an1                                     0.5995
ibn1                                  0.286672
x1.x1.tmid                         3.10903e-06
x1.x1.tail                            0.564741
x1.x1.np                                  1.08
x1.x1.nn                                  1.08
x1.x1.ln                                  1.08
x1.x1.lp                                  1.08
x1.x1.lnb                          4.03241e-08
x1.x1.lpb                          4.03241e-08
x1.x1.na                               1.06903
doutb1                                0.526576
dout1                                 0.526576
x1.x1.nb                               1.06903
vd2                                     -0.001
ap2                                     0.5995
an2                                     0.6005
ibn2                                  0.286672
x2.x1.tmid                         3.10903e-06
x2.x1.tail                            0.564741
x2.x1.np                                  1.08
x2.x1.nn                                  1.08
x2.x1.ln                                  1.08
x2.x1.lp                                  1.08
x2.x1.lnb                          4.03241e-08
x2.x1.lpb                          4.03241e-08
x2.x1.na                               1.06903
doutb2                                0.526576
dout2                                 0.526576
x2.x1.nb                               1.06903
ean2#branch                        1.17249e-12
eap2#branch                         1.1793e-12
ean1#branch                         1.1793e-12
eap1#branch                        1.17249e-12
ean0#branch                        1.17587e-12
eap0#branch                        1.17587e-12
vclk#branch                        3.71616e-10
vd2#branch                                   0
vd1#branch                                   0
vd0#branch                                   0
vcm#branch                         7.05532e-12
vsup#branch                       -0.000164793

 Reference value :  0.00000e+00
 Reference value :  6.74118e-10
 Reference value :  1.18000e-09
 Reference value :  1.97412e-09
 Reference value :  2.86000e-09
 Reference value :  3.66353e-09
 Reference value :  4.38824e-09
No. of Data Rows : 1345
vsup_v              =  1.08000e+00
d0now               =  1.08000e+00
d1now               =  1.08000e+00
d2now               =  7.83155e-07
Reset re-loads circuit * comparator-transient-noise @ fs_27c_1.08v -- generated by sim/harness, do not edit

Circuit: * comparator-transient-noise @ fs_27c_1.08v -- generated by sim/harness, do not edit

Doing analysis at TEMP = 27.000000 and TNOM = 27.000000

Using SPARSE 1.3 as Direct Linear Solver

Initial Transient Solution
--------------------------

Node                                   Voltage
----                                   -------
vdd                                       1.08
cm                                         0.6
vd0                                          0
ap0                                        0.6
an0                                        0.6
ibn0                                  0.286672
x0.x1.tmid                         3.10902e-06
x0.x1.tail                            0.564738
clk                                          0
x0.x1.np                                  1.08
x0.x1.nn                                  1.08
x0.x1.ln                                  1.08
x0.x1.lp                                  1.08
x0.x1.lnb                          4.03241e-08
x0.x1.lpb                          4.03241e-08
x0.x1.na                               1.06903
doutb0                                0.526576
dout0                                 0.526576
x0.x1.nb                               1.06903
vd1                                      0.001
ap1                                     0.6005
an1                                     0.5995
ibn1                                  0.286672
x1.x1.tmid                         3.10903e-06
x1.x1.tail                            0.564741
x1.x1.np                                  1.08
x1.x1.nn                                  1.08
x1.x1.ln                                  1.08
x1.x1.lp                                  1.08
x1.x1.lnb                          4.03241e-08
x1.x1.lpb                          4.03241e-08
x1.x1.na                               1.06903
doutb1                                0.526576
dout1                                 0.526576
x1.x1.nb                               1.06903
vd2                                     -0.001
ap2                                     0.5995
an2                                     0.6005
ibn2                                  0.286672
x2.x1.tmid                         3.10903e-06
x2.x1.tail                            0.564741
x2.x1.np                                  1.08
x2.x1.nn                                  1.08
x2.x1.ln                                  1.08
x2.x1.lp                                  1.08
x2.x1.lnb                          4.03241e-08
x2.x1.lpb                          4.03241e-08
x2.x1.na                               1.06903
doutb2                                0.526576
dout2                                 0.526576
x2.x1.nb                               1.06903
ean2#branch                        1.17249e-12
eap2#branch                         1.1793e-12
ean1#branch                         1.1793e-12
eap1#branch                        1.17249e-12
ean0#branch                        1.17587e-12
eap0#branch                        1.17587e-12
vclk#branch                        3.71616e-10
vd2#branch                                   0
vd1#branch                                   0
vd0#branch                                   0
vcm#branch                         7.05532e-12
vsup#branch                       -0.000164793

 Reference value :  0.00000e+00
 Reference value :  6.68235e-10
 Reference value :  1.20118e-09
 Reference value :  2.03412e-09
 Reference value :  2.96000e-09
 Reference value :  3.74824e-09
 Reference value :  4.46000e-09
No. of Data Rows : 1345
vsup_v              =  1.08000e+00
d0now               =  1.08000e+00
d1now               =  1.07999e+00
d2now               =  5.02908e-07
Reset re-loads circuit * comparator-transient-noise @ fs_27c_1.08v -- generated by sim/harness, do not edit

Circuit: * comparator-transient-noise @ fs_27c_1.08v -- generated by sim/harness, do not edit

Doing analysis at TEMP = 27.000000 and TNOM = 27.000000

Using SPARSE 1.3 as Direct Linear Solver

Initial Transient Solution
--------------------------

Node                                   Voltage
----                                   -------
vdd                                       1.08
cm                                         0.6
vd0                                          0
ap0                                        0.6
an0                                        0.6
ibn0                                  0.286672
x0.x1.tmid                         3.10902e-06
x0.x1.tail                            0.564738
clk                                          0
x0.x1.np                                  1.08
x0.x1.nn                                  1.08
x0.x1.ln                                  1.08
x0.x1.lp                                  1.08
x0.x1.lnb                          4.03241e-08
x0.x1.lpb                          4.03241e-08
x0.x1.na                               1.06903
doutb0                                0.526576
dout0                                 0.526576
x0.x1.nb                               1.06903
vd1                                      0.001
ap1                                     0.6005
an1                                     0.5995
ibn1                                  0.286672
x1.x1.tmid                         3.10903e-06
x1.x1.tail                            0.564741
x1.x1.np                                  1.08
x1.x1.nn                                  1.08
x1.x1.ln                                  1.08
x1.x1.lp                                  1.08
x1.x1.lnb                          4.03241e-08
x1.x1.lpb                          4.03241e-08
x1.x1.na                               1.06903
doutb1                                0.526576
dout1                                 0.526576
x1.x1.nb                               1.06903
vd2                                     -0.001
ap2                                     0.5995
an2                                     0.6005
ibn2                                  0.286672
x2.x1.tmid                         3.10903e-06
x2.x1.tail                            0.564741
x2.x1.np                                  1.08
x2.x1.nn                                  1.08
x2.x1.ln                                  1.08
x2.x1.lp                                  1.08
x2.x1.lnb                          4.03241e-08
x2.x1.lpb                          4.03241e-08
x2.x1.na                               1.06903
doutb2                                0.526576
dout2                                 0.526576
x2.x1.nb                               1.06903
ean2#branch                        1.17249e-12
eap2#branch                         1.1793e-12
ean1#branch                         1.1793e-12
eap1#branch                        1.17249e-12
ean0#branch                        1.17587e-12
eap0#branch                        1.17587e-12
vclk#branch                        3.71616e-10
vd2#branch                                   0
vd1#branch                                   0
vd0#branch                                   0
vcm#branch                         7.05532e-12
vsup#branch                       -0.000164793

 Reference value :  0.00000e+00
 Reference value :  6.80000e-10
 Reference value :  1.20000e-09
 Reference value :  2.02000e-09
 Reference value :  2.94824e-09
 Reference value :  3.76824e-09
 Reference value :  4.52000e-09
No. of Data Rows : 1345
vsup_v              =  1.08000e+00
d0now               =  -1.92823e-07
d1now               =  1.08000e+00
d2now               =  -4.37278e-07
Reset re-loads circuit * comparator-transient-noise @ fs_27c_1.08v -- generated by sim/harness, do not edit

Circuit: * comparator-transient-noise @ fs_27c_1.08v -- generated by sim/harness, do not edit

Doing analysis at TEMP = 27.000000 and TNOM = 27.000000

Using SPARSE 1.3 as Direct Linear Solver

Initial Transient Solution
--------------------------

Node                                   Voltage
----                                   -------
vdd                                       1.08
cm                                         0.6
vd0                                          0
ap0                                        0.6
an0                                        0.6
ibn0                                  0.286672
x0.x1.tmid                         3.10902e-06
x0.x1.tail                            0.564738
clk                                          0
x0.x1.np                                  1.08
x0.x1.nn                                  1.08
x0.x1.ln                                  1.08
x0.x1.lp                                  1.08
x0.x1.lnb                          4.03241e-08
x0.x1.lpb                          4.03241e-08
x0.x1.na                               1.06903
doutb0                                0.526576
dout0                                 0.526576
x0.x1.nb                               1.06903
vd1                                      0.001
ap1                                     0.6005
an1                                     0.5995
ibn1                                  0.286672
x1.x1.tmid                         3.10903e-06
x1.x1.tail                            0.564741
x1.x1.np                                  1.08
x1.x1.nn                                  1.08
x1.x1.ln                                  1.08
x1.x1.lp                                  1.08
x1.x1.lnb                          4.03241e-08
x1.x1.lpb                          4.03241e-08
x1.x1.na                               1.06903
doutb1                                0.526576
dout1                                 0.526576
x1.x1.nb                               1.06903
vd2                                     -0.001
ap2                                     0.5995
an2                                     0.6005
ibn2                                  0.286672
x2.x1.tmid                         3.10903e-06
x2.x1.tail                            0.564741
x2.x1.np                                  1.08
x2.x1.nn                                  1.08
x2.x1.ln                                  1.08
x2.x1.lp                                  1.08
x2.x1.lnb                          4.03241e-08
x2.x1.lpb                          4.03241e-08
x2.x1.na                               1.06903
doutb2                                0.526576
dout2                                 0.526576
x2.x1.nb                               1.06903
ean2#branch                        1.17249e-12
eap2#branch                         1.1793e-12
ean1#branch                         1.1793e-12
eap1#branch                        1.17249e-12
ean0#branch                        1.17587e-12
eap0#branch                        1.17587e-12
vclk#branch                        3.71616e-10
vd2#branch                                   0
vd1#branch                                   0
vd0#branch                                   0
vcm#branch                         7.05532e-12
vsup#branch                       -0.000164793

 Reference value :  0.00000e+00
 Reference value :  6.83529e-10
 Reference value :  1.22117e-09
 Reference value :  2.04824e-09
 Reference value :  2.96353e-09
 Reference value :  3.72353e-09
 Reference value :  4.49412e-09
No. of Data Rows : 1345
vsup_v              =  1.08000e+00
d0now               =  1.08000e+00
d1now               =  5.49883e-06
d2now               =  -1.31753e-06
Reset re-loads circuit * comparator-transient-noise @ fs_27c_1.08v -- generated by sim/harness, do not edit

Circuit: * comparator-transient-noise @ fs_27c_1.08v -- generated by sim/harness, do not edit

Doing analysis at TEMP = 27.000000 and TNOM = 27.000000

Using SPARSE 1.3 as Direct Linear Solver

Initial Transient Solution
--------------------------

Node                                   Voltage
----                                   -------
vdd                                       1.08
cm                                         0.6
vd0                                          0
ap0                                        0.6
an0                                        0.6
ibn0                                  0.286672
x0.x1.tmid                         3.10902e-06
x0.x1.tail                            0.564738
clk                                          0
x0.x1.np                                  1.08
x0.x1.nn                                  1.08
x0.x1.ln                                  1.08
x0.x1.lp                                  1.08
x0.x1.lnb                          4.03241e-08
x0.x1.lpb                          4.03241e-08
x0.x1.na                               1.06903
doutb0                                0.526576
dout0                                 0.526576
x0.x1.nb                               1.06903
vd1                                      0.001
ap1                                     0.6005
an1                                     0.5995
ibn1                                  0.286672
x1.x1.tmid                         3.10903e-06
x1.x1.tail                            0.564741
x1.x1.np                                  1.08
x1.x1.nn                                  1.08
x1.x1.ln                                  1.08
x1.x1.lp                                  1.08
x1.x1.lnb                          4.03241e-08
x1.x1.lpb                          4.03241e-08
x1.x1.na                               1.06903
doutb1                                0.526576
dout1                                 0.526576
x1.x1.nb                               1.06903
vd2                                     -0.001
ap2                                     0.5995
an2                                     0.6005
ibn2                                  0.286672
x2.x1.tmid                         3.10903e-06
x2.x1.tail                            0.564741
x2.x1.np                                  1.08
x2.x1.nn                                  1.08
x2.x1.ln                                  1.08
x2.x1.lp                                  1.08
x2.x1.lnb                          4.03241e-08
x2.x1.lpb                          4.03241e-08
x2.x1.na                               1.06903
doutb2                                0.526576
dout2                                 0.526576
x2.x1.nb                               1.06903
ean2#branch                        1.17249e-12
eap2#branch                         1.1793e-12
ean1#branch                         1.1793e-12
eap1#branch                        1.17249e-12
ean0#branch                        1.17587e-12
eap0#branch                        1.17587e-12
vclk#branch                        3.71616e-10
vd2#branch                                   0
vd1#branch                                   0
vd0#branch                                   0
vcm#branch                         7.05532e-12
vsup#branch                       -0.000164793

 Reference value :  0.00000e+00
 Reference value :  6.94118e-10
 Reference value :  1.22000e-09
 Reference value :  2.08000e-09
 Reference value :  3.02824e-09
 Reference value :  3.82000e-09
 Reference value :  4.54824e-09
No. of Data Rows : 1345
vsup_v              =  1.08000e+00
d0now               =  1.08000e+00
d1now               =  4.17866e-06
d2now               =  1.94340e-07
Reset re-loads circuit * comparator-transient-noise @ fs_27c_1.08v -- generated by sim/harness, do not edit

Circuit: * comparator-transient-noise @ fs_27c_1.08v -- generated by sim/harness, do not edit

Doing analysis at TEMP = 27.000000 and TNOM = 27.000000

Using SPARSE 1.3 as Direct Linear Solver

Initial Transient Solution
--------------------------

Node                                   Voltage
----                                   -------
vdd                                       1.08
cm                                         0.6
vd0                                          0
ap0                                        0.6
an0                                        0.6
ibn0                                  0.286672
x0.x1.tmid                         3.10902e-06
x0.x1.tail                            0.564738
clk                                          0
x0.x1.np                                  1.08
x0.x1.nn                                  1.08
x0.x1.ln                                  1.08
x0.x1.lp                                  1.08
x0.x1.lnb                          4.03241e-08
x0.x1.lpb                          4.03241e-08
x0.x1.na                               1.06903
doutb0                                0.526576
dout0                                 0.526576
x0.x1.nb                               1.06903
vd1                                      0.001
ap1                                     0.6005
an1                                     0.5995
ibn1                                  0.286672
x1.x1.tmid                         3.10903e-06
x1.x1.tail                            0.564741
x1.x1.np                                  1.08
x1.x1.nn                                  1.08
x1.x1.ln                                  1.08
x1.x1.lp                                  1.08
x1.x1.lnb                          4.03241e-08
x1.x1.lpb                          4.03241e-08
x1.x1.na                               1.06903
doutb1                                0.526576
dout1                                 0.526576
x1.x1.nb                               1.06903
vd2                                     -0.001
ap2                                     0.5995
an2                                     0.6005
ibn2                                  0.286672
x2.x1.tmid                         3.10903e-06
x2.x1.tail                            0.564741
x2.x1.np                                  1.08
x2.x1.nn                                  1.08
x2.x1.ln                                  1.08
x2.x1.lp                                  1.08
x2.x1.lnb                          4.03241e-08
x2.x1.lpb                          4.03241e-08
x2.x1.na                               1.06903
doutb2                                0.526576
dout2                                 0.526576
x2.x1.nb                               1.06903
ean2#branch                        1.17249e-12
eap2#branch                         1.1793e-12
ean1#branch                         1.1793e-12
eap1#branch                        1.17249e-12
ean0#branch                        1.17587e-12
eap0#branch                        1.17587e-12
vclk#branch                        3.71616e-10
vd2#branch                                   0
vd1#branch                                   0
vd0#branch                                   0
vcm#branch                         7.05532e-12
vsup#branch                       -0.000164793

 Reference value :  0.00000e+00
 Reference value :  6.60000e-10
 Reference value :  1.18000e-09
 Reference value :  2.00000e-09
 Reference value :  2.84353e-09
 Reference value :  3.68353e-09
 Reference value :  4.42353e-09
No. of Data Rows : 1345
vsup_v              =  1.08000e+00
d0now               =  4.13275e-06
d1now               =  1.08000e+00
d2now               =  1.08000e+00
Reset re-loads circuit * comparator-transient-noise @ fs_27c_1.08v -- generated by sim/harness, do not edit

Circuit: * comparator-transient-noise @ fs_27c_1.08v -- generated by sim/harness, do not edit

Doing analysis at TEMP = 27.000000 and TNOM = 27.000000

Using SPARSE 1.3 as Direct Linear Solver

Initial Transient Solution
--------------------------

Node                                   Voltage
----                                   -------
vdd                                       1.08
cm                                         0.6
vd0                                          0
ap0                                        0.6
an0                                        0.6
ibn0                                  0.286672
x0.x1.tmid                         3.10902e-06
x0.x1.tail                            0.564738
clk                                          0
x0.x1.np                                  1.08
x0.x1.nn                                  1.08
x0.x1.ln                                  1.08
x0.x1.lp                                  1.08
x0.x1.lnb                          4.03241e-08
x0.x1.lpb                          4.03241e-08
x0.x1.na                               1.06903
doutb0                                0.526576
dout0                                 0.526576
x0.x1.nb                               1.06903
vd1                                      0.001
ap1                                     0.6005
an1                                     0.5995
ibn1                                  0.286672
x1.x1.tmid                         3.10903e-06
x1.x1.tail                            0.564741
x1.x1.np                                  1.08
x1.x1.nn                                  1.08
x1.x1.ln                                  1.08
x1.x1.lp                                  1.08
x1.x1.lnb                          4.03241e-08
x1.x1.lpb                          4.03241e-08
x1.x1.na                               1.06903
doutb1                                0.526576
dout1                                 0.526576
x1.x1.nb                               1.06903
vd2                                     -0.001
ap2                                     0.5995
an2                                     0.6005
ibn2                                  0.286672
x2.x1.tmid                         3.10903e-06
x2.x1.tail                            0.564741
x2.x1.np                                  1.08
x2.x1.nn                                  1.08
x2.x1.ln                                  1.08
x2.x1.lp                                  1.08
x2.x1.lnb                          4.03241e-08
x2.x1.lpb                          4.03241e-08
x2.x1.na                               1.06903
doutb2                                0.526576
dout2                                 0.526576
x2.x1.nb                               1.06903
ean2#branch                        1.17249e-12
eap2#branch                         1.1793e-12
ean1#branch                         1.1793e-12
eap1#branch                        1.17249e-12
ean0#branch                        1.17587e-12
eap0#branch                        1.17587e-12
vclk#branch                        3.71616e-10
vd2#branch                                   0
vd1#branch                                   0
vd0#branch                                   0
vcm#branch                         7.05532e-12
vsup#branch                       -0.000164793

 Reference value :  0.00000e+00
 Reference value :  6.54118e-10
 Reference value :  1.16118e-09
 Reference value :  2.01412e-09
 Reference value :  2.90824e-09
 Reference value :  3.70353e-09
 Reference value :  4.46353e-09
No. of Data Rows : 1345
vsup_v              =  1.08000e+00
d0now               =  1.08000e+00
d1now               =  1.08000e+00
d2now               =  -1.43025e-06
Reset re-loads circuit * comparator-transient-noise @ fs_27c_1.08v -- generated by sim/harness, do not edit

Circuit: * comparator-transient-noise @ fs_27c_1.08v -- generated by sim/harness, do not edit

Doing analysis at TEMP = 27.000000 and TNOM = 27.000000

Using SPARSE 1.3 as Direct Linear Solver

Initial Transient Solution
--------------------------

Node                                   Voltage
----                                   -------
vdd                                       1.08
cm                                         0.6
vd0                                          0
ap0                                        0.6
an0                                        0.6
ibn0                                  0.286672
x0.x1.tmid                         3.10902e-06
x0.x1.tail                            0.564738
clk                                          0
x0.x1.np                                  1.08
x0.x1.nn                                  1.08
x0.x1.ln                                  1.08
x0.x1.lp                                  1.08
x0.x1.lnb                          4.03241e-08
x0.x1.lpb                          4.03241e-08
x0.x1.na                               1.06903
doutb0                                0.526576
dout0                                 0.526576
x0.x1.nb                               1.06903
vd1                                      0.001
ap1                                     0.6005
an1                                     0.5995
ibn1                                  0.286672
x1.x1.tmid                         3.10903e-06
x1.x1.tail                            0.564741
x1.x1.np                                  1.08
x1.x1.nn                                  1.08
x1.x1.ln                                  1.08
x1.x1.lp                                  1.08
x1.x1.lnb                          4.03241e-08
x1.x1.lpb                          4.03241e-08
x1.x1.na                               1.06903
doutb1                                0.526576
dout1                                 0.526576
x1.x1.nb                               1.06903
vd2                                     -0.001
ap2                                     0.5995
an2                                     0.6005
ibn2                                  0.286672
x2.x1.tmid                         3.10903e-06
x2.x1.tail                            0.564741
x2.x1.np                                  1.08
x2.x1.nn                                  1.08
x2.x1.ln                                  1.08
x2.x1.lp                                  1.08
x2.x1.lnb                          4.03241e-08
x2.x1.lpb                          4.03241e-08
x2.x1.na                               1.06903
doutb2                                0.526576
dout2                                 0.526576
x2.x1.nb                               1.06903
ean2#branch                        1.17249e-12
eap2#branch                         1.1793e-12
ean1#branch                         1.1793e-12
eap1#branch                        1.17249e-12
ean0#branch                        1.17587e-12
eap0#branch                        1.17587e-12
vclk#branch                        3.71616e-10
vd2#branch                                   0
vd1#branch                                   0
vd0#branch                                   0
vcm#branch                         7.05532e-12
vsup#branch                       -0.000164793

 Reference value :  0.00000e+00
 Reference value :  6.54118e-10
 Reference value :  1.16118e-09
 Reference value :  2.00000e-09
 Reference value :  2.84118e-09
 Reference value :  3.66000e-09
 Reference value :  4.40353e-09
No. of Data Rows : 1345
vsup_v              =  1.08000e+00
d0now               =  1.30588e-06
d1now               =  1.08000e+00
d2now               =  2.56594e-07
Reset re-loads circuit * comparator-transient-noise @ fs_27c_1.08v -- generated by sim/harness, do not edit

Circuit: * comparator-transient-noise @ fs_27c_1.08v -- generated by sim/harness, do not edit

Doing analysis at TEMP = 27.000000 and TNOM = 27.000000

Using SPARSE 1.3 as Direct Linear Solver

Initial Transient Solution
--------------------------

Node                                   Voltage
----                                   -------
vdd                                       1.08
cm                                         0.6
vd0                                          0
ap0                                        0.6
an0                                        0.6
ibn0                                  0.286672
x0.x1.tmid                         3.10902e-06
x0.x1.tail                            0.564738
clk                                          0
x0.x1.np                                  1.08
x0.x1.nn                                  1.08
x0.x1.ln                                  1.08
x0.x1.lp                                  1.08
x0.x1.lnb                          4.03241e-08
x0.x1.lpb                          4.03241e-08
x0.x1.na                               1.06903
doutb0                                0.526576
dout0                                 0.526576
x0.x1.nb                               1.06903
vd1                                      0.001
ap1                                     0.6005
an1                                     0.5995
ibn1                                  0.286672
x1.x1.tmid                         3.10903e-06
x1.x1.tail                            0.564741
x1.x1.np                                  1.08
x1.x1.nn                                  1.08
x1.x1.ln                                  1.08
x1.x1.lp                                  1.08
x1.x1.lnb                          4.03241e-08
x1.x1.lpb                          4.03241e-08
x1.x1.na                               1.06903
doutb1                                0.526576
dout1                                 0.526576
x1.x1.nb                               1.06903
vd2                                     -0.001
ap2                                     0.5995
an2                                     0.6005
ibn2                                  0.286672
x2.x1.tmid                         3.10903e-06
x2.x1.tail                            0.564741
x2.x1.np                                  1.08
x2.x1.nn                                  1.08
x2.x1.ln                                  1.08
x2.x1.lp                                  1.08
x2.x1.lnb                          4.03241e-08
x2.x1.lpb                          4.03241e-08
x2.x1.na                               1.06903
doutb2                                0.526576
dout2                                 0.526576
x2.x1.nb                               1.06903
ean2#branch                        1.17249e-12
eap2#branch                         1.1793e-12
ean1#branch                         1.1793e-12
eap1#branch                        1.17249e-12
ean0#branch                        1.17587e-12
eap0#branch                        1.17587e-12
vclk#branch                        3.71616e-10
vd2#branch                                   0
vd1#branch                                   0
vd0#branch                                   0
vcm#branch                         7.05532e-12
vsup#branch                       -0.000164793

 Reference value :  0.00000e+00
 Reference value :  6.54118e-10
 Reference value :  1.17414e-09
 Reference value :  2.00000e-09
 Reference value :  2.88824e-09
 Reference value :  3.69412e-09
 Reference value :  4.42353e-09
No. of Data Rows : 1345
vsup_v              =  1.08000e+00
d0now               =  1.99779e-06
d1now               =  1.08000e+00
d2now               =  1.07999e+00
Reset re-loads circuit * comparator-transient-noise @ fs_27c_1.08v -- generated by sim/harness, do not edit

Circuit: * comparator-transient-noise @ fs_27c_1.08v -- generated by sim/harness, do not edit

Doing analysis at TEMP = 27.000000 and TNOM = 27.000000

Using SPARSE 1.3 as Direct Linear Solver

Initial Transient Solution
--------------------------

Node                                   Voltage
----                                   -------
vdd                                       1.08
cm                                         0.6
vd0                                          0
ap0                                        0.6
an0                                        0.6
ibn0                                  0.286672
x0.x1.tmid                         3.10902e-06
x0.x1.tail                            0.564738
clk                                          0
x0.x1.np                                  1.08
x0.x1.nn                                  1.08
x0.x1.ln                                  1.08
x0.x1.lp                                  1.08
x0.x1.lnb                          4.03241e-08
x0.x1.lpb                          4.03241e-08
x0.x1.na                               1.06903
doutb0                                0.526576
dout0                                 0.526576
x0.x1.nb                               1.06903
vd1                                      0.001
ap1                                     0.6005
an1                                     0.5995
ibn1                                  0.286672
x1.x1.tmid                         3.10903e-06
x1.x1.tail                            0.564741
x1.x1.np                                  1.08
x1.x1.nn                                  1.08
x1.x1.ln                                  1.08
x1.x1.lp                                  1.08
x1.x1.lnb                          4.03241e-08
x1.x1.lpb                          4.03241e-08
x1.x1.na                               1.06903
doutb1                                0.526576
dout1                                 0.526576
x1.x1.nb                               1.06903
vd2                                     -0.001
ap2                                     0.5995
an2                                     0.6005
ibn2                                  0.286672
x2.x1.tmid                         3.10903e-06
x2.x1.tail                            0.564741
x2.x1.np                                  1.08
x2.x1.nn                                  1.08
x2.x1.ln                                  1.08
x2.x1.lp                                  1.08
x2.x1.lnb                          4.03241e-08
x2.x1.lpb                          4.03241e-08
x2.x1.na                               1.06903
doutb2                                0.526576
dout2                                 0.526576
x2.x1.nb                               1.06903
ean2#branch                        1.17249e-12
eap2#branch                         1.1793e-12
ean1#branch                         1.1793e-12
eap1#branch                        1.17249e-12
ean0#branch                        1.17587e-12
eap0#branch                        1.17587e-12
vclk#branch                        3.71616e-10
vd2#branch                                   0
vd1#branch                                   0
vd0#branch                                   0
vcm#branch                         7.05532e-12
vsup#branch                       -0.000164793

 Reference value :  0.00000e+00
 Reference value :  6.83529e-10
 Reference value :  1.18000e-09
 Reference value :  1.98824e-09
 Reference value :  2.87412e-09
 Reference value :  3.68118e-09
 Reference value :  4.52000e-09
No. of Data Rows : 1345
vsup_v              =  1.08000e+00
d0now               =  -2.19264e-06
d1now               =  1.08000e+00
d2now               =  -8.31731e-07
Reset re-loads circuit * comparator-transient-noise @ fs_27c_1.08v -- generated by sim/harness, do not edit

Circuit: * comparator-transient-noise @ fs_27c_1.08v -- generated by sim/harness, do not edit

Doing analysis at TEMP = 27.000000 and TNOM = 27.000000

Using SPARSE 1.3 as Direct Linear Solver

Initial Transient Solution
--------------------------

Node                                   Voltage
----                                   -------
vdd                                       1.08
cm                                         0.6
vd0                                          0
ap0                                        0.6
an0                                        0.6
ibn0                                  0.286672
x0.x1.tmid                         3.10902e-06
x0.x1.tail                            0.564738
clk                                          0
x0.x1.np                                  1.08
x0.x1.nn                                  1.08
x0.x1.ln                                  1.08
x0.x1.lp                                  1.08
x0.x1.lnb                          4.03241e-08
x0.x1.lpb                          4.03241e-08
x0.x1.na                               1.06903
doutb0                                0.526576
dout0                                 0.526576
x0.x1.nb                               1.06903
vd1                                      0.001
ap1                                     0.6005
an1                                     0.5995
ibn1                                  0.286672
x1.x1.tmid                         3.10903e-06
x1.x1.tail                            0.564741
x1.x1.np                                  1.08
x1.x1.nn                                  1.08
x1.x1.ln                                  1.08
x1.x1.lp                                  1.08
x1.x1.lnb                          4.03241e-08
x1.x1.lpb                          4.03241e-08
x1.x1.na                               1.06903
doutb1                                0.526576
dout1                                 0.526576
x1.x1.nb                               1.06903
vd2                                     -0.001
ap2                                     0.5995
an2                                     0.6005
ibn2                                  0.286672
x2.x1.tmid                         3.10903e-06
x2.x1.tail                            0.564741
x2.x1.np                                  1.08
x2.x1.nn                                  1.08
x2.x1.ln                                  1.08
x2.x1.lp                                  1.08
x2.x1.lnb                          4.03241e-08
x2.x1.lpb                          4.03241e-08
x2.x1.na                               1.06903
doutb2                                0.526576
dout2                                 0.526576
x2.x1.nb                               1.06903
ean2#branch                        1.17249e-12
eap2#branch                         1.1793e-12
ean1#branch                         1.1793e-12
eap1#branch                        1.17249e-12
ean0#branch                        1.17587e-12
eap0#branch                        1.17587e-12
vclk#branch                        3.71616e-10
vd2#branch                                   0
vd1#branch                                   0
vd0#branch                                   0
vcm#branch                         7.05532e-12
vsup#branch                       -0.000164793

 Reference value :  0.00000e+00
 Reference value :  6.41176e-10
 Reference value :  1.15409e-09
 Reference value :  2.00353e-09
 Reference value :  2.84118e-09
 Reference value :  3.62353e-09
 Reference value :  4.36118e-09
 Reference value :  5.08824e-09
No. of Data Rows : 1345
vsup_v              =  1.08000e+00
d0now               =  -1.96021e-07
d1now               =  1.07999e+00
d2now               =  3.43042e-06
Reset re-loads circuit * comparator-transient-noise @ fs_27c_1.08v -- generated by sim/harness, do not edit

Circuit: * comparator-transient-noise @ fs_27c_1.08v -- generated by sim/harness, do not edit

Doing analysis at TEMP = 27.000000 and TNOM = 27.000000

Using SPARSE 1.3 as Direct Linear Solver

Initial Transient Solution
--------------------------

Node                                   Voltage
----                                   -------
vdd                                       1.08
cm                                         0.6
vd0                                          0
ap0                                        0.6
an0                                        0.6
ibn0                                  0.286672
x0.x1.tmid                         3.10902e-06
x0.x1.tail                            0.564738
clk                                          0
x0.x1.np                                  1.08
x0.x1.nn                                  1.08
x0.x1.ln                                  1.08
x0.x1.lp                                  1.08
x0.x1.lnb                          4.03241e-08
x0.x1.lpb                          4.03241e-08
x0.x1.na                               1.06903
doutb0                                0.526576
dout0                                 0.526576
x0.x1.nb                               1.06903
vd1                                      0.001
ap1                                     0.6005
an1                                     0.5995
ibn1                                  0.286672
x1.x1.tmid                         3.10903e-06
x1.x1.tail                            0.564741
x1.x1.np                                  1.08
x1.x1.nn                                  1.08
x1.x1.ln                                  1.08
x1.x1.lp                                  1.08
x1.x1.lnb                          4.03241e-08
x1.x1.lpb                          4.03241e-08
x1.x1.na                               1.06903
doutb1                                0.526576
dout1                                 0.526576
x1.x1.nb                               1.06903
vd2                                     -0.001
ap2                                     0.5995
an2                                     0.6005
ibn2                                  0.286672
x2.x1.tmid                         3.10903e-06
x2.x1.tail                            0.564741
x2.x1.np                                  1.08
x2.x1.nn                                  1.08
x2.x1.ln                                  1.08
x2.x1.lp                                  1.08
x2.x1.lnb                          4.03241e-08
x2.x1.lpb                          4.03241e-08
x2.x1.na                               1.06903
doutb2                                0.526576
dout2                                 0.526576
x2.x1.nb                               1.06903
ean2#branch                        1.17249e-12
eap2#branch                         1.1793e-12
ean1#branch                         1.1793e-12
eap1#branch                        1.17249e-12
ean0#branch                        1.17587e-12
eap0#branch                        1.17587e-12
vclk#branch                        3.71616e-10
vd2#branch                                   0
vd1#branch                                   0
vd0#branch                                   0
vcm#branch                         7.05532e-12
vsup#branch                       -0.000164793

 Reference value :  0.00000e+00
 Reference value :  6.60000e-10
 Reference value :  1.16828e-09
 Reference value :  2.06118e-09
 Reference value :  2.96353e-09
 Reference value :  3.76000e-09
 Reference value :  4.47412e-09
No. of Data Rows : 1345
vsup_v              =  1.08000e+00
d0now               =  -1.14674e-06
d1now               =  -5.38307e-07
d2now               =  1.08000e+00
Reset re-loads circuit * comparator-transient-noise @ fs_27c_1.08v -- generated by sim/harness, do not edit

Circuit: * comparator-transient-noise @ fs_27c_1.08v -- generated by sim/harness, do not edit

Doing analysis at TEMP = 27.000000 and TNOM = 27.000000

Using SPARSE 1.3 as Direct Linear Solver

Initial Transient Solution
--------------------------

Node                                   Voltage
----                                   -------
vdd                                       1.08
cm                                         0.6
vd0                                          0
ap0                                        0.6
an0                                        0.6
ibn0                                  0.286672
x0.x1.tmid                         3.10902e-06
x0.x1.tail                            0.564738
clk                                          0
x0.x1.np                                  1.08
x0.x1.nn                                  1.08
x0.x1.ln                                  1.08
x0.x1.lp                                  1.08
x0.x1.lnb                          4.03241e-08
x0.x1.lpb                          4.03241e-08
x0.x1.na                               1.06903
doutb0                                0.526576
dout0                                 0.526576
x0.x1.nb                               1.06903
vd1                                      0.001
ap1                                     0.6005
an1                                     0.5995
ibn1                                  0.286672
x1.x1.tmid                         3.10903e-06
x1.x1.tail                            0.564741
x1.x1.np                                  1.08
x1.x1.nn                                  1.08
x1.x1.ln                                  1.08
x1.x1.lp                                  1.08
x1.x1.lnb                          4.03241e-08
x1.x1.lpb                          4.03241e-08
x1.x1.na                               1.06903
doutb1                                0.526576
dout1                                 0.526576
x1.x1.nb                               1.06903
vd2                                     -0.001
ap2                                     0.5995
an2                                     0.6005
ibn2                                  0.286672
x2.x1.tmid                         3.10903e-06
x2.x1.tail                            0.564741
x2.x1.np                                  1.08
x2.x1.nn                                  1.08
x2.x1.ln                                  1.08
x2.x1.lp                                  1.08
x2.x1.lnb                          4.03241e-08
x2.x1.lpb                          4.03241e-08
x2.x1.na                               1.06903
doutb2                                0.526576
dout2                                 0.526576
x2.x1.nb                               1.06903
ean2#branch                        1.17249e-12
eap2#branch                         1.1793e-12
ean1#branch                         1.1793e-12
eap1#branch                        1.17249e-12
ean0#branch                        1.17587e-12
eap0#branch                        1.17587e-12
vclk#branch                        3.71616e-10
vd2#branch                                   0
vd1#branch                                   0
vd0#branch                                   0
vcm#branch                         7.05532e-12
vsup#branch                       -0.000164793

 Reference value :  0.00000e+00
 Reference value :  6.23529e-10
 Reference value :  1.16355e-09
 Reference value :  2.00824e-09
 Reference value :  2.90824e-09
 Reference value :  3.74824e-09
 Reference value :  4.50353e-09
No. of Data Rows : 1345
vsup_v              =  1.08000e+00
d0now               =  1.08000e+00
d1now               =  1.07999e+00
d2now               =  2.02046e-06
m_frac_high_zero = 5.6249946261e-01
m_frac_high_plus = 7.8749800539e-01
m_frac_high_minus = 2.3749984445e-01
Note: Simulation executed from .control section 

Warning: m=xx on .subckt line will override multiplier m hierarchy!

