
Note: Compatibility modes selected: hs a


Circuit: * comparator-transient-noise @ fs_27c_1.20v -- generated by sim/harness, do not edit

Reset re-loads circuit * comparator-transient-noise @ fs_27c_1.20v -- generated by sim/harness, do not edit

Circuit: * comparator-transient-noise @ fs_27c_1.20v -- generated by sim/harness, do not edit

Doing analysis at TEMP = 27.000000 and TNOM = 27.000000

Using SPARSE 1.3 as Direct Linear Solver

Initial Transient Solution
--------------------------

Node                                   Voltage
----                                   -------
vdd                                        1.2
cm                                         0.6
vd0                                          0
ap0                                        0.6
an0                                        0.6
ibn0                                  0.286672
x0.x1.tmid                         3.12055e-06
x0.x1.tail                            0.568079
clk                                          0
x0.x1.np                                   1.2
x0.x1.nn                                   1.2
x0.x1.ln                                   1.2
x0.x1.lp                                   1.2
x0.x1.lnb                          5.18456e-08
x0.x1.lpb                          5.18456e-08
x0.x1.na                               1.18121
doutb0                                 0.58511
dout0                                  0.58511
x0.x1.nb                               1.18121
vd1                                      0.001
ap1                                     0.6005
an1                                     0.5995
ibn1                                  0.286672
x1.x1.tmid                         3.12056e-06
x1.x1.tail                            0.568082
x1.x1.np                                   1.2
x1.x1.nn                                   1.2
x1.x1.ln                                   1.2
x1.x1.lp                                   1.2
x1.x1.lnb                          5.18456e-08
x1.x1.lpb                          5.18456e-08
x1.x1.na                               1.18121
doutb1                                 0.58511
dout1                                  0.58511
x1.x1.nb                               1.18121
vd2                                     -0.001
ap2                                     0.5995
an2                                     0.6005
ibn2                                  0.286672
x2.x1.tmid                         3.12056e-06
x2.x1.tail                            0.568082
x2.x1.np                                   1.2
x2.x1.nn                                   1.2
x2.x1.ln                                   1.2
x2.x1.lp                                   1.2
x2.x1.lnb                          5.18456e-08
x2.x1.lpb                          5.18456e-08
x2.x1.na                               1.18121
doutb2                                 0.58511
dout2                                  0.58511
x2.x1.nb                               1.18121
ean2#branch                        2.19281e-12
eap2#branch                        2.20387e-12
ean1#branch                        2.20387e-12
eap1#branch                        2.19281e-12
ean0#branch                        2.19832e-12
eap0#branch                        2.19832e-12
vclk#branch                        5.30518e-10
vd2#branch                                   0
vd1#branch                                   0
vd0#branch                                   0
vcm#branch                           1.319e-11
vsup#branch                       -0.000265892

 Reference value :  0.00000e+00
 Reference value :  6.68235e-10
 Reference value :  1.20000e-09
 Reference value :  2.00824e-09
 Reference value :  2.97412e-09
 Reference value :  3.76353e-09
 Reference value :  4.53412e-09
No. of Data Rows : 1345
vsup_v              =  1.20000e+00
d0now               =  2.63174e-06
d1now               =  1.19999e+00
d2now               =  1.20000e+00
Reset re-loads circuit * comparator-transient-noise @ fs_27c_1.20v -- generated by sim/harness, do not edit

Circuit: * comparator-transient-noise @ fs_27c_1.20v -- generated by sim/harness, do not edit

Doing analysis at TEMP = 27.000000 and TNOM = 27.000000

Using SPARSE 1.3 as Direct Linear Solver

Initial Transient Solution
--------------------------

Node                                   Voltage
----                                   -------
vdd                                        1.2
cm                                         0.6
vd0                                          0
ap0                                        0.6
an0                                        0.6
ibn0                                  0.286672
x0.x1.tmid                         3.12055e-06
x0.x1.tail                            0.568079
clk                                          0
x0.x1.np                                   1.2
x0.x1.nn                                   1.2
x0.x1.ln                                   1.2
x0.x1.lp                                   1.2
x0.x1.lnb                          5.18456e-08
x0.x1.lpb                          5.18456e-08
x0.x1.na                               1.18121
doutb0                                 0.58511
dout0                                  0.58511
x0.x1.nb                               1.18121
vd1                                      0.001
ap1                                     0.6005
an1                                     0.5995
ibn1                                  0.286672
x1.x1.tmid                         3.12056e-06
x1.x1.tail                            0.568082
x1.x1.np                                   1.2
x1.x1.nn                                   1.2
x1.x1.ln                                   1.2
x1.x1.lp                                   1.2
x1.x1.lnb                          5.18456e-08
x1.x1.lpb                          5.18456e-08
x1.x1.na                               1.18121
doutb1                                 0.58511
dout1                                  0.58511
x1.x1.nb                               1.18121
vd2                                     -0.001
ap2                                     0.5995
an2                                     0.6005
ibn2                                  0.286672
x2.x1.tmid                         3.12056e-06
x2.x1.tail                            0.568082
x2.x1.np                                   1.2
x2.x1.nn                                   1.2
x2.x1.ln                                   1.2
x2.x1.lp                                   1.2
x2.x1.lnb                          5.18456e-08
x2.x1.lpb                          5.18456e-08
x2.x1.na                               1.18121
doutb2                                 0.58511
dout2                                  0.58511
x2.x1.nb                               1.18121
ean2#branch                        2.19281e-12
eap2#branch                        2.20387e-12
ean1#branch                        2.20387e-12
eap1#branch                        2.19281e-12
ean0#branch                        2.19832e-12
eap0#branch                        2.19832e-12
vclk#branch                        5.30518e-10
vd2#branch                                   0
vd1#branch                                   0
vd0#branch                                   0
vcm#branch                           1.319e-11
vsup#branch                       -0.000265892

 Reference value :  0.00000e+00
 Reference value :  7.21176e-10
 Reference value :  1.29412e-09
 Reference value :  2.10824e-09
 Reference value :  3.10118e-09
 Reference value :  3.92353e-09
 Reference value :  4.72353e-09
No. of Data Rows : 1345
vsup_v              =  1.20000e+00
d0now               =  1.20000e+00
d1now               =  3.55084e-08
d2now               =  1.20000e+00
Reset re-loads circuit * comparator-transient-noise @ fs_27c_1.20v -- generated by sim/harness, do not edit

Circuit: * comparator-transient-noise @ fs_27c_1.20v -- generated by sim/harness, do not edit

Doing analysis at TEMP = 27.000000 and TNOM = 27.000000

Using SPARSE 1.3 as Direct Linear Solver

Initial Transient Solution
--------------------------

Node                                   Voltage
----                                   -------
vdd                                        1.2
cm                                         0.6
vd0                                          0
ap0                                        0.6
an0                                        0.6
ibn0                                  0.286672
x0.x1.tmid                         3.12055e-06
x0.x1.tail                            0.568079
clk                                          0
x0.x1.np                                   1.2
x0.x1.nn                                   1.2
x0.x1.ln                                   1.2
x0.x1.lp                                   1.2
x0.x1.lnb                          5.18456e-08
x0.x1.lpb                          5.18456e-08
x0.x1.na                               1.18121
doutb0                                 0.58511
dout0                                  0.58511
x0.x1.nb                               1.18121
vd1                                      0.001
ap1                                     0.6005
an1                                     0.5995
ibn1                                  0.286672
x1.x1.tmid                         3.12056e-06
x1.x1.tail                            0.568082
x1.x1.np                                   1.2
x1.x1.nn                                   1.2
x1.x1.ln                                   1.2
x1.x1.lp                                   1.2
x1.x1.lnb                          5.18456e-08
x1.x1.lpb                          5.18456e-08
x1.x1.na                               1.18121
doutb1                                 0.58511
dout1                                  0.58511
x1.x1.nb                               1.18121
vd2                                     -0.001
ap2                                     0.5995
an2                                     0.6005
ibn2                                  0.286672
x2.x1.tmid                         3.12056e-06
x2.x1.tail                            0.568082
x2.x1.np                                   1.2
x2.x1.nn                                   1.2
x2.x1.ln                                   1.2
x2.x1.lp                                   1.2
x2.x1.lnb                          5.18456e-08
x2.x1.lpb                          5.18456e-08
x2.x1.na                               1.18121
doutb2                                 0.58511
dout2                                  0.58511
x2.x1.nb                               1.18121
ean2#branch                        2.19281e-12
eap2#branch                        2.20387e-12
ean1#branch                        2.20387e-12
eap1#branch                        2.19281e-12
ean0#branch                        2.19832e-12
eap0#branch                        2.19832e-12
vclk#branch                        5.30518e-10
vd2#branch                                   0
vd1#branch                                   0
vd0#branch                                   0
vcm#branch                           1.319e-11
vsup#branch                       -0.000265892

 Reference value :  0.00000e+00
 Reference value :  6.80000e-10
 Reference value :  1.21413e-09
 Reference value :  2.07412e-09
 Reference value :  3.02000e-09
 Reference value :  3.78824e-09
 Reference value :  4.54353e-09
No. of Data Rows : 1345
vsup_v              =  1.20000e+00
d0now               =  1.20000e+00
d1now               =  1.19999e+00
d2now               =  1.20000e+00
Reset re-loads circuit * comparator-transient-noise @ fs_27c_1.20v -- generated by sim/harness, do not edit

Circuit: * comparator-transient-noise @ fs_27c_1.20v -- generated by sim/harness, do not edit

Doing analysis at TEMP = 27.000000 and TNOM = 27.000000

Using SPARSE 1.3 as Direct Linear Solver

Initial Transient Solution
--------------------------

Node                                   Voltage
----                                   -------
vdd                                        1.2
cm                                         0.6
vd0                                          0
ap0                                        0.6
an0                                        0.6
ibn0                                  0.286672
x0.x1.tmid                         3.12055e-06
x0.x1.tail                            0.568079
clk                                          0
x0.x1.np                                   1.2
x0.x1.nn                                   1.2
x0.x1.ln                                   1.2
x0.x1.lp                                   1.2
x0.x1.lnb                          5.18456e-08
x0.x1.lpb                          5.18456e-08
x0.x1.na                               1.18121
doutb0                                 0.58511
dout0                                  0.58511
x0.x1.nb                               1.18121
vd1                                      0.001
ap1                                     0.6005
an1                                     0.5995
ibn1                                  0.286672
x1.x1.tmid                         3.12056e-06
x1.x1.tail                            0.568082
x1.x1.np                                   1.2
x1.x1.nn                                   1.2
x1.x1.ln                                   1.2
x1.x1.lp                                   1.2
x1.x1.lnb                          5.18456e-08
x1.x1.lpb                          5.18456e-08
x1.x1.na                               1.18121
doutb1                                 0.58511
dout1                                  0.58511
x1.x1.nb                               1.18121
vd2                                     -0.001
ap2                                     0.5995
an2                                     0.6005
ibn2                                  0.286672
x2.x1.tmid                         3.12056e-06
x2.x1.tail                            0.568082
x2.x1.np                                   1.2
x2.x1.nn                                   1.2
x2.x1.ln                                   1.2
x2.x1.lp                                   1.2
x2.x1.lnb                          5.18456e-08
x2.x1.lpb                          5.18456e-08
x2.x1.na                               1.18121
doutb2                                 0.58511
dout2                                  0.58511
x2.x1.nb                               1.18121
ean2#branch                        2.19281e-12
eap2#branch                        2.20387e-12
ean1#branch                        2.20387e-12
eap1#branch                        2.19281e-12
ean0#branch                        2.19832e-12
eap0#branch                        2.19832e-12
vclk#branch                        5.30518e-10
vd2#branch                                   0
vd1#branch                                   0
vd0#branch                                   0
vcm#branch                           1.319e-11
vsup#branch                       -0.000265892

 Reference value :  0.00000e+00
 Reference value :  6.68235e-10
 Reference value :  1.23411e-09
 Reference value :  2.08353e-09
 Reference value :  3.06824e-09
 Reference value :  3.88824e-09
 Reference value :  4.63412e-09
No. of Data Rows : 1345
vsup_v              =  1.20000e+00
d0now               =  8.84289e-07
d1now               =  1.20000e+00
d2now               =  4.64361e-06
Reset re-loads circuit * comparator-transient-noise @ fs_27c_1.20v -- generated by sim/harness, do not edit

Circuit: * comparator-transient-noise @ fs_27c_1.20v -- generated by sim/harness, do not edit

Doing analysis at TEMP = 27.000000 and TNOM = 27.000000

Using SPARSE 1.3 as Direct Linear Solver

Initial Transient Solution
--------------------------

Node                                   Voltage
----                                   -------
vdd                                        1.2
cm                                         0.6
vd0                                          0
ap0                                        0.6
an0                                        0.6
ibn0                                  0.286672
x0.x1.tmid                         3.12055e-06
x0.x1.tail                            0.568079
clk                                          0
x0.x1.np                                   1.2
x0.x1.nn                                   1.2
x0.x1.ln                                   1.2
x0.x1.lp                                   1.2
x0.x1.lnb                          5.18456e-08
x0.x1.lpb                          5.18456e-08
x0.x1.na                               1.18121
doutb0                                 0.58511
dout0                                  0.58511
x0.x1.nb                               1.18121
vd1                                      0.001
ap1                                     0.6005
an1                                     0.5995
ibn1                                  0.286672
x1.x1.tmid                         3.12056e-06
x1.x1.tail                            0.568082
x1.x1.np                                   1.2
x1.x1.nn                                   1.2
x1.x1.ln                                   1.2
x1.x1.lp                                   1.2
x1.x1.lnb                          5.18456e-08
x1.x1.lpb                          5.18456e-08
x1.x1.na                               1.18121
doutb1                                 0.58511
dout1                                  0.58511
x1.x1.nb                               1.18121
vd2                                     -0.001
ap2                                     0.5995
an2                                     0.6005
ibn2                                  0.286672
x2.x1.tmid                         3.12056e-06
x2.x1.tail                            0.568082
x2.x1.np                                   1.2
x2.x1.nn                                   1.2
x2.x1.ln                                   1.2
x2.x1.lp                                   1.2
x2.x1.lnb                          5.18456e-08
x2.x1.lpb                          5.18456e-08
x2.x1.na                               1.18121
doutb2                                 0.58511
dout2                                  0.58511
x2.x1.nb                               1.18121
ean2#branch                        2.19281e-12
eap2#branch                        2.20387e-12
ean1#branch                        2.20387e-12
eap1#branch                        2.19281e-12
ean0#branch                        2.19832e-12
eap0#branch                        2.19832e-12
vclk#branch                        5.30518e-10
vd2#branch                                   0
vd1#branch                                   0
vd0#branch                                   0
vcm#branch                           1.319e-11
vsup#branch                       -0.000265892

 Reference value :  0.00000e+00
 Reference value :  6.68235e-10
 Reference value :  1.24353e-09
 Reference value :  2.08000e-09
 Reference value :  2.94353e-09
 Reference value :  3.75412e-09
 Reference value :  4.48824e-09
No. of Data Rows : 1345
vsup_v              =  1.20000e+00
d0now               =  1.19999e+00
d1now               =  1.19999e+00
d2now               =  6.21651e-06
Reset re-loads circuit * comparator-transient-noise @ fs_27c_1.20v -- generated by sim/harness, do not edit

Circuit: * comparator-transient-noise @ fs_27c_1.20v -- generated by sim/harness, do not edit

Doing analysis at TEMP = 27.000000 and TNOM = 27.000000

Using SPARSE 1.3 as Direct Linear Solver

Initial Transient Solution
--------------------------

Node                                   Voltage
----                                   -------
vdd                                        1.2
cm                                         0.6
vd0                                          0
ap0                                        0.6
an0                                        0.6
ibn0                                  0.286672
x0.x1.tmid                         3.12055e-06
x0.x1.tail                            0.568079
clk                                          0
x0.x1.np                                   1.2
x0.x1.nn                                   1.2
x0.x1.ln                                   1.2
x0.x1.lp                                   1.2
x0.x1.lnb                          5.18456e-08
x0.x1.lpb                          5.18456e-08
x0.x1.na                               1.18121
doutb0                                 0.58511
dout0                                  0.58511
x0.x1.nb                               1.18121
vd1                                      0.001
ap1                                     0.6005
an1                                     0.5995
ibn1                                  0.286672
x1.x1.tmid                         3.12056e-06
x1.x1.tail                            0.568082
x1.x1.np                                   1.2
x1.x1.nn                                   1.2
x1.x1.ln                                   1.2
x1.x1.lp                                   1.2
x1.x1.lnb                          5.18456e-08
x1.x1.lpb                          5.18456e-08
x1.x1.na                               1.18121
doutb1                                 0.58511
dout1                                  0.58511
x1.x1.nb                               1.18121
vd2                                     -0.001
ap2                                     0.5995
an2                                     0.6005
ibn2                                  0.286672
x2.x1.tmid                         3.12056e-06
x2.x1.tail                            0.568082
x2.x1.np                                   1.2
x2.x1.nn                                   1.2
x2.x1.ln                                   1.2
x2.x1.lp                                   1.2
x2.x1.lnb                          5.18456e-08
x2.x1.lpb                          5.18456e-08
x2.x1.na                               1.18121
doutb2                                 0.58511
dout2                                  0.58511
x2.x1.nb                               1.18121
ean2#branch                        2.19281e-12
eap2#branch                        2.20387e-12
ean1#branch                        2.20387e-12
eap1#branch                        2.19281e-12
ean0#branch                        2.19832e-12
eap0#branch                        2.19832e-12
vclk#branch                        5.30518e-10
vd2#branch                                   0
vd1#branch                                   0
vd0#branch                                   0
vcm#branch                           1.319e-11
vsup#branch                       -0.000265892

 Reference value :  0.00000e+00
 Reference value :  7.00000e-10
 Reference value :  1.31412e-09
 Reference value :  2.14824e-09
 Reference value :  3.14353e-09
 Reference value :  3.98824e-09
 Reference value :  4.76118e-09
No. of Data Rows : 1345
vsup_v              =  1.20000e+00
d0now               =  1.19999e+00
d1now               =  1.20000e+00
d2now               =  3.55672e-06
Reset re-loads circuit * comparator-transient-noise @ fs_27c_1.20v -- generated by sim/harness, do not edit

Circuit: * comparator-transient-noise @ fs_27c_1.20v -- generated by sim/harness, do not edit

Doing analysis at TEMP = 27.000000 and TNOM = 27.000000

Using SPARSE 1.3 as Direct Linear Solver

Initial Transient Solution
--------------------------

Node                                   Voltage
----                                   -------
vdd                                        1.2
cm                                         0.6
vd0                                          0
ap0                                        0.6
an0                                        0.6
ibn0                                  0.286672
x0.x1.tmid                         3.12055e-06
x0.x1.tail                            0.568079
clk                                          0
x0.x1.np                                   1.2
x0.x1.nn                                   1.2
x0.x1.ln                                   1.2
x0.x1.lp                                   1.2
x0.x1.lnb                          5.18456e-08
x0.x1.lpb                          5.18456e-08
x0.x1.na                               1.18121
doutb0                                 0.58511
dout0                                  0.58511
x0.x1.nb                               1.18121
vd1                                      0.001
ap1                                     0.6005
an1                                     0.5995
ibn1                                  0.286672
x1.x1.tmid                         3.12056e-06
x1.x1.tail                            0.568082
x1.x1.np                                   1.2
x1.x1.nn                                   1.2
x1.x1.ln                                   1.2
x1.x1.lp                                   1.2
x1.x1.lnb                          5.18456e-08
x1.x1.lpb                          5.18456e-08
x1.x1.na                               1.18121
doutb1                                 0.58511
dout1                                  0.58511
x1.x1.nb                               1.18121
vd2                                     -0.001
ap2                                     0.5995
an2                                     0.6005
ibn2                                  0.286672
x2.x1.tmid                         3.12056e-06
x2.x1.tail                            0.568082
x2.x1.np                                   1.2
x2.x1.nn                                   1.2
x2.x1.ln                                   1.2
x2.x1.lp                                   1.2
x2.x1.lnb                          5.18456e-08
x2.x1.lpb                          5.18456e-08
x2.x1.na                               1.18121
doutb2                                 0.58511
dout2                                  0.58511
x2.x1.nb                               1.18121
ean2#branch                        2.19281e-12
eap2#branch                        2.20387e-12
ean1#branch                        2.20387e-12
eap1#branch                        2.19281e-12
ean0#branch                        2.19832e-12
eap0#branch                        2.19832e-12
vclk#branch                        5.30518e-10
vd2#branch                                   0
vd1#branch                                   0
vd0#branch                                   0
vcm#branch                           1.319e-11
vsup#branch                       -0.000265892

 Reference value :  0.00000e+00
 Reference value :  6.80000e-10
 Reference value :  1.24353e-09
 Reference value :  2.08118e-09
 Reference value :  3.04824e-09
 Reference value :  3.87412e-09
 Reference value :  4.62353e-09
No. of Data Rows : 1345
vsup_v              =  1.20000e+00
d0now               =  1.20000e+00
d1now               =  1.20000e+00
d2now               =  3.25852e-06
Reset re-loads circuit * comparator-transient-noise @ fs_27c_1.20v -- generated by sim/harness, do not edit

Circuit: * comparator-transient-noise @ fs_27c_1.20v -- generated by sim/harness, do not edit

Doing analysis at TEMP = 27.000000 and TNOM = 27.000000

Using SPARSE 1.3 as Direct Linear Solver

Initial Transient Solution
--------------------------

Node                                   Voltage
----                                   -------
vdd                                        1.2
cm                                         0.6
vd0                                          0
ap0                                        0.6
an0                                        0.6
ibn0                                  0.286672
x0.x1.tmid                         3.12055e-06
x0.x1.tail                            0.568079
clk                                          0
x0.x1.np                                   1.2
x0.x1.nn                                   1.2
x0.x1.ln                                   1.2
x0.x1.lp                                   1.2
x0.x1.lnb                          5.18456e-08
x0.x1.lpb                          5.18456e-08
x0.x1.na                               1.18121
doutb0                                 0.58511
dout0                                  0.58511
x0.x1.nb                               1.18121
vd1                                      0.001
ap1                                     0.6005
an1                                     0.5995
ibn1                                  0.286672
x1.x1.tmid                         3.12056e-06
x1.x1.tail                            0.568082
x1.x1.np                                   1.2
x1.x1.nn                                   1.2
x1.x1.ln                                   1.2
x1.x1.lp                                   1.2
x1.x1.lnb                          5.18456e-08
x1.x1.lpb                          5.18456e-08
x1.x1.na                               1.18121
doutb1                                 0.58511
dout1                                  0.58511
x1.x1.nb                               1.18121
vd2                                     -0.001
ap2                                     0.5995
an2                                     0.6005
ibn2                                  0.286672
x2.x1.tmid                         3.12056e-06
x2.x1.tail                            0.568082
x2.x1.np                                   1.2
x2.x1.nn                                   1.2
x2.x1.ln                                   1.2
x2.x1.lp                                   1.2
x2.x1.lnb                          5.18456e-08
x2.x1.lpb                          5.18456e-08
x2.x1.na                               1.18121
doutb2                                 0.58511
dout2                                  0.58511
x2.x1.nb                               1.18121
ean2#branch                        2.19281e-12
eap2#branch                        2.20387e-12
ean1#branch                        2.20387e-12
eap1#branch                        2.19281e-12
ean0#branch                        2.19832e-12
eap0#branch                        2.19832e-12
vclk#branch                        5.30518e-10
vd2#branch                                   0
vd1#branch                                   0
vd0#branch                                   0
vcm#branch                           1.319e-11
vsup#branch                       -0.000265892

 Reference value :  0.00000e+00
 Reference value :  6.54118e-10
 Reference value :  1.20826e-09
 Reference value :  2.04000e-09
 Reference value :  3.00824e-09
 Reference value :  3.80353e-09
 Reference value :  4.58118e-09
No. of Data Rows : 1345
vsup_v              =  1.20000e+00
d0now               =  -1.91155e-06
d1now               =  1.20000e+00
d2now               =  1.19999e+00
Reset re-loads circuit * comparator-transient-noise @ fs_27c_1.20v -- generated by sim/harness, do not edit

Circuit: * comparator-transient-noise @ fs_27c_1.20v -- generated by sim/harness, do not edit

Doing analysis at TEMP = 27.000000 and TNOM = 27.000000

Using SPARSE 1.3 as Direct Linear Solver

Initial Transient Solution
--------------------------

Node                                   Voltage
----                                   -------
vdd                                        1.2
cm                                         0.6
vd0                                          0
ap0                                        0.6
an0                                        0.6
ibn0                                  0.286672
x0.x1.tmid                         3.12055e-06
x0.x1.tail                            0.568079
clk                                          0
x0.x1.np                                   1.2
x0.x1.nn                                   1.2
x0.x1.ln                                   1.2
x0.x1.lp                                   1.2
x0.x1.lnb                          5.18456e-08
x0.x1.lpb                          5.18456e-08
x0.x1.na                               1.18121
doutb0                                 0.58511
dout0                                  0.58511
x0.x1.nb                               1.18121
vd1                                      0.001
ap1                                     0.6005
an1                                     0.5995
ibn1                                  0.286672
x1.x1.tmid                         3.12056e-06
x1.x1.tail                            0.568082
x1.x1.np                                   1.2
x1.x1.nn                                   1.2
x1.x1.ln                                   1.2
x1.x1.lp                                   1.2
x1.x1.lnb                          5.18456e-08
x1.x1.lpb                          5.18456e-08
x1.x1.na                               1.18121
doutb1                                 0.58511
dout1                                  0.58511
x1.x1.nb                               1.18121
vd2                                     -0.001
ap2                                     0.5995
an2                                     0.6005
ibn2                                  0.286672
x2.x1.tmid                         3.12056e-06
x2.x1.tail                            0.568082
x2.x1.np                                   1.2
x2.x1.nn                                   1.2
x2.x1.ln                                   1.2
x2.x1.lp                                   1.2
x2.x1.lnb                          5.18456e-08
x2.x1.lpb                          5.18456e-08
x2.x1.na                               1.18121
doutb2                                 0.58511
dout2                                  0.58511
x2.x1.nb                               1.18121
ean2#branch                        2.19281e-12
eap2#branch                        2.20387e-12
ean1#branch                        2.20387e-12
eap1#branch                        2.19281e-12
ean0#branch                        2.19832e-12
eap0#branch                        2.19832e-12
vclk#branch                        5.30518e-10
vd2#branch                                   0
vd1#branch                                   0
vd0#branch                                   0
vcm#branch                           1.319e-11
vsup#branch                       -0.000265892

 Reference value :  0.00000e+00
 Reference value :  6.83529e-10
 Reference value :  1.24118e-09
 Reference value :  2.08353e-09
 Reference value :  3.01412e-09
 Reference value :  3.78000e-09
 Reference value :  4.50824e-09
No. of Data Rows : 1345
vsup_v              =  1.20000e+00
d0now               =  1.20000e+00
d1now               =  1.20000e+00
d2now               =  2.48657e-06
Reset re-loads circuit * comparator-transient-noise @ fs_27c_1.20v -- generated by sim/harness, do not edit

Circuit: * comparator-transient-noise @ fs_27c_1.20v -- generated by sim/harness, do not edit

Doing analysis at TEMP = 27.000000 and TNOM = 27.000000

Using SPARSE 1.3 as Direct Linear Solver

Initial Transient Solution
--------------------------

Node                                   Voltage
----                                   -------
vdd                                        1.2
cm                                         0.6
vd0                                          0
ap0                                        0.6
an0                                        0.6
ibn0                                  0.286672
x0.x1.tmid                         3.12055e-06
x0.x1.tail                            0.568079
clk                                          0
x0.x1.np                                   1.2
x0.x1.nn                                   1.2
x0.x1.ln                                   1.2
x0.x1.lp                                   1.2
x0.x1.lnb                          5.18456e-08
x0.x1.lpb                          5.18456e-08
x0.x1.na                               1.18121
doutb0                                 0.58511
dout0                                  0.58511
x0.x1.nb                               1.18121
vd1                                      0.001
ap1                                     0.6005
an1                                     0.5995
ibn1                                  0.286672
x1.x1.tmid                         3.12056e-06
x1.x1.tail                            0.568082
x1.x1.np                                   1.2
x1.x1.nn                                   1.2
x1.x1.ln                                   1.2
x1.x1.lp                                   1.2
x1.x1.lnb                          5.18456e-08
x1.x1.lpb                          5.18456e-08
x1.x1.na                               1.18121
doutb1                                 0.58511
dout1                                  0.58511
x1.x1.nb                               1.18121
vd2                                     -0.001
ap2                                     0.5995
an2                                     0.6005
ibn2                                  0.286672
x2.x1.tmid                         3.12056e-06
x2.x1.tail                            0.568082
x2.x1.np                                   1.2
x2.x1.nn                                   1.2
x2.x1.ln                                   1.2
x2.x1.lp                                   1.2
x2.x1.lnb                          5.18456e-08
x2.x1.lpb                          5.18456e-08
x2.x1.na                               1.18121
doutb2                                 0.58511
dout2                                  0.58511
x2.x1.nb                               1.18121
ean2#branch                        2.19281e-12
eap2#branch                        2.20387e-12
ean1#branch                        2.20387e-12
eap1#branch                        2.19281e-12
ean0#branch                        2.19832e-12
eap0#branch                        2.19832e-12
vclk#branch                        5.30518e-10
vd2#branch                                   0
vd1#branch                                   0
vd0#branch                                   0
vcm#branch                           1.319e-11
vsup#branch                       -0.000265892

 Reference value :  0.00000e+00
 Reference value :  6.54118e-10
 Reference value :  1.18117e-09
 Reference value :  2.00000e-09
 Reference value :  2.98353e-09
 Reference value :  3.78000e-09
 Reference value :  4.54824e-09
No. of Data Rows : 1345
vsup_v              =  1.20000e+00
d0now               =  3.09204e-06
d1now               =  1.20000e+00
d2now               =  5.36262e-07
Reset re-loads circuit * comparator-transient-noise @ fs_27c_1.20v -- generated by sim/harness, do not edit

Circuit: * comparator-transient-noise @ fs_27c_1.20v -- generated by sim/harness, do not edit

Doing analysis at TEMP = 27.000000 and TNOM = 27.000000

Using SPARSE 1.3 as Direct Linear Solver

Initial Transient Solution
--------------------------

Node                                   Voltage
----                                   -------
vdd                                        1.2
cm                                         0.6
vd0                                          0
ap0                                        0.6
an0                                        0.6
ibn0                                  0.286672
x0.x1.tmid                         3.12055e-06
x0.x1.tail                            0.568079
clk                                          0
x0.x1.np                                   1.2
x0.x1.nn                                   1.2
x0.x1.ln                                   1.2
x0.x1.lp                                   1.2
x0.x1.lnb                          5.18456e-08
x0.x1.lpb                          5.18456e-08
x0.x1.na                               1.18121
doutb0                                 0.58511
dout0                                  0.58511
x0.x1.nb                               1.18121
vd1                                      0.001
ap1                                     0.6005
an1                                     0.5995
ibn1                                  0.286672
x1.x1.tmid                         3.12056e-06
x1.x1.tail                            0.568082
x1.x1.np                                   1.2
x1.x1.nn                                   1.2
x1.x1.ln                                   1.2
x1.x1.lp                                   1.2
x1.x1.lnb                          5.18456e-08
x1.x1.lpb                          5.18456e-08
x1.x1.na                               1.18121
doutb1                                 0.58511
dout1                                  0.58511
x1.x1.nb                               1.18121
vd2                                     -0.001
ap2                                     0.5995
an2                                     0.6005
ibn2                                  0.286672
x2.x1.tmid                         3.12056e-06
x2.x1.tail                            0.568082
x2.x1.np                                   1.2
x2.x1.nn                                   1.2
x2.x1.ln                                   1.2
x2.x1.lp                                   1.2
x2.x1.lnb                          5.18456e-08
x2.x1.lpb                          5.18456e-08
x2.x1.na                               1.18121
doutb2                                 0.58511
dout2                                  0.58511
x2.x1.nb                               1.18121
ean2#branch                        2.19281e-12
eap2#branch                        2.20387e-12
ean1#branch                        2.20387e-12
eap1#branch                        2.19281e-12
ean0#branch                        2.19832e-12
eap0#branch                        2.19832e-12
vclk#branch                        5.30518e-10
vd2#branch                                   0
vd1#branch                                   0
vd0#branch                                   0
vcm#branch                           1.319e-11
vsup#branch                       -0.000265892

 Reference value :  0.00000e+00
 Reference value :  6.74118e-10
 Reference value :  1.22822e-09
 Reference value :  2.10000e-09
 Reference value :  3.14824e-09
 Reference value :  3.98118e-09
 Reference value :  4.72353e-09
No. of Data Rows : 1345
vsup_v              =  1.20000e+00
d0now               =  1.41308e-06
d1now               =  1.20000e+00
d2now               =  -1.20412e-06
Reset re-loads circuit * comparator-transient-noise @ fs_27c_1.20v -- generated by sim/harness, do not edit

Circuit: * comparator-transient-noise @ fs_27c_1.20v -- generated by sim/harness, do not edit

Doing analysis at TEMP = 27.000000 and TNOM = 27.000000

Using SPARSE 1.3 as Direct Linear Solver

Initial Transient Solution
--------------------------

Node                                   Voltage
----                                   -------
vdd                                        1.2
cm                                         0.6
vd0                                          0
ap0                                        0.6
an0                                        0.6
ibn0                                  0.286672
x0.x1.tmid                         3.12055e-06
x0.x1.tail                            0.568079
clk                                          0
x0.x1.np                                   1.2
x0.x1.nn                                   1.2
x0.x1.ln                                   1.2
x0.x1.lp                                   1.2
x0.x1.lnb                          5.18456e-08
x0.x1.lpb                          5.18456e-08
x0.x1.na                               1.18121
doutb0                                 0.58511
dout0                                  0.58511
x0.x1.nb                               1.18121
vd1                                      0.001
ap1                                     0.6005
an1                                     0.5995
ibn1                                  0.286672
x1.x1.tmid                         3.12056e-06
x1.x1.tail                            0.568082
x1.x1.np                                   1.2
x1.x1.nn                                   1.2
x1.x1.ln                                   1.2
x1.x1.lp                                   1.2
x1.x1.lnb                          5.18456e-08
x1.x1.lpb                          5.18456e-08
x1.x1.na                               1.18121
doutb1                                 0.58511
dout1                                  0.58511
x1.x1.nb                               1.18121
vd2                                     -0.001
ap2                                     0.5995
an2                                     0.6005
ibn2                                  0.286672
x2.x1.tmid                         3.12056e-06
x2.x1.tail                            0.568082
x2.x1.np                                   1.2
x2.x1.nn                                   1.2
x2.x1.ln                                   1.2
x2.x1.lp                                   1.2
x2.x1.lnb                          5.18456e-08
x2.x1.lpb                          5.18456e-08
x2.x1.na                               1.18121
doutb2                                 0.58511
dout2                                  0.58511
x2.x1.nb                               1.18121
ean2#branch                        2.19281e-12
eap2#branch                        2.20387e-12
ean1#branch                        2.20387e-12
eap1#branch                        2.19281e-12
ean0#branch                        2.19832e-12
eap0#branch                        2.19832e-12
vclk#branch                        5.30518e-10
vd2#branch                                   0
vd1#branch                                   0
vd0#branch                                   0
vcm#branch                           1.319e-11
vsup#branch                       -0.000265892

 Reference value :  0.00000e+00
 Reference value :  6.80000e-10
 Reference value :  1.22000e-09
 Reference value :  2.16824e-09
 Reference value :  3.14000e-09
 Reference value :  3.90000e-09
 Reference value :  4.66824e-09
No. of Data Rows : 1345
vsup_v              =  1.20000e+00
d0now               =  1.20000e+00
d1now               =  1.20000e+00
d2now               =  -7.73624e-07
Reset re-loads circuit * comparator-transient-noise @ fs_27c_1.20v -- generated by sim/harness, do not edit

Circuit: * comparator-transient-noise @ fs_27c_1.20v -- generated by sim/harness, do not edit

Doing analysis at TEMP = 27.000000 and TNOM = 27.000000

Using SPARSE 1.3 as Direct Linear Solver

Initial Transient Solution
--------------------------

Node                                   Voltage
----                                   -------
vdd                                        1.2
cm                                         0.6
vd0                                          0
ap0                                        0.6
an0                                        0.6
ibn0                                  0.286672
x0.x1.tmid                         3.12055e-06
x0.x1.tail                            0.568079
clk                                          0
x0.x1.np                                   1.2
x0.x1.nn                                   1.2
x0.x1.ln                                   1.2
x0.x1.lp                                   1.2
x0.x1.lnb                          5.18456e-08
x0.x1.lpb                          5.18456e-08
x0.x1.na                               1.18121
doutb0                                 0.58511
dout0                                  0.58511
x0.x1.nb                               1.18121
vd1                                      0.001
ap1                                     0.6005
an1                                     0.5995
ibn1                                  0.286672
x1.x1.tmid                         3.12056e-06
x1.x1.tail                            0.568082
x1.x1.np                                   1.2
x1.x1.nn                                   1.2
x1.x1.ln                                   1.2
x1.x1.lp                                   1.2
x1.x1.lnb                          5.18456e-08
x1.x1.lpb                          5.18456e-08
x1.x1.na                               1.18121
doutb1                                 0.58511
dout1                                  0.58511
x1.x1.nb                               1.18121
vd2                                     -0.001
ap2                                     0.5995
an2                                     0.6005
ibn2                                  0.286672
x2.x1.tmid                         3.12056e-06
x2.x1.tail                            0.568082
x2.x1.np                                   1.2
x2.x1.nn                                   1.2
x2.x1.ln                                   1.2
x2.x1.lp                                   1.2
x2.x1.lnb                          5.18456e-08
x2.x1.lpb                          5.18456e-08
x2.x1.na                               1.18121
doutb2                                 0.58511
dout2                                  0.58511
x2.x1.nb                               1.18121
ean2#branch                        2.19281e-12
eap2#branch                        2.20387e-12
ean1#branch                        2.20387e-12
eap1#branch                        2.19281e-12
ean0#branch                        2.19832e-12
eap0#branch                        2.19832e-12
vclk#branch                        5.30518e-10
vd2#branch                                   0
vd1#branch                                   0
vd0#branch                                   0
vcm#branch                           1.319e-11
vsup#branch                       -0.000265892

 Reference value :  0.00000e+00
 Reference value :  6.68235e-10
 Reference value :  1.20118e-09
 Reference value :  2.02824e-09
 Reference value :  2.96824e-09
 Reference value :  3.81412e-09
 Reference value :  4.57412e-09
No. of Data Rows : 1345
vsup_v              =  1.20000e+00
d0now               =  5.51973e-06
d1now               =  1.19999e+00
d2now               =  4.10607e-06
Reset re-loads circuit * comparator-transient-noise @ fs_27c_1.20v -- generated by sim/harness, do not edit

Circuit: * comparator-transient-noise @ fs_27c_1.20v -- generated by sim/harness, do not edit

Doing analysis at TEMP = 27.000000 and TNOM = 27.000000

Using SPARSE 1.3 as Direct Linear Solver

Initial Transient Solution
--------------------------

Node                                   Voltage
----                                   -------
vdd                                        1.2
cm                                         0.6
vd0                                          0
ap0                                        0.6
an0                                        0.6
ibn0                                  0.286672
x0.x1.tmid                         3.12055e-06
x0.x1.tail                            0.568079
clk                                          0
x0.x1.np                                   1.2
x0.x1.nn                                   1.2
x0.x1.ln                                   1.2
x0.x1.lp                                   1.2
x0.x1.lnb                          5.18456e-08
x0.x1.lpb                          5.18456e-08
x0.x1.na                               1.18121
doutb0                                 0.58511
dout0                                  0.58511
x0.x1.nb                               1.18121
vd1                                      0.001
ap1                                     0.6005
an1                                     0.5995
ibn1                                  0.286672
x1.x1.tmid                         3.12056e-06
x1.x1.tail                            0.568082
x1.x1.np                                   1.2
x1.x1.nn                                   1.2
x1.x1.ln                                   1.2
x1.x1.lp                                   1.2
x1.x1.lnb                          5.18456e-08
x1.x1.lpb                          5.18456e-08
x1.x1.na                               1.18121
doutb1                                 0.58511
dout1                                  0.58511
x1.x1.nb                               1.18121
vd2                                     -0.001
ap2                                     0.5995
an2                                     0.6005
ibn2                                  0.286672
x2.x1.tmid                         3.12056e-06
x2.x1.tail                            0.568082
x2.x1.np                                   1.2
x2.x1.nn                                   1.2
x2.x1.ln                                   1.2
x2.x1.lp                                   1.2
x2.x1.lnb                          5.18456e-08
x2.x1.lpb                          5.18456e-08
x2.x1.na                               1.18121
doutb2                                 0.58511
dout2                                  0.58511
x2.x1.nb                               1.18121
ean2#branch                        2.19281e-12
eap2#branch                        2.20387e-12
ean1#branch                        2.20387e-12
eap1#branch                        2.19281e-12
ean0#branch                        2.19832e-12
eap0#branch                        2.19832e-12
vclk#branch                        5.30518e-10
vd2#branch                                   0
vd1#branch                                   0
vd0#branch                                   0
vcm#branch                           1.319e-11
vsup#branch                       -0.000265892

 Reference value :  0.00000e+00
 Reference value :  6.61176e-10
 Reference value :  1.20354e-09
 Reference value :  2.00824e-09
 Reference value :  2.96000e-09
 Reference value :  3.78353e-09
 Reference value :  4.54118e-09
No. of Data Rows : 1345
vsup_v              =  1.20000e+00
d0now               =  3.43916e-06
d1now               =  1.20000e+00
d2now               =  7.67671e-07
Reset re-loads circuit * comparator-transient-noise @ fs_27c_1.20v -- generated by sim/harness, do not edit

Circuit: * comparator-transient-noise @ fs_27c_1.20v -- generated by sim/harness, do not edit

Doing analysis at TEMP = 27.000000 and TNOM = 27.000000

Using SPARSE 1.3 as Direct Linear Solver

Initial Transient Solution
--------------------------

Node                                   Voltage
----                                   -------
vdd                                        1.2
cm                                         0.6
vd0                                          0
ap0                                        0.6
an0                                        0.6
ibn0                                  0.286672
x0.x1.tmid                         3.12055e-06
x0.x1.tail                            0.568079
clk                                          0
x0.x1.np                                   1.2
x0.x1.nn                                   1.2
x0.x1.ln                                   1.2
x0.x1.lp                                   1.2
x0.x1.lnb                          5.18456e-08
x0.x1.lpb                          5.18456e-08
x0.x1.na                               1.18121
doutb0                                 0.58511
dout0                                  0.58511
x0.x1.nb                               1.18121
vd1                                      0.001
ap1                                     0.6005
an1                                     0.5995
ibn1                                  0.286672
x1.x1.tmid                         3.12056e-06
x1.x1.tail                            0.568082
x1.x1.np                                   1.2
x1.x1.nn                                   1.2
x1.x1.ln                                   1.2
x1.x1.lp                                   1.2
x1.x1.lnb                          5.18456e-08
x1.x1.lpb                          5.18456e-08
x1.x1.na                               1.18121
doutb1                                 0.58511
dout1                                  0.58511
x1.x1.nb                               1.18121
vd2                                     -0.001
ap2                                     0.5995
an2                                     0.6005
ibn2                                  0.286672
x2.x1.tmid                         3.12056e-06
x2.x1.tail                            0.568082
x2.x1.np                                   1.2
x2.x1.nn                                   1.2
x2.x1.ln                                   1.2
x2.x1.lp                                   1.2
x2.x1.lnb                          5.18456e-08
x2.x1.lpb                          5.18456e-08
x2.x1.na                               1.18121
doutb2                                 0.58511
dout2                                  0.58511
x2.x1.nb                               1.18121
ean2#branch                        2.19281e-12
eap2#branch                        2.20387e-12
ean1#branch                        2.20387e-12
eap1#branch                        2.19281e-12
ean0#branch                        2.19832e-12
eap0#branch                        2.19832e-12
vclk#branch                        5.30518e-10
vd2#branch                                   0
vd1#branch                                   0
vd0#branch                                   0
vcm#branch                           1.319e-11
vsup#branch                       -0.000265892

 Reference value :  0.00000e+00
 Reference value :  6.60000e-10
 Reference value :  1.18821e-09
 Reference value :  2.00824e-09
 Reference value :  3.00118e-09
 Reference value :  3.88824e-09
 Reference value :  4.63412e-09
No. of Data Rows : 1345
vsup_v              =  1.20000e+00
d0now               =  2.53365e-07
d1now               =  1.20000e+00
d2now               =  1.20000e+00
Reset re-loads circuit * comparator-transient-noise @ fs_27c_1.20v -- generated by sim/harness, do not edit

Circuit: * comparator-transient-noise @ fs_27c_1.20v -- generated by sim/harness, do not edit

Doing analysis at TEMP = 27.000000 and TNOM = 27.000000

Using SPARSE 1.3 as Direct Linear Solver

Initial Transient Solution
--------------------------

Node                                   Voltage
----                                   -------
vdd                                        1.2
cm                                         0.6
vd0                                          0
ap0                                        0.6
an0                                        0.6
ibn0                                  0.286672
x0.x1.tmid                         3.12055e-06
x0.x1.tail                            0.568079
clk                                          0
x0.x1.np                                   1.2
x0.x1.nn                                   1.2
x0.x1.ln                                   1.2
x0.x1.lp                                   1.2
x0.x1.lnb                          5.18456e-08
x0.x1.lpb                          5.18456e-08
x0.x1.na                               1.18121
doutb0                                 0.58511
dout0                                  0.58511
x0.x1.nb                               1.18121
vd1                                      0.001
ap1                                     0.6005
an1                                     0.5995
ibn1                                  0.286672
x1.x1.tmid                         3.12056e-06
x1.x1.tail                            0.568082
x1.x1.np                                   1.2
x1.x1.nn                                   1.2
x1.x1.ln                                   1.2
x1.x1.lp                                   1.2
x1.x1.lnb                          5.18456e-08
x1.x1.lpb                          5.18456e-08
x1.x1.na                               1.18121
doutb1                                 0.58511
dout1                                  0.58511
x1.x1.nb                               1.18121
vd2                                     -0.001
ap2                                     0.5995
an2                                     0.6005
ibn2                                  0.286672
x2.x1.tmid                         3.12056e-06
x2.x1.tail                            0.568082
x2.x1.np                                   1.2
x2.x1.nn                                   1.2
x2.x1.ln                                   1.2
x2.x1.lp                                   1.2
x2.x1.lnb                          5.18456e-08
x2.x1.lpb                          5.18456e-08
x2.x1.na                               1.18121
doutb2                                 0.58511
dout2                                  0.58511
x2.x1.nb                               1.18121
ean2#branch                        2.19281e-12
eap2#branch                        2.20387e-12
ean1#branch                        2.20387e-12
eap1#branch                        2.19281e-12
ean0#branch                        2.19832e-12
eap0#branch                        2.19832e-12
vclk#branch                        5.30518e-10
vd2#branch                                   0
vd1#branch                                   0
vd0#branch                                   0
vcm#branch                           1.319e-11
vsup#branch                       -0.000265892

 Reference value :  0.00000e+00
 Reference value :  6.61176e-10
 Reference value :  1.24824e-09
 Reference value :  2.12000e-09
 Reference value :  3.15412e-09
 Reference value :  3.94118e-09
 Reference value :  4.68118e-09
No. of Data Rows : 1345
vsup_v              =  1.20000e+00
d0now               =  2.41856e-06
d1now               =  1.22350e-06
d2now               =  3.84571e-06
Reset re-loads circuit * comparator-transient-noise @ fs_27c_1.20v -- generated by sim/harness, do not edit

Circuit: * comparator-transient-noise @ fs_27c_1.20v -- generated by sim/harness, do not edit

Doing analysis at TEMP = 27.000000 and TNOM = 27.000000

Using SPARSE 1.3 as Direct Linear Solver

Initial Transient Solution
--------------------------

Node                                   Voltage
----                                   -------
vdd                                        1.2
cm                                         0.6
vd0                                          0
ap0                                        0.6
an0                                        0.6
ibn0                                  0.286672
x0.x1.tmid                         3.12055e-06
x0.x1.tail                            0.568079
clk                                          0
x0.x1.np                                   1.2
x0.x1.nn                                   1.2
x0.x1.ln                                   1.2
x0.x1.lp                                   1.2
x0.x1.lnb                          5.18456e-08
x0.x1.lpb                          5.18456e-08
x0.x1.na                               1.18121
doutb0                                 0.58511
dout0                                  0.58511
x0.x1.nb                               1.18121
vd1                                      0.001
ap1                                     0.6005
an1                                     0.5995
ibn1                                  0.286672
x1.x1.tmid                         3.12056e-06
x1.x1.tail                            0.568082
x1.x1.np                                   1.2
x1.x1.nn                                   1.2
x1.x1.ln                                   1.2
x1.x1.lp                                   1.2
x1.x1.lnb                          5.18456e-08
x1.x1.lpb                          5.18456e-08
x1.x1.na                               1.18121
doutb1                                 0.58511
dout1                                  0.58511
x1.x1.nb                               1.18121
vd2                                     -0.001
ap2                                     0.5995
an2                                     0.6005
ibn2                                  0.286672
x2.x1.tmid                         3.12056e-06
x2.x1.tail                            0.568082
x2.x1.np                                   1.2
x2.x1.nn                                   1.2
x2.x1.ln                                   1.2
x2.x1.lp                                   1.2
x2.x1.lnb                          5.18456e-08
x2.x1.lpb                          5.18456e-08
x2.x1.na                               1.18121
doutb2                                 0.58511
dout2                                  0.58511
x2.x1.nb                               1.18121
ean2#branch                        2.19281e-12
eap2#branch                        2.20387e-12
ean1#branch                        2.20387e-12
eap1#branch                        2.19281e-12
ean0#branch                        2.19832e-12
eap0#branch                        2.19832e-12
vclk#branch                        5.30518e-10
vd2#branch                                   0
vd1#branch                                   0
vd0#branch                                   0
vcm#branch                           1.319e-11
vsup#branch                       -0.000265892

 Reference value :  0.00000e+00
 Reference value :  7.14118e-10
 Reference value :  1.26823e-09
 Reference value :  2.12353e-09
 Reference value :  3.30118e-09
 Reference value :  4.11412e-09
 Reference value :  4.90000e-09
No. of Data Rows : 1345
vsup_v              =  1.20000e+00
d0now               =  3.10463e-06
d1now               =  1.20000e+00
d2now               =  -2.11089e-06
Reset re-loads circuit * comparator-transient-noise @ fs_27c_1.20v -- generated by sim/harness, do not edit

Circuit: * comparator-transient-noise @ fs_27c_1.20v -- generated by sim/harness, do not edit

Doing analysis at TEMP = 27.000000 and TNOM = 27.000000

Using SPARSE 1.3 as Direct Linear Solver

Initial Transient Solution
--------------------------

Node                                   Voltage
----                                   -------
vdd                                        1.2
cm                                         0.6
vd0                                          0
ap0                                        0.6
an0                                        0.6
ibn0                                  0.286672
x0.x1.tmid                         3.12055e-06
x0.x1.tail                            0.568079
clk                                          0
x0.x1.np                                   1.2
x0.x1.nn                                   1.2
x0.x1.ln                                   1.2
x0.x1.lp                                   1.2
x0.x1.lnb                          5.18456e-08
x0.x1.lpb                          5.18456e-08
x0.x1.na                               1.18121
doutb0                                 0.58511
dout0                                  0.58511
x0.x1.nb                               1.18121
vd1                                      0.001
ap1                                     0.6005
an1                                     0.5995
ibn1                                  0.286672
x1.x1.tmid                         3.12056e-06
x1.x1.tail                            0.568082
x1.x1.np                                   1.2
x1.x1.nn                                   1.2
x1.x1.ln                                   1.2
x1.x1.lp                                   1.2
x1.x1.lnb                          5.18456e-08
x1.x1.lpb                          5.18456e-08
x1.x1.na                               1.18121
doutb1                                 0.58511
dout1                                  0.58511
x1.x1.nb                               1.18121
vd2                                     -0.001
ap2                                     0.5995
an2                                     0.6005
ibn2                                  0.286672
x2.x1.tmid                         3.12056e-06
x2.x1.tail                            0.568082
x2.x1.np                                   1.2
x2.x1.nn                                   1.2
x2.x1.ln                                   1.2
x2.x1.lp                                   1.2
x2.x1.lnb                          5.18456e-08
x2.x1.lpb                          5.18456e-08
x2.x1.na                               1.18121
doutb2                                 0.58511
dout2                                  0.58511
x2.x1.nb                               1.18121
ean2#branch                        2.19281e-12
eap2#branch                        2.20387e-12
ean1#branch                        2.20387e-12
eap1#branch                        2.19281e-12
ean0#branch                        2.19832e-12
eap0#branch                        2.19832e-12
vclk#branch                        5.30518e-10
vd2#branch                                   0
vd1#branch                                   0
vd0#branch                                   0
vcm#branch                           1.319e-11
vsup#branch                       -0.000265892

 Reference value :  0.00000e+00
 Reference value :  6.68235e-10
 Reference value :  1.25412e-09
 Reference value :  2.12000e-09
 Reference value :  3.10118e-09
 Reference value :  3.90353e-09
 Reference value :  4.66000e-09
No. of Data Rows : 1345
vsup_v              =  1.20000e+00
d0now               =  -7.94393e-07
d1now               =  -6.31584e-07
d2now               =  6.78773e-06
Reset re-loads circuit * comparator-transient-noise @ fs_27c_1.20v -- generated by sim/harness, do not edit

Circuit: * comparator-transient-noise @ fs_27c_1.20v -- generated by sim/harness, do not edit

Doing analysis at TEMP = 27.000000 and TNOM = 27.000000

Using SPARSE 1.3 as Direct Linear Solver

Initial Transient Solution
--------------------------

Node                                   Voltage
----                                   -------
vdd                                        1.2
cm                                         0.6
vd0                                          0
ap0                                        0.6
an0                                        0.6
ibn0                                  0.286672
x0.x1.tmid                         3.12055e-06
x0.x1.tail                            0.568079
clk                                          0
x0.x1.np                                   1.2
x0.x1.nn                                   1.2
x0.x1.ln                                   1.2
x0.x1.lp                                   1.2
x0.x1.lnb                          5.18456e-08
x0.x1.lpb                          5.18456e-08
x0.x1.na                               1.18121
doutb0                                 0.58511
dout0                                  0.58511
x0.x1.nb                               1.18121
vd1                                      0.001
ap1                                     0.6005
an1                                     0.5995
ibn1                                  0.286672
x1.x1.tmid                         3.12056e-06
x1.x1.tail                            0.568082
x1.x1.np                                   1.2
x1.x1.nn                                   1.2
x1.x1.ln                                   1.2
x1.x1.lp                                   1.2
x1.x1.lnb                          5.18456e-08
x1.x1.lpb                          5.18456e-08
x1.x1.na                               1.18121
doutb1                                 0.58511
dout1                                  0.58511
x1.x1.nb                               1.18121
vd2                                     -0.001
ap2                                     0.5995
an2                                     0.6005
ibn2                                  0.286672
x2.x1.tmid                         3.12056e-06
x2.x1.tail                            0.568082
x2.x1.np                                   1.2
x2.x1.nn                                   1.2
x2.x1.ln                                   1.2
x2.x1.lp                                   1.2
x2.x1.lnb                          5.18456e-08
x2.x1.lpb                          5.18456e-08
x2.x1.na                               1.18121
doutb2                                 0.58511
dout2                                  0.58511
x2.x1.nb                               1.18121
ean2#branch                        2.19281e-12
eap2#branch                        2.20387e-12
ean1#branch                        2.20387e-12
eap1#branch                        2.19281e-12
ean0#branch                        2.19832e-12
eap0#branch                        2.19832e-12
vclk#branch                        5.30518e-10
vd2#branch                                   0
vd1#branch                                   0
vd0#branch                                   0
vcm#branch                           1.319e-11
vsup#branch                       -0.000265892

 Reference value :  0.00000e+00
 Reference value :  6.63529e-10
 Reference value :  1.20826e-09
 Reference value :  2.04118e-09
 Reference value :  3.01412e-09
 Reference value :  3.80824e-09
 Reference value :  4.56353e-09
No. of Data Rows : 1345
vsup_v              =  1.20000e+00
d0now               =  1.20000e+00
d1now               =  1.20000e+00
d2now               =  4.49134e-07
Reset re-loads circuit * comparator-transient-noise @ fs_27c_1.20v -- generated by sim/harness, do not edit

Circuit: * comparator-transient-noise @ fs_27c_1.20v -- generated by sim/harness, do not edit

Doing analysis at TEMP = 27.000000 and TNOM = 27.000000

Using SPARSE 1.3 as Direct Linear Solver

Initial Transient Solution
--------------------------

Node                                   Voltage
----                                   -------
vdd                                        1.2
cm                                         0.6
vd0                                          0
ap0                                        0.6
an0                                        0.6
ibn0                                  0.286672
x0.x1.tmid                         3.12055e-06
x0.x1.tail                            0.568079
clk                                          0
x0.x1.np                                   1.2
x0.x1.nn                                   1.2
x0.x1.ln                                   1.2
x0.x1.lp                                   1.2
x0.x1.lnb                          5.18456e-08
x0.x1.lpb                          5.18456e-08
x0.x1.na                               1.18121
doutb0                                 0.58511
dout0                                  0.58511
x0.x1.nb                               1.18121
vd1                                      0.001
ap1                                     0.6005
an1                                     0.5995
ibn1                                  0.286672
x1.x1.tmid                         3.12056e-06
x1.x1.tail                            0.568082
x1.x1.np                                   1.2
x1.x1.nn                                   1.2
x1.x1.ln                                   1.2
x1.x1.lp                                   1.2
x1.x1.lnb                          5.18456e-08
x1.x1.lpb                          5.18456e-08
x1.x1.na                               1.18121
doutb1                                 0.58511
dout1                                  0.58511
x1.x1.nb                               1.18121
vd2                                     -0.001
ap2                                     0.5995
an2                                     0.6005
ibn2                                  0.286672
x2.x1.tmid                         3.12056e-06
x2.x1.tail                            0.568082
x2.x1.np                                   1.2
x2.x1.nn                                   1.2
x2.x1.ln                                   1.2
x2.x1.lp                                   1.2
x2.x1.lnb                          5.18456e-08
x2.x1.lpb                          5.18456e-08
x2.x1.na                               1.18121
doutb2                                 0.58511
dout2                                  0.58511
x2.x1.nb                               1.18121
ean2#branch                        2.19281e-12
eap2#branch                        2.20387e-12
ean1#branch                        2.20387e-12
eap1#branch                        2.19281e-12
ean0#branch                        2.19832e-12
eap0#branch                        2.19832e-12
vclk#branch                        5.30518e-10
vd2#branch                                   0
vd1#branch                                   0
vd0#branch                                   0
vcm#branch                           1.319e-11
vsup#branch                       -0.000265892

 Reference value :  0.00000e+00
 Reference value :  6.88235e-10
 Reference value :  1.22822e-09
 Reference value :  2.08118e-09
 Reference value :  3.04118e-09
 Reference value :  3.86353e-09
 Reference value :  4.62824e-09
No. of Data Rows : 1345
vsup_v              =  1.20000e+00
d0now               =  1.19999e+00
d1now               =  3.98591e-06
d2now               =  3.36160e-06
Reset re-loads circuit * comparator-transient-noise @ fs_27c_1.20v -- generated by sim/harness, do not edit

Circuit: * comparator-transient-noise @ fs_27c_1.20v -- generated by sim/harness, do not edit

Doing analysis at TEMP = 27.000000 and TNOM = 27.000000

Using SPARSE 1.3 as Direct Linear Solver

Initial Transient Solution
--------------------------

Node                                   Voltage
----                                   -------
vdd                                        1.2
cm                                         0.6
vd0                                          0
ap0                                        0.6
an0                                        0.6
ibn0                                  0.286672
x0.x1.tmid                         3.12055e-06
x0.x1.tail                            0.568079
clk                                          0
x0.x1.np                                   1.2
x0.x1.nn                                   1.2
x0.x1.ln                                   1.2
x0.x1.lp                                   1.2
x0.x1.lnb                          5.18456e-08
x0.x1.lpb                          5.18456e-08
x0.x1.na                               1.18121
doutb0                                 0.58511
dout0                                  0.58511
x0.x1.nb                               1.18121
vd1                                      0.001
ap1                                     0.6005
an1                                     0.5995
ibn1                                  0.286672
x1.x1.tmid                         3.12056e-06
x1.x1.tail                            0.568082
x1.x1.np                                   1.2
x1.x1.nn                                   1.2
x1.x1.ln                                   1.2
x1.x1.lp                                   1.2
x1.x1.lnb                          5.18456e-08
x1.x1.lpb                          5.18456e-08
x1.x1.na                               1.18121
doutb1                                 0.58511
dout1                                  0.58511
x1.x1.nb                               1.18121
vd2                                     -0.001
ap2                                     0.5995
an2                                     0.6005
ibn2                                  0.286672
x2.x1.tmid                         3.12056e-06
x2.x1.tail                            0.568082
x2.x1.np                                   1.2
x2.x1.nn                                   1.2
x2.x1.ln                                   1.2
x2.x1.lp                                   1.2
x2.x1.lnb                          5.18456e-08
x2.x1.lpb                          5.18456e-08
x2.x1.na                               1.18121
doutb2                                 0.58511
dout2                                  0.58511
x2.x1.nb                               1.18121
ean2#branch                        2.19281e-12
eap2#branch                        2.20387e-12
ean1#branch                        2.20387e-12
eap1#branch                        2.19281e-12
ean0#branch                        2.19832e-12
eap0#branch                        2.19832e-12
vclk#branch                        5.30518e-10
vd2#branch                                   0
vd1#branch                                   0
vd0#branch                                   0
vcm#branch                           1.319e-11
vsup#branch                       -0.000265892

 Reference value :  0.00000e+00
 Reference value :  6.94118e-10
 Reference value :  1.24000e-09
 Reference value :  2.10118e-09
 Reference value :  3.08000e-09
 Reference value :  3.88118e-09
 Reference value :  4.62118e-09
No. of Data Rows : 1345
vsup_v              =  1.20000e+00
d0now               =  1.90569e-06
d1now               =  3.54704e-06
d2now               =  -1.73121e-06
Reset re-loads circuit * comparator-transient-noise @ fs_27c_1.20v -- generated by sim/harness, do not edit

Circuit: * comparator-transient-noise @ fs_27c_1.20v -- generated by sim/harness, do not edit

Doing analysis at TEMP = 27.000000 and TNOM = 27.000000

Using SPARSE 1.3 as Direct Linear Solver

Initial Transient Solution
--------------------------

Node                                   Voltage
----                                   -------
vdd                                        1.2
cm                                         0.6
vd0                                          0
ap0                                        0.6
an0                                        0.6
ibn0                                  0.286672
x0.x1.tmid                         3.12055e-06
x0.x1.tail                            0.568079
clk                                          0
x0.x1.np                                   1.2
x0.x1.nn                                   1.2
x0.x1.ln                                   1.2
x0.x1.lp                                   1.2
x0.x1.lnb                          5.18456e-08
x0.x1.lpb                          5.18456e-08
x0.x1.na                               1.18121
doutb0                                 0.58511
dout0                                  0.58511
x0.x1.nb                               1.18121
vd1                                      0.001
ap1                                     0.6005
an1                                     0.5995
ibn1                                  0.286672
x1.x1.tmid                         3.12056e-06
x1.x1.tail                            0.568082
x1.x1.np                                   1.2
x1.x1.nn                                   1.2
x1.x1.ln                                   1.2
x1.x1.lp                                   1.2
x1.x1.lnb                          5.18456e-08
x1.x1.lpb                          5.18456e-08
x1.x1.na                               1.18121
doutb1                                 0.58511
dout1                                  0.58511
x1.x1.nb                               1.18121
vd2                                     -0.001
ap2                                     0.5995
an2                                     0.6005
ibn2                                  0.286672
x2.x1.tmid                         3.12056e-06
x2.x1.tail                            0.568082
x2.x1.np                                   1.2
x2.x1.nn                                   1.2
x2.x1.ln                                   1.2
x2.x1.lp                                   1.2
x2.x1.lnb                          5.18456e-08
x2.x1.lpb                          5.18456e-08
x2.x1.na                               1.18121
doutb2                                 0.58511
dout2                                  0.58511
x2.x1.nb                               1.18121
ean2#branch                        2.19281e-12
eap2#branch                        2.20387e-12
ean1#branch                        2.20387e-12
eap1#branch                        2.19281e-12
ean0#branch                        2.19832e-12
eap0#branch                        2.19832e-12
vclk#branch                        5.30518e-10
vd2#branch                                   0
vd1#branch                                   0
vd0#branch                                   0
vcm#branch                           1.319e-11
vsup#branch                       -0.000265892

 Reference value :  0.00000e+00
 Reference value :  6.61176e-10
 Reference value :  1.18821e-09
 Reference value :  2.01412e-09
 Reference value :  2.99412e-09
 Reference value :  3.78824e-09
 Reference value :  4.56000e-09
No. of Data Rows : 1345
vsup_v              =  1.20000e+00
d0now               =  -2.34121e-06
d1now               =  1.20000e+00
d2now               =  -1.44329e-06
Reset re-loads circuit * comparator-transient-noise @ fs_27c_1.20v -- generated by sim/harness, do not edit

Circuit: * comparator-transient-noise @ fs_27c_1.20v -- generated by sim/harness, do not edit

Doing analysis at TEMP = 27.000000 and TNOM = 27.000000

Using SPARSE 1.3 as Direct Linear Solver

Initial Transient Solution
--------------------------

Node                                   Voltage
----                                   -------
vdd                                        1.2
cm                                         0.6
vd0                                          0
ap0                                        0.6
an0                                        0.6
ibn0                                  0.286672
x0.x1.tmid                         3.12055e-06
x0.x1.tail                            0.568079
clk                                          0
x0.x1.np                                   1.2
x0.x1.nn                                   1.2
x0.x1.ln                                   1.2
x0.x1.lp                                   1.2
x0.x1.lnb                          5.18456e-08
x0.x1.lpb                          5.18456e-08
x0.x1.na                               1.18121
doutb0                                 0.58511
dout0                                  0.58511
x0.x1.nb                               1.18121
vd1                                      0.001
ap1                                     0.6005
an1                                     0.5995
ibn1                                  0.286672
x1.x1.tmid                         3.12056e-06
x1.x1.tail                            0.568082
x1.x1.np                                   1.2
x1.x1.nn                                   1.2
x1.x1.ln                                   1.2
x1.x1.lp                                   1.2
x1.x1.lnb                          5.18456e-08
x1.x1.lpb                          5.18456e-08
x1.x1.na                               1.18121
doutb1                                 0.58511
dout1                                  0.58511
x1.x1.nb                               1.18121
vd2                                     -0.001
ap2                                     0.5995
an2                                     0.6005
ibn2                                  0.286672
x2.x1.tmid                         3.12056e-06
x2.x1.tail                            0.568082
x2.x1.np                                   1.2
x2.x1.nn                                   1.2
x2.x1.ln                                   1.2
x2.x1.lp                                   1.2
x2.x1.lnb                          5.18456e-08
x2.x1.lpb                          5.18456e-08
x2.x1.na                               1.18121
doutb2                                 0.58511
dout2                                  0.58511
x2.x1.nb                               1.18121
ean2#branch                        2.19281e-12
eap2#branch                        2.20387e-12
ean1#branch                        2.20387e-12
eap1#branch                        2.19281e-12
ean0#branch                        2.19832e-12
eap0#branch                        2.19832e-12
vclk#branch                        5.30518e-10
vd2#branch                                   0
vd1#branch                                   0
vd0#branch                                   0
vcm#branch                           1.319e-11
vsup#branch                       -0.000265892

 Reference value :  0.00000e+00
 Reference value :  7.00000e-10
 Reference value :  1.27411e-09
 Reference value :  2.08824e-09
 Reference value :  3.06000e-09
 Reference value :  3.87412e-09
 Reference value :  4.64824e-09
No. of Data Rows : 1345
vsup_v              =  1.20000e+00
d0now               =  1.19999e+00
d1now               =  1.20000e+00
d2now               =  1.20000e+00
Reset re-loads circuit * comparator-transient-noise @ fs_27c_1.20v -- generated by sim/harness, do not edit

Circuit: * comparator-transient-noise @ fs_27c_1.20v -- generated by sim/harness, do not edit

Doing analysis at TEMP = 27.000000 and TNOM = 27.000000

Using SPARSE 1.3 as Direct Linear Solver

Initial Transient Solution
--------------------------

Node                                   Voltage
----                                   -------
vdd                                        1.2
cm                                         0.6
vd0                                          0
ap0                                        0.6
an0                                        0.6
ibn0                                  0.286672
x0.x1.tmid                         3.12055e-06
x0.x1.tail                            0.568079
clk                                          0
x0.x1.np                                   1.2
x0.x1.nn                                   1.2
x0.x1.ln                                   1.2
x0.x1.lp                                   1.2
x0.x1.lnb                          5.18456e-08
x0.x1.lpb                          5.18456e-08
x0.x1.na                               1.18121
doutb0                                 0.58511
dout0                                  0.58511
x0.x1.nb                               1.18121
vd1                                      0.001
ap1                                     0.6005
an1                                     0.5995
ibn1                                  0.286672
x1.x1.tmid                         3.12056e-06
x1.x1.tail                            0.568082
x1.x1.np                                   1.2
x1.x1.nn                                   1.2
x1.x1.ln                                   1.2
x1.x1.lp                                   1.2
x1.x1.lnb                          5.18456e-08
x1.x1.lpb                          5.18456e-08
x1.x1.na                               1.18121
doutb1                                 0.58511
dout1                                  0.58511
x1.x1.nb                               1.18121
vd2                                     -0.001
ap2                                     0.5995
an2                                     0.6005
ibn2                                  0.286672
x2.x1.tmid                         3.12056e-06
x2.x1.tail                            0.568082
x2.x1.np                                   1.2
x2.x1.nn                                   1.2
x2.x1.ln                                   1.2
x2.x1.lp                                   1.2
x2.x1.lnb                          5.18456e-08
x2.x1.lpb                          5.18456e-08
x2.x1.na                               1.18121
doutb2                                 0.58511
dout2                                  0.58511
x2.x1.nb                               1.18121
ean2#branch                        2.19281e-12
eap2#branch                        2.20387e-12
ean1#branch                        2.20387e-12
eap1#branch                        2.19281e-12
ean0#branch                        2.19832e-12
eap0#branch                        2.19832e-12
vclk#branch                        5.30518e-10
vd2#branch                                   0
vd1#branch                                   0
vd0#branch                                   0
vcm#branch                           1.319e-11
vsup#branch                       -0.000265892

 Reference value :  0.00000e+00
 Reference value :  6.68235e-10
 Reference value :  1.20118e-09
 Reference value :  2.02824e-09
 Reference value :  2.98118e-09
 Reference value :  3.80824e-09
 Reference value :  4.54000e-09
No. of Data Rows : 1345
vsup_v              =  1.20000e+00
d0now               =  2.15922e-06
d1now               =  4.39931e-06
d2now               =  5.43772e-07
Reset re-loads circuit * comparator-transient-noise @ fs_27c_1.20v -- generated by sim/harness, do not edit

Circuit: * comparator-transient-noise @ fs_27c_1.20v -- generated by sim/harness, do not edit

Doing analysis at TEMP = 27.000000 and TNOM = 27.000000

Using SPARSE 1.3 as Direct Linear Solver

Initial Transient Solution
--------------------------

Node                                   Voltage
----                                   -------
vdd                                        1.2
cm                                         0.6
vd0                                          0
ap0                                        0.6
an0                                        0.6
ibn0                                  0.286672
x0.x1.tmid                         3.12055e-06
x0.x1.tail                            0.568079
clk                                          0
x0.x1.np                                   1.2
x0.x1.nn                                   1.2
x0.x1.ln                                   1.2
x0.x1.lp                                   1.2
x0.x1.lnb                          5.18456e-08
x0.x1.lpb                          5.18456e-08
x0.x1.na                               1.18121
doutb0                                 0.58511
dout0                                  0.58511
x0.x1.nb                               1.18121
vd1                                      0.001
ap1                                     0.6005
an1                                     0.5995
ibn1                                  0.286672
x1.x1.tmid                         3.12056e-06
x1.x1.tail                            0.568082
x1.x1.np                                   1.2
x1.x1.nn                                   1.2
x1.x1.ln                                   1.2
x1.x1.lp                                   1.2
x1.x1.lnb                          5.18456e-08
x1.x1.lpb                          5.18456e-08
x1.x1.na                               1.18121
doutb1                                 0.58511
dout1                                  0.58511
x1.x1.nb                               1.18121
vd2                                     -0.001
ap2                                     0.5995
an2                                     0.6005
ibn2                                  0.286672
x2.x1.tmid                         3.12056e-06
x2.x1.tail                            0.568082
x2.x1.np                                   1.2
x2.x1.nn                                   1.2
x2.x1.ln                                   1.2
x2.x1.lp                                   1.2
x2.x1.lnb                          5.18456e-08
x2.x1.lpb                          5.18456e-08
x2.x1.na                               1.18121
doutb2                                 0.58511
dout2                                  0.58511
x2.x1.nb                               1.18121
ean2#branch                        2.19281e-12
eap2#branch                        2.20387e-12
ean1#branch                        2.20387e-12
eap1#branch                        2.19281e-12
ean0#branch                        2.19832e-12
eap0#branch                        2.19832e-12
vclk#branch                        5.30518e-10
vd2#branch                                   0
vd1#branch                                   0
vd0#branch                                   0
vcm#branch                           1.319e-11
vsup#branch                       -0.000265892

 Reference value :  0.00000e+00
 Reference value :  6.60000e-10
 Reference value :  1.18000e-09
 Reference value :  1.96824e-09
 Reference value :  2.86353e-09
 Reference value :  3.71412e-09
 Reference value :  4.44824e-09
No. of Data Rows : 1345
vsup_v              =  1.20000e+00
d0now               =  3.28648e-06
d1now               =  1.19999e+00
d2now               =  2.15122e-06
Reset re-loads circuit * comparator-transient-noise @ fs_27c_1.20v -- generated by sim/harness, do not edit

Circuit: * comparator-transient-noise @ fs_27c_1.20v -- generated by sim/harness, do not edit

Doing analysis at TEMP = 27.000000 and TNOM = 27.000000

Using SPARSE 1.3 as Direct Linear Solver

Initial Transient Solution
--------------------------

Node                                   Voltage
----                                   -------
vdd                                        1.2
cm                                         0.6
vd0                                          0
ap0                                        0.6
an0                                        0.6
ibn0                                  0.286672
x0.x1.tmid                         3.12055e-06
x0.x1.tail                            0.568079
clk                                          0
x0.x1.np                                   1.2
x0.x1.nn                                   1.2
x0.x1.ln                                   1.2
x0.x1.lp                                   1.2
x0.x1.lnb                          5.18456e-08
x0.x1.lpb                          5.18456e-08
x0.x1.na                               1.18121
doutb0                                 0.58511
dout0                                  0.58511
x0.x1.nb                               1.18121
vd1                                      0.001
ap1                                     0.6005
an1                                     0.5995
ibn1                                  0.286672
x1.x1.tmid                         3.12056e-06
x1.x1.tail                            0.568082
x1.x1.np                                   1.2
x1.x1.nn                                   1.2
x1.x1.ln                                   1.2
x1.x1.lp                                   1.2
x1.x1.lnb                          5.18456e-08
x1.x1.lpb                          5.18456e-08
x1.x1.na                               1.18121
doutb1                                 0.58511
dout1                                  0.58511
x1.x1.nb                               1.18121
vd2                                     -0.001
ap2                                     0.5995
an2                                     0.6005
ibn2                                  0.286672
x2.x1.tmid                         3.12056e-06
x2.x1.tail                            0.568082
x2.x1.np                                   1.2
x2.x1.nn                                   1.2
x2.x1.ln                                   1.2
x2.x1.lp                                   1.2
x2.x1.lnb                          5.18456e-08
x2.x1.lpb                          5.18456e-08
x2.x1.na                               1.18121
doutb2                                 0.58511
dout2                                  0.58511
x2.x1.nb                               1.18121
ean2#branch                        2.19281e-12
eap2#branch                        2.20387e-12
ean1#branch                        2.20387e-12
eap1#branch                        2.19281e-12
ean0#branch                        2.19832e-12
eap0#branch                        2.19832e-12
vclk#branch                        5.30518e-10
vd2#branch                                   0
vd1#branch                                   0
vd0#branch                                   0
vcm#branch                           1.319e-11
vsup#branch                       -0.000265892

 Reference value :  0.00000e+00
 Reference value :  6.40000e-10
 Reference value :  1.16000e-09
 Reference value :  2.00824e-09
 Reference value :  2.98118e-09
 Reference value :  3.80824e-09
 Reference value :  4.64000e-09
No. of Data Rows : 1345
vsup_v              =  1.20000e+00
d0now               =  -1.42088e-06
d1now               =  1.19999e+00
d2now               =  1.20000e+00
Reset re-loads circuit * comparator-transient-noise @ fs_27c_1.20v -- generated by sim/harness, do not edit

Circuit: * comparator-transient-noise @ fs_27c_1.20v -- generated by sim/harness, do not edit

Doing analysis at TEMP = 27.000000 and TNOM = 27.000000

Using SPARSE 1.3 as Direct Linear Solver

Initial Transient Solution
--------------------------

Node                                   Voltage
----                                   -------
vdd                                        1.2
cm                                         0.6
vd0                                          0
ap0                                        0.6
an0                                        0.6
ibn0                                  0.286672
x0.x1.tmid                         3.12055e-06
x0.x1.tail                            0.568079
clk                                          0
x0.x1.np                                   1.2
x0.x1.nn                                   1.2
x0.x1.ln                                   1.2
x0.x1.lp                                   1.2
x0.x1.lnb                          5.18456e-08
x0.x1.lpb                          5.18456e-08
x0.x1.na                               1.18121
doutb0                                 0.58511
dout0                                  0.58511
x0.x1.nb                               1.18121
vd1                                      0.001
ap1                                     0.6005
an1                                     0.5995
ibn1                                  0.286672
x1.x1.tmid                         3.12056e-06
x1.x1.tail                            0.568082
x1.x1.np                                   1.2
x1.x1.nn                                   1.2
x1.x1.ln                                   1.2
x1.x1.lp                                   1.2
x1.x1.lnb                          5.18456e-08
x1.x1.lpb                          5.18456e-08
x1.x1.na                               1.18121
doutb1                                 0.58511
dout1                                  0.58511
x1.x1.nb                               1.18121
vd2                                     -0.001
ap2                                     0.5995
an2                                     0.6005
ibn2                                  0.286672
x2.x1.tmid                         3.12056e-06
x2.x1.tail                            0.568082
x2.x1.np                                   1.2
x2.x1.nn                                   1.2
x2.x1.ln                                   1.2
x2.x1.lp                                   1.2
x2.x1.lnb                          5.18456e-08
x2.x1.lpb                          5.18456e-08
x2.x1.na                               1.18121
doutb2                                 0.58511
dout2                                  0.58511
x2.x1.nb                               1.18121
ean2#branch                        2.19281e-12
eap2#branch                        2.20387e-12
ean1#branch                        2.20387e-12
eap1#branch                        2.19281e-12
ean0#branch                        2.19832e-12
eap0#branch                        2.19832e-12
vclk#branch                        5.30518e-10
vd2#branch                                   0
vd1#branch                                   0
vd0#branch                                   0
vcm#branch                           1.319e-11
vsup#branch                       -0.000265892

 Reference value :  0.00000e+00
 Reference value :  6.61176e-10
 Reference value :  1.20000e-09
 Reference value :  2.02118e-09
 Reference value :  2.98353e-09
 Reference value :  3.76118e-09
 Reference value :  4.50118e-09
No. of Data Rows : 1345
vsup_v              =  1.20000e+00
d0now               =  -6.11263e-07
d1now               =  1.20000e+00
d2now               =  1.92053e-08
Reset re-loads circuit * comparator-transient-noise @ fs_27c_1.20v -- generated by sim/harness, do not edit

Circuit: * comparator-transient-noise @ fs_27c_1.20v -- generated by sim/harness, do not edit

Doing analysis at TEMP = 27.000000 and TNOM = 27.000000

Using SPARSE 1.3 as Direct Linear Solver

Initial Transient Solution
--------------------------

Node                                   Voltage
----                                   -------
vdd                                        1.2
cm                                         0.6
vd0                                          0
ap0                                        0.6
an0                                        0.6
ibn0                                  0.286672
x0.x1.tmid                         3.12055e-06
x0.x1.tail                            0.568079
clk                                          0
x0.x1.np                                   1.2
x0.x1.nn                                   1.2
x0.x1.ln                                   1.2
x0.x1.lp                                   1.2
x0.x1.lnb                          5.18456e-08
x0.x1.lpb                          5.18456e-08
x0.x1.na                               1.18121
doutb0                                 0.58511
dout0                                  0.58511
x0.x1.nb                               1.18121
vd1                                      0.001
ap1                                     0.6005
an1                                     0.5995
ibn1                                  0.286672
x1.x1.tmid                         3.12056e-06
x1.x1.tail                            0.568082
x1.x1.np                                   1.2
x1.x1.nn                                   1.2
x1.x1.ln                                   1.2
x1.x1.lp                                   1.2
x1.x1.lnb                          5.18456e-08
x1.x1.lpb                          5.18456e-08
x1.x1.na                               1.18121
doutb1                                 0.58511
dout1                                  0.58511
x1.x1.nb                               1.18121
vd2                                     -0.001
ap2                                     0.5995
an2                                     0.6005
ibn2                                  0.286672
x2.x1.tmid                         3.12056e-06
x2.x1.tail                            0.568082
x2.x1.np                                   1.2
x2.x1.nn                                   1.2
x2.x1.ln                                   1.2
x2.x1.lp                                   1.2
x2.x1.lnb                          5.18456e-08
x2.x1.lpb                          5.18456e-08
x2.x1.na                               1.18121
doutb2                                 0.58511
dout2                                  0.58511
x2.x1.nb                               1.18121
ean2#branch                        2.19281e-12
eap2#branch                        2.20387e-12
ean1#branch                        2.20387e-12
eap1#branch                        2.19281e-12
ean0#branch                        2.19832e-12
eap0#branch                        2.19832e-12
vclk#branch                        5.30518e-10
vd2#branch                                   0
vd1#branch                                   0
vd0#branch                                   0
vcm#branch                           1.319e-11
vsup#branch                       -0.000265892

 Reference value :  0.00000e+00
 Reference value :  6.61176e-10
 Reference value :  1.20000e-09
 Reference value :  2.02353e-09
 Reference value :  3.06000e-09
 Reference value :  3.84000e-09
 Reference value :  4.70353e-09
No. of Data Rows : 1345
vsup_v              =  1.20000e+00
d0now               =  1.20000e+00
d1now               =  1.20000e+00
d2now               =  1.19999e+00
Reset re-loads circuit * comparator-transient-noise @ fs_27c_1.20v -- generated by sim/harness, do not edit

Circuit: * comparator-transient-noise @ fs_27c_1.20v -- generated by sim/harness, do not edit

Doing analysis at TEMP = 27.000000 and TNOM = 27.000000

Using SPARSE 1.3 as Direct Linear Solver

Initial Transient Solution
--------------------------

Node                                   Voltage
----                                   -------
vdd                                        1.2
cm                                         0.6
vd0                                          0
ap0                                        0.6
an0                                        0.6
ibn0                                  0.286672
x0.x1.tmid                         3.12055e-06
x0.x1.tail                            0.568079
clk                                          0
x0.x1.np                                   1.2
x0.x1.nn                                   1.2
x0.x1.ln                                   1.2
x0.x1.lp                                   1.2
x0.x1.lnb                          5.18456e-08
x0.x1.lpb                          5.18456e-08
x0.x1.na                               1.18121
doutb0                                 0.58511
dout0                                  0.58511
x0.x1.nb                               1.18121
vd1                                      0.001
ap1                                     0.6005
an1                                     0.5995
ibn1                                  0.286672
x1.x1.tmid                         3.12056e-06
x1.x1.tail                            0.568082
x1.x1.np                                   1.2
x1.x1.nn                                   1.2
x1.x1.ln                                   1.2
x1.x1.lp                                   1.2
x1.x1.lnb                          5.18456e-08
x1.x1.lpb                          5.18456e-08
x1.x1.na                               1.18121
doutb1                                 0.58511
dout1                                  0.58511
x1.x1.nb                               1.18121
vd2                                     -0.001
ap2                                     0.5995
an2                                     0.6005
ibn2                                  0.286672
x2.x1.tmid                         3.12056e-06
x2.x1.tail                            0.568082
x2.x1.np                                   1.2
x2.x1.nn                                   1.2
x2.x1.ln                                   1.2
x2.x1.lp                                   1.2
x2.x1.lnb                          5.18456e-08
x2.x1.lpb                          5.18456e-08
x2.x1.na                               1.18121
doutb2                                 0.58511
dout2                                  0.58511
x2.x1.nb                               1.18121
ean2#branch                        2.19281e-12
eap2#branch                        2.20387e-12
ean1#branch                        2.20387e-12
eap1#branch                        2.19281e-12
ean0#branch                        2.19832e-12
eap0#branch                        2.19832e-12
vclk#branch                        5.30518e-10
vd2#branch                                   0
vd1#branch                                   0
vd0#branch                                   0
vcm#branch                           1.319e-11
vsup#branch                       -0.000265892

 Reference value :  0.00000e+00
 Reference value :  6.63529e-10
 Reference value :  1.22000e-09
 Reference value :  2.10000e-09
 Reference value :  3.02000e-09
 Reference value :  3.80118e-09
 Reference value :  4.55412e-09
No. of Data Rows : 1345
vsup_v              =  1.20000e+00
d0now               =  1.20000e+00
d1now               =  1.19999e+00
d2now               =  4.42052e-06
Reset re-loads circuit * comparator-transient-noise @ fs_27c_1.20v -- generated by sim/harness, do not edit

Circuit: * comparator-transient-noise @ fs_27c_1.20v -- generated by sim/harness, do not edit

Doing analysis at TEMP = 27.000000 and TNOM = 27.000000

Using SPARSE 1.3 as Direct Linear Solver

Initial Transient Solution
--------------------------

Node                                   Voltage
----                                   -------
vdd                                        1.2
cm                                         0.6
vd0                                          0
ap0                                        0.6
an0                                        0.6
ibn0                                  0.286672
x0.x1.tmid                         3.12055e-06
x0.x1.tail                            0.568079
clk                                          0
x0.x1.np                                   1.2
x0.x1.nn                                   1.2
x0.x1.ln                                   1.2
x0.x1.lp                                   1.2
x0.x1.lnb                          5.18456e-08
x0.x1.lpb                          5.18456e-08
x0.x1.na                               1.18121
doutb0                                 0.58511
dout0                                  0.58511
x0.x1.nb                               1.18121
vd1                                      0.001
ap1                                     0.6005
an1                                     0.5995
ibn1                                  0.286672
x1.x1.tmid                         3.12056e-06
x1.x1.tail                            0.568082
x1.x1.np                                   1.2
x1.x1.nn                                   1.2
x1.x1.ln                                   1.2
x1.x1.lp                                   1.2
x1.x1.lnb                          5.18456e-08
x1.x1.lpb                          5.18456e-08
x1.x1.na                               1.18121
doutb1                                 0.58511
dout1                                  0.58511
x1.x1.nb                               1.18121
vd2                                     -0.001
ap2                                     0.5995
an2                                     0.6005
ibn2                                  0.286672
x2.x1.tmid                         3.12056e-06
x2.x1.tail                            0.568082
x2.x1.np                                   1.2
x2.x1.nn                                   1.2
x2.x1.ln                                   1.2
x2.x1.lp                                   1.2
x2.x1.lnb                          5.18456e-08
x2.x1.lpb                          5.18456e-08
x2.x1.na                               1.18121
doutb2                                 0.58511
dout2                                  0.58511
x2.x1.nb                               1.18121
ean2#branch                        2.19281e-12
eap2#branch                        2.20387e-12
ean1#branch                        2.20387e-12
eap1#branch                        2.19281e-12
ean0#branch                        2.19832e-12
eap0#branch                        2.19832e-12
vclk#branch                        5.30518e-10
vd2#branch                                   0
vd1#branch                                   0
vd0#branch                                   0
vcm#branch                           1.319e-11
vsup#branch                       -0.000265892

 Reference value :  0.00000e+00
 Reference value :  6.81176e-10
 Reference value :  1.28353e-09
 Reference value :  2.12118e-09
 Reference value :  3.09412e-09
 Reference value :  3.89412e-09
 Reference value :  4.64118e-09
No. of Data Rows : 1345
vsup_v              =  1.20000e+00
d0now               =  1.19999e+00
d1now               =  -8.20508e-07
d2now               =  -7.11654e-07
Reset re-loads circuit * comparator-transient-noise @ fs_27c_1.20v -- generated by sim/harness, do not edit

Circuit: * comparator-transient-noise @ fs_27c_1.20v -- generated by sim/harness, do not edit

Doing analysis at TEMP = 27.000000 and TNOM = 27.000000

Using SPARSE 1.3 as Direct Linear Solver

Initial Transient Solution
--------------------------

Node                                   Voltage
----                                   -------
vdd                                        1.2
cm                                         0.6
vd0                                          0
ap0                                        0.6
an0                                        0.6
ibn0                                  0.286672
x0.x1.tmid                         3.12055e-06
x0.x1.tail                            0.568079
clk                                          0
x0.x1.np                                   1.2
x0.x1.nn                                   1.2
x0.x1.ln                                   1.2
x0.x1.lp                                   1.2
x0.x1.lnb                          5.18456e-08
x0.x1.lpb                          5.18456e-08
x0.x1.na                               1.18121
doutb0                                 0.58511
dout0                                  0.58511
x0.x1.nb                               1.18121
vd1                                      0.001
ap1                                     0.6005
an1                                     0.5995
ibn1                                  0.286672
x1.x1.tmid                         3.12056e-06
x1.x1.tail                            0.568082
x1.x1.np                                   1.2
x1.x1.nn                                   1.2
x1.x1.ln                                   1.2
x1.x1.lp                                   1.2
x1.x1.lnb                          5.18456e-08
x1.x1.lpb                          5.18456e-08
x1.x1.na                               1.18121
doutb1                                 0.58511
dout1                                  0.58511
x1.x1.nb                               1.18121
vd2                                     -0.001
ap2                                     0.5995
an2                                     0.6005
ibn2                                  0.286672
x2.x1.tmid                         3.12056e-06
x2.x1.tail                            0.568082
x2.x1.np                                   1.2
x2.x1.nn                                   1.2
x2.x1.ln                                   1.2
x2.x1.lp                                   1.2
x2.x1.lnb                          5.18456e-08
x2.x1.lpb                          5.18456e-08
x2.x1.na                               1.18121
doutb2                                 0.58511
dout2                                  0.58511
x2.x1.nb                               1.18121
ean2#branch                        2.19281e-12
eap2#branch                        2.20387e-12
ean1#branch                        2.20387e-12
eap1#branch                        2.19281e-12
ean0#branch                        2.19832e-12
eap0#branch                        2.19832e-12
vclk#branch                        5.30518e-10
vd2#branch                                   0
vd1#branch                                   0
vd0#branch                                   0
vcm#branch                           1.319e-11
vsup#branch                       -0.000265892

 Reference value :  0.00000e+00
 Reference value :  6.74118e-10
 Reference value :  1.24824e-09
 Reference value :  2.22824e-09
 Reference value :  3.18353e-09
 Reference value :  3.94824e-09
 Reference value :  4.72000e-09
No. of Data Rows : 1345
vsup_v              =  1.20000e+00
d0now               =  1.20000e+00
d1now               =  1.20000e+00
d2now               =  5.87647e-06
Reset re-loads circuit * comparator-transient-noise @ fs_27c_1.20v -- generated by sim/harness, do not edit

Circuit: * comparator-transient-noise @ fs_27c_1.20v -- generated by sim/harness, do not edit

Doing analysis at TEMP = 27.000000 and TNOM = 27.000000

Using SPARSE 1.3 as Direct Linear Solver

Initial Transient Solution
--------------------------

Node                                   Voltage
----                                   -------
vdd                                        1.2
cm                                         0.6
vd0                                          0
ap0                                        0.6
an0                                        0.6
ibn0                                  0.286672
x0.x1.tmid                         3.12055e-06
x0.x1.tail                            0.568079
clk                                          0
x0.x1.np                                   1.2
x0.x1.nn                                   1.2
x0.x1.ln                                   1.2
x0.x1.lp                                   1.2
x0.x1.lnb                          5.18456e-08
x0.x1.lpb                          5.18456e-08
x0.x1.na                               1.18121
doutb0                                 0.58511
dout0                                  0.58511
x0.x1.nb                               1.18121
vd1                                      0.001
ap1                                     0.6005
an1                                     0.5995
ibn1                                  0.286672
x1.x1.tmid                         3.12056e-06
x1.x1.tail                            0.568082
x1.x1.np                                   1.2
x1.x1.nn                                   1.2
x1.x1.ln                                   1.2
x1.x1.lp                                   1.2
x1.x1.lnb                          5.18456e-08
x1.x1.lpb                          5.18456e-08
x1.x1.na                               1.18121
doutb1                                 0.58511
dout1                                  0.58511
x1.x1.nb                               1.18121
vd2                                     -0.001
ap2                                     0.5995
an2                                     0.6005
ibn2                                  0.286672
x2.x1.tmid                         3.12056e-06
x2.x1.tail                            0.568082
x2.x1.np                                   1.2
x2.x1.nn                                   1.2
x2.x1.ln                                   1.2
x2.x1.lp                                   1.2
x2.x1.lnb                          5.18456e-08
x2.x1.lpb                          5.18456e-08
x2.x1.na                               1.18121
doutb2                                 0.58511
dout2                                  0.58511
x2.x1.nb                               1.18121
ean2#branch                        2.19281e-12
eap2#branch                        2.20387e-12
ean1#branch                        2.20387e-12
eap1#branch                        2.19281e-12
ean0#branch                        2.19832e-12
eap0#branch                        2.19832e-12
vclk#branch                        5.30518e-10
vd2#branch                                   0
vd1#branch                                   0
vd0#branch                                   0
vcm#branch                           1.319e-11
vsup#branch                       -0.000265892

 Reference value :  0.00000e+00
 Reference value :  6.43529e-10
 Reference value :  1.18352e-09
 Reference value :  2.02000e-09
 Reference value :  2.98118e-09
 Reference value :  3.86000e-09
 Reference value :  4.63412e-09
No. of Data Rows : 1345
vsup_v              =  1.20000e+00
d0now               =  1.20000e+00
d1now               =  1.20000e+00
d2now               =  1.19999e+00
Reset re-loads circuit * comparator-transient-noise @ fs_27c_1.20v -- generated by sim/harness, do not edit

Circuit: * comparator-transient-noise @ fs_27c_1.20v -- generated by sim/harness, do not edit

Doing analysis at TEMP = 27.000000 and TNOM = 27.000000

Using SPARSE 1.3 as Direct Linear Solver

Initial Transient Solution
--------------------------

Node                                   Voltage
----                                   -------
vdd                                        1.2
cm                                         0.6
vd0                                          0
ap0                                        0.6
an0                                        0.6
ibn0                                  0.286672
x0.x1.tmid                         3.12055e-06
x0.x1.tail                            0.568079
clk                                          0
x0.x1.np                                   1.2
x0.x1.nn                                   1.2
x0.x1.ln                                   1.2
x0.x1.lp                                   1.2
x0.x1.lnb                          5.18456e-08
x0.x1.lpb                          5.18456e-08
x0.x1.na                               1.18121
doutb0                                 0.58511
dout0                                  0.58511
x0.x1.nb                               1.18121
vd1                                      0.001
ap1                                     0.6005
an1                                     0.5995
ibn1                                  0.286672
x1.x1.tmid                         3.12056e-06
x1.x1.tail                            0.568082
x1.x1.np                                   1.2
x1.x1.nn                                   1.2
x1.x1.ln                                   1.2
x1.x1.lp                                   1.2
x1.x1.lnb                          5.18456e-08
x1.x1.lpb                          5.18456e-08
x1.x1.na                               1.18121
doutb1                                 0.58511
dout1                                  0.58511
x1.x1.nb                               1.18121
vd2                                     -0.001
ap2                                     0.5995
an2                                     0.6005
ibn2                                  0.286672
x2.x1.tmid                         3.12056e-06
x2.x1.tail                            0.568082
x2.x1.np                                   1.2
x2.x1.nn                                   1.2
x2.x1.ln                                   1.2
x2.x1.lp                                   1.2
x2.x1.lnb                          5.18456e-08
x2.x1.lpb                          5.18456e-08
x2.x1.na                               1.18121
doutb2                                 0.58511
dout2                                  0.58511
x2.x1.nb                               1.18121
ean2#branch                        2.19281e-12
eap2#branch                        2.20387e-12
ean1#branch                        2.20387e-12
eap1#branch                        2.19281e-12
ean0#branch                        2.19832e-12
eap0#branch                        2.19832e-12
vclk#branch                        5.30518e-10
vd2#branch                                   0
vd1#branch                                   0
vd0#branch                                   0
vcm#branch                           1.319e-11
vsup#branch                       -0.000265892

 Reference value :  0.00000e+00
 Reference value :  6.61176e-10
 Reference value :  1.21413e-09
 Reference value :  2.06118e-09
 Reference value :  3.04353e-09
 Reference value :  3.84118e-09
 Reference value :  4.58353e-09
No. of Data Rows : 1345
vsup_v              =  1.20000e+00
d0now               =  7.07609e-07
d1now               =  1.20000e+00
d2now               =  3.31453e-06
Reset re-loads circuit * comparator-transient-noise @ fs_27c_1.20v -- generated by sim/harness, do not edit

Circuit: * comparator-transient-noise @ fs_27c_1.20v -- generated by sim/harness, do not edit

Doing analysis at TEMP = 27.000000 and TNOM = 27.000000

Using SPARSE 1.3 as Direct Linear Solver

Initial Transient Solution
--------------------------

Node                                   Voltage
----                                   -------
vdd                                        1.2
cm                                         0.6
vd0                                          0
ap0                                        0.6
an0                                        0.6
ibn0                                  0.286672
x0.x1.tmid                         3.12055e-06
x0.x1.tail                            0.568079
clk                                          0
x0.x1.np                                   1.2
x0.x1.nn                                   1.2
x0.x1.ln                                   1.2
x0.x1.lp                                   1.2
x0.x1.lnb                          5.18456e-08
x0.x1.lpb                          5.18456e-08
x0.x1.na                               1.18121
doutb0                                 0.58511
dout0                                  0.58511
x0.x1.nb                               1.18121
vd1                                      0.001
ap1                                     0.6005
an1                                     0.5995
ibn1                                  0.286672
x1.x1.tmid                         3.12056e-06
x1.x1.tail                            0.568082
x1.x1.np                                   1.2
x1.x1.nn                                   1.2
x1.x1.ln                                   1.2
x1.x1.lp                                   1.2
x1.x1.lnb                          5.18456e-08
x1.x1.lpb                          5.18456e-08
x1.x1.na                               1.18121
doutb1                                 0.58511
dout1                                  0.58511
x1.x1.nb                               1.18121
vd2                                     -0.001
ap2                                     0.5995
an2                                     0.6005
ibn2                                  0.286672
x2.x1.tmid                         3.12056e-06
x2.x1.tail                            0.568082
x2.x1.np                                   1.2
x2.x1.nn                                   1.2
x2.x1.ln                                   1.2
x2.x1.lp                                   1.2
x2.x1.lnb                          5.18456e-08
x2.x1.lpb                          5.18456e-08
x2.x1.na                               1.18121
doutb2                                 0.58511
dout2                                  0.58511
x2.x1.nb                               1.18121
ean2#branch                        2.19281e-12
eap2#branch                        2.20387e-12
ean1#branch                        2.20387e-12
eap1#branch                        2.19281e-12
ean0#branch                        2.19832e-12
eap0#branch                        2.19832e-12
vclk#branch                        5.30518e-10
vd2#branch                                   0
vd1#branch                                   0
vd0#branch                                   0
vcm#branch                           1.319e-11
vsup#branch                       -0.000265892

 Reference value :  0.00000e+00
 Reference value :  6.63529e-10
 Reference value :  1.18117e-09
 Reference value :  1.98118e-09
 Reference value :  2.90353e-09
 Reference value :  3.68824e-09
 Reference value :  4.46824e-09
No. of Data Rows : 1345
vsup_v              =  1.20000e+00
d0now               =  1.20000e+00
d1now               =  1.19999e+00
d2now               =  7.44675e-07
Reset re-loads circuit * comparator-transient-noise @ fs_27c_1.20v -- generated by sim/harness, do not edit

Circuit: * comparator-transient-noise @ fs_27c_1.20v -- generated by sim/harness, do not edit

Doing analysis at TEMP = 27.000000 and TNOM = 27.000000

Using SPARSE 1.3 as Direct Linear Solver

Initial Transient Solution
--------------------------

Node                                   Voltage
----                                   -------
vdd                                        1.2
cm                                         0.6
vd0                                          0
ap0                                        0.6
an0                                        0.6
ibn0                                  0.286672
x0.x1.tmid                         3.12055e-06
x0.x1.tail                            0.568079
clk                                          0
x0.x1.np                                   1.2
x0.x1.nn                                   1.2
x0.x1.ln                                   1.2
x0.x1.lp                                   1.2
x0.x1.lnb                          5.18456e-08
x0.x1.lpb                          5.18456e-08
x0.x1.na                               1.18121
doutb0                                 0.58511
dout0                                  0.58511
x0.x1.nb                               1.18121
vd1                                      0.001
ap1                                     0.6005
an1                                     0.5995
ibn1                                  0.286672
x1.x1.tmid                         3.12056e-06
x1.x1.tail                            0.568082
x1.x1.np                                   1.2
x1.x1.nn                                   1.2
x1.x1.ln                                   1.2
x1.x1.lp                                   1.2
x1.x1.lnb                          5.18456e-08
x1.x1.lpb                          5.18456e-08
x1.x1.na                               1.18121
doutb1                                 0.58511
dout1                                  0.58511
x1.x1.nb                               1.18121
vd2                                     -0.001
ap2                                     0.5995
an2                                     0.6005
ibn2                                  0.286672
x2.x1.tmid                         3.12056e-06
x2.x1.tail                            0.568082
x2.x1.np                                   1.2
x2.x1.nn                                   1.2
x2.x1.ln                                   1.2
x2.x1.lp                                   1.2
x2.x1.lnb                          5.18456e-08
x2.x1.lpb                          5.18456e-08
x2.x1.na                               1.18121
doutb2                                 0.58511
dout2                                  0.58511
x2.x1.nb                               1.18121
ean2#branch                        2.19281e-12
eap2#branch                        2.20387e-12
ean1#branch                        2.20387e-12
eap1#branch                        2.19281e-12
ean0#branch                        2.19832e-12
eap0#branch                        2.19832e-12
vclk#branch                        5.30518e-10
vd2#branch                                   0
vd1#branch                                   0
vd0#branch                                   0
vcm#branch                           1.319e-11
vsup#branch                       -0.000265892

 Reference value :  0.00000e+00
 Reference value :  6.60000e-10
 Reference value :  1.20826e-09
 Reference value :  2.02000e-09
 Reference value :  2.94000e-09
 Reference value :  3.86824e-09
 Reference value :  4.60824e-09
No. of Data Rows : 1345
vsup_v              =  1.20000e+00
d0now               =  4.78267e-06
d1now               =  1.19999e+00
d2now               =  5.29417e-06
Reset re-loads circuit * comparator-transient-noise @ fs_27c_1.20v -- generated by sim/harness, do not edit

Circuit: * comparator-transient-noise @ fs_27c_1.20v -- generated by sim/harness, do not edit

Doing analysis at TEMP = 27.000000 and TNOM = 27.000000

Using SPARSE 1.3 as Direct Linear Solver

Initial Transient Solution
--------------------------

Node                                   Voltage
----                                   -------
vdd                                        1.2
cm                                         0.6
vd0                                          0
ap0                                        0.6
an0                                        0.6
ibn0                                  0.286672
x0.x1.tmid                         3.12055e-06
x0.x1.tail                            0.568079
clk                                          0
x0.x1.np                                   1.2
x0.x1.nn                                   1.2
x0.x1.ln                                   1.2
x0.x1.lp                                   1.2
x0.x1.lnb                          5.18456e-08
x0.x1.lpb                          5.18456e-08
x0.x1.na                               1.18121
doutb0                                 0.58511
dout0                                  0.58511
x0.x1.nb                               1.18121
vd1                                      0.001
ap1                                     0.6005
an1                                     0.5995
ibn1                                  0.286672
x1.x1.tmid                         3.12056e-06
x1.x1.tail                            0.568082
x1.x1.np                                   1.2
x1.x1.nn                                   1.2
x1.x1.ln                                   1.2
x1.x1.lp                                   1.2
x1.x1.lnb                          5.18456e-08
x1.x1.lpb                          5.18456e-08
x1.x1.na                               1.18121
doutb1                                 0.58511
dout1                                  0.58511
x1.x1.nb                               1.18121
vd2                                     -0.001
ap2                                     0.5995
an2                                     0.6005
ibn2                                  0.286672
x2.x1.tmid                         3.12056e-06
x2.x1.tail                            0.568082
x2.x1.np                                   1.2
x2.x1.nn                                   1.2
x2.x1.ln                                   1.2
x2.x1.lp                                   1.2
x2.x1.lnb                          5.18456e-08
x2.x1.lpb                          5.18456e-08
x2.x1.na                               1.18121
doutb2                                 0.58511
dout2                                  0.58511
x2.x1.nb                               1.18121
ean2#branch                        2.19281e-12
eap2#branch                        2.20387e-12
ean1#branch                        2.20387e-12
eap1#branch                        2.19281e-12
ean0#branch                        2.19832e-12
eap0#branch                        2.19832e-12
vclk#branch                        5.30518e-10
vd2#branch                                   0
vd1#branch                                   0
vd0#branch                                   0
vcm#branch                           1.319e-11
vsup#branch                       -0.000265892

 Reference value :  0.00000e+00
 Reference value :  7.14118e-10
 Reference value :  1.26823e-09
 Reference value :  2.07412e-09
 Reference value :  3.04824e-09
 Reference value :  3.84118e-09
 Reference value :  4.57412e-09
No. of Data Rows : 1345
vsup_v              =  1.20000e+00
d0now               =  3.82188e-06
d1now               =  1.19999e+00
d2now               =  -2.18187e-06
Reset re-loads circuit * comparator-transient-noise @ fs_27c_1.20v -- generated by sim/harness, do not edit

Circuit: * comparator-transient-noise @ fs_27c_1.20v -- generated by sim/harness, do not edit

Doing analysis at TEMP = 27.000000 and TNOM = 27.000000

Using SPARSE 1.3 as Direct Linear Solver

Initial Transient Solution
--------------------------

Node                                   Voltage
----                                   -------
vdd                                        1.2
cm                                         0.6
vd0                                          0
ap0                                        0.6
an0                                        0.6
ibn0                                  0.286672
x0.x1.tmid                         3.12055e-06
x0.x1.tail                            0.568079
clk                                          0
x0.x1.np                                   1.2
x0.x1.nn                                   1.2
x0.x1.ln                                   1.2
x0.x1.lp                                   1.2
x0.x1.lnb                          5.18456e-08
x0.x1.lpb                          5.18456e-08
x0.x1.na                               1.18121
doutb0                                 0.58511
dout0                                  0.58511
x0.x1.nb                               1.18121
vd1                                      0.001
ap1                                     0.6005
an1                                     0.5995
ibn1                                  0.286672
x1.x1.tmid                         3.12056e-06
x1.x1.tail                            0.568082
x1.x1.np                                   1.2
x1.x1.nn                                   1.2
x1.x1.ln                                   1.2
x1.x1.lp                                   1.2
x1.x1.lnb                          5.18456e-08
x1.x1.lpb                          5.18456e-08
x1.x1.na                               1.18121
doutb1                                 0.58511
dout1                                  0.58511
x1.x1.nb                               1.18121
vd2                                     -0.001
ap2                                     0.5995
an2                                     0.6005
ibn2                                  0.286672
x2.x1.tmid                         3.12056e-06
x2.x1.tail                            0.568082
x2.x1.np                                   1.2
x2.x1.nn                                   1.2
x2.x1.ln                                   1.2
x2.x1.lp                                   1.2
x2.x1.lnb                          5.18456e-08
x2.x1.lpb                          5.18456e-08
x2.x1.na                               1.18121
doutb2                                 0.58511
dout2                                  0.58511
x2.x1.nb                               1.18121
ean2#branch                        2.19281e-12
eap2#branch                        2.20387e-12
ean1#branch                        2.20387e-12
eap1#branch                        2.19281e-12
ean0#branch                        2.19832e-12
eap0#branch                        2.19832e-12
vclk#branch                        5.30518e-10
vd2#branch                                   0
vd1#branch                                   0
vd0#branch                                   0
vcm#branch                           1.319e-11
vsup#branch                       -0.000265892

 Reference value :  0.00000e+00
 Reference value :  6.94118e-10
 Reference value :  1.28118e-09
 Reference value :  2.10000e-09
 Reference value :  3.05412e-09
 Reference value :  3.84824e-09
 Reference value :  4.59412e-09
No. of Data Rows : 1345
vsup_v              =  1.20000e+00
d0now               =  1.46740e-06
d1now               =  1.20000e+00
d2now               =  -1.14923e-08
Reset re-loads circuit * comparator-transient-noise @ fs_27c_1.20v -- generated by sim/harness, do not edit

Circuit: * comparator-transient-noise @ fs_27c_1.20v -- generated by sim/harness, do not edit

Doing analysis at TEMP = 27.000000 and TNOM = 27.000000

Using SPARSE 1.3 as Direct Linear Solver

Initial Transient Solution
--------------------------

Node                                   Voltage
----                                   -------
vdd                                        1.2
cm                                         0.6
vd0                                          0
ap0                                        0.6
an0                                        0.6
ibn0                                  0.286672
x0.x1.tmid                         3.12055e-06
x0.x1.tail                            0.568079
clk                                          0
x0.x1.np                                   1.2
x0.x1.nn                                   1.2
x0.x1.ln                                   1.2
x0.x1.lp                                   1.2
x0.x1.lnb                          5.18456e-08
x0.x1.lpb                          5.18456e-08
x0.x1.na                               1.18121
doutb0                                 0.58511
dout0                                  0.58511
x0.x1.nb                               1.18121
vd1                                      0.001
ap1                                     0.6005
an1                                     0.5995
ibn1                                  0.286672
x1.x1.tmid                         3.12056e-06
x1.x1.tail                            0.568082
x1.x1.np                                   1.2
x1.x1.nn                                   1.2
x1.x1.ln                                   1.2
x1.x1.lp                                   1.2
x1.x1.lnb                          5.18456e-08
x1.x1.lpb                          5.18456e-08
x1.x1.na                               1.18121
doutb1                                 0.58511
dout1                                  0.58511
x1.x1.nb                               1.18121
vd2                                     -0.001
ap2                                     0.5995
an2                                     0.6005
ibn2                                  0.286672
x2.x1.tmid                         3.12056e-06
x2.x1.tail                            0.568082
x2.x1.np                                   1.2
x2.x1.nn                                   1.2
x2.x1.ln                                   1.2
x2.x1.lp                                   1.2
x2.x1.lnb                          5.18456e-08
x2.x1.lpb                          5.18456e-08
x2.x1.na                               1.18121
doutb2                                 0.58511
dout2                                  0.58511
x2.x1.nb                               1.18121
ean2#branch                        2.19281e-12
eap2#branch                        2.20387e-12
ean1#branch                        2.20387e-12
eap1#branch                        2.19281e-12
ean0#branch                        2.19832e-12
eap0#branch                        2.19832e-12
vclk#branch                        5.30518e-10
vd2#branch                                   0
vd1#branch                                   0
vd0#branch                                   0
vcm#branch                           1.319e-11
vsup#branch                       -0.000265892

 Reference value :  0.00000e+00
 Reference value :  6.74118e-10
 Reference value :  1.20354e-09
 Reference value :  2.00353e-09
 Reference value :  2.94118e-09
 Reference value :  3.72118e-09
 Reference value :  4.41412e-09
 Reference value :  5.10000e-09
No. of Data Rows : 1345
vsup_v              =  1.20000e+00
d0now               =  -2.62986e-06
d1now               =  1.20000e+00
d2now               =  5.64686e-06
Reset re-loads circuit * comparator-transient-noise @ fs_27c_1.20v -- generated by sim/harness, do not edit

Circuit: * comparator-transient-noise @ fs_27c_1.20v -- generated by sim/harness, do not edit

Doing analysis at TEMP = 27.000000 and TNOM = 27.000000

Using SPARSE 1.3 as Direct Linear Solver

Initial Transient Solution
--------------------------

Node                                   Voltage
----                                   -------
vdd                                        1.2
cm                                         0.6
vd0                                          0
ap0                                        0.6
an0                                        0.6
ibn0                                  0.286672
x0.x1.tmid                         3.12055e-06
x0.x1.tail                            0.568079
clk                                          0
x0.x1.np                                   1.2
x0.x1.nn                                   1.2
x0.x1.ln                                   1.2
x0.x1.lp                                   1.2
x0.x1.lnb                          5.18456e-08
x0.x1.lpb                          5.18456e-08
x0.x1.na                               1.18121
doutb0                                 0.58511
dout0                                  0.58511
x0.x1.nb                               1.18121
vd1                                      0.001
ap1                                     0.6005
an1                                     0.5995
ibn1                                  0.286672
x1.x1.tmid                         3.12056e-06
x1.x1.tail                            0.568082
x1.x1.np                                   1.2
x1.x1.nn                                   1.2
x1.x1.ln                                   1.2
x1.x1.lp                                   1.2
x1.x1.lnb                          5.18456e-08
x1.x1.lpb                          5.18456e-08
x1.x1.na                               1.18121
doutb1                                 0.58511
dout1                                  0.58511
x1.x1.nb                               1.18121
vd2                                     -0.001
ap2                                     0.5995
an2                                     0.6005
ibn2                                  0.286672
x2.x1.tmid                         3.12056e-06
x2.x1.tail                            0.568082
x2.x1.np                                   1.2
x2.x1.nn                                   1.2
x2.x1.ln                                   1.2
x2.x1.lp                                   1.2
x2.x1.lnb                          5.18456e-08
x2.x1.lpb                          5.18456e-08
x2.x1.na                               1.18121
doutb2                                 0.58511
dout2                                  0.58511
x2.x1.nb                               1.18121
ean2#branch                        2.19281e-12
eap2#branch                        2.20387e-12
ean1#branch                        2.20387e-12
eap1#branch                        2.19281e-12
ean0#branch                        2.19832e-12
eap0#branch                        2.19832e-12
vclk#branch                        5.30518e-10
vd2#branch                                   0
vd1#branch                                   0
vd0#branch                                   0
vcm#branch                           1.319e-11
vsup#branch                       -0.000265892

 Reference value :  0.00000e+00
 Reference value :  6.43529e-10
 Reference value :  1.20354e-09
 Reference value :  2.02118e-09
 Reference value :  2.94824e-09
 Reference value :  3.78118e-09
 Reference value :  4.49412e-09
No. of Data Rows : 1345
vsup_v              =  1.20000e+00
d0now               =  5.82441e-06
d1now               =  1.20000e+00
d2now               =  4.66237e-06
Reset re-loads circuit * comparator-transient-noise @ fs_27c_1.20v -- generated by sim/harness, do not edit

Circuit: * comparator-transient-noise @ fs_27c_1.20v -- generated by sim/harness, do not edit

Doing analysis at TEMP = 27.000000 and TNOM = 27.000000

Using SPARSE 1.3 as Direct Linear Solver

Initial Transient Solution
--------------------------

Node                                   Voltage
----                                   -------
vdd                                        1.2
cm                                         0.6
vd0                                          0
ap0                                        0.6
an0                                        0.6
ibn0                                  0.286672
x0.x1.tmid                         3.12055e-06
x0.x1.tail                            0.568079
clk                                          0
x0.x1.np                                   1.2
x0.x1.nn                                   1.2
x0.x1.ln                                   1.2
x0.x1.lp                                   1.2
x0.x1.lnb                          5.18456e-08
x0.x1.lpb                          5.18456e-08
x0.x1.na                               1.18121
doutb0                                 0.58511
dout0                                  0.58511
x0.x1.nb                               1.18121
vd1                                      0.001
ap1                                     0.6005
an1                                     0.5995
ibn1                                  0.286672
x1.x1.tmid                         3.12056e-06
x1.x1.tail                            0.568082
x1.x1.np                                   1.2
x1.x1.nn                                   1.2
x1.x1.ln                                   1.2
x1.x1.lp                                   1.2
x1.x1.lnb                          5.18456e-08
x1.x1.lpb                          5.18456e-08
x1.x1.na                               1.18121
doutb1                                 0.58511
dout1                                  0.58511
x1.x1.nb                               1.18121
vd2                                     -0.001
ap2                                     0.5995
an2                                     0.6005
ibn2                                  0.286672
x2.x1.tmid                         3.12056e-06
x2.x1.tail                            0.568082
x2.x1.np                                   1.2
x2.x1.nn                                   1.2
x2.x1.ln                                   1.2
x2.x1.lp                                   1.2
x2.x1.lnb                          5.18456e-08
x2.x1.lpb                          5.18456e-08
x2.x1.na                               1.18121
doutb2                                 0.58511
dout2                                  0.58511
x2.x1.nb                               1.18121
ean2#branch                        2.19281e-12
eap2#branch                        2.20387e-12
ean1#branch                        2.20387e-12
eap1#branch                        2.19281e-12
ean0#branch                        2.19832e-12
eap0#branch                        2.19832e-12
vclk#branch                        5.30518e-10
vd2#branch                                   0
vd1#branch                                   0
vd0#branch                                   0
vcm#branch                           1.319e-11
vsup#branch                       -0.000265892

 Reference value :  0.00000e+00
 Reference value :  6.48235e-10
 Reference value :  1.20826e-09
 Reference value :  2.05412e-09
 Reference value :  3.03412e-09
 Reference value :  3.83412e-09
 Reference value :  4.57412e-09
No. of Data Rows : 1345
vsup_v              =  1.20000e+00
d0now               =  1.19999e+00
d1now               =  2.74991e-06
d2now               =  3.66815e-06
Reset re-loads circuit * comparator-transient-noise @ fs_27c_1.20v -- generated by sim/harness, do not edit

Circuit: * comparator-transient-noise @ fs_27c_1.20v -- generated by sim/harness, do not edit

Doing analysis at TEMP = 27.000000 and TNOM = 27.000000

Using SPARSE 1.3 as Direct Linear Solver

Initial Transient Solution
--------------------------

Node                                   Voltage
----                                   -------
vdd                                        1.2
cm                                         0.6
vd0                                          0
ap0                                        0.6
an0                                        0.6
ibn0                                  0.286672
x0.x1.tmid                         3.12055e-06
x0.x1.tail                            0.568079
clk                                          0
x0.x1.np                                   1.2
x0.x1.nn                                   1.2
x0.x1.ln                                   1.2
x0.x1.lp                                   1.2
x0.x1.lnb                          5.18456e-08
x0.x1.lpb                          5.18456e-08
x0.x1.na                               1.18121
doutb0                                 0.58511
dout0                                  0.58511
x0.x1.nb                               1.18121
vd1                                      0.001
ap1                                     0.6005
an1                                     0.5995
ibn1                                  0.286672
x1.x1.tmid                         3.12056e-06
x1.x1.tail                            0.568082
x1.x1.np                                   1.2
x1.x1.nn                                   1.2
x1.x1.ln                                   1.2
x1.x1.lp                                   1.2
x1.x1.lnb                          5.18456e-08
x1.x1.lpb                          5.18456e-08
x1.x1.na                               1.18121
doutb1                                 0.58511
dout1                                  0.58511
x1.x1.nb                               1.18121
vd2                                     -0.001
ap2                                     0.5995
an2                                     0.6005
ibn2                                  0.286672
x2.x1.tmid                         3.12056e-06
x2.x1.tail                            0.568082
x2.x1.np                                   1.2
x2.x1.nn                                   1.2
x2.x1.ln                                   1.2
x2.x1.lp                                   1.2
x2.x1.lnb                          5.18456e-08
x2.x1.lpb                          5.18456e-08
x2.x1.na                               1.18121
doutb2                                 0.58511
dout2                                  0.58511
x2.x1.nb                               1.18121
ean2#branch                        2.19281e-12
eap2#branch                        2.20387e-12
ean1#branch                        2.20387e-12
eap1#branch                        2.19281e-12
ean0#branch                        2.19832e-12
eap0#branch                        2.19832e-12
vclk#branch                        5.30518e-10
vd2#branch                                   0
vd1#branch                                   0
vd0#branch                                   0
vcm#branch                           1.319e-11
vsup#branch                       -0.000265892

 Reference value :  0.00000e+00
 Reference value :  6.61176e-10
 Reference value :  1.18117e-09
 Reference value :  1.94000e-09
 Reference value :  2.80353e-09
 Reference value :  3.61412e-09
 Reference value :  4.32824e-09
 Reference value :  5.00353e-09
No. of Data Rows : 1345
vsup_v              =  1.20000e+00
d0now               =  3.10804e-06
d1now               =  1.20000e+00
d2now               =  4.89932e-06
Reset re-loads circuit * comparator-transient-noise @ fs_27c_1.20v -- generated by sim/harness, do not edit

Circuit: * comparator-transient-noise @ fs_27c_1.20v -- generated by sim/harness, do not edit

Doing analysis at TEMP = 27.000000 and TNOM = 27.000000

Using SPARSE 1.3 as Direct Linear Solver

Initial Transient Solution
--------------------------

Node                                   Voltage
----                                   -------
vdd                                        1.2
cm                                         0.6
vd0                                          0
ap0                                        0.6
an0                                        0.6
ibn0                                  0.286672
x0.x1.tmid                         3.12055e-06
x0.x1.tail                            0.568079
clk                                          0
x0.x1.np                                   1.2
x0.x1.nn                                   1.2
x0.x1.ln                                   1.2
x0.x1.lp                                   1.2
x0.x1.lnb                          5.18456e-08
x0.x1.lpb                          5.18456e-08
x0.x1.na                               1.18121
doutb0                                 0.58511
dout0                                  0.58511
x0.x1.nb                               1.18121
vd1                                      0.001
ap1                                     0.6005
an1                                     0.5995
ibn1                                  0.286672
x1.x1.tmid                         3.12056e-06
x1.x1.tail                            0.568082
x1.x1.np                                   1.2
x1.x1.nn                                   1.2
x1.x1.ln                                   1.2
x1.x1.lp                                   1.2
x1.x1.lnb                          5.18456e-08
x1.x1.lpb                          5.18456e-08
x1.x1.na                               1.18121
doutb1                                 0.58511
dout1                                  0.58511
x1.x1.nb                               1.18121
vd2                                     -0.001
ap2                                     0.5995
an2                                     0.6005
ibn2                                  0.286672
x2.x1.tmid                         3.12056e-06
x2.x1.tail                            0.568082
x2.x1.np                                   1.2
x2.x1.nn                                   1.2
x2.x1.ln                                   1.2
x2.x1.lp                                   1.2
x2.x1.lnb                          5.18456e-08
x2.x1.lpb                          5.18456e-08
x2.x1.na                               1.18121
doutb2                                 0.58511
dout2                                  0.58511
x2.x1.nb                               1.18121
ean2#branch                        2.19281e-12
eap2#branch                        2.20387e-12
ean1#branch                        2.20387e-12
eap1#branch                        2.19281e-12
ean0#branch                        2.19832e-12
eap0#branch                        2.19832e-12
vclk#branch                        5.30518e-10
vd2#branch                                   0
vd1#branch                                   0
vd0#branch                                   0
vcm#branch                           1.319e-11
vsup#branch                       -0.000265892

 Reference value :  0.00000e+00
 Reference value :  6.60000e-10
 Reference value :  1.18000e-09
 Reference value :  1.94118e-09
 Reference value :  2.88000e-09
 Reference value :  3.72824e-09
 Reference value :  4.48353e-09
No. of Data Rows : 1345
vsup_v              =  1.20000e+00
d0now               =  5.14719e-06
d1now               =  1.19999e+00
d2now               =  4.04717e-06
Reset re-loads circuit * comparator-transient-noise @ fs_27c_1.20v -- generated by sim/harness, do not edit

Circuit: * comparator-transient-noise @ fs_27c_1.20v -- generated by sim/harness, do not edit

Doing analysis at TEMP = 27.000000 and TNOM = 27.000000

Using SPARSE 1.3 as Direct Linear Solver

Initial Transient Solution
--------------------------

Node                                   Voltage
----                                   -------
vdd                                        1.2
cm                                         0.6
vd0                                          0
ap0                                        0.6
an0                                        0.6
ibn0                                  0.286672
x0.x1.tmid                         3.12055e-06
x0.x1.tail                            0.568079
clk                                          0
x0.x1.np                                   1.2
x0.x1.nn                                   1.2
x0.x1.ln                                   1.2
x0.x1.lp                                   1.2
x0.x1.lnb                          5.18456e-08
x0.x1.lpb                          5.18456e-08
x0.x1.na                               1.18121
doutb0                                 0.58511
dout0                                  0.58511
x0.x1.nb                               1.18121
vd1                                      0.001
ap1                                     0.6005
an1                                     0.5995
ibn1                                  0.286672
x1.x1.tmid                         3.12056e-06
x1.x1.tail                            0.568082
x1.x1.np                                   1.2
x1.x1.nn                                   1.2
x1.x1.ln                                   1.2
x1.x1.lp                                   1.2
x1.x1.lnb                          5.18456e-08
x1.x1.lpb                          5.18456e-08
x1.x1.na                               1.18121
doutb1                                 0.58511
dout1                                  0.58511
x1.x1.nb                               1.18121
vd2                                     -0.001
ap2                                     0.5995
an2                                     0.6005
ibn2                                  0.286672
x2.x1.tmid                         3.12056e-06
x2.x1.tail                            0.568082
x2.x1.np                                   1.2
x2.x1.nn                                   1.2
x2.x1.ln                                   1.2
x2.x1.lp                                   1.2
x2.x1.lnb                          5.18456e-08
x2.x1.lpb                          5.18456e-08
x2.x1.na                               1.18121
doutb2                                 0.58511
dout2                                  0.58511
x2.x1.nb                               1.18121
ean2#branch                        2.19281e-12
eap2#branch                        2.20387e-12
ean1#branch                        2.20387e-12
eap1#branch                        2.19281e-12
ean0#branch                        2.19832e-12
eap0#branch                        2.19832e-12
vclk#branch                        5.30518e-10
vd2#branch                                   0
vd1#branch                                   0
vd0#branch                                   0
vcm#branch                           1.319e-11
vsup#branch                       -0.000265892

 Reference value :  0.00000e+00
 Reference value :  6.43529e-10
 Reference value :  1.16355e-09
 Reference value :  1.99412e-09
 Reference value :  2.92000e-09
 Reference value :  3.73412e-09
 Reference value :  4.48353e-09
No. of Data Rows : 1345
vsup_v              =  1.20000e+00
d0now               =  2.06892e-06
d1now               =  1.19999e+00
d2now               =  7.05387e-06
Reset re-loads circuit * comparator-transient-noise @ fs_27c_1.20v -- generated by sim/harness, do not edit

Circuit: * comparator-transient-noise @ fs_27c_1.20v -- generated by sim/harness, do not edit

Doing analysis at TEMP = 27.000000 and TNOM = 27.000000

Using SPARSE 1.3 as Direct Linear Solver

Initial Transient Solution
--------------------------

Node                                   Voltage
----                                   -------
vdd                                        1.2
cm                                         0.6
vd0                                          0
ap0                                        0.6
an0                                        0.6
ibn0                                  0.286672
x0.x1.tmid                         3.12055e-06
x0.x1.tail                            0.568079
clk                                          0
x0.x1.np                                   1.2
x0.x1.nn                                   1.2
x0.x1.ln                                   1.2
x0.x1.lp                                   1.2
x0.x1.lnb                          5.18456e-08
x0.x1.lpb                          5.18456e-08
x0.x1.na                               1.18121
doutb0                                 0.58511
dout0                                  0.58511
x0.x1.nb                               1.18121
vd1                                      0.001
ap1                                     0.6005
an1                                     0.5995
ibn1                                  0.286672
x1.x1.tmid                         3.12056e-06
x1.x1.tail                            0.568082
x1.x1.np                                   1.2
x1.x1.nn                                   1.2
x1.x1.ln                                   1.2
x1.x1.lp                                   1.2
x1.x1.lnb                          5.18456e-08
x1.x1.lpb                          5.18456e-08
x1.x1.na                               1.18121
doutb1                                 0.58511
dout1                                  0.58511
x1.x1.nb                               1.18121
vd2                                     -0.001
ap2                                     0.5995
an2                                     0.6005
ibn2                                  0.286672
x2.x1.tmid                         3.12056e-06
x2.x1.tail                            0.568082
x2.x1.np                                   1.2
x2.x1.nn                                   1.2
x2.x1.ln                                   1.2
x2.x1.lp                                   1.2
x2.x1.lnb                          5.18456e-08
x2.x1.lpb                          5.18456e-08
x2.x1.na                               1.18121
doutb2                                 0.58511
dout2                                  0.58511
x2.x1.nb                               1.18121
ean2#branch                        2.19281e-12
eap2#branch                        2.20387e-12
ean1#branch                        2.20387e-12
eap1#branch                        2.19281e-12
ean0#branch                        2.19832e-12
eap0#branch                        2.19832e-12
vclk#branch                        5.30518e-10
vd2#branch                                   0
vd1#branch                                   0
vd0#branch                                   0
vcm#branch                           1.319e-11
vsup#branch                       -0.000265892

 Reference value :  0.00000e+00
 Reference value :  6.63529e-10
 Reference value :  1.17414e-09
 Reference value :  1.96000e-09
 Reference value :  2.82118e-09
 Reference value :  3.66824e-09
 Reference value :  4.42118e-09
No. of Data Rows : 1345
vsup_v              =  1.20000e+00
d0now               =  5.99436e-06
d1now               =  1.19999e+00
d2now               =  1.20000e+00
Reset re-loads circuit * comparator-transient-noise @ fs_27c_1.20v -- generated by sim/harness, do not edit

Circuit: * comparator-transient-noise @ fs_27c_1.20v -- generated by sim/harness, do not edit

Doing analysis at TEMP = 27.000000 and TNOM = 27.000000

Using SPARSE 1.3 as Direct Linear Solver

Initial Transient Solution
--------------------------

Node                                   Voltage
----                                   -------
vdd                                        1.2
cm                                         0.6
vd0                                          0
ap0                                        0.6
an0                                        0.6
ibn0                                  0.286672
x0.x1.tmid                         3.12055e-06
x0.x1.tail                            0.568079
clk                                          0
x0.x1.np                                   1.2
x0.x1.nn                                   1.2
x0.x1.ln                                   1.2
x0.x1.lp                                   1.2
x0.x1.lnb                          5.18456e-08
x0.x1.lpb                          5.18456e-08
x0.x1.na                               1.18121
doutb0                                 0.58511
dout0                                  0.58511
x0.x1.nb                               1.18121
vd1                                      0.001
ap1                                     0.6005
an1                                     0.5995
ibn1                                  0.286672
x1.x1.tmid                         3.12056e-06
x1.x1.tail                            0.568082
x1.x1.np                                   1.2
x1.x1.nn                                   1.2
x1.x1.ln                                   1.2
x1.x1.lp                                   1.2
x1.x1.lnb                          5.18456e-08
x1.x1.lpb                          5.18456e-08
x1.x1.na                               1.18121
doutb1                                 0.58511
dout1                                  0.58511
x1.x1.nb                               1.18121
vd2                                     -0.001
ap2                                     0.5995
an2                                     0.6005
ibn2                                  0.286672
x2.x1.tmid                         3.12056e-06
x2.x1.tail                            0.568082
x2.x1.np                                   1.2
x2.x1.nn                                   1.2
x2.x1.ln                                   1.2
x2.x1.lp                                   1.2
x2.x1.lnb                          5.18456e-08
x2.x1.lpb                          5.18456e-08
x2.x1.na                               1.18121
doutb2                                 0.58511
dout2                                  0.58511
x2.x1.nb                               1.18121
ean2#branch                        2.19281e-12
eap2#branch                        2.20387e-12
ean1#branch                        2.20387e-12
eap1#branch                        2.19281e-12
ean0#branch                        2.19832e-12
eap0#branch                        2.19832e-12
vclk#branch                        5.30518e-10
vd2#branch                                   0
vd1#branch                                   0
vd0#branch                                   0
vcm#branch                           1.319e-11
vsup#branch                       -0.000265892

 Reference value :  0.00000e+00
 Reference value :  6.54118e-10
 Reference value :  1.20000e-09
 Reference value :  2.02824e-09
 Reference value :  2.96353e-09
 Reference value :  3.77412e-09
 Reference value :  4.52824e-09
No. of Data Rows : 1345
vsup_v              =  1.20000e+00
d0now               =  4.79790e-06
d1now               =  1.19999e+00
d2now               =  2.91411e-06
Reset re-loads circuit * comparator-transient-noise @ fs_27c_1.20v -- generated by sim/harness, do not edit

Circuit: * comparator-transient-noise @ fs_27c_1.20v -- generated by sim/harness, do not edit

Doing analysis at TEMP = 27.000000 and TNOM = 27.000000

Using SPARSE 1.3 as Direct Linear Solver

Initial Transient Solution
--------------------------

Node                                   Voltage
----                                   -------
vdd                                        1.2
cm                                         0.6
vd0                                          0
ap0                                        0.6
an0                                        0.6
ibn0                                  0.286672
x0.x1.tmid                         3.12055e-06
x0.x1.tail                            0.568079
clk                                          0
x0.x1.np                                   1.2
x0.x1.nn                                   1.2
x0.x1.ln                                   1.2
x0.x1.lp                                   1.2
x0.x1.lnb                          5.18456e-08
x0.x1.lpb                          5.18456e-08
x0.x1.na                               1.18121
doutb0                                 0.58511
dout0                                  0.58511
x0.x1.nb                               1.18121
vd1                                      0.001
ap1                                     0.6005
an1                                     0.5995
ibn1                                  0.286672
x1.x1.tmid                         3.12056e-06
x1.x1.tail                            0.568082
x1.x1.np                                   1.2
x1.x1.nn                                   1.2
x1.x1.ln                                   1.2
x1.x1.lp                                   1.2
x1.x1.lnb                          5.18456e-08
x1.x1.lpb                          5.18456e-08
x1.x1.na                               1.18121
doutb1                                 0.58511
dout1                                  0.58511
x1.x1.nb                               1.18121
vd2                                     -0.001
ap2                                     0.5995
an2                                     0.6005
ibn2                                  0.286672
x2.x1.tmid                         3.12056e-06
x2.x1.tail                            0.568082
x2.x1.np                                   1.2
x2.x1.nn                                   1.2
x2.x1.ln                                   1.2
x2.x1.lp                                   1.2
x2.x1.lnb                          5.18456e-08
x2.x1.lpb                          5.18456e-08
x2.x1.na                               1.18121
doutb2                                 0.58511
dout2                                  0.58511
x2.x1.nb                               1.18121
ean2#branch                        2.19281e-12
eap2#branch                        2.20387e-12
ean1#branch                        2.20387e-12
eap1#branch                        2.19281e-12
ean0#branch                        2.19832e-12
eap0#branch                        2.19832e-12
vclk#branch                        5.30518e-10
vd2#branch                                   0
vd1#branch                                   0
vd0#branch                                   0
vcm#branch                           1.319e-11
vsup#branch                       -0.000265892

 Reference value :  0.00000e+00
 Reference value :  6.34118e-10
 Reference value :  1.16355e-09
 Reference value :  1.98000e-09
 Reference value :  2.86353e-09
 Reference value :  3.70118e-09
 Reference value :  4.44118e-09
No. of Data Rows : 1345
vsup_v              =  1.20000e+00
d0now               =  3.12206e-06
d1now               =  1.20000e+00
d2now               =  1.52907e-06
Reset re-loads circuit * comparator-transient-noise @ fs_27c_1.20v -- generated by sim/harness, do not edit

Circuit: * comparator-transient-noise @ fs_27c_1.20v -- generated by sim/harness, do not edit

Doing analysis at TEMP = 27.000000 and TNOM = 27.000000

Using SPARSE 1.3 as Direct Linear Solver

Initial Transient Solution
--------------------------

Node                                   Voltage
----                                   -------
vdd                                        1.2
cm                                         0.6
vd0                                          0
ap0                                        0.6
an0                                        0.6
ibn0                                  0.286672
x0.x1.tmid                         3.12055e-06
x0.x1.tail                            0.568079
clk                                          0
x0.x1.np                                   1.2
x0.x1.nn                                   1.2
x0.x1.ln                                   1.2
x0.x1.lp                                   1.2
x0.x1.lnb                          5.18456e-08
x0.x1.lpb                          5.18456e-08
x0.x1.na                               1.18121
doutb0                                 0.58511
dout0                                  0.58511
x0.x1.nb                               1.18121
vd1                                      0.001
ap1                                     0.6005
an1                                     0.5995
ibn1                                  0.286672
x1.x1.tmid                         3.12056e-06
x1.x1.tail                            0.568082
x1.x1.np                                   1.2
x1.x1.nn                                   1.2
x1.x1.ln                                   1.2
x1.x1.lp                                   1.2
x1.x1.lnb                          5.18456e-08
x1.x1.lpb                          5.18456e-08
x1.x1.na                               1.18121
doutb1                                 0.58511
dout1                                  0.58511
x1.x1.nb                               1.18121
vd2                                     -0.001
ap2                                     0.5995
an2                                     0.6005
ibn2                                  0.286672
x2.x1.tmid                         3.12056e-06
x2.x1.tail                            0.568082
x2.x1.np                                   1.2
x2.x1.nn                                   1.2
x2.x1.ln                                   1.2
x2.x1.lp                                   1.2
x2.x1.lnb                          5.18456e-08
x2.x1.lpb                          5.18456e-08
x2.x1.na                               1.18121
doutb2                                 0.58511
dout2                                  0.58511
x2.x1.nb                               1.18121
ean2#branch                        2.19281e-12
eap2#branch                        2.20387e-12
ean1#branch                        2.20387e-12
eap1#branch                        2.19281e-12
ean0#branch                        2.19832e-12
eap0#branch                        2.19832e-12
vclk#branch                        5.30518e-10
vd2#branch                                   0
vd1#branch                                   0
vd0#branch                                   0
vcm#branch                           1.319e-11
vsup#branch                       -0.000265892

 Reference value :  0.00000e+00
 Reference value :  6.61176e-10
 Reference value :  1.20000e-09
 Reference value :  2.04000e-09
 Reference value :  2.98118e-09
 Reference value :  3.76118e-09
 Reference value :  4.50824e-09
No. of Data Rows : 1345
vsup_v              =  1.20000e+00
d0now               =  1.20000e+00
d1now               =  1.19999e+00
d2now               =  3.56649e-06
Reset re-loads circuit * comparator-transient-noise @ fs_27c_1.20v -- generated by sim/harness, do not edit

Circuit: * comparator-transient-noise @ fs_27c_1.20v -- generated by sim/harness, do not edit

Doing analysis at TEMP = 27.000000 and TNOM = 27.000000

Using SPARSE 1.3 as Direct Linear Solver

Initial Transient Solution
--------------------------

Node                                   Voltage
----                                   -------
vdd                                        1.2
cm                                         0.6
vd0                                          0
ap0                                        0.6
an0                                        0.6
ibn0                                  0.286672
x0.x1.tmid                         3.12055e-06
x0.x1.tail                            0.568079
clk                                          0
x0.x1.np                                   1.2
x0.x1.nn                                   1.2
x0.x1.ln                                   1.2
x0.x1.lp                                   1.2
x0.x1.lnb                          5.18456e-08
x0.x1.lpb                          5.18456e-08
x0.x1.na                               1.18121
doutb0                                 0.58511
dout0                                  0.58511
x0.x1.nb                               1.18121
vd1                                      0.001
ap1                                     0.6005
an1                                     0.5995
ibn1                                  0.286672
x1.x1.tmid                         3.12056e-06
x1.x1.tail                            0.568082
x1.x1.np                                   1.2
x1.x1.nn                                   1.2
x1.x1.ln                                   1.2
x1.x1.lp                                   1.2
x1.x1.lnb                          5.18456e-08
x1.x1.lpb                          5.18456e-08
x1.x1.na                               1.18121
doutb1                                 0.58511
dout1                                  0.58511
x1.x1.nb                               1.18121
vd2                                     -0.001
ap2                                     0.5995
an2                                     0.6005
ibn2                                  0.286672
x2.x1.tmid                         3.12056e-06
x2.x1.tail                            0.568082
x2.x1.np                                   1.2
x2.x1.nn                                   1.2
x2.x1.ln                                   1.2
x2.x1.lp                                   1.2
x2.x1.lnb                          5.18456e-08
x2.x1.lpb                          5.18456e-08
x2.x1.na                               1.18121
doutb2                                 0.58511
dout2                                  0.58511
x2.x1.nb                               1.18121
ean2#branch                        2.19281e-12
eap2#branch                        2.20387e-12
ean1#branch                        2.20387e-12
eap1#branch                        2.19281e-12
ean0#branch                        2.19832e-12
eap0#branch                        2.19832e-12
vclk#branch                        5.30518e-10
vd2#branch                                   0
vd1#branch                                   0
vd0#branch                                   0
vcm#branch                           1.319e-11
vsup#branch                       -0.000265892

 Reference value :  0.00000e+00
 Reference value :  6.74118e-10
 Reference value :  1.18821e-09
 Reference value :  1.98353e-09
 Reference value :  2.90000e-09
 Reference value :  3.76118e-09
 Reference value :  4.54118e-09
No. of Data Rows : 1345
vsup_v              =  1.20000e+00
d0now               =  1.19999e+00
d1now               =  1.20000e+00
d2now               =  4.88935e-06
Reset re-loads circuit * comparator-transient-noise @ fs_27c_1.20v -- generated by sim/harness, do not edit

Circuit: * comparator-transient-noise @ fs_27c_1.20v -- generated by sim/harness, do not edit

Doing analysis at TEMP = 27.000000 and TNOM = 27.000000

Using SPARSE 1.3 as Direct Linear Solver

Initial Transient Solution
--------------------------

Node                                   Voltage
----                                   -------
vdd                                        1.2
cm                                         0.6
vd0                                          0
ap0                                        0.6
an0                                        0.6
ibn0                                  0.286672
x0.x1.tmid                         3.12055e-06
x0.x1.tail                            0.568079
clk                                          0
x0.x1.np                                   1.2
x0.x1.nn                                   1.2
x0.x1.ln                                   1.2
x0.x1.lp                                   1.2
x0.x1.lnb                          5.18456e-08
x0.x1.lpb                          5.18456e-08
x0.x1.na                               1.18121
doutb0                                 0.58511
dout0                                  0.58511
x0.x1.nb                               1.18121
vd1                                      0.001
ap1                                     0.6005
an1                                     0.5995
ibn1                                  0.286672
x1.x1.tmid                         3.12056e-06
x1.x1.tail                            0.568082
x1.x1.np                                   1.2
x1.x1.nn                                   1.2
x1.x1.ln                                   1.2
x1.x1.lp                                   1.2
x1.x1.lnb                          5.18456e-08
x1.x1.lpb                          5.18456e-08
x1.x1.na                               1.18121
doutb1                                 0.58511
dout1                                  0.58511
x1.x1.nb                               1.18121
vd2                                     -0.001
ap2                                     0.5995
an2                                     0.6005
ibn2                                  0.286672
x2.x1.tmid                         3.12056e-06
x2.x1.tail                            0.568082
x2.x1.np                                   1.2
x2.x1.nn                                   1.2
x2.x1.ln                                   1.2
x2.x1.lp                                   1.2
x2.x1.lnb                          5.18456e-08
x2.x1.lpb                          5.18456e-08
x2.x1.na                               1.18121
doutb2                                 0.58511
dout2                                  0.58511
x2.x1.nb                               1.18121
ean2#branch                        2.19281e-12
eap2#branch                        2.20387e-12
ean1#branch                        2.20387e-12
eap1#branch                        2.19281e-12
ean0#branch                        2.19832e-12
eap0#branch                        2.19832e-12
vclk#branch                        5.30518e-10
vd2#branch                                   0
vd1#branch                                   0
vd0#branch                                   0
vcm#branch                           1.319e-11
vsup#branch                       -0.000265892

 Reference value :  0.00000e+00
 Reference value :  6.43529e-10
 Reference value :  1.16118e-09
 Reference value :  2.00118e-09
 Reference value :  2.95412e-09
 Reference value :  3.70824e-09
 Reference value :  4.43412e-09
No. of Data Rows : 1345
vsup_v              =  1.20000e+00
d0now               =  1.09018e-06
d1now               =  1.19999e+00
d2now               =  4.70774e-06
Reset re-loads circuit * comparator-transient-noise @ fs_27c_1.20v -- generated by sim/harness, do not edit

Circuit: * comparator-transient-noise @ fs_27c_1.20v -- generated by sim/harness, do not edit

Doing analysis at TEMP = 27.000000 and TNOM = 27.000000

Using SPARSE 1.3 as Direct Linear Solver

Initial Transient Solution
--------------------------

Node                                   Voltage
----                                   -------
vdd                                        1.2
cm                                         0.6
vd0                                          0
ap0                                        0.6
an0                                        0.6
ibn0                                  0.286672
x0.x1.tmid                         3.12055e-06
x0.x1.tail                            0.568079
clk                                          0
x0.x1.np                                   1.2
x0.x1.nn                                   1.2
x0.x1.ln                                   1.2
x0.x1.lp                                   1.2
x0.x1.lnb                          5.18456e-08
x0.x1.lpb                          5.18456e-08
x0.x1.na                               1.18121
doutb0                                 0.58511
dout0                                  0.58511
x0.x1.nb                               1.18121
vd1                                      0.001
ap1                                     0.6005
an1                                     0.5995
ibn1                                  0.286672
x1.x1.tmid                         3.12056e-06
x1.x1.tail                            0.568082
x1.x1.np                                   1.2
x1.x1.nn                                   1.2
x1.x1.ln                                   1.2
x1.x1.lp                                   1.2
x1.x1.lnb                          5.18456e-08
x1.x1.lpb                          5.18456e-08
x1.x1.na                               1.18121
doutb1                                 0.58511
dout1                                  0.58511
x1.x1.nb                               1.18121
vd2                                     -0.001
ap2                                     0.5995
an2                                     0.6005
ibn2                                  0.286672
x2.x1.tmid                         3.12056e-06
x2.x1.tail                            0.568082
x2.x1.np                                   1.2
x2.x1.nn                                   1.2
x2.x1.ln                                   1.2
x2.x1.lp                                   1.2
x2.x1.lnb                          5.18456e-08
x2.x1.lpb                          5.18456e-08
x2.x1.na                               1.18121
doutb2                                 0.58511
dout2                                  0.58511
x2.x1.nb                               1.18121
ean2#branch                        2.19281e-12
eap2#branch                        2.20387e-12
ean1#branch                        2.20387e-12
eap1#branch                        2.19281e-12
ean0#branch                        2.19832e-12
eap0#branch                        2.19832e-12
vclk#branch                        5.30518e-10
vd2#branch                                   0
vd1#branch                                   0
vd0#branch                                   0
vcm#branch                           1.319e-11
vsup#branch                       -0.000265892

 Reference value :  0.00000e+00
 Reference value :  6.68235e-10
 Reference value :  1.21413e-09
 Reference value :  2.01412e-09
 Reference value :  3.00118e-09
 Reference value :  3.81412e-09
 Reference value :  4.56000e-09
No. of Data Rows : 1345
vsup_v              =  1.20000e+00
d0now               =  1.19999e+00
d1now               =  1.20000e+00
d2now               =  -3.05812e-07
Reset re-loads circuit * comparator-transient-noise @ fs_27c_1.20v -- generated by sim/harness, do not edit

Circuit: * comparator-transient-noise @ fs_27c_1.20v -- generated by sim/harness, do not edit

Doing analysis at TEMP = 27.000000 and TNOM = 27.000000

Using SPARSE 1.3 as Direct Linear Solver

Initial Transient Solution
--------------------------

Node                                   Voltage
----                                   -------
vdd                                        1.2
cm                                         0.6
vd0                                          0
ap0                                        0.6
an0                                        0.6
ibn0                                  0.286672
x0.x1.tmid                         3.12055e-06
x0.x1.tail                            0.568079
clk                                          0
x0.x1.np                                   1.2
x0.x1.nn                                   1.2
x0.x1.ln                                   1.2
x0.x1.lp                                   1.2
x0.x1.lnb                          5.18456e-08
x0.x1.lpb                          5.18456e-08
x0.x1.na                               1.18121
doutb0                                 0.58511
dout0                                  0.58511
x0.x1.nb                               1.18121
vd1                                      0.001
ap1                                     0.6005
an1                                     0.5995
ibn1                                  0.286672
x1.x1.tmid                         3.12056e-06
x1.x1.tail                            0.568082
x1.x1.np                                   1.2
x1.x1.nn                                   1.2
x1.x1.ln                                   1.2
x1.x1.lp                                   1.2
x1.x1.lnb                          5.18456e-08
x1.x1.lpb                          5.18456e-08
x1.x1.na                               1.18121
doutb1                                 0.58511
dout1                                  0.58511
x1.x1.nb                               1.18121
vd2                                     -0.001
ap2                                     0.5995
an2                                     0.6005
ibn2                                  0.286672
x2.x1.tmid                         3.12056e-06
x2.x1.tail                            0.568082
x2.x1.np                                   1.2
x2.x1.nn                                   1.2
x2.x1.ln                                   1.2
x2.x1.lp                                   1.2
x2.x1.lnb                          5.18456e-08
x2.x1.lpb                          5.18456e-08
x2.x1.na                               1.18121
doutb2                                 0.58511
dout2                                  0.58511
x2.x1.nb                               1.18121
ean2#branch                        2.19281e-12
eap2#branch                        2.20387e-12
ean1#branch                        2.20387e-12
eap1#branch                        2.19281e-12
ean0#branch                        2.19832e-12
eap0#branch                        2.19832e-12
vclk#branch                        5.30518e-10
vd2#branch                                   0
vd1#branch                                   0
vd0#branch                                   0
vcm#branch                           1.319e-11
vsup#branch                       -0.000265892

 Reference value :  0.00000e+00
 Reference value :  6.43529e-10
 Reference value :  1.16828e-09
 Reference value :  1.97412e-09
 Reference value :  2.82824e-09
 Reference value :  3.66824e-09
 Reference value :  4.42824e-09
No. of Data Rows : 1345
vsup_v              =  1.20000e+00
d0now               =  1.20000e+00
d1now               =  1.20000e+00
d2now               =  3.90669e-06
Reset re-loads circuit * comparator-transient-noise @ fs_27c_1.20v -- generated by sim/harness, do not edit

Circuit: * comparator-transient-noise @ fs_27c_1.20v -- generated by sim/harness, do not edit

Doing analysis at TEMP = 27.000000 and TNOM = 27.000000

Using SPARSE 1.3 as Direct Linear Solver

Initial Transient Solution
--------------------------

Node                                   Voltage
----                                   -------
vdd                                        1.2
cm                                         0.6
vd0                                          0
ap0                                        0.6
an0                                        0.6
ibn0                                  0.286672
x0.x1.tmid                         3.12055e-06
x0.x1.tail                            0.568079
clk                                          0
x0.x1.np                                   1.2
x0.x1.nn                                   1.2
x0.x1.ln                                   1.2
x0.x1.lp                                   1.2
x0.x1.lnb                          5.18456e-08
x0.x1.lpb                          5.18456e-08
x0.x1.na                               1.18121
doutb0                                 0.58511
dout0                                  0.58511
x0.x1.nb                               1.18121
vd1                                      0.001
ap1                                     0.6005
an1                                     0.5995
ibn1                                  0.286672
x1.x1.tmid                         3.12056e-06
x1.x1.tail                            0.568082
x1.x1.np                                   1.2
x1.x1.nn                                   1.2
x1.x1.ln                                   1.2
x1.x1.lp                                   1.2
x1.x1.lnb                          5.18456e-08
x1.x1.lpb                          5.18456e-08
x1.x1.na                               1.18121
doutb1                                 0.58511
dout1                                  0.58511
x1.x1.nb                               1.18121
vd2                                     -0.001
ap2                                     0.5995
an2                                     0.6005
ibn2                                  0.286672
x2.x1.tmid                         3.12056e-06
x2.x1.tail                            0.568082
x2.x1.np                                   1.2
x2.x1.nn                                   1.2
x2.x1.ln                                   1.2
x2.x1.lp                                   1.2
x2.x1.lnb                          5.18456e-08
x2.x1.lpb                          5.18456e-08
x2.x1.na                               1.18121
doutb2                                 0.58511
dout2                                  0.58511
x2.x1.nb                               1.18121
ean2#branch                        2.19281e-12
eap2#branch                        2.20387e-12
ean1#branch                        2.20387e-12
eap1#branch                        2.19281e-12
ean0#branch                        2.19832e-12
eap0#branch                        2.19832e-12
vclk#branch                        5.30518e-10
vd2#branch                                   0
vd1#branch                                   0
vd0#branch                                   0
vcm#branch                           1.319e-11
vsup#branch                       -0.000265892

 Reference value :  0.00000e+00
 Reference value :  7.14118e-10
 Reference value :  1.26000e-09
 Reference value :  2.12353e-09
 Reference value :  3.08000e-09
 Reference value :  3.84000e-09
 Reference value :  4.58824e-09
No. of Data Rows : 1345
vsup_v              =  1.20000e+00
d0now               =  1.20000e+00
d1now               =  1.19999e+00
d2now               =  -4.81812e-07
Reset re-loads circuit * comparator-transient-noise @ fs_27c_1.20v -- generated by sim/harness, do not edit

Circuit: * comparator-transient-noise @ fs_27c_1.20v -- generated by sim/harness, do not edit

Doing analysis at TEMP = 27.000000 and TNOM = 27.000000

Using SPARSE 1.3 as Direct Linear Solver

Initial Transient Solution
--------------------------

Node                                   Voltage
----                                   -------
vdd                                        1.2
cm                                         0.6
vd0                                          0
ap0                                        0.6
an0                                        0.6
ibn0                                  0.286672
x0.x1.tmid                         3.12055e-06
x0.x1.tail                            0.568079
clk                                          0
x0.x1.np                                   1.2
x0.x1.nn                                   1.2
x0.x1.ln                                   1.2
x0.x1.lp                                   1.2
x0.x1.lnb                          5.18456e-08
x0.x1.lpb                          5.18456e-08
x0.x1.na                               1.18121
doutb0                                 0.58511
dout0                                  0.58511
x0.x1.nb                               1.18121
vd1                                      0.001
ap1                                     0.6005
an1                                     0.5995
ibn1                                  0.286672
x1.x1.tmid                         3.12056e-06
x1.x1.tail                            0.568082
x1.x1.np                                   1.2
x1.x1.nn                                   1.2
x1.x1.ln                                   1.2
x1.x1.lp                                   1.2
x1.x1.lnb                          5.18456e-08
x1.x1.lpb                          5.18456e-08
x1.x1.na                               1.18121
doutb1                                 0.58511
dout1                                  0.58511
x1.x1.nb                               1.18121
vd2                                     -0.001
ap2                                     0.5995
an2                                     0.6005
ibn2                                  0.286672
x2.x1.tmid                         3.12056e-06
x2.x1.tail                            0.568082
x2.x1.np                                   1.2
x2.x1.nn                                   1.2
x2.x1.ln                                   1.2
x2.x1.lp                                   1.2
x2.x1.lnb                          5.18456e-08
x2.x1.lpb                          5.18456e-08
x2.x1.na                               1.18121
doutb2                                 0.58511
dout2                                  0.58511
x2.x1.nb                               1.18121
ean2#branch                        2.19281e-12
eap2#branch                        2.20387e-12
ean1#branch                        2.20387e-12
eap1#branch                        2.19281e-12
ean0#branch                        2.19832e-12
eap0#branch                        2.19832e-12
vclk#branch                        5.30518e-10
vd2#branch                                   0
vd1#branch                                   0
vd0#branch                                   0
vcm#branch                           1.319e-11
vsup#branch                       -0.000265892

 Reference value :  0.00000e+00
 Reference value :  6.60000e-10
 Reference value :  1.20354e-09
 Reference value :  2.00824e-09
 Reference value :  2.93412e-09
 Reference value :  3.76824e-09
 Reference value :  4.50824e-09
No. of Data Rows : 1345
vsup_v              =  1.20000e+00
d0now               =  1.20000e+00
d1now               =  1.19999e+00
d2now               =  5.47209e-06
Reset re-loads circuit * comparator-transient-noise @ fs_27c_1.20v -- generated by sim/harness, do not edit

Circuit: * comparator-transient-noise @ fs_27c_1.20v -- generated by sim/harness, do not edit

Doing analysis at TEMP = 27.000000 and TNOM = 27.000000

Using SPARSE 1.3 as Direct Linear Solver

Initial Transient Solution
--------------------------

Node                                   Voltage
----                                   -------
vdd                                        1.2
cm                                         0.6
vd0                                          0
ap0                                        0.6
an0                                        0.6
ibn0                                  0.286672
x0.x1.tmid                         3.12055e-06
x0.x1.tail                            0.568079
clk                                          0
x0.x1.np                                   1.2
x0.x1.nn                                   1.2
x0.x1.ln                                   1.2
x0.x1.lp                                   1.2
x0.x1.lnb                          5.18456e-08
x0.x1.lpb                          5.18456e-08
x0.x1.na                               1.18121
doutb0                                 0.58511
dout0                                  0.58511
x0.x1.nb                               1.18121
vd1                                      0.001
ap1                                     0.6005
an1                                     0.5995
ibn1                                  0.286672
x1.x1.tmid                         3.12056e-06
x1.x1.tail                            0.568082
x1.x1.np                                   1.2
x1.x1.nn                                   1.2
x1.x1.ln                                   1.2
x1.x1.lp                                   1.2
x1.x1.lnb                          5.18456e-08
x1.x1.lpb                          5.18456e-08
x1.x1.na                               1.18121
doutb1                                 0.58511
dout1                                  0.58511
x1.x1.nb                               1.18121
vd2                                     -0.001
ap2                                     0.5995
an2                                     0.6005
ibn2                                  0.286672
x2.x1.tmid                         3.12056e-06
x2.x1.tail                            0.568082
x2.x1.np                                   1.2
x2.x1.nn                                   1.2
x2.x1.ln                                   1.2
x2.x1.lp                                   1.2
x2.x1.lnb                          5.18456e-08
x2.x1.lpb                          5.18456e-08
x2.x1.na                               1.18121
doutb2                                 0.58511
dout2                                  0.58511
x2.x1.nb                               1.18121
ean2#branch                        2.19281e-12
eap2#branch                        2.20387e-12
ean1#branch                        2.20387e-12
eap1#branch                        2.19281e-12
ean0#branch                        2.19832e-12
eap0#branch                        2.19832e-12
vclk#branch                        5.30518e-10
vd2#branch                                   0
vd1#branch                                   0
vd0#branch                                   0
vcm#branch                           1.319e-11
vsup#branch                       -0.000265892

 Reference value :  0.00000e+00
 Reference value :  6.23529e-10
 Reference value :  1.13416e-09
 Reference value :  1.90824e-09
 Reference value :  2.76824e-09
 Reference value :  3.61412e-09
 Reference value :  4.38000e-09
No. of Data Rows : 1345
vsup_v              =  1.20000e+00
d0now               =  5.15249e-07
d1now               =  1.20000e+00
d2now               =  2.84609e-06
Reset re-loads circuit * comparator-transient-noise @ fs_27c_1.20v -- generated by sim/harness, do not edit

Circuit: * comparator-transient-noise @ fs_27c_1.20v -- generated by sim/harness, do not edit

Doing analysis at TEMP = 27.000000 and TNOM = 27.000000

Using SPARSE 1.3 as Direct Linear Solver

Initial Transient Solution
--------------------------

Node                                   Voltage
----                                   -------
vdd                                        1.2
cm                                         0.6
vd0                                          0
ap0                                        0.6
an0                                        0.6
ibn0                                  0.286672
x0.x1.tmid                         3.12055e-06
x0.x1.tail                            0.568079
clk                                          0
x0.x1.np                                   1.2
x0.x1.nn                                   1.2
x0.x1.ln                                   1.2
x0.x1.lp                                   1.2
x0.x1.lnb                          5.18456e-08
x0.x1.lpb                          5.18456e-08
x0.x1.na                               1.18121
doutb0                                 0.58511
dout0                                  0.58511
x0.x1.nb                               1.18121
vd1                                      0.001
ap1                                     0.6005
an1                                     0.5995
ibn1                                  0.286672
x1.x1.tmid                         3.12056e-06
x1.x1.tail                            0.568082
x1.x1.np                                   1.2
x1.x1.nn                                   1.2
x1.x1.ln                                   1.2
x1.x1.lp                                   1.2
x1.x1.lnb                          5.18456e-08
x1.x1.lpb                          5.18456e-08
x1.x1.na                               1.18121
doutb1                                 0.58511
dout1                                  0.58511
x1.x1.nb                               1.18121
vd2                                     -0.001
ap2                                     0.5995
an2                                     0.6005
ibn2                                  0.286672
x2.x1.tmid                         3.12056e-06
x2.x1.tail                            0.568082
x2.x1.np                                   1.2
x2.x1.nn                                   1.2
x2.x1.ln                                   1.2
x2.x1.lp                                   1.2
x2.x1.lnb                          5.18456e-08
x2.x1.lpb                          5.18456e-08
x2.x1.na                               1.18121
doutb2                                 0.58511
dout2                                  0.58511
x2.x1.nb                               1.18121
ean2#branch                        2.19281e-12
eap2#branch                        2.20387e-12
ean1#branch                        2.20387e-12
eap1#branch                        2.19281e-12
ean0#branch                        2.19832e-12
eap0#branch                        2.19832e-12
vclk#branch                        5.30518e-10
vd2#branch                                   0
vd1#branch                                   0
vd0#branch                                   0
vcm#branch                           1.319e-11
vsup#branch                       -0.000265892

 Reference value :  0.00000e+00
 Reference value :  6.61176e-10
 Reference value :  1.16828e-09
 Reference value :  1.96824e-09
 Reference value :  2.82353e-09
 Reference value :  3.68353e-09
 Reference value :  4.46118e-09
No. of Data Rows : 1345
vsup_v              =  1.20000e+00
d0now               =  2.11371e-08
d1now               =  5.43892e-06
d2now               =  1.19999e+00
Reset re-loads circuit * comparator-transient-noise @ fs_27c_1.20v -- generated by sim/harness, do not edit

Circuit: * comparator-transient-noise @ fs_27c_1.20v -- generated by sim/harness, do not edit

Doing analysis at TEMP = 27.000000 and TNOM = 27.000000

Using SPARSE 1.3 as Direct Linear Solver

Initial Transient Solution
--------------------------

Node                                   Voltage
----                                   -------
vdd                                        1.2
cm                                         0.6
vd0                                          0
ap0                                        0.6
an0                                        0.6
ibn0                                  0.286672
x0.x1.tmid                         3.12055e-06
x0.x1.tail                            0.568079
clk                                          0
x0.x1.np                                   1.2
x0.x1.nn                                   1.2
x0.x1.ln                                   1.2
x0.x1.lp                                   1.2
x0.x1.lnb                          5.18456e-08
x0.x1.lpb                          5.18456e-08
x0.x1.na                               1.18121
doutb0                                 0.58511
dout0                                  0.58511
x0.x1.nb                               1.18121
vd1                                      0.001
ap1                                     0.6005
an1                                     0.5995
ibn1                                  0.286672
x1.x1.tmid                         3.12056e-06
x1.x1.tail                            0.568082
x1.x1.np                                   1.2
x1.x1.nn                                   1.2
x1.x1.ln                                   1.2
x1.x1.lp                                   1.2
x1.x1.lnb                          5.18456e-08
x1.x1.lpb                          5.18456e-08
x1.x1.na                               1.18121
doutb1                                 0.58511
dout1                                  0.58511
x1.x1.nb                               1.18121
vd2                                     -0.001
ap2                                     0.5995
an2                                     0.6005
ibn2                                  0.286672
x2.x1.tmid                         3.12056e-06
x2.x1.tail                            0.568082
x2.x1.np                                   1.2
x2.x1.nn                                   1.2
x2.x1.ln                                   1.2
x2.x1.lp                                   1.2
x2.x1.lnb                          5.18456e-08
x2.x1.lpb                          5.18456e-08
x2.x1.na                               1.18121
doutb2                                 0.58511
dout2                                  0.58511
x2.x1.nb                               1.18121
ean2#branch                        2.19281e-12
eap2#branch                        2.20387e-12
ean1#branch                        2.20387e-12
eap1#branch                        2.19281e-12
ean0#branch                        2.19832e-12
eap0#branch                        2.19832e-12
vclk#branch                        5.30518e-10
vd2#branch                                   0
vd1#branch                                   0
vd0#branch                                   0
vcm#branch                           1.319e-11
vsup#branch                       -0.000265892

 Reference value :  0.00000e+00
 Reference value :  6.54118e-10
 Reference value :  1.18821e-09
 Reference value :  2.00118e-09
 Reference value :  2.94353e-09
 Reference value :  3.84824e-09
 Reference value :  4.58824e-09
No. of Data Rows : 1345
vsup_v              =  1.20000e+00
d0now               =  -1.54943e-08
d1now               =  1.20000e+00
d2now               =  2.00535e-07
Reset re-loads circuit * comparator-transient-noise @ fs_27c_1.20v -- generated by sim/harness, do not edit

Circuit: * comparator-transient-noise @ fs_27c_1.20v -- generated by sim/harness, do not edit

Doing analysis at TEMP = 27.000000 and TNOM = 27.000000

Using SPARSE 1.3 as Direct Linear Solver

Initial Transient Solution
--------------------------

Node                                   Voltage
----                                   -------
vdd                                        1.2
cm                                         0.6
vd0                                          0
ap0                                        0.6
an0                                        0.6
ibn0                                  0.286672
x0.x1.tmid                         3.12055e-06
x0.x1.tail                            0.568079
clk                                          0
x0.x1.np                                   1.2
x0.x1.nn                                   1.2
x0.x1.ln                                   1.2
x0.x1.lp                                   1.2
x0.x1.lnb                          5.18456e-08
x0.x1.lpb                          5.18456e-08
x0.x1.na                               1.18121
doutb0                                 0.58511
dout0                                  0.58511
x0.x1.nb                               1.18121
vd1                                      0.001
ap1                                     0.6005
an1                                     0.5995
ibn1                                  0.286672
x1.x1.tmid                         3.12056e-06
x1.x1.tail                            0.568082
x1.x1.np                                   1.2
x1.x1.nn                                   1.2
x1.x1.ln                                   1.2
x1.x1.lp                                   1.2
x1.x1.lnb                          5.18456e-08
x1.x1.lpb                          5.18456e-08
x1.x1.na                               1.18121
doutb1                                 0.58511
dout1                                  0.58511
x1.x1.nb                               1.18121
vd2                                     -0.001
ap2                                     0.5995
an2                                     0.6005
ibn2                                  0.286672
x2.x1.tmid                         3.12056e-06
x2.x1.tail                            0.568082
x2.x1.np                                   1.2
x2.x1.nn                                   1.2
x2.x1.ln                                   1.2
x2.x1.lp                                   1.2
x2.x1.lnb                          5.18456e-08
x2.x1.lpb                          5.18456e-08
x2.x1.na                               1.18121
doutb2                                 0.58511
dout2                                  0.58511
x2.x1.nb                               1.18121
ean2#branch                        2.19281e-12
eap2#branch                        2.20387e-12
ean1#branch                        2.20387e-12
eap1#branch                        2.19281e-12
ean0#branch                        2.19832e-12
eap0#branch                        2.19832e-12
vclk#branch                        5.30518e-10
vd2#branch                                   0
vd1#branch                                   0
vd0#branch                                   0
vcm#branch                           1.319e-11
vsup#branch                       -0.000265892

 Reference value :  0.00000e+00
 Reference value :  6.61176e-10
 Reference value :  1.21413e-09
 Reference value :  2.08353e-09
 Reference value :  3.04824e-09
 Reference value :  3.84824e-09
 Reference value :  4.58000e-09
No. of Data Rows : 1345
vsup_v              =  1.20000e+00
d0now               =  1.19999e+00
d1now               =  1.19999e+00
d2now               =  7.76088e-06
Reset re-loads circuit * comparator-transient-noise @ fs_27c_1.20v -- generated by sim/harness, do not edit

Circuit: * comparator-transient-noise @ fs_27c_1.20v -- generated by sim/harness, do not edit

Doing analysis at TEMP = 27.000000 and TNOM = 27.000000

Using SPARSE 1.3 as Direct Linear Solver

Initial Transient Solution
--------------------------

Node                                   Voltage
----                                   -------
vdd                                        1.2
cm                                         0.6
vd0                                          0
ap0                                        0.6
an0                                        0.6
ibn0                                  0.286672
x0.x1.tmid                         3.12055e-06
x0.x1.tail                            0.568079
clk                                          0
x0.x1.np                                   1.2
x0.x1.nn                                   1.2
x0.x1.ln                                   1.2
x0.x1.lp                                   1.2
x0.x1.lnb                          5.18456e-08
x0.x1.lpb                          5.18456e-08
x0.x1.na                               1.18121
doutb0                                 0.58511
dout0                                  0.58511
x0.x1.nb                               1.18121
vd1                                      0.001
ap1                                     0.6005
an1                                     0.5995
ibn1                                  0.286672
x1.x1.tmid                         3.12056e-06
x1.x1.tail                            0.568082
x1.x1.np                                   1.2
x1.x1.nn                                   1.2
x1.x1.ln                                   1.2
x1.x1.lp                                   1.2
x1.x1.lnb                          5.18456e-08
x1.x1.lpb                          5.18456e-08
x1.x1.na                               1.18121
doutb1                                 0.58511
dout1                                  0.58511
x1.x1.nb                               1.18121
vd2                                     -0.001
ap2                                     0.5995
an2                                     0.6005
ibn2                                  0.286672
x2.x1.tmid                         3.12056e-06
x2.x1.tail                            0.568082
x2.x1.np                                   1.2
x2.x1.nn                                   1.2
x2.x1.ln                                   1.2
x2.x1.lp                                   1.2
x2.x1.lnb                          5.18456e-08
x2.x1.lpb                          5.18456e-08
x2.x1.na                               1.18121
doutb2                                 0.58511
dout2                                  0.58511
x2.x1.nb                               1.18121
ean2#branch                        2.19281e-12
eap2#branch                        2.20387e-12
ean1#branch                        2.20387e-12
eap1#branch                        2.19281e-12
ean0#branch                        2.19832e-12
eap0#branch                        2.19832e-12
vclk#branch                        5.30518e-10
vd2#branch                                   0
vd1#branch                                   0
vd0#branch                                   0
vcm#branch                           1.319e-11
vsup#branch                       -0.000265892

 Reference value :  0.00000e+00
 Reference value :  7.01176e-10
 Reference value :  1.24824e-09
 Reference value :  2.04000e-09
 Reference value :  2.99412e-09
 Reference value :  3.80000e-09
 Reference value :  4.58824e-09
No. of Data Rows : 1345
vsup_v              =  1.20000e+00
d0now               =  4.71270e-07
d1now               =  1.20000e+00
d2now               =  2.59946e-06
Reset re-loads circuit * comparator-transient-noise @ fs_27c_1.20v -- generated by sim/harness, do not edit

Circuit: * comparator-transient-noise @ fs_27c_1.20v -- generated by sim/harness, do not edit

Doing analysis at TEMP = 27.000000 and TNOM = 27.000000

Using SPARSE 1.3 as Direct Linear Solver

Initial Transient Solution
--------------------------

Node                                   Voltage
----                                   -------
vdd                                        1.2
cm                                         0.6
vd0                                          0
ap0                                        0.6
an0                                        0.6
ibn0                                  0.286672
x0.x1.tmid                         3.12055e-06
x0.x1.tail                            0.568079
clk                                          0
x0.x1.np                                   1.2
x0.x1.nn                                   1.2
x0.x1.ln                                   1.2
x0.x1.lp                                   1.2
x0.x1.lnb                          5.18456e-08
x0.x1.lpb                          5.18456e-08
x0.x1.na                               1.18121
doutb0                                 0.58511
dout0                                  0.58511
x0.x1.nb                               1.18121
vd1                                      0.001
ap1                                     0.6005
an1                                     0.5995
ibn1                                  0.286672
x1.x1.tmid                         3.12056e-06
x1.x1.tail                            0.568082
x1.x1.np                                   1.2
x1.x1.nn                                   1.2
x1.x1.ln                                   1.2
x1.x1.lp                                   1.2
x1.x1.lnb                          5.18456e-08
x1.x1.lpb                          5.18456e-08
x1.x1.na                               1.18121
doutb1                                 0.58511
dout1                                  0.58511
x1.x1.nb                               1.18121
vd2                                     -0.001
ap2                                     0.5995
an2                                     0.6005
ibn2                                  0.286672
x2.x1.tmid                         3.12056e-06
x2.x1.tail                            0.568082
x2.x1.np                                   1.2
x2.x1.nn                                   1.2
x2.x1.ln                                   1.2
x2.x1.lp                                   1.2
x2.x1.lnb                          5.18456e-08
x2.x1.lpb                          5.18456e-08
x2.x1.na                               1.18121
doutb2                                 0.58511
dout2                                  0.58511
x2.x1.nb                               1.18121
ean2#branch                        2.19281e-12
eap2#branch                        2.20387e-12
ean1#branch                        2.20387e-12
eap1#branch                        2.19281e-12
ean0#branch                        2.19832e-12
eap0#branch                        2.19832e-12
vclk#branch                        5.30518e-10
vd2#branch                                   0
vd1#branch                                   0
vd0#branch                                   0
vcm#branch                           1.319e-11
vsup#branch                       -0.000265892

 Reference value :  0.00000e+00
 Reference value :  6.94118e-10
 Reference value :  1.25412e-09
 Reference value :  2.09412e-09
 Reference value :  3.00118e-09
 Reference value :  3.80118e-09
 Reference value :  4.61412e-09
No. of Data Rows : 1345
vsup_v              =  1.20000e+00
d0now               =  1.20000e+00
d1now               =  1.20000e+00
d2now               =  1.20000e+00
Reset re-loads circuit * comparator-transient-noise @ fs_27c_1.20v -- generated by sim/harness, do not edit

Circuit: * comparator-transient-noise @ fs_27c_1.20v -- generated by sim/harness, do not edit

Doing analysis at TEMP = 27.000000 and TNOM = 27.000000

Using SPARSE 1.3 as Direct Linear Solver

Initial Transient Solution
--------------------------

Node                                   Voltage
----                                   -------
vdd                                        1.2
cm                                         0.6
vd0                                          0
ap0                                        0.6
an0                                        0.6
ibn0                                  0.286672
x0.x1.tmid                         3.12055e-06
x0.x1.tail                            0.568079
clk                                          0
x0.x1.np                                   1.2
x0.x1.nn                                   1.2
x0.x1.ln                                   1.2
x0.x1.lp                                   1.2
x0.x1.lnb                          5.18456e-08
x0.x1.lpb                          5.18456e-08
x0.x1.na                               1.18121
doutb0                                 0.58511
dout0                                  0.58511
x0.x1.nb                               1.18121
vd1                                      0.001
ap1                                     0.6005
an1                                     0.5995
ibn1                                  0.286672
x1.x1.tmid                         3.12056e-06
x1.x1.tail                            0.568082
x1.x1.np                                   1.2
x1.x1.nn                                   1.2
x1.x1.ln                                   1.2
x1.x1.lp                                   1.2
x1.x1.lnb                          5.18456e-08
x1.x1.lpb                          5.18456e-08
x1.x1.na                               1.18121
doutb1                                 0.58511
dout1                                  0.58511
x1.x1.nb                               1.18121
vd2                                     -0.001
ap2                                     0.5995
an2                                     0.6005
ibn2                                  0.286672
x2.x1.tmid                         3.12056e-06
x2.x1.tail                            0.568082
x2.x1.np                                   1.2
x2.x1.nn                                   1.2
x2.x1.ln                                   1.2
x2.x1.lp                                   1.2
x2.x1.lnb                          5.18456e-08
x2.x1.lpb                          5.18456e-08
x2.x1.na                               1.18121
doutb2                                 0.58511
dout2                                  0.58511
x2.x1.nb                               1.18121
ean2#branch                        2.19281e-12
eap2#branch                        2.20387e-12
ean1#branch                        2.20387e-12
eap1#branch                        2.19281e-12
ean0#branch                        2.19832e-12
eap0#branch                        2.19832e-12
vclk#branch                        5.30518e-10
vd2#branch                                   0
vd1#branch                                   0
vd0#branch                                   0
vcm#branch                           1.319e-11
vsup#branch                       -0.000265892

 Reference value :  0.00000e+00
 Reference value :  6.41176e-10
 Reference value :  1.14117e-09
 Reference value :  1.95412e-09
 Reference value :  2.88000e-09
 Reference value :  3.74824e-09
 Reference value :  4.55412e-09
No. of Data Rows : 1345
vsup_v              =  1.20000e+00
d0now               =  1.19999e+00
d1now               =  1.19999e+00
d2now               =  1.20000e+00
Reset re-loads circuit * comparator-transient-noise @ fs_27c_1.20v -- generated by sim/harness, do not edit

Circuit: * comparator-transient-noise @ fs_27c_1.20v -- generated by sim/harness, do not edit

Doing analysis at TEMP = 27.000000 and TNOM = 27.000000

Using SPARSE 1.3 as Direct Linear Solver

Initial Transient Solution
--------------------------

Node                                   Voltage
----                                   -------
vdd                                        1.2
cm                                         0.6
vd0                                          0
ap0                                        0.6
an0                                        0.6
ibn0                                  0.286672
x0.x1.tmid                         3.12055e-06
x0.x1.tail                            0.568079
clk                                          0
x0.x1.np                                   1.2
x0.x1.nn                                   1.2
x0.x1.ln                                   1.2
x0.x1.lp                                   1.2
x0.x1.lnb                          5.18456e-08
x0.x1.lpb                          5.18456e-08
x0.x1.na                               1.18121
doutb0                                 0.58511
dout0                                  0.58511
x0.x1.nb                               1.18121
vd1                                      0.001
ap1                                     0.6005
an1                                     0.5995
ibn1                                  0.286672
x1.x1.tmid                         3.12056e-06
x1.x1.tail                            0.568082
x1.x1.np                                   1.2
x1.x1.nn                                   1.2
x1.x1.ln                                   1.2
x1.x1.lp                                   1.2
x1.x1.lnb                          5.18456e-08
x1.x1.lpb                          5.18456e-08
x1.x1.na                               1.18121
doutb1                                 0.58511
dout1                                  0.58511
x1.x1.nb                               1.18121
vd2                                     -0.001
ap2                                     0.5995
an2                                     0.6005
ibn2                                  0.286672
x2.x1.tmid                         3.12056e-06
x2.x1.tail                            0.568082
x2.x1.np                                   1.2
x2.x1.nn                                   1.2
x2.x1.ln                                   1.2
x2.x1.lp                                   1.2
x2.x1.lnb                          5.18456e-08
x2.x1.lpb                          5.18456e-08
x2.x1.na                               1.18121
doutb2                                 0.58511
dout2                                  0.58511
x2.x1.nb                               1.18121
ean2#branch                        2.19281e-12
eap2#branch                        2.20387e-12
ean1#branch                        2.20387e-12
eap1#branch                        2.19281e-12
ean0#branch                        2.19832e-12
eap0#branch                        2.19832e-12
vclk#branch                        5.30518e-10
vd2#branch                                   0
vd1#branch                                   0
vd0#branch                                   0
vcm#branch                           1.319e-11
vsup#branch                       -0.000265892

 Reference value :  0.00000e+00
 Reference value :  6.60000e-10
 Reference value :  1.20826e-09
 Reference value :  2.08000e-09
 Reference value :  2.96000e-09
 Reference value :  3.76000e-09
 Reference value :  4.50118e-09
No. of Data Rows : 1345
vsup_v              =  1.20000e+00
d0now               =  1.19999e+00
d1now               =  -4.14877e-06
d2now               =  -3.60396e-08
Reset re-loads circuit * comparator-transient-noise @ fs_27c_1.20v -- generated by sim/harness, do not edit

Circuit: * comparator-transient-noise @ fs_27c_1.20v -- generated by sim/harness, do not edit

Doing analysis at TEMP = 27.000000 and TNOM = 27.000000

Using SPARSE 1.3 as Direct Linear Solver

Initial Transient Solution
--------------------------

Node                                   Voltage
----                                   -------
vdd                                        1.2
cm                                         0.6
vd0                                          0
ap0                                        0.6
an0                                        0.6
ibn0                                  0.286672
x0.x1.tmid                         3.12055e-06
x0.x1.tail                            0.568079
clk                                          0
x0.x1.np                                   1.2
x0.x1.nn                                   1.2
x0.x1.ln                                   1.2
x0.x1.lp                                   1.2
x0.x1.lnb                          5.18456e-08
x0.x1.lpb                          5.18456e-08
x0.x1.na                               1.18121
doutb0                                 0.58511
dout0                                  0.58511
x0.x1.nb                               1.18121
vd1                                      0.001
ap1                                     0.6005
an1                                     0.5995
ibn1                                  0.286672
x1.x1.tmid                         3.12056e-06
x1.x1.tail                            0.568082
x1.x1.np                                   1.2
x1.x1.nn                                   1.2
x1.x1.ln                                   1.2
x1.x1.lp                                   1.2
x1.x1.lnb                          5.18456e-08
x1.x1.lpb                          5.18456e-08
x1.x1.na                               1.18121
doutb1                                 0.58511
dout1                                  0.58511
x1.x1.nb                               1.18121
vd2                                     -0.001
ap2                                     0.5995
an2                                     0.6005
ibn2                                  0.286672
x2.x1.tmid                         3.12056e-06
x2.x1.tail                            0.568082
x2.x1.np                                   1.2
x2.x1.nn                                   1.2
x2.x1.ln                                   1.2
x2.x1.lp                                   1.2
x2.x1.lnb                          5.18456e-08
x2.x1.lpb                          5.18456e-08
x2.x1.na                               1.18121
doutb2                                 0.58511
dout2                                  0.58511
x2.x1.nb                               1.18121
ean2#branch                        2.19281e-12
eap2#branch                        2.20387e-12
ean1#branch                        2.20387e-12
eap1#branch                        2.19281e-12
ean0#branch                        2.19832e-12
eap0#branch                        2.19832e-12
vclk#branch                        5.30518e-10
vd2#branch                                   0
vd1#branch                                   0
vd0#branch                                   0
vcm#branch                           1.319e-11
vsup#branch                       -0.000265892

 Reference value :  0.00000e+00
 Reference value :  6.48235e-10
 Reference value :  1.16000e-09
 Reference value :  1.94824e-09
 Reference value :  2.88000e-09
 Reference value :  3.70000e-09
 Reference value :  4.42353e-09
No. of Data Rows : 1345
vsup_v              =  1.20000e+00
d0now               =  5.54451e-06
d1now               =  1.20000e+00
d2now               =  7.69564e-07
Reset re-loads circuit * comparator-transient-noise @ fs_27c_1.20v -- generated by sim/harness, do not edit

Circuit: * comparator-transient-noise @ fs_27c_1.20v -- generated by sim/harness, do not edit

Doing analysis at TEMP = 27.000000 and TNOM = 27.000000

Using SPARSE 1.3 as Direct Linear Solver

Initial Transient Solution
--------------------------

Node                                   Voltage
----                                   -------
vdd                                        1.2
cm                                         0.6
vd0                                          0
ap0                                        0.6
an0                                        0.6
ibn0                                  0.286672
x0.x1.tmid                         3.12055e-06
x0.x1.tail                            0.568079
clk                                          0
x0.x1.np                                   1.2
x0.x1.nn                                   1.2
x0.x1.ln                                   1.2
x0.x1.lp                                   1.2
x0.x1.lnb                          5.18456e-08
x0.x1.lpb                          5.18456e-08
x0.x1.na                               1.18121
doutb0                                 0.58511
dout0                                  0.58511
x0.x1.nb                               1.18121
vd1                                      0.001
ap1                                     0.6005
an1                                     0.5995
ibn1                                  0.286672
x1.x1.tmid                         3.12056e-06
x1.x1.tail                            0.568082
x1.x1.np                                   1.2
x1.x1.nn                                   1.2
x1.x1.ln                                   1.2
x1.x1.lp                                   1.2
x1.x1.lnb                          5.18456e-08
x1.x1.lpb                          5.18456e-08
x1.x1.na                               1.18121
doutb1                                 0.58511
dout1                                  0.58511
x1.x1.nb                               1.18121
vd2                                     -0.001
ap2                                     0.5995
an2                                     0.6005
ibn2                                  0.286672
x2.x1.tmid                         3.12056e-06
x2.x1.tail                            0.568082
x2.x1.np                                   1.2
x2.x1.nn                                   1.2
x2.x1.ln                                   1.2
x2.x1.lp                                   1.2
x2.x1.lnb                          5.18456e-08
x2.x1.lpb                          5.18456e-08
x2.x1.na                               1.18121
doutb2                                 0.58511
dout2                                  0.58511
x2.x1.nb                               1.18121
ean2#branch                        2.19281e-12
eap2#branch                        2.20387e-12
ean1#branch                        2.20387e-12
eap1#branch                        2.19281e-12
ean0#branch                        2.19832e-12
eap0#branch                        2.19832e-12
vclk#branch                        5.30518e-10
vd2#branch                                   0
vd1#branch                                   0
vd0#branch                                   0
vcm#branch                           1.319e-11
vsup#branch                       -0.000265892

 Reference value :  0.00000e+00
 Reference value :  6.41176e-10
 Reference value :  1.23411e-09
 Reference value :  2.06118e-09
 Reference value :  3.00353e-09
 Reference value :  3.86118e-09
 Reference value :  4.60353e-09
No. of Data Rows : 1345
vsup_v              =  1.20000e+00
d0now               =  1.20000e+00
d1now               =  1.19999e+00
d2now               =  8.13997e-07
Reset re-loads circuit * comparator-transient-noise @ fs_27c_1.20v -- generated by sim/harness, do not edit

Circuit: * comparator-transient-noise @ fs_27c_1.20v -- generated by sim/harness, do not edit

Doing analysis at TEMP = 27.000000 and TNOM = 27.000000

Using SPARSE 1.3 as Direct Linear Solver

Initial Transient Solution
--------------------------

Node                                   Voltage
----                                   -------
vdd                                        1.2
cm                                         0.6
vd0                                          0
ap0                                        0.6
an0                                        0.6
ibn0                                  0.286672
x0.x1.tmid                         3.12055e-06
x0.x1.tail                            0.568079
clk                                          0
x0.x1.np                                   1.2
x0.x1.nn                                   1.2
x0.x1.ln                                   1.2
x0.x1.lp                                   1.2
x0.x1.lnb                          5.18456e-08
x0.x1.lpb                          5.18456e-08
x0.x1.na                               1.18121
doutb0                                 0.58511
dout0                                  0.58511
x0.x1.nb                               1.18121
vd1                                      0.001
ap1                                     0.6005
an1                                     0.5995
ibn1                                  0.286672
x1.x1.tmid                         3.12056e-06
x1.x1.tail                            0.568082
x1.x1.np                                   1.2
x1.x1.nn                                   1.2
x1.x1.ln                                   1.2
x1.x1.lp                                   1.2
x1.x1.lnb                          5.18456e-08
x1.x1.lpb                          5.18456e-08
x1.x1.na                               1.18121
doutb1                                 0.58511
dout1                                  0.58511
x1.x1.nb                               1.18121
vd2                                     -0.001
ap2                                     0.5995
an2                                     0.6005
ibn2                                  0.286672
x2.x1.tmid                         3.12056e-06
x2.x1.tail                            0.568082
x2.x1.np                                   1.2
x2.x1.nn                                   1.2
x2.x1.ln                                   1.2
x2.x1.lp                                   1.2
x2.x1.lnb                          5.18456e-08
x2.x1.lpb                          5.18456e-08
x2.x1.na                               1.18121
doutb2                                 0.58511
dout2                                  0.58511
x2.x1.nb                               1.18121
ean2#branch                        2.19281e-12
eap2#branch                        2.20387e-12
ean1#branch                        2.20387e-12
eap1#branch                        2.19281e-12
ean0#branch                        2.19832e-12
eap0#branch                        2.19832e-12
vclk#branch                        5.30518e-10
vd2#branch                                   0
vd1#branch                                   0
vd0#branch                                   0
vcm#branch                           1.319e-11
vsup#branch                       -0.000265892

 Reference value :  0.00000e+00
 Reference value :  6.21176e-10
 Reference value :  1.16828e-09
 Reference value :  1.96353e-09
 Reference value :  2.92118e-09
 Reference value :  3.74353e-09
 Reference value :  4.50824e-09
No. of Data Rows : 1345
vsup_v              =  1.20000e+00
d0now               =  1.20000e+00
d1now               =  1.20000e+00
d2now               =  3.98714e-06
Reset re-loads circuit * comparator-transient-noise @ fs_27c_1.20v -- generated by sim/harness, do not edit

Circuit: * comparator-transient-noise @ fs_27c_1.20v -- generated by sim/harness, do not edit

Doing analysis at TEMP = 27.000000 and TNOM = 27.000000

Using SPARSE 1.3 as Direct Linear Solver

Initial Transient Solution
--------------------------

Node                                   Voltage
----                                   -------
vdd                                        1.2
cm                                         0.6
vd0                                          0
ap0                                        0.6
an0                                        0.6
ibn0                                  0.286672
x0.x1.tmid                         3.12055e-06
x0.x1.tail                            0.568079
clk                                          0
x0.x1.np                                   1.2
x0.x1.nn                                   1.2
x0.x1.ln                                   1.2
x0.x1.lp                                   1.2
x0.x1.lnb                          5.18456e-08
x0.x1.lpb                          5.18456e-08
x0.x1.na                               1.18121
doutb0                                 0.58511
dout0                                  0.58511
x0.x1.nb                               1.18121
vd1                                      0.001
ap1                                     0.6005
an1                                     0.5995
ibn1                                  0.286672
x1.x1.tmid                         3.12056e-06
x1.x1.tail                            0.568082
x1.x1.np                                   1.2
x1.x1.nn                                   1.2
x1.x1.ln                                   1.2
x1.x1.lp                                   1.2
x1.x1.lnb                          5.18456e-08
x1.x1.lpb                          5.18456e-08
x1.x1.na                               1.18121
doutb1                                 0.58511
dout1                                  0.58511
x1.x1.nb                               1.18121
vd2                                     -0.001
ap2                                     0.5995
an2                                     0.6005
ibn2                                  0.286672
x2.x1.tmid                         3.12056e-06
x2.x1.tail                            0.568082
x2.x1.np                                   1.2
x2.x1.nn                                   1.2
x2.x1.ln                                   1.2
x2.x1.lp                                   1.2
x2.x1.lnb                          5.18456e-08
x2.x1.lpb                          5.18456e-08
x2.x1.na                               1.18121
doutb2                                 0.58511
dout2                                  0.58511
x2.x1.nb                               1.18121
ean2#branch                        2.19281e-12
eap2#branch                        2.20387e-12
ean1#branch                        2.20387e-12
eap1#branch                        2.19281e-12
ean0#branch                        2.19832e-12
eap0#branch                        2.19832e-12
vclk#branch                        5.30518e-10
vd2#branch                                   0
vd1#branch                                   0
vd0#branch                                   0
vcm#branch                           1.319e-11
vsup#branch                       -0.000265892

 Reference value :  0.00000e+00
 Reference value :  6.48235e-10
 Reference value :  1.17414e-09
 Reference value :  1.98000e-09
 Reference value :  2.88118e-09
 Reference value :  3.68118e-09
 Reference value :  4.44353e-09
No. of Data Rows : 1345
vsup_v              =  1.20000e+00
d0now               =  4.47260e-06
d1now               =  1.20000e+00
d2now               =  1.20000e+00
Reset re-loads circuit * comparator-transient-noise @ fs_27c_1.20v -- generated by sim/harness, do not edit

Circuit: * comparator-transient-noise @ fs_27c_1.20v -- generated by sim/harness, do not edit

Doing analysis at TEMP = 27.000000 and TNOM = 27.000000

Using SPARSE 1.3 as Direct Linear Solver

Initial Transient Solution
--------------------------

Node                                   Voltage
----                                   -------
vdd                                        1.2
cm                                         0.6
vd0                                          0
ap0                                        0.6
an0                                        0.6
ibn0                                  0.286672
x0.x1.tmid                         3.12055e-06
x0.x1.tail                            0.568079
clk                                          0
x0.x1.np                                   1.2
x0.x1.nn                                   1.2
x0.x1.ln                                   1.2
x0.x1.lp                                   1.2
x0.x1.lnb                          5.18456e-08
x0.x1.lpb                          5.18456e-08
x0.x1.na                               1.18121
doutb0                                 0.58511
dout0                                  0.58511
x0.x1.nb                               1.18121
vd1                                      0.001
ap1                                     0.6005
an1                                     0.5995
ibn1                                  0.286672
x1.x1.tmid                         3.12056e-06
x1.x1.tail                            0.568082
x1.x1.np                                   1.2
x1.x1.nn                                   1.2
x1.x1.ln                                   1.2
x1.x1.lp                                   1.2
x1.x1.lnb                          5.18456e-08
x1.x1.lpb                          5.18456e-08
x1.x1.na                               1.18121
doutb1                                 0.58511
dout1                                  0.58511
x1.x1.nb                               1.18121
vd2                                     -0.001
ap2                                     0.5995
an2                                     0.6005
ibn2                                  0.286672
x2.x1.tmid                         3.12056e-06
x2.x1.tail                            0.568082
x2.x1.np                                   1.2
x2.x1.nn                                   1.2
x2.x1.ln                                   1.2
x2.x1.lp                                   1.2
x2.x1.lnb                          5.18456e-08
x2.x1.lpb                          5.18456e-08
x2.x1.na                               1.18121
doutb2                                 0.58511
dout2                                  0.58511
x2.x1.nb                               1.18121
ean2#branch                        2.19281e-12
eap2#branch                        2.20387e-12
ean1#branch                        2.20387e-12
eap1#branch                        2.19281e-12
ean0#branch                        2.19832e-12
eap0#branch                        2.19832e-12
vclk#branch                        5.30518e-10
vd2#branch                                   0
vd1#branch                                   0
vd0#branch                                   0
vcm#branch                           1.319e-11
vsup#branch                       -0.000265892

 Reference value :  0.00000e+00
 Reference value :  6.41176e-10
 Reference value :  1.18821e-09
 Reference value :  2.02000e-09
 Reference value :  2.94353e-09
 Reference value :  3.79412e-09
 Reference value :  4.54824e-09
No. of Data Rows : 1345
vsup_v              =  1.20000e+00
d0now               =  4.36497e-06
d1now               =  6.60129e-06
d2now               =  3.34379e-06
Reset re-loads circuit * comparator-transient-noise @ fs_27c_1.20v -- generated by sim/harness, do not edit

Circuit: * comparator-transient-noise @ fs_27c_1.20v -- generated by sim/harness, do not edit

Doing analysis at TEMP = 27.000000 and TNOM = 27.000000

Using SPARSE 1.3 as Direct Linear Solver

Initial Transient Solution
--------------------------

Node                                   Voltage
----                                   -------
vdd                                        1.2
cm                                         0.6
vd0                                          0
ap0                                        0.6
an0                                        0.6
ibn0                                  0.286672
x0.x1.tmid                         3.12055e-06
x0.x1.tail                            0.568079
clk                                          0
x0.x1.np                                   1.2
x0.x1.nn                                   1.2
x0.x1.ln                                   1.2
x0.x1.lp                                   1.2
x0.x1.lnb                          5.18456e-08
x0.x1.lpb                          5.18456e-08
x0.x1.na                               1.18121
doutb0                                 0.58511
dout0                                  0.58511
x0.x1.nb                               1.18121
vd1                                      0.001
ap1                                     0.6005
an1                                     0.5995
ibn1                                  0.286672
x1.x1.tmid                         3.12056e-06
x1.x1.tail                            0.568082
x1.x1.np                                   1.2
x1.x1.nn                                   1.2
x1.x1.ln                                   1.2
x1.x1.lp                                   1.2
x1.x1.lnb                          5.18456e-08
x1.x1.lpb                          5.18456e-08
x1.x1.na                               1.18121
doutb1                                 0.58511
dout1                                  0.58511
x1.x1.nb                               1.18121
vd2                                     -0.001
ap2                                     0.5995
an2                                     0.6005
ibn2                                  0.286672
x2.x1.tmid                         3.12056e-06
x2.x1.tail                            0.568082
x2.x1.np                                   1.2
x2.x1.nn                                   1.2
x2.x1.ln                                   1.2
x2.x1.lp                                   1.2
x2.x1.lnb                          5.18456e-08
x2.x1.lpb                          5.18456e-08
x2.x1.na                               1.18121
doutb2                                 0.58511
dout2                                  0.58511
x2.x1.nb                               1.18121
ean2#branch                        2.19281e-12
eap2#branch                        2.20387e-12
ean1#branch                        2.20387e-12
eap1#branch                        2.19281e-12
ean0#branch                        2.19832e-12
eap0#branch                        2.19832e-12
vclk#branch                        5.30518e-10
vd2#branch                                   0
vd1#branch                                   0
vd0#branch                                   0
vcm#branch                           1.319e-11
vsup#branch                       -0.000265892

 Reference value :  0.00000e+00
 Reference value :  6.34118e-10
 Reference value :  1.18352e-09
 Reference value :  2.00824e-09
 Reference value :  2.96000e-09
 Reference value :  3.77412e-09
 Reference value :  4.52353e-09
No. of Data Rows : 1345
vsup_v              =  1.20000e+00
d0now               =  1.19999e+00
d1now               =  1.20000e+00
d2now               =  -1.62031e-07
Reset re-loads circuit * comparator-transient-noise @ fs_27c_1.20v -- generated by sim/harness, do not edit

Circuit: * comparator-transient-noise @ fs_27c_1.20v -- generated by sim/harness, do not edit

Doing analysis at TEMP = 27.000000 and TNOM = 27.000000

Using SPARSE 1.3 as Direct Linear Solver

Initial Transient Solution
--------------------------

Node                                   Voltage
----                                   -------
vdd                                        1.2
cm                                         0.6
vd0                                          0
ap0                                        0.6
an0                                        0.6
ibn0                                  0.286672
x0.x1.tmid                         3.12055e-06
x0.x1.tail                            0.568079
clk                                          0
x0.x1.np                                   1.2
x0.x1.nn                                   1.2
x0.x1.ln                                   1.2
x0.x1.lp                                   1.2
x0.x1.lnb                          5.18456e-08
x0.x1.lpb                          5.18456e-08
x0.x1.na                               1.18121
doutb0                                 0.58511
dout0                                  0.58511
x0.x1.nb                               1.18121
vd1                                      0.001
ap1                                     0.6005
an1                                     0.5995
ibn1                                  0.286672
x1.x1.tmid                         3.12056e-06
x1.x1.tail                            0.568082
x1.x1.np                                   1.2
x1.x1.nn                                   1.2
x1.x1.ln                                   1.2
x1.x1.lp                                   1.2
x1.x1.lnb                          5.18456e-08
x1.x1.lpb                          5.18456e-08
x1.x1.na                               1.18121
doutb1                                 0.58511
dout1                                  0.58511
x1.x1.nb                               1.18121
vd2                                     -0.001
ap2                                     0.5995
an2                                     0.6005
ibn2                                  0.286672
x2.x1.tmid                         3.12056e-06
x2.x1.tail                            0.568082
x2.x1.np                                   1.2
x2.x1.nn                                   1.2
x2.x1.ln                                   1.2
x2.x1.lp                                   1.2
x2.x1.lnb                          5.18456e-08
x2.x1.lpb                          5.18456e-08
x2.x1.na                               1.18121
doutb2                                 0.58511
dout2                                  0.58511
x2.x1.nb                               1.18121
ean2#branch                        2.19281e-12
eap2#branch                        2.20387e-12
ean1#branch                        2.20387e-12
eap1#branch                        2.19281e-12
ean0#branch                        2.19832e-12
eap0#branch                        2.19832e-12
vclk#branch                        5.30518e-10
vd2#branch                                   0
vd1#branch                                   0
vd0#branch                                   0
vcm#branch                           1.319e-11
vsup#branch                       -0.000265892

 Reference value :  0.00000e+00
 Reference value :  6.21176e-10
 Reference value :  1.14350e-09
 Reference value :  1.98000e-09
 Reference value :  2.93412e-09
 Reference value :  3.76824e-09
 Reference value :  4.53412e-09
No. of Data Rows : 1345
vsup_v              =  1.20000e+00
d0now               =  3.74270e-06
d1now               =  1.19999e+00
d2now               =  -2.25701e-06
Reset re-loads circuit * comparator-transient-noise @ fs_27c_1.20v -- generated by sim/harness, do not edit

Circuit: * comparator-transient-noise @ fs_27c_1.20v -- generated by sim/harness, do not edit

Doing analysis at TEMP = 27.000000 and TNOM = 27.000000

Using SPARSE 1.3 as Direct Linear Solver

Initial Transient Solution
--------------------------

Node                                   Voltage
----                                   -------
vdd                                        1.2
cm                                         0.6
vd0                                          0
ap0                                        0.6
an0                                        0.6
ibn0                                  0.286672
x0.x1.tmid                         3.12055e-06
x0.x1.tail                            0.568079
clk                                          0
x0.x1.np                                   1.2
x0.x1.nn                                   1.2
x0.x1.ln                                   1.2
x0.x1.lp                                   1.2
x0.x1.lnb                          5.18456e-08
x0.x1.lpb                          5.18456e-08
x0.x1.na                               1.18121
doutb0                                 0.58511
dout0                                  0.58511
x0.x1.nb                               1.18121
vd1                                      0.001
ap1                                     0.6005
an1                                     0.5995
ibn1                                  0.286672
x1.x1.tmid                         3.12056e-06
x1.x1.tail                            0.568082
x1.x1.np                                   1.2
x1.x1.nn                                   1.2
x1.x1.ln                                   1.2
x1.x1.lp                                   1.2
x1.x1.lnb                          5.18456e-08
x1.x1.lpb                          5.18456e-08
x1.x1.na                               1.18121
doutb1                                 0.58511
dout1                                  0.58511
x1.x1.nb                               1.18121
vd2                                     -0.001
ap2                                     0.5995
an2                                     0.6005
ibn2                                  0.286672
x2.x1.tmid                         3.12056e-06
x2.x1.tail                            0.568082
x2.x1.np                                   1.2
x2.x1.nn                                   1.2
x2.x1.ln                                   1.2
x2.x1.lp                                   1.2
x2.x1.lnb                          5.18456e-08
x2.x1.lpb                          5.18456e-08
x2.x1.na                               1.18121
doutb2                                 0.58511
dout2                                  0.58511
x2.x1.nb                               1.18121
ean2#branch                        2.19281e-12
eap2#branch                        2.20387e-12
ean1#branch                        2.20387e-12
eap1#branch                        2.19281e-12
ean0#branch                        2.19832e-12
eap0#branch                        2.19832e-12
vclk#branch                        5.30518e-10
vd2#branch                                   0
vd1#branch                                   0
vd0#branch                                   0
vcm#branch                           1.319e-11
vsup#branch                       -0.000265892

 Reference value :  0.00000e+00
 Reference value :  6.74118e-10
 Reference value :  1.20826e-09
 Reference value :  2.00353e-09
 Reference value :  2.96118e-09
 Reference value :  3.72824e-09
 Reference value :  4.48353e-09
No. of Data Rows : 1345
vsup_v              =  1.20000e+00
d0now               =  -3.53136e-06
d1now               =  2.84548e-06
d2now               =  4.88942e-06
Reset re-loads circuit * comparator-transient-noise @ fs_27c_1.20v -- generated by sim/harness, do not edit

Circuit: * comparator-transient-noise @ fs_27c_1.20v -- generated by sim/harness, do not edit

Doing analysis at TEMP = 27.000000 and TNOM = 27.000000

Using SPARSE 1.3 as Direct Linear Solver

Initial Transient Solution
--------------------------

Node                                   Voltage
----                                   -------
vdd                                        1.2
cm                                         0.6
vd0                                          0
ap0                                        0.6
an0                                        0.6
ibn0                                  0.286672
x0.x1.tmid                         3.12055e-06
x0.x1.tail                            0.568079
clk                                          0
x0.x1.np                                   1.2
x0.x1.nn                                   1.2
x0.x1.ln                                   1.2
x0.x1.lp                                   1.2
x0.x1.lnb                          5.18456e-08
x0.x1.lpb                          5.18456e-08
x0.x1.na                               1.18121
doutb0                                 0.58511
dout0                                  0.58511
x0.x1.nb                               1.18121
vd1                                      0.001
ap1                                     0.6005
an1                                     0.5995
ibn1                                  0.286672
x1.x1.tmid                         3.12056e-06
x1.x1.tail                            0.568082
x1.x1.np                                   1.2
x1.x1.nn                                   1.2
x1.x1.ln                                   1.2
x1.x1.lp                                   1.2
x1.x1.lnb                          5.18456e-08
x1.x1.lpb                          5.18456e-08
x1.x1.na                               1.18121
doutb1                                 0.58511
dout1                                  0.58511
x1.x1.nb                               1.18121
vd2                                     -0.001
ap2                                     0.5995
an2                                     0.6005
ibn2                                  0.286672
x2.x1.tmid                         3.12056e-06
x2.x1.tail                            0.568082
x2.x1.np                                   1.2
x2.x1.nn                                   1.2
x2.x1.ln                                   1.2
x2.x1.lp                                   1.2
x2.x1.lnb                          5.18456e-08
x2.x1.lpb                          5.18456e-08
x2.x1.na                               1.18121
doutb2                                 0.58511
dout2                                  0.58511
x2.x1.nb                               1.18121
ean2#branch                        2.19281e-12
eap2#branch                        2.20387e-12
ean1#branch                        2.20387e-12
eap1#branch                        2.19281e-12
ean0#branch                        2.19832e-12
eap0#branch                        2.19832e-12
vclk#branch                        5.30518e-10
vd2#branch                                   0
vd1#branch                                   0
vd0#branch                                   0
vcm#branch                           1.319e-11
vsup#branch                       -0.000265892

 Reference value :  0.00000e+00
 Reference value :  7.01176e-10
 Reference value :  1.24824e-09
 Reference value :  2.12353e-09
 Reference value :  3.08353e-09
 Reference value :  3.90000e-09
 Reference value :  4.66000e-09
No. of Data Rows : 1345
vsup_v              =  1.20000e+00
d0now               =  -1.05330e-06
d1now               =  1.19999e+00
d2now               =  1.19999e+00
Reset re-loads circuit * comparator-transient-noise @ fs_27c_1.20v -- generated by sim/harness, do not edit

Circuit: * comparator-transient-noise @ fs_27c_1.20v -- generated by sim/harness, do not edit

Doing analysis at TEMP = 27.000000 and TNOM = 27.000000

Using SPARSE 1.3 as Direct Linear Solver

Initial Transient Solution
--------------------------

Node                                   Voltage
----                                   -------
vdd                                        1.2
cm                                         0.6
vd0                                          0
ap0                                        0.6
an0                                        0.6
ibn0                                  0.286672
x0.x1.tmid                         3.12055e-06
x0.x1.tail                            0.568079
clk                                          0
x0.x1.np                                   1.2
x0.x1.nn                                   1.2
x0.x1.ln                                   1.2
x0.x1.lp                                   1.2
x0.x1.lnb                          5.18456e-08
x0.x1.lpb                          5.18456e-08
x0.x1.na                               1.18121
doutb0                                 0.58511
dout0                                  0.58511
x0.x1.nb                               1.18121
vd1                                      0.001
ap1                                     0.6005
an1                                     0.5995
ibn1                                  0.286672
x1.x1.tmid                         3.12056e-06
x1.x1.tail                            0.568082
x1.x1.np                                   1.2
x1.x1.nn                                   1.2
x1.x1.ln                                   1.2
x1.x1.lp                                   1.2
x1.x1.lnb                          5.18456e-08
x1.x1.lpb                          5.18456e-08
x1.x1.na                               1.18121
doutb1                                 0.58511
dout1                                  0.58511
x1.x1.nb                               1.18121
vd2                                     -0.001
ap2                                     0.5995
an2                                     0.6005
ibn2                                  0.286672
x2.x1.tmid                         3.12056e-06
x2.x1.tail                            0.568082
x2.x1.np                                   1.2
x2.x1.nn                                   1.2
x2.x1.ln                                   1.2
x2.x1.lp                                   1.2
x2.x1.lnb                          5.18456e-08
x2.x1.lpb                          5.18456e-08
x2.x1.na                               1.18121
doutb2                                 0.58511
dout2                                  0.58511
x2.x1.nb                               1.18121
ean2#branch                        2.19281e-12
eap2#branch                        2.20387e-12
ean1#branch                        2.20387e-12
eap1#branch                        2.19281e-12
ean0#branch                        2.19832e-12
eap0#branch                        2.19832e-12
vclk#branch                        5.30518e-10
vd2#branch                                   0
vd1#branch                                   0
vd0#branch                                   0
vcm#branch                           1.319e-11
vsup#branch                       -0.000265892

 Reference value :  0.00000e+00
 Reference value :  6.63529e-10
 Reference value :  1.20826e-09
 Reference value :  2.06000e-09
 Reference value :  2.98824e-09
 Reference value :  3.76353e-09
 Reference value :  4.52824e-09
No. of Data Rows : 1345
vsup_v              =  1.20000e+00
d0now               =  -1.74591e-06
d1now               =  1.19999e+00
d2now               =  1.19999e+00
Reset re-loads circuit * comparator-transient-noise @ fs_27c_1.20v -- generated by sim/harness, do not edit

Circuit: * comparator-transient-noise @ fs_27c_1.20v -- generated by sim/harness, do not edit

Doing analysis at TEMP = 27.000000 and TNOM = 27.000000

Using SPARSE 1.3 as Direct Linear Solver

Initial Transient Solution
--------------------------

Node                                   Voltage
----                                   -------
vdd                                        1.2
cm                                         0.6
vd0                                          0
ap0                                        0.6
an0                                        0.6
ibn0                                  0.286672
x0.x1.tmid                         3.12055e-06
x0.x1.tail                            0.568079
clk                                          0
x0.x1.np                                   1.2
x0.x1.nn                                   1.2
x0.x1.ln                                   1.2
x0.x1.lp                                   1.2
x0.x1.lnb                          5.18456e-08
x0.x1.lpb                          5.18456e-08
x0.x1.na                               1.18121
doutb0                                 0.58511
dout0                                  0.58511
x0.x1.nb                               1.18121
vd1                                      0.001
ap1                                     0.6005
an1                                     0.5995
ibn1                                  0.286672
x1.x1.tmid                         3.12056e-06
x1.x1.tail                            0.568082
x1.x1.np                                   1.2
x1.x1.nn                                   1.2
x1.x1.ln                                   1.2
x1.x1.lp                                   1.2
x1.x1.lnb                          5.18456e-08
x1.x1.lpb                          5.18456e-08
x1.x1.na                               1.18121
doutb1                                 0.58511
dout1                                  0.58511
x1.x1.nb                               1.18121
vd2                                     -0.001
ap2                                     0.5995
an2                                     0.6005
ibn2                                  0.286672
x2.x1.tmid                         3.12056e-06
x2.x1.tail                            0.568082
x2.x1.np                                   1.2
x2.x1.nn                                   1.2
x2.x1.ln                                   1.2
x2.x1.lp                                   1.2
x2.x1.lnb                          5.18456e-08
x2.x1.lpb                          5.18456e-08
x2.x1.na                               1.18121
doutb2                                 0.58511
dout2                                  0.58511
x2.x1.nb                               1.18121
ean2#branch                        2.19281e-12
eap2#branch                        2.20387e-12
ean1#branch                        2.20387e-12
eap1#branch                        2.19281e-12
ean0#branch                        2.19832e-12
eap0#branch                        2.19832e-12
vclk#branch                        5.30518e-10
vd2#branch                                   0
vd1#branch                                   0
vd0#branch                                   0
vcm#branch                           1.319e-11
vsup#branch                       -0.000265892

 Reference value :  0.00000e+00
 Reference value :  6.60000e-10
 Reference value :  1.18821e-09
 Reference value :  2.03412e-09
 Reference value :  2.97412e-09
 Reference value :  3.80353e-09
 Reference value :  4.55412e-09
No. of Data Rows : 1345
vsup_v              =  1.20000e+00
d0now               =  1.26256e-06
d1now               =  1.20000e+00
d2now               =  1.07957e-06
Reset re-loads circuit * comparator-transient-noise @ fs_27c_1.20v -- generated by sim/harness, do not edit

Circuit: * comparator-transient-noise @ fs_27c_1.20v -- generated by sim/harness, do not edit

Doing analysis at TEMP = 27.000000 and TNOM = 27.000000

Using SPARSE 1.3 as Direct Linear Solver

Initial Transient Solution
--------------------------

Node                                   Voltage
----                                   -------
vdd                                        1.2
cm                                         0.6
vd0                                          0
ap0                                        0.6
an0                                        0.6
ibn0                                  0.286672
x0.x1.tmid                         3.12055e-06
x0.x1.tail                            0.568079
clk                                          0
x0.x1.np                                   1.2
x0.x1.nn                                   1.2
x0.x1.ln                                   1.2
x0.x1.lp                                   1.2
x0.x1.lnb                          5.18456e-08
x0.x1.lpb                          5.18456e-08
x0.x1.na                               1.18121
doutb0                                 0.58511
dout0                                  0.58511
x0.x1.nb                               1.18121
vd1                                      0.001
ap1                                     0.6005
an1                                     0.5995
ibn1                                  0.286672
x1.x1.tmid                         3.12056e-06
x1.x1.tail                            0.568082
x1.x1.np                                   1.2
x1.x1.nn                                   1.2
x1.x1.ln                                   1.2
x1.x1.lp                                   1.2
x1.x1.lnb                          5.18456e-08
x1.x1.lpb                          5.18456e-08
x1.x1.na                               1.18121
doutb1                                 0.58511
dout1                                  0.58511
x1.x1.nb                               1.18121
vd2                                     -0.001
ap2                                     0.5995
an2                                     0.6005
ibn2                                  0.286672
x2.x1.tmid                         3.12056e-06
x2.x1.tail                            0.568082
x2.x1.np                                   1.2
x2.x1.nn                                   1.2
x2.x1.ln                                   1.2
x2.x1.lp                                   1.2
x2.x1.lnb                          5.18456e-08
x2.x1.lpb                          5.18456e-08
x2.x1.na                               1.18121
doutb2                                 0.58511
dout2                                  0.58511
x2.x1.nb                               1.18121
ean2#branch                        2.19281e-12
eap2#branch                        2.20387e-12
ean1#branch                        2.20387e-12
eap1#branch                        2.19281e-12
ean0#branch                        2.19832e-12
eap0#branch                        2.19832e-12
vclk#branch                        5.30518e-10
vd2#branch                                   0
vd1#branch                                   0
vd0#branch                                   0
vcm#branch                           1.319e-11
vsup#branch                       -0.000265892

 Reference value :  0.00000e+00
 Reference value :  6.60000e-10
 Reference value :  1.24000e-09
 Reference value :  2.06118e-09
 Reference value :  3.00824e-09
 Reference value :  3.79412e-09
 Reference value :  4.56824e-09
No. of Data Rows : 1345
vsup_v              =  1.20000e+00
d0now               =  1.19999e+00
d1now               =  1.20000e+00
d2now               =  4.29836e-06
Reset re-loads circuit * comparator-transient-noise @ fs_27c_1.20v -- generated by sim/harness, do not edit

Circuit: * comparator-transient-noise @ fs_27c_1.20v -- generated by sim/harness, do not edit

Doing analysis at TEMP = 27.000000 and TNOM = 27.000000

Using SPARSE 1.3 as Direct Linear Solver

Initial Transient Solution
--------------------------

Node                                   Voltage
----                                   -------
vdd                                        1.2
cm                                         0.6
vd0                                          0
ap0                                        0.6
an0                                        0.6
ibn0                                  0.286672
x0.x1.tmid                         3.12055e-06
x0.x1.tail                            0.568079
clk                                          0
x0.x1.np                                   1.2
x0.x1.nn                                   1.2
x0.x1.ln                                   1.2
x0.x1.lp                                   1.2
x0.x1.lnb                          5.18456e-08
x0.x1.lpb                          5.18456e-08
x0.x1.na                               1.18121
doutb0                                 0.58511
dout0                                  0.58511
x0.x1.nb                               1.18121
vd1                                      0.001
ap1                                     0.6005
an1                                     0.5995
ibn1                                  0.286672
x1.x1.tmid                         3.12056e-06
x1.x1.tail                            0.568082
x1.x1.np                                   1.2
x1.x1.nn                                   1.2
x1.x1.ln                                   1.2
x1.x1.lp                                   1.2
x1.x1.lnb                          5.18456e-08
x1.x1.lpb                          5.18456e-08
x1.x1.na                               1.18121
doutb1                                 0.58511
dout1                                  0.58511
x1.x1.nb                               1.18121
vd2                                     -0.001
ap2                                     0.5995
an2                                     0.6005
ibn2                                  0.286672
x2.x1.tmid                         3.12056e-06
x2.x1.tail                            0.568082
x2.x1.np                                   1.2
x2.x1.nn                                   1.2
x2.x1.ln                                   1.2
x2.x1.lp                                   1.2
x2.x1.lnb                          5.18456e-08
x2.x1.lpb                          5.18456e-08
x2.x1.na                               1.18121
doutb2                                 0.58511
dout2                                  0.58511
x2.x1.nb                               1.18121
ean2#branch                        2.19281e-12
eap2#branch                        2.20387e-12
ean1#branch                        2.20387e-12
eap1#branch                        2.19281e-12
ean0#branch                        2.19832e-12
eap0#branch                        2.19832e-12
vclk#branch                        5.30518e-10
vd2#branch                                   0
vd1#branch                                   0
vd0#branch                                   0
vcm#branch                           1.319e-11
vsup#branch                       -0.000265892

 Reference value :  0.00000e+00
 Reference value :  6.81176e-10
 Reference value :  1.20826e-09
 Reference value :  2.02353e-09
 Reference value :  2.94000e-09
 Reference value :  3.76000e-09
 Reference value :  4.52000e-09
No. of Data Rows : 1345
vsup_v              =  1.20000e+00
d0now               =  1.20000e+00
d1now               =  1.19999e+00
d2now               =  9.22131e-07
Reset re-loads circuit * comparator-transient-noise @ fs_27c_1.20v -- generated by sim/harness, do not edit

Circuit: * comparator-transient-noise @ fs_27c_1.20v -- generated by sim/harness, do not edit

Doing analysis at TEMP = 27.000000 and TNOM = 27.000000

Using SPARSE 1.3 as Direct Linear Solver

Initial Transient Solution
--------------------------

Node                                   Voltage
----                                   -------
vdd                                        1.2
cm                                         0.6
vd0                                          0
ap0                                        0.6
an0                                        0.6
ibn0                                  0.286672
x0.x1.tmid                         3.12055e-06
x0.x1.tail                            0.568079
clk                                          0
x0.x1.np                                   1.2
x0.x1.nn                                   1.2
x0.x1.ln                                   1.2
x0.x1.lp                                   1.2
x0.x1.lnb                          5.18456e-08
x0.x1.lpb                          5.18456e-08
x0.x1.na                               1.18121
doutb0                                 0.58511
dout0                                  0.58511
x0.x1.nb                               1.18121
vd1                                      0.001
ap1                                     0.6005
an1                                     0.5995
ibn1                                  0.286672
x1.x1.tmid                         3.12056e-06
x1.x1.tail                            0.568082
x1.x1.np                                   1.2
x1.x1.nn                                   1.2
x1.x1.ln                                   1.2
x1.x1.lp                                   1.2
x1.x1.lnb                          5.18456e-08
x1.x1.lpb                          5.18456e-08
x1.x1.na                               1.18121
doutb1                                 0.58511
dout1                                  0.58511
x1.x1.nb                               1.18121
vd2                                     -0.001
ap2                                     0.5995
an2                                     0.6005
ibn2                                  0.286672
x2.x1.tmid                         3.12056e-06
x2.x1.tail                            0.568082
x2.x1.np                                   1.2
x2.x1.nn                                   1.2
x2.x1.ln                                   1.2
x2.x1.lp                                   1.2
x2.x1.lnb                          5.18456e-08
x2.x1.lpb                          5.18456e-08
x2.x1.na                               1.18121
doutb2                                 0.58511
dout2                                  0.58511
x2.x1.nb                               1.18121
ean2#branch                        2.19281e-12
eap2#branch                        2.20387e-12
ean1#branch                        2.20387e-12
eap1#branch                        2.19281e-12
ean0#branch                        2.19832e-12
eap0#branch                        2.19832e-12
vclk#branch                        5.30518e-10
vd2#branch                                   0
vd1#branch                                   0
vd0#branch                                   0
vcm#branch                           1.319e-11
vsup#branch                       -0.000265892

 Reference value :  0.00000e+00
 Reference value :  6.61176e-10
 Reference value :  1.20118e-09
 Reference value :  2.03412e-09
 Reference value :  2.92118e-09
 Reference value :  3.74000e-09
 Reference value :  4.51412e-09
No. of Data Rows : 1345
vsup_v              =  1.20000e+00
d0now               =  2.36523e-06
d1now               =  1.19999e+00
d2now               =  5.54941e-07
Reset re-loads circuit * comparator-transient-noise @ fs_27c_1.20v -- generated by sim/harness, do not edit

Circuit: * comparator-transient-noise @ fs_27c_1.20v -- generated by sim/harness, do not edit

Doing analysis at TEMP = 27.000000 and TNOM = 27.000000

Using SPARSE 1.3 as Direct Linear Solver

Initial Transient Solution
--------------------------

Node                                   Voltage
----                                   -------
vdd                                        1.2
cm                                         0.6
vd0                                          0
ap0                                        0.6
an0                                        0.6
ibn0                                  0.286672
x0.x1.tmid                         3.12055e-06
x0.x1.tail                            0.568079
clk                                          0
x0.x1.np                                   1.2
x0.x1.nn                                   1.2
x0.x1.ln                                   1.2
x0.x1.lp                                   1.2
x0.x1.lnb                          5.18456e-08
x0.x1.lpb                          5.18456e-08
x0.x1.na                               1.18121
doutb0                                 0.58511
dout0                                  0.58511
x0.x1.nb                               1.18121
vd1                                      0.001
ap1                                     0.6005
an1                                     0.5995
ibn1                                  0.286672
x1.x1.tmid                         3.12056e-06
x1.x1.tail                            0.568082
x1.x1.np                                   1.2
x1.x1.nn                                   1.2
x1.x1.ln                                   1.2
x1.x1.lp                                   1.2
x1.x1.lnb                          5.18456e-08
x1.x1.lpb                          5.18456e-08
x1.x1.na                               1.18121
doutb1                                 0.58511
dout1                                  0.58511
x1.x1.nb                               1.18121
vd2                                     -0.001
ap2                                     0.5995
an2                                     0.6005
ibn2                                  0.286672
x2.x1.tmid                         3.12056e-06
x2.x1.tail                            0.568082
x2.x1.np                                   1.2
x2.x1.nn                                   1.2
x2.x1.ln                                   1.2
x2.x1.lp                                   1.2
x2.x1.lnb                          5.18456e-08
x2.x1.lpb                          5.18456e-08
x2.x1.na                               1.18121
doutb2                                 0.58511
dout2                                  0.58511
x2.x1.nb                               1.18121
ean2#branch                        2.19281e-12
eap2#branch                        2.20387e-12
ean1#branch                        2.20387e-12
eap1#branch                        2.19281e-12
ean0#branch                        2.19832e-12
eap0#branch                        2.19832e-12
vclk#branch                        5.30518e-10
vd2#branch                                   0
vd1#branch                                   0
vd0#branch                                   0
vcm#branch                           1.319e-11
vsup#branch                       -0.000265892

 Reference value :  0.00000e+00
 Reference value :  6.63529e-10
 Reference value :  1.18352e-09
 Reference value :  2.00353e-09
 Reference value :  2.92824e-09
 Reference value :  3.74353e-09
 Reference value :  4.48824e-09
No. of Data Rows : 1345
vsup_v              =  1.20000e+00
d0now               =  3.48682e-06
d1now               =  1.20000e+00
d2now               =  1.19999e+00
Reset re-loads circuit * comparator-transient-noise @ fs_27c_1.20v -- generated by sim/harness, do not edit

Circuit: * comparator-transient-noise @ fs_27c_1.20v -- generated by sim/harness, do not edit

Doing analysis at TEMP = 27.000000 and TNOM = 27.000000

Using SPARSE 1.3 as Direct Linear Solver

Initial Transient Solution
--------------------------

Node                                   Voltage
----                                   -------
vdd                                        1.2
cm                                         0.6
vd0                                          0
ap0                                        0.6
an0                                        0.6
ibn0                                  0.286672
x0.x1.tmid                         3.12055e-06
x0.x1.tail                            0.568079
clk                                          0
x0.x1.np                                   1.2
x0.x1.nn                                   1.2
x0.x1.ln                                   1.2
x0.x1.lp                                   1.2
x0.x1.lnb                          5.18456e-08
x0.x1.lpb                          5.18456e-08
x0.x1.na                               1.18121
doutb0                                 0.58511
dout0                                  0.58511
x0.x1.nb                               1.18121
vd1                                      0.001
ap1                                     0.6005
an1                                     0.5995
ibn1                                  0.286672
x1.x1.tmid                         3.12056e-06
x1.x1.tail                            0.568082
x1.x1.np                                   1.2
x1.x1.nn                                   1.2
x1.x1.ln                                   1.2
x1.x1.lp                                   1.2
x1.x1.lnb                          5.18456e-08
x1.x1.lpb                          5.18456e-08
x1.x1.na                               1.18121
doutb1                                 0.58511
dout1                                  0.58511
x1.x1.nb                               1.18121
vd2                                     -0.001
ap2                                     0.5995
an2                                     0.6005
ibn2                                  0.286672
x2.x1.tmid                         3.12056e-06
x2.x1.tail                            0.568082
x2.x1.np                                   1.2
x2.x1.nn                                   1.2
x2.x1.ln                                   1.2
x2.x1.lp                                   1.2
x2.x1.lnb                          5.18456e-08
x2.x1.lpb                          5.18456e-08
x2.x1.na                               1.18121
doutb2                                 0.58511
dout2                                  0.58511
x2.x1.nb                               1.18121
ean2#branch                        2.19281e-12
eap2#branch                        2.20387e-12
ean1#branch                        2.20387e-12
eap1#branch                        2.19281e-12
ean0#branch                        2.19832e-12
eap0#branch                        2.19832e-12
vclk#branch                        5.30518e-10
vd2#branch                                   0
vd1#branch                                   0
vd0#branch                                   0
vcm#branch                           1.319e-11
vsup#branch                       -0.000265892

 Reference value :  0.00000e+00
 Reference value :  6.61176e-10
 Reference value :  1.18821e-09
 Reference value :  2.00353e-09
 Reference value :  2.94118e-09
 Reference value :  3.78000e-09
 Reference value :  4.52353e-09
No. of Data Rows : 1345
vsup_v              =  1.20000e+00
d0now               =  3.21145e-06
d1now               =  1.19999e+00
d2now               =  -1.30449e-06
Reset re-loads circuit * comparator-transient-noise @ fs_27c_1.20v -- generated by sim/harness, do not edit

Circuit: * comparator-transient-noise @ fs_27c_1.20v -- generated by sim/harness, do not edit

Doing analysis at TEMP = 27.000000 and TNOM = 27.000000

Using SPARSE 1.3 as Direct Linear Solver

Initial Transient Solution
--------------------------

Node                                   Voltage
----                                   -------
vdd                                        1.2
cm                                         0.6
vd0                                          0
ap0                                        0.6
an0                                        0.6
ibn0                                  0.286672
x0.x1.tmid                         3.12055e-06
x0.x1.tail                            0.568079
clk                                          0
x0.x1.np                                   1.2
x0.x1.nn                                   1.2
x0.x1.ln                                   1.2
x0.x1.lp                                   1.2
x0.x1.lnb                          5.18456e-08
x0.x1.lpb                          5.18456e-08
x0.x1.na                               1.18121
doutb0                                 0.58511
dout0                                  0.58511
x0.x1.nb                               1.18121
vd1                                      0.001
ap1                                     0.6005
an1                                     0.5995
ibn1                                  0.286672
x1.x1.tmid                         3.12056e-06
x1.x1.tail                            0.568082
x1.x1.np                                   1.2
x1.x1.nn                                   1.2
x1.x1.ln                                   1.2
x1.x1.lp                                   1.2
x1.x1.lnb                          5.18456e-08
x1.x1.lpb                          5.18456e-08
x1.x1.na                               1.18121
doutb1                                 0.58511
dout1                                  0.58511
x1.x1.nb                               1.18121
vd2                                     -0.001
ap2                                     0.5995
an2                                     0.6005
ibn2                                  0.286672
x2.x1.tmid                         3.12056e-06
x2.x1.tail                            0.568082
x2.x1.np                                   1.2
x2.x1.nn                                   1.2
x2.x1.ln                                   1.2
x2.x1.lp                                   1.2
x2.x1.lnb                          5.18456e-08
x2.x1.lpb                          5.18456e-08
x2.x1.na                               1.18121
doutb2                                 0.58511
dout2                                  0.58511
x2.x1.nb                               1.18121
ean2#branch                        2.19281e-12
eap2#branch                        2.20387e-12
ean1#branch                        2.20387e-12
eap1#branch                        2.19281e-12
ean0#branch                        2.19832e-12
eap0#branch                        2.19832e-12
vclk#branch                        5.30518e-10
vd2#branch                                   0
vd1#branch                                   0
vd0#branch                                   0
vcm#branch                           1.319e-11
vsup#branch                       -0.000265892

 Reference value :  0.00000e+00
 Reference value :  6.54118e-10
 Reference value :  1.16828e-09
 Reference value :  1.98118e-09
 Reference value :  2.86353e-09
 Reference value :  3.71412e-09
 Reference value :  4.58000e-09
No. of Data Rows : 1345
vsup_v              =  1.20000e+00
d0now               =  2.53917e-06
d1now               =  1.20000e+00
d2now               =  1.19999e+00
Reset re-loads circuit * comparator-transient-noise @ fs_27c_1.20v -- generated by sim/harness, do not edit

Circuit: * comparator-transient-noise @ fs_27c_1.20v -- generated by sim/harness, do not edit

Doing analysis at TEMP = 27.000000 and TNOM = 27.000000

Using SPARSE 1.3 as Direct Linear Solver

Initial Transient Solution
--------------------------

Node                                   Voltage
----                                   -------
vdd                                        1.2
cm                                         0.6
vd0                                          0
ap0                                        0.6
an0                                        0.6
ibn0                                  0.286672
x0.x1.tmid                         3.12055e-06
x0.x1.tail                            0.568079
clk                                          0
x0.x1.np                                   1.2
x0.x1.nn                                   1.2
x0.x1.ln                                   1.2
x0.x1.lp                                   1.2
x0.x1.lnb                          5.18456e-08
x0.x1.lpb                          5.18456e-08
x0.x1.na                               1.18121
doutb0                                 0.58511
dout0                                  0.58511
x0.x1.nb                               1.18121
vd1                                      0.001
ap1                                     0.6005
an1                                     0.5995
ibn1                                  0.286672
x1.x1.tmid                         3.12056e-06
x1.x1.tail                            0.568082
x1.x1.np                                   1.2
x1.x1.nn                                   1.2
x1.x1.ln                                   1.2
x1.x1.lp                                   1.2
x1.x1.lnb                          5.18456e-08
x1.x1.lpb                          5.18456e-08
x1.x1.na                               1.18121
doutb1                                 0.58511
dout1                                  0.58511
x1.x1.nb                               1.18121
vd2                                     -0.001
ap2                                     0.5995
an2                                     0.6005
ibn2                                  0.286672
x2.x1.tmid                         3.12056e-06
x2.x1.tail                            0.568082
x2.x1.np                                   1.2
x2.x1.nn                                   1.2
x2.x1.ln                                   1.2
x2.x1.lp                                   1.2
x2.x1.lnb                          5.18456e-08
x2.x1.lpb                          5.18456e-08
x2.x1.na                               1.18121
doutb2                                 0.58511
dout2                                  0.58511
x2.x1.nb                               1.18121
ean2#branch                        2.19281e-12
eap2#branch                        2.20387e-12
ean1#branch                        2.20387e-12
eap1#branch                        2.19281e-12
ean0#branch                        2.19832e-12
eap0#branch                        2.19832e-12
vclk#branch                        5.30518e-10
vd2#branch                                   0
vd1#branch                                   0
vd0#branch                                   0
vcm#branch                           1.319e-11
vsup#branch                       -0.000265892

 Reference value :  0.00000e+00
 Reference value :  6.54118e-10
 Reference value :  1.20000e-09
 Reference value :  2.00824e-09
 Reference value :  2.86824e-09
 Reference value :  3.68000e-09
 Reference value :  4.42000e-09
No. of Data Rows : 1345
vsup_v              =  1.20000e+00
d0now               =  1.20000e+00
d1now               =  3.41024e-06
d2now               =  3.07014e-06
Reset re-loads circuit * comparator-transient-noise @ fs_27c_1.20v -- generated by sim/harness, do not edit

Circuit: * comparator-transient-noise @ fs_27c_1.20v -- generated by sim/harness, do not edit

Doing analysis at TEMP = 27.000000 and TNOM = 27.000000

Using SPARSE 1.3 as Direct Linear Solver

Initial Transient Solution
--------------------------

Node                                   Voltage
----                                   -------
vdd                                        1.2
cm                                         0.6
vd0                                          0
ap0                                        0.6
an0                                        0.6
ibn0                                  0.286672
x0.x1.tmid                         3.12055e-06
x0.x1.tail                            0.568079
clk                                          0
x0.x1.np                                   1.2
x0.x1.nn                                   1.2
x0.x1.ln                                   1.2
x0.x1.lp                                   1.2
x0.x1.lnb                          5.18456e-08
x0.x1.lpb                          5.18456e-08
x0.x1.na                               1.18121
doutb0                                 0.58511
dout0                                  0.58511
x0.x1.nb                               1.18121
vd1                                      0.001
ap1                                     0.6005
an1                                     0.5995
ibn1                                  0.286672
x1.x1.tmid                         3.12056e-06
x1.x1.tail                            0.568082
x1.x1.np                                   1.2
x1.x1.nn                                   1.2
x1.x1.ln                                   1.2
x1.x1.lp                                   1.2
x1.x1.lnb                          5.18456e-08
x1.x1.lpb                          5.18456e-08
x1.x1.na                               1.18121
doutb1                                 0.58511
dout1                                  0.58511
x1.x1.nb                               1.18121
vd2                                     -0.001
ap2                                     0.5995
an2                                     0.6005
ibn2                                  0.286672
x2.x1.tmid                         3.12056e-06
x2.x1.tail                            0.568082
x2.x1.np                                   1.2
x2.x1.nn                                   1.2
x2.x1.ln                                   1.2
x2.x1.lp                                   1.2
x2.x1.lnb                          5.18456e-08
x2.x1.lpb                          5.18456e-08
x2.x1.na                               1.18121
doutb2                                 0.58511
dout2                                  0.58511
x2.x1.nb                               1.18121
ean2#branch                        2.19281e-12
eap2#branch                        2.20387e-12
ean1#branch                        2.20387e-12
eap1#branch                        2.19281e-12
ean0#branch                        2.19832e-12
eap0#branch                        2.19832e-12
vclk#branch                        5.30518e-10
vd2#branch                                   0
vd1#branch                                   0
vd0#branch                                   0
vcm#branch                           1.319e-11
vsup#branch                       -0.000265892

 Reference value :  0.00000e+00
 Reference value :  6.60000e-10
 Reference value :  1.18000e-09
 Reference value :  2.06824e-09
 Reference value :  3.00353e-09
 Reference value :  3.80000e-09
 Reference value :  4.53412e-09
No. of Data Rows : 1345
vsup_v              =  1.20000e+00
d0now               =  1.53949e-06
d1now               =  1.20000e+00
d2now               =  -1.40078e-06
m_frac_high_zero = 4.1249973461e-01
m_frac_high_plus = 8.3749801704e-01
m_frac_high_minus = 2.2500083712e-01
Note: Simulation executed from .control section 

Warning: m=xx on .subckt line will override multiplier m hierarchy!

