
Note: Compatibility modes selected: hs a


Circuit: * comparator-transient-noise @ ss_-40c_1.08v -- generated by sim/harness, do not edit

Reset re-loads circuit * comparator-transient-noise @ ss_-40c_1.08v -- generated by sim/harness, do not edit

Circuit: * comparator-transient-noise @ ss_-40c_1.08v -- generated by sim/harness, do not edit

Doing analysis at TEMP = -40.000000 and TNOM = 27.000000

Using SPARSE 1.3 as Direct Linear Solver

Initial Transient Solution
--------------------------

Node                                   Voltage
----                                   -------
vdd                                       1.08
cm                                         0.6
vd0                                          0
ap0                                        0.6
an0                                        0.6
ibn0                                  0.390914
x0.x1.tmid                         1.45509e-09
x0.x1.tail                             0.58011
clk                                          0
x0.x1.np                                  1.08
x0.x1.nn                                  1.08
x0.x1.ln                                  1.08
x0.x1.lp                                  1.08
x0.x1.lnb                          6.52402e-09
x0.x1.lpb                          6.52402e-09
x0.x1.na                               1.07792
doutb0                                0.547973
dout0                                 0.547973
x0.x1.nb                               1.07792
vd1                                      0.001
ap1                                     0.6005
an1                                     0.5995
ibn1                                  0.390914
x1.x1.tmid                         1.45509e-09
x1.x1.tail                            0.580115
x1.x1.np                                  1.08
x1.x1.nn                                  1.08
x1.x1.ln                                  1.08
x1.x1.lp                                  1.08
x1.x1.lnb                          6.52402e-09
x1.x1.lpb                          6.52402e-09
x1.x1.na                               1.07792
doutb1                                0.547973
dout1                                 0.547973
x1.x1.nb                               1.07792
vd2                                     -0.001
ap2                                     0.5995
an2                                     0.6005
ibn2                                  0.390914
x2.x1.tmid                         1.45509e-09
x2.x1.tail                            0.580115
x2.x1.np                                  1.08
x2.x1.nn                                  1.08
x2.x1.ln                                  1.08
x2.x1.lp                                  1.08
x2.x1.lnb                          6.52402e-09
x2.x1.lpb                          6.52402e-09
x2.x1.na                               1.07792
doutb2                                0.547973
dout2                                 0.547973
x2.x1.nb                               1.07792
ean2#branch                        6.12508e-14
eap2#branch                        6.16304e-14
ean1#branch                        6.16304e-14
eap1#branch                        6.12508e-14
ean0#branch                        6.14093e-14
eap0#branch                        6.14093e-14
vclk#branch                        1.33896e-10
vd2#branch                                   0
vd1#branch                                   0
vd0#branch                                   0
vcm#branch                         3.68581e-13
vsup#branch                       -7.99098e-05

 Reference value :  0.00000e+00
 Reference value :  6.68235e-10
 Reference value :  1.23411e-09
 Reference value :  2.12824e-09
 Reference value :  2.98000e-09
 Reference value :  3.98353e-09
 Reference value :  4.80118e-09
No. of Data Rows : 1345
vsup_v              =  1.08000e+00
d0now               =  1.08000e+00
d1now               =  1.08000e+00
d2now               =  1.08000e+00
Reset re-loads circuit * comparator-transient-noise @ ss_-40c_1.08v -- generated by sim/harness, do not edit

Circuit: * comparator-transient-noise @ ss_-40c_1.08v -- generated by sim/harness, do not edit

Doing analysis at TEMP = -40.000000 and TNOM = 27.000000

Using SPARSE 1.3 as Direct Linear Solver

Initial Transient Solution
--------------------------

Node                                   Voltage
----                                   -------
vdd                                       1.08
cm                                         0.6
vd0                                          0
ap0                                        0.6
an0                                        0.6
ibn0                                  0.390914
x0.x1.tmid                         1.45509e-09
x0.x1.tail                             0.58011
clk                                          0
x0.x1.np                                  1.08
x0.x1.nn                                  1.08
x0.x1.ln                                  1.08
x0.x1.lp                                  1.08
x0.x1.lnb                          6.52402e-09
x0.x1.lpb                          6.52402e-09
x0.x1.na                               1.07792
doutb0                                0.547973
dout0                                 0.547973
x0.x1.nb                               1.07792
vd1                                      0.001
ap1                                     0.6005
an1                                     0.5995
ibn1                                  0.390914
x1.x1.tmid                         1.45509e-09
x1.x1.tail                            0.580115
x1.x1.np                                  1.08
x1.x1.nn                                  1.08
x1.x1.ln                                  1.08
x1.x1.lp                                  1.08
x1.x1.lnb                          6.52402e-09
x1.x1.lpb                          6.52402e-09
x1.x1.na                               1.07792
doutb1                                0.547973
dout1                                 0.547973
x1.x1.nb                               1.07792
vd2                                     -0.001
ap2                                     0.5995
an2                                     0.6005
ibn2                                  0.390914
x2.x1.tmid                         1.45509e-09
x2.x1.tail                            0.580115
x2.x1.np                                  1.08
x2.x1.nn                                  1.08
x2.x1.ln                                  1.08
x2.x1.lp                                  1.08
x2.x1.lnb                          6.52402e-09
x2.x1.lpb                          6.52402e-09
x2.x1.na                               1.07792
doutb2                                0.547973
dout2                                 0.547973
x2.x1.nb                               1.07792
ean2#branch                        6.12508e-14
eap2#branch                        6.16304e-14
ean1#branch                        6.16304e-14
eap1#branch                        6.12508e-14
ean0#branch                        6.14093e-14
eap0#branch                        6.14093e-14
vclk#branch                        1.33896e-10
vd2#branch                                   0
vd1#branch                                   0
vd0#branch                                   0
vcm#branch                         3.68581e-13
vsup#branch                       -7.99098e-05

 Reference value :  0.00000e+00
 Reference value :  6.48235e-10
 Reference value :  1.14818e-09
 Reference value :  2.00824e-09
 Reference value :  2.84824e-09
 Reference value :  3.62000e-09
 Reference value :  4.35412e-09
 Reference value :  5.08000e-09
No. of Data Rows : 1345
vsup_v              =  1.08000e+00
d0now               =  1.08000e+00
d1now               =  1.08000e+00
d2now               =  1.08000e+00
Reset re-loads circuit * comparator-transient-noise @ ss_-40c_1.08v -- generated by sim/harness, do not edit

Circuit: * comparator-transient-noise @ ss_-40c_1.08v -- generated by sim/harness, do not edit

Doing analysis at TEMP = -40.000000 and TNOM = 27.000000

Using SPARSE 1.3 as Direct Linear Solver

Initial Transient Solution
--------------------------

Node                                   Voltage
----                                   -------
vdd                                       1.08
cm                                         0.6
vd0                                          0
ap0                                        0.6
an0                                        0.6
ibn0                                  0.390914
x0.x1.tmid                         1.45509e-09
x0.x1.tail                             0.58011
clk                                          0
x0.x1.np                                  1.08
x0.x1.nn                                  1.08
x0.x1.ln                                  1.08
x0.x1.lp                                  1.08
x0.x1.lnb                          6.52402e-09
x0.x1.lpb                          6.52402e-09
x0.x1.na                               1.07792
doutb0                                0.547973
dout0                                 0.547973
x0.x1.nb                               1.07792
vd1                                      0.001
ap1                                     0.6005
an1                                     0.5995
ibn1                                  0.390914
x1.x1.tmid                         1.45509e-09
x1.x1.tail                            0.580115
x1.x1.np                                  1.08
x1.x1.nn                                  1.08
x1.x1.ln                                  1.08
x1.x1.lp                                  1.08
x1.x1.lnb                          6.52402e-09
x1.x1.lpb                          6.52402e-09
x1.x1.na                               1.07792
doutb1                                0.547973
dout1                                 0.547973
x1.x1.nb                               1.07792
vd2                                     -0.001
ap2                                     0.5995
an2                                     0.6005
ibn2                                  0.390914
x2.x1.tmid                         1.45509e-09
x2.x1.tail                            0.580115
x2.x1.np                                  1.08
x2.x1.nn                                  1.08
x2.x1.ln                                  1.08
x2.x1.lp                                  1.08
x2.x1.lnb                          6.52402e-09
x2.x1.lpb                          6.52402e-09
x2.x1.na                               1.07792
doutb2                                0.547973
dout2                                 0.547973
x2.x1.nb                               1.07792
ean2#branch                        6.12508e-14
eap2#branch                        6.16304e-14
ean1#branch                        6.16304e-14
eap1#branch                        6.12508e-14
ean0#branch                        6.14093e-14
eap0#branch                        6.14093e-14
vclk#branch                        1.33896e-10
vd2#branch                                   0
vd1#branch                                   0
vd0#branch                                   0
vcm#branch                         3.68581e-13
vsup#branch                       -7.99098e-05

 Reference value :  0.00000e+00
 Reference value :  6.48235e-10
 Reference value :  1.16355e-09
 Reference value :  2.05412e-09
 Reference value :  2.87412e-09
 Reference value :  3.58824e-09
 Reference value :  4.30000e-09
 Reference value :  5.00824e-09
No. of Data Rows : 1345
vsup_v              =  1.08000e+00
d0now               =  1.08000e+00
d1now               =  1.08000e+00
d2now               =  3.18425e-07
Reset re-loads circuit * comparator-transient-noise @ ss_-40c_1.08v -- generated by sim/harness, do not edit

Circuit: * comparator-transient-noise @ ss_-40c_1.08v -- generated by sim/harness, do not edit

Doing analysis at TEMP = -40.000000 and TNOM = 27.000000

Using SPARSE 1.3 as Direct Linear Solver

Initial Transient Solution
--------------------------

Node                                   Voltage
----                                   -------
vdd                                       1.08
cm                                         0.6
vd0                                          0
ap0                                        0.6
an0                                        0.6
ibn0                                  0.390914
x0.x1.tmid                         1.45509e-09
x0.x1.tail                             0.58011
clk                                          0
x0.x1.np                                  1.08
x0.x1.nn                                  1.08
x0.x1.ln                                  1.08
x0.x1.lp                                  1.08
x0.x1.lnb                          6.52402e-09
x0.x1.lpb                          6.52402e-09
x0.x1.na                               1.07792
doutb0                                0.547973
dout0                                 0.547973
x0.x1.nb                               1.07792
vd1                                      0.001
ap1                                     0.6005
an1                                     0.5995
ibn1                                  0.390914
x1.x1.tmid                         1.45509e-09
x1.x1.tail                            0.580115
x1.x1.np                                  1.08
x1.x1.nn                                  1.08
x1.x1.ln                                  1.08
x1.x1.lp                                  1.08
x1.x1.lnb                          6.52402e-09
x1.x1.lpb                          6.52402e-09
x1.x1.na                               1.07792
doutb1                                0.547973
dout1                                 0.547973
x1.x1.nb                               1.07792
vd2                                     -0.001
ap2                                     0.5995
an2                                     0.6005
ibn2                                  0.390914
x2.x1.tmid                         1.45509e-09
x2.x1.tail                            0.580115
x2.x1.np                                  1.08
x2.x1.nn                                  1.08
x2.x1.ln                                  1.08
x2.x1.lp                                  1.08
x2.x1.lnb                          6.52402e-09
x2.x1.lpb                          6.52402e-09
x2.x1.na                               1.07792
doutb2                                0.547973
dout2                                 0.547973
x2.x1.nb                               1.07792
ean2#branch                        6.12508e-14
eap2#branch                        6.16304e-14
ean1#branch                        6.16304e-14
eap1#branch                        6.12508e-14
ean0#branch                        6.14093e-14
eap0#branch                        6.14093e-14
vclk#branch                        1.33896e-10
vd2#branch                                   0
vd1#branch                                   0
vd0#branch                                   0
vcm#branch                         3.68581e-13
vsup#branch                       -7.99098e-05

 Reference value :  0.00000e+00
 Reference value :  6.60000e-10
 Reference value :  1.18117e-09
 Reference value :  2.04824e-09
 Reference value :  2.90000e-09
 Reference value :  3.64353e-09
 Reference value :  4.38353e-09
No. of Data Rows : 1345
vsup_v              =  1.08000e+00
d0now               =  1.08000e+00
d1now               =  1.08000e+00
d2now               =  -4.71361e-07
Reset re-loads circuit * comparator-transient-noise @ ss_-40c_1.08v -- generated by sim/harness, do not edit

Circuit: * comparator-transient-noise @ ss_-40c_1.08v -- generated by sim/harness, do not edit

Doing analysis at TEMP = -40.000000 and TNOM = 27.000000

Using SPARSE 1.3 as Direct Linear Solver

Initial Transient Solution
--------------------------

Node                                   Voltage
----                                   -------
vdd                                       1.08
cm                                         0.6
vd0                                          0
ap0                                        0.6
an0                                        0.6
ibn0                                  0.390914
x0.x1.tmid                         1.45509e-09
x0.x1.tail                             0.58011
clk                                          0
x0.x1.np                                  1.08
x0.x1.nn                                  1.08
x0.x1.ln                                  1.08
x0.x1.lp                                  1.08
x0.x1.lnb                          6.52402e-09
x0.x1.lpb                          6.52402e-09
x0.x1.na                               1.07792
doutb0                                0.547973
dout0                                 0.547973
x0.x1.nb                               1.07792
vd1                                      0.001
ap1                                     0.6005
an1                                     0.5995
ibn1                                  0.390914
x1.x1.tmid                         1.45509e-09
x1.x1.tail                            0.580115
x1.x1.np                                  1.08
x1.x1.nn                                  1.08
x1.x1.ln                                  1.08
x1.x1.lp                                  1.08
x1.x1.lnb                          6.52402e-09
x1.x1.lpb                          6.52402e-09
x1.x1.na                               1.07792
doutb1                                0.547973
dout1                                 0.547973
x1.x1.nb                               1.07792
vd2                                     -0.001
ap2                                     0.5995
an2                                     0.6005
ibn2                                  0.390914
x2.x1.tmid                         1.45509e-09
x2.x1.tail                            0.580115
x2.x1.np                                  1.08
x2.x1.nn                                  1.08
x2.x1.ln                                  1.08
x2.x1.lp                                  1.08
x2.x1.lnb                          6.52402e-09
x2.x1.lpb                          6.52402e-09
x2.x1.na                               1.07792
doutb2                                0.547973
dout2                                 0.547973
x2.x1.nb                               1.07792
ean2#branch                        6.12508e-14
eap2#branch                        6.16304e-14
ean1#branch                        6.16304e-14
eap1#branch                        6.12508e-14
ean0#branch                        6.14093e-14
eap0#branch                        6.14093e-14
vclk#branch                        1.33896e-10
vd2#branch                                   0
vd1#branch                                   0
vd0#branch                                   0
vcm#branch                         3.68581e-13
vsup#branch                       -7.99098e-05

 Reference value :  0.00000e+00
 Reference value :  7.03529e-10
 Reference value :  1.23411e-09
 Reference value :  2.08118e-09
 Reference value :  2.96000e-09
 Reference value :  3.76353e-09
 Reference value :  4.48000e-09
No. of Data Rows : 1345
vsup_v              =  1.08000e+00
d0now               =  1.82986e-07
d1now               =  1.08000e+00
d2now               =  1.08000e+00
Reset re-loads circuit * comparator-transient-noise @ ss_-40c_1.08v -- generated by sim/harness, do not edit

Circuit: * comparator-transient-noise @ ss_-40c_1.08v -- generated by sim/harness, do not edit

Doing analysis at TEMP = -40.000000 and TNOM = 27.000000

Using SPARSE 1.3 as Direct Linear Solver

Initial Transient Solution
--------------------------

Node                                   Voltage
----                                   -------
vdd                                       1.08
cm                                         0.6
vd0                                          0
ap0                                        0.6
an0                                        0.6
ibn0                                  0.390914
x0.x1.tmid                         1.45509e-09
x0.x1.tail                             0.58011
clk                                          0
x0.x1.np                                  1.08
x0.x1.nn                                  1.08
x0.x1.ln                                  1.08
x0.x1.lp                                  1.08
x0.x1.lnb                          6.52402e-09
x0.x1.lpb                          6.52402e-09
x0.x1.na                               1.07792
doutb0                                0.547973
dout0                                 0.547973
x0.x1.nb                               1.07792
vd1                                      0.001
ap1                                     0.6005
an1                                     0.5995
ibn1                                  0.390914
x1.x1.tmid                         1.45509e-09
x1.x1.tail                            0.580115
x1.x1.np                                  1.08
x1.x1.nn                                  1.08
x1.x1.ln                                  1.08
x1.x1.lp                                  1.08
x1.x1.lnb                          6.52402e-09
x1.x1.lpb                          6.52402e-09
x1.x1.na                               1.07792
doutb1                                0.547973
dout1                                 0.547973
x1.x1.nb                               1.07792
vd2                                     -0.001
ap2                                     0.5995
an2                                     0.6005
ibn2                                  0.390914
x2.x1.tmid                         1.45509e-09
x2.x1.tail                            0.580115
x2.x1.np                                  1.08
x2.x1.nn                                  1.08
x2.x1.ln                                  1.08
x2.x1.lp                                  1.08
x2.x1.lnb                          6.52402e-09
x2.x1.lpb                          6.52402e-09
x2.x1.na                               1.07792
doutb2                                0.547973
dout2                                 0.547973
x2.x1.nb                               1.07792
ean2#branch                        6.12508e-14
eap2#branch                        6.16304e-14
ean1#branch                        6.16304e-14
eap1#branch                        6.12508e-14
ean0#branch                        6.14093e-14
eap0#branch                        6.14093e-14
vclk#branch                        1.33896e-10
vd2#branch                                   0
vd1#branch                                   0
vd0#branch                                   0
vcm#branch                         3.68581e-13
vsup#branch                       -7.99098e-05

 Reference value :  0.00000e+00
 Reference value :  6.61176e-10
 Reference value :  1.18352e-09
 Reference value :  2.10824e-09
 Reference value :  2.92824e-09
 Reference value :  3.74000e-09
 Reference value :  4.43412e-09
No. of Data Rows : 1345
vsup_v              =  1.08000e+00
d0now               =  2.77037e-07
d1now               =  1.08000e+00
d2now               =  1.08000e+00
Reset re-loads circuit * comparator-transient-noise @ ss_-40c_1.08v -- generated by sim/harness, do not edit

Circuit: * comparator-transient-noise @ ss_-40c_1.08v -- generated by sim/harness, do not edit

Doing analysis at TEMP = -40.000000 and TNOM = 27.000000

Using SPARSE 1.3 as Direct Linear Solver

Initial Transient Solution
--------------------------

Node                                   Voltage
----                                   -------
vdd                                       1.08
cm                                         0.6
vd0                                          0
ap0                                        0.6
an0                                        0.6
ibn0                                  0.390914
x0.x1.tmid                         1.45509e-09
x0.x1.tail                             0.58011
clk                                          0
x0.x1.np                                  1.08
x0.x1.nn                                  1.08
x0.x1.ln                                  1.08
x0.x1.lp                                  1.08
x0.x1.lnb                          6.52402e-09
x0.x1.lpb                          6.52402e-09
x0.x1.na                               1.07792
doutb0                                0.547973
dout0                                 0.547973
x0.x1.nb                               1.07792
vd1                                      0.001
ap1                                     0.6005
an1                                     0.5995
ibn1                                  0.390914
x1.x1.tmid                         1.45509e-09
x1.x1.tail                            0.580115
x1.x1.np                                  1.08
x1.x1.nn                                  1.08
x1.x1.ln                                  1.08
x1.x1.lp                                  1.08
x1.x1.lnb                          6.52402e-09
x1.x1.lpb                          6.52402e-09
x1.x1.na                               1.07792
doutb1                                0.547973
dout1                                 0.547973
x1.x1.nb                               1.07792
vd2                                     -0.001
ap2                                     0.5995
an2                                     0.6005
ibn2                                  0.390914
x2.x1.tmid                         1.45509e-09
x2.x1.tail                            0.580115
x2.x1.np                                  1.08
x2.x1.nn                                  1.08
x2.x1.ln                                  1.08
x2.x1.lp                                  1.08
x2.x1.lnb                          6.52402e-09
x2.x1.lpb                          6.52402e-09
x2.x1.na                               1.07792
doutb2                                0.547973
dout2                                 0.547973
x2.x1.nb                               1.07792
ean2#branch                        6.12508e-14
eap2#branch                        6.16304e-14
ean1#branch                        6.16304e-14
eap1#branch                        6.12508e-14
ean0#branch                        6.14093e-14
eap0#branch                        6.14093e-14
vclk#branch                        1.33896e-10
vd2#branch                                   0
vd1#branch                                   0
vd0#branch                                   0
vcm#branch                         3.68581e-13
vsup#branch                       -7.99098e-05

 Reference value :  0.00000e+00
 Reference value :  6.60000e-10
 Reference value :  1.18117e-09
 Reference value :  2.03412e-09
 Reference value :  2.86824e-09
 Reference value :  3.64000e-09
 Reference value :  4.39412e-09
No. of Data Rows : 1345
vsup_v              =  1.08000e+00
d0now               =  1.91145e-06
d1now               =  -7.96279e-07
d2now               =  3.04663e-07
Reset re-loads circuit * comparator-transient-noise @ ss_-40c_1.08v -- generated by sim/harness, do not edit

Circuit: * comparator-transient-noise @ ss_-40c_1.08v -- generated by sim/harness, do not edit

Doing analysis at TEMP = -40.000000 and TNOM = 27.000000

Using SPARSE 1.3 as Direct Linear Solver

Initial Transient Solution
--------------------------

Node                                   Voltage
----                                   -------
vdd                                       1.08
cm                                         0.6
vd0                                          0
ap0                                        0.6
an0                                        0.6
ibn0                                  0.390914
x0.x1.tmid                         1.45509e-09
x0.x1.tail                             0.58011
clk                                          0
x0.x1.np                                  1.08
x0.x1.nn                                  1.08
x0.x1.ln                                  1.08
x0.x1.lp                                  1.08
x0.x1.lnb                          6.52402e-09
x0.x1.lpb                          6.52402e-09
x0.x1.na                               1.07792
doutb0                                0.547973
dout0                                 0.547973
x0.x1.nb                               1.07792
vd1                                      0.001
ap1                                     0.6005
an1                                     0.5995
ibn1                                  0.390914
x1.x1.tmid                         1.45509e-09
x1.x1.tail                            0.580115
x1.x1.np                                  1.08
x1.x1.nn                                  1.08
x1.x1.ln                                  1.08
x1.x1.lp                                  1.08
x1.x1.lnb                          6.52402e-09
x1.x1.lpb                          6.52402e-09
x1.x1.na                               1.07792
doutb1                                0.547973
dout1                                 0.547973
x1.x1.nb                               1.07792
vd2                                     -0.001
ap2                                     0.5995
an2                                     0.6005
ibn2                                  0.390914
x2.x1.tmid                         1.45509e-09
x2.x1.tail                            0.580115
x2.x1.np                                  1.08
x2.x1.nn                                  1.08
x2.x1.ln                                  1.08
x2.x1.lp                                  1.08
x2.x1.lnb                          6.52402e-09
x2.x1.lpb                          6.52402e-09
x2.x1.na                               1.07792
doutb2                                0.547973
dout2                                 0.547973
x2.x1.nb                               1.07792
ean2#branch                        6.12508e-14
eap2#branch                        6.16304e-14
ean1#branch                        6.16304e-14
eap1#branch                        6.12508e-14
ean0#branch                        6.14093e-14
eap0#branch                        6.14093e-14
vclk#branch                        1.33896e-10
vd2#branch                                   0
vd1#branch                                   0
vd0#branch                                   0
vcm#branch                         3.68581e-13
vsup#branch                       -7.99098e-05

 Reference value :  0.00000e+00
 Reference value :  6.48235e-10
 Reference value :  1.17414e-09
 Reference value :  2.06353e-09
 Reference value :  2.94000e-09
 Reference value :  3.68118e-09
 Reference value :  4.42000e-09
No. of Data Rows : 1345
vsup_v              =  1.08000e+00
d0now               =  -2.20856e-06
d1now               =  1.08000e+00
d2now               =  1.32479e-07
Reset re-loads circuit * comparator-transient-noise @ ss_-40c_1.08v -- generated by sim/harness, do not edit

Circuit: * comparator-transient-noise @ ss_-40c_1.08v -- generated by sim/harness, do not edit

Doing analysis at TEMP = -40.000000 and TNOM = 27.000000

Using SPARSE 1.3 as Direct Linear Solver

Initial Transient Solution
--------------------------

Node                                   Voltage
----                                   -------
vdd                                       1.08
cm                                         0.6
vd0                                          0
ap0                                        0.6
an0                                        0.6
ibn0                                  0.390914
x0.x1.tmid                         1.45509e-09
x0.x1.tail                             0.58011
clk                                          0
x0.x1.np                                  1.08
x0.x1.nn                                  1.08
x0.x1.ln                                  1.08
x0.x1.lp                                  1.08
x0.x1.lnb                          6.52402e-09
x0.x1.lpb                          6.52402e-09
x0.x1.na                               1.07792
doutb0                                0.547973
dout0                                 0.547973
x0.x1.nb                               1.07792
vd1                                      0.001
ap1                                     0.6005
an1                                     0.5995
ibn1                                  0.390914
x1.x1.tmid                         1.45509e-09
x1.x1.tail                            0.580115
x1.x1.np                                  1.08
x1.x1.nn                                  1.08
x1.x1.ln                                  1.08
x1.x1.lp                                  1.08
x1.x1.lnb                          6.52402e-09
x1.x1.lpb                          6.52402e-09
x1.x1.na                               1.07792
doutb1                                0.547973
dout1                                 0.547973
x1.x1.nb                               1.07792
vd2                                     -0.001
ap2                                     0.5995
an2                                     0.6005
ibn2                                  0.390914
x2.x1.tmid                         1.45509e-09
x2.x1.tail                            0.580115
x2.x1.np                                  1.08
x2.x1.nn                                  1.08
x2.x1.ln                                  1.08
x2.x1.lp                                  1.08
x2.x1.lnb                          6.52402e-09
x2.x1.lpb                          6.52402e-09
x2.x1.na                               1.07792
doutb2                                0.547973
dout2                                 0.547973
x2.x1.nb                               1.07792
ean2#branch                        6.12508e-14
eap2#branch                        6.16304e-14
ean1#branch                        6.16304e-14
eap1#branch                        6.12508e-14
ean0#branch                        6.14093e-14
eap0#branch                        6.14093e-14
vclk#branch                        1.33896e-10
vd2#branch                                   0
vd1#branch                                   0
vd0#branch                                   0
vcm#branch                         3.68581e-13
vsup#branch                       -7.99098e-05

 Reference value :  0.00000e+00
 Reference value :  6.43529e-10
 Reference value :  1.16355e-09
 Reference value :  2.06353e-09
 Reference value :  2.92353e-09
 Reference value :  3.71412e-09
 Reference value :  4.44118e-09
No. of Data Rows : 1345
vsup_v              =  1.08000e+00
d0now               =  1.08000e+00
d1now               =  1.08000e+00
d2now               =  1.08000e+00
Reset re-loads circuit * comparator-transient-noise @ ss_-40c_1.08v -- generated by sim/harness, do not edit

Circuit: * comparator-transient-noise @ ss_-40c_1.08v -- generated by sim/harness, do not edit

Doing analysis at TEMP = -40.000000 and TNOM = 27.000000

Using SPARSE 1.3 as Direct Linear Solver

Initial Transient Solution
--------------------------

Node                                   Voltage
----                                   -------
vdd                                       1.08
cm                                         0.6
vd0                                          0
ap0                                        0.6
an0                                        0.6
ibn0                                  0.390914
x0.x1.tmid                         1.45509e-09
x0.x1.tail                             0.58011
clk                                          0
x0.x1.np                                  1.08
x0.x1.nn                                  1.08
x0.x1.ln                                  1.08
x0.x1.lp                                  1.08
x0.x1.lnb                          6.52402e-09
x0.x1.lpb                          6.52402e-09
x0.x1.na                               1.07792
doutb0                                0.547973
dout0                                 0.547973
x0.x1.nb                               1.07792
vd1                                      0.001
ap1                                     0.6005
an1                                     0.5995
ibn1                                  0.390914
x1.x1.tmid                         1.45509e-09
x1.x1.tail                            0.580115
x1.x1.np                                  1.08
x1.x1.nn                                  1.08
x1.x1.ln                                  1.08
x1.x1.lp                                  1.08
x1.x1.lnb                          6.52402e-09
x1.x1.lpb                          6.52402e-09
x1.x1.na                               1.07792
doutb1                                0.547973
dout1                                 0.547973
x1.x1.nb                               1.07792
vd2                                     -0.001
ap2                                     0.5995
an2                                     0.6005
ibn2                                  0.390914
x2.x1.tmid                         1.45509e-09
x2.x1.tail                            0.580115
x2.x1.np                                  1.08
x2.x1.nn                                  1.08
x2.x1.ln                                  1.08
x2.x1.lp                                  1.08
x2.x1.lnb                          6.52402e-09
x2.x1.lpb                          6.52402e-09
x2.x1.na                               1.07792
doutb2                                0.547973
dout2                                 0.547973
x2.x1.nb                               1.07792
ean2#branch                        6.12508e-14
eap2#branch                        6.16304e-14
ean1#branch                        6.16304e-14
eap1#branch                        6.12508e-14
ean0#branch                        6.14093e-14
eap0#branch                        6.14093e-14
vclk#branch                        1.33896e-10
vd2#branch                                   0
vd1#branch                                   0
vd0#branch                                   0
vcm#branch                         3.68581e-13
vsup#branch                       -7.99098e-05

 Reference value :  0.00000e+00
 Reference value :  6.60000e-10
 Reference value :  1.16118e-09
 Reference value :  1.99412e-09
 Reference value :  2.88000e-09
 Reference value :  3.64824e-09
 Reference value :  4.38118e-09
No. of Data Rows : 1345
vsup_v              =  1.08000e+00
d0now               =  1.08000e+00
d1now               =  1.08000e+00
d2now               =  -5.99021e-07
Reset re-loads circuit * comparator-transient-noise @ ss_-40c_1.08v -- generated by sim/harness, do not edit

Circuit: * comparator-transient-noise @ ss_-40c_1.08v -- generated by sim/harness, do not edit

Doing analysis at TEMP = -40.000000 and TNOM = 27.000000

Using SPARSE 1.3 as Direct Linear Solver

Initial Transient Solution
--------------------------

Node                                   Voltage
----                                   -------
vdd                                       1.08
cm                                         0.6
vd0                                          0
ap0                                        0.6
an0                                        0.6
ibn0                                  0.390914
x0.x1.tmid                         1.45509e-09
x0.x1.tail                             0.58011
clk                                          0
x0.x1.np                                  1.08
x0.x1.nn                                  1.08
x0.x1.ln                                  1.08
x0.x1.lp                                  1.08
x0.x1.lnb                          6.52402e-09
x0.x1.lpb                          6.52402e-09
x0.x1.na                               1.07792
doutb0                                0.547973
dout0                                 0.547973
x0.x1.nb                               1.07792
vd1                                      0.001
ap1                                     0.6005
an1                                     0.5995
ibn1                                  0.390914
x1.x1.tmid                         1.45509e-09
x1.x1.tail                            0.580115
x1.x1.np                                  1.08
x1.x1.nn                                  1.08
x1.x1.ln                                  1.08
x1.x1.lp                                  1.08
x1.x1.lnb                          6.52402e-09
x1.x1.lpb                          6.52402e-09
x1.x1.na                               1.07792
doutb1                                0.547973
dout1                                 0.547973
x1.x1.nb                               1.07792
vd2                                     -0.001
ap2                                     0.5995
an2                                     0.6005
ibn2                                  0.390914
x2.x1.tmid                         1.45509e-09
x2.x1.tail                            0.580115
x2.x1.np                                  1.08
x2.x1.nn                                  1.08
x2.x1.ln                                  1.08
x2.x1.lp                                  1.08
x2.x1.lnb                          6.52402e-09
x2.x1.lpb                          6.52402e-09
x2.x1.na                               1.07792
doutb2                                0.547973
dout2                                 0.547973
x2.x1.nb                               1.07792
ean2#branch                        6.12508e-14
eap2#branch                        6.16304e-14
ean1#branch                        6.16304e-14
eap1#branch                        6.12508e-14
ean0#branch                        6.14093e-14
eap0#branch                        6.14093e-14
vclk#branch                        1.33896e-10
vd2#branch                                   0
vd1#branch                                   0
vd0#branch                                   0
vcm#branch                         3.68581e-13
vsup#branch                       -7.99098e-05

 Reference value :  0.00000e+00
 Reference value :  6.48235e-10
 Reference value :  1.16355e-09
 Reference value :  2.08353e-09
 Reference value :  2.94000e-09
 Reference value :  3.69412e-09
 Reference value :  4.44000e-09
No. of Data Rows : 1345
vsup_v              =  1.08000e+00
d0now               =  1.08000e+00
d1now               =  1.08000e+00
d2now               =  -8.43871e-07
Reset re-loads circuit * comparator-transient-noise @ ss_-40c_1.08v -- generated by sim/harness, do not edit

Circuit: * comparator-transient-noise @ ss_-40c_1.08v -- generated by sim/harness, do not edit

Doing analysis at TEMP = -40.000000 and TNOM = 27.000000

Using SPARSE 1.3 as Direct Linear Solver

Initial Transient Solution
--------------------------

Node                                   Voltage
----                                   -------
vdd                                       1.08
cm                                         0.6
vd0                                          0
ap0                                        0.6
an0                                        0.6
ibn0                                  0.390914
x0.x1.tmid                         1.45509e-09
x0.x1.tail                             0.58011
clk                                          0
x0.x1.np                                  1.08
x0.x1.nn                                  1.08
x0.x1.ln                                  1.08
x0.x1.lp                                  1.08
x0.x1.lnb                          6.52402e-09
x0.x1.lpb                          6.52402e-09
x0.x1.na                               1.07792
doutb0                                0.547973
dout0                                 0.547973
x0.x1.nb                               1.07792
vd1                                      0.001
ap1                                     0.6005
an1                                     0.5995
ibn1                                  0.390914
x1.x1.tmid                         1.45509e-09
x1.x1.tail                            0.580115
x1.x1.np                                  1.08
x1.x1.nn                                  1.08
x1.x1.ln                                  1.08
x1.x1.lp                                  1.08
x1.x1.lnb                          6.52402e-09
x1.x1.lpb                          6.52402e-09
x1.x1.na                               1.07792
doutb1                                0.547973
dout1                                 0.547973
x1.x1.nb                               1.07792
vd2                                     -0.001
ap2                                     0.5995
an2                                     0.6005
ibn2                                  0.390914
x2.x1.tmid                         1.45509e-09
x2.x1.tail                            0.580115
x2.x1.np                                  1.08
x2.x1.nn                                  1.08
x2.x1.ln                                  1.08
x2.x1.lp                                  1.08
x2.x1.lnb                          6.52402e-09
x2.x1.lpb                          6.52402e-09
x2.x1.na                               1.07792
doutb2                                0.547973
dout2                                 0.547973
x2.x1.nb                               1.07792
ean2#branch                        6.12508e-14
eap2#branch                        6.16304e-14
ean1#branch                        6.16304e-14
eap1#branch                        6.12508e-14
ean0#branch                        6.14093e-14
eap0#branch                        6.14093e-14
vclk#branch                        1.33896e-10
vd2#branch                                   0
vd1#branch                                   0
vd0#branch                                   0
vcm#branch                         3.68581e-13
vsup#branch                       -7.99098e-05

 Reference value :  0.00000e+00
 Reference value :  6.60000e-10
 Reference value :  1.18117e-09
 Reference value :  2.02000e-09
 Reference value :  2.80118e-09
 Reference value :  3.56118e-09
 Reference value :  4.28824e-09
 Reference value :  5.02000e-09
No. of Data Rows : 1345
vsup_v              =  1.08000e+00
d0now               =  4.32125e-07
d1now               =  1.08000e+00
d2now               =  -1.60355e-06
Reset re-loads circuit * comparator-transient-noise @ ss_-40c_1.08v -- generated by sim/harness, do not edit

Circuit: * comparator-transient-noise @ ss_-40c_1.08v -- generated by sim/harness, do not edit

Doing analysis at TEMP = -40.000000 and TNOM = 27.000000

Using SPARSE 1.3 as Direct Linear Solver

Initial Transient Solution
--------------------------

Node                                   Voltage
----                                   -------
vdd                                       1.08
cm                                         0.6
vd0                                          0
ap0                                        0.6
an0                                        0.6
ibn0                                  0.390914
x0.x1.tmid                         1.45509e-09
x0.x1.tail                             0.58011
clk                                          0
x0.x1.np                                  1.08
x0.x1.nn                                  1.08
x0.x1.ln                                  1.08
x0.x1.lp                                  1.08
x0.x1.lnb                          6.52402e-09
x0.x1.lpb                          6.52402e-09
x0.x1.na                               1.07792
doutb0                                0.547973
dout0                                 0.547973
x0.x1.nb                               1.07792
vd1                                      0.001
ap1                                     0.6005
an1                                     0.5995
ibn1                                  0.390914
x1.x1.tmid                         1.45509e-09
x1.x1.tail                            0.580115
x1.x1.np                                  1.08
x1.x1.nn                                  1.08
x1.x1.ln                                  1.08
x1.x1.lp                                  1.08
x1.x1.lnb                          6.52402e-09
x1.x1.lpb                          6.52402e-09
x1.x1.na                               1.07792
doutb1                                0.547973
dout1                                 0.547973
x1.x1.nb                               1.07792
vd2                                     -0.001
ap2                                     0.5995
an2                                     0.6005
ibn2                                  0.390914
x2.x1.tmid                         1.45509e-09
x2.x1.tail                            0.580115
x2.x1.np                                  1.08
x2.x1.nn                                  1.08
x2.x1.ln                                  1.08
x2.x1.lp                                  1.08
x2.x1.lnb                          6.52402e-09
x2.x1.lpb                          6.52402e-09
x2.x1.na                               1.07792
doutb2                                0.547973
dout2                                 0.547973
x2.x1.nb                               1.07792
ean2#branch                        6.12508e-14
eap2#branch                        6.16304e-14
ean1#branch                        6.16304e-14
eap1#branch                        6.12508e-14
ean0#branch                        6.14093e-14
eap0#branch                        6.14093e-14
vclk#branch                        1.33896e-10
vd2#branch                                   0
vd1#branch                                   0
vd0#branch                                   0
vcm#branch                         3.68581e-13
vsup#branch                       -7.99098e-05

 Reference value :  0.00000e+00
 Reference value :  6.43529e-10
 Reference value :  1.14117e-09
 Reference value :  1.98118e-09
 Reference value :  2.82118e-09
 Reference value :  3.58118e-09
 Reference value :  4.34824e-09
 Reference value :  5.09412e-09
No. of Data Rows : 1345
vsup_v              =  1.08000e+00
d0now               =  1.08000e+00
d1now               =  1.08000e+00
d2now               =  1.38597e-06
Reset re-loads circuit * comparator-transient-noise @ ss_-40c_1.08v -- generated by sim/harness, do not edit

Circuit: * comparator-transient-noise @ ss_-40c_1.08v -- generated by sim/harness, do not edit

Doing analysis at TEMP = -40.000000 and TNOM = 27.000000

Using SPARSE 1.3 as Direct Linear Solver

Initial Transient Solution
--------------------------

Node                                   Voltage
----                                   -------
vdd                                       1.08
cm                                         0.6
vd0                                          0
ap0                                        0.6
an0                                        0.6
ibn0                                  0.390914
x0.x1.tmid                         1.45509e-09
x0.x1.tail                             0.58011
clk                                          0
x0.x1.np                                  1.08
x0.x1.nn                                  1.08
x0.x1.ln                                  1.08
x0.x1.lp                                  1.08
x0.x1.lnb                          6.52402e-09
x0.x1.lpb                          6.52402e-09
x0.x1.na                               1.07792
doutb0                                0.547973
dout0                                 0.547973
x0.x1.nb                               1.07792
vd1                                      0.001
ap1                                     0.6005
an1                                     0.5995
ibn1                                  0.390914
x1.x1.tmid                         1.45509e-09
x1.x1.tail                            0.580115
x1.x1.np                                  1.08
x1.x1.nn                                  1.08
x1.x1.ln                                  1.08
x1.x1.lp                                  1.08
x1.x1.lnb                          6.52402e-09
x1.x1.lpb                          6.52402e-09
x1.x1.na                               1.07792
doutb1                                0.547973
dout1                                 0.547973
x1.x1.nb                               1.07792
vd2                                     -0.001
ap2                                     0.5995
an2                                     0.6005
ibn2                                  0.390914
x2.x1.tmid                         1.45509e-09
x2.x1.tail                            0.580115
x2.x1.np                                  1.08
x2.x1.nn                                  1.08
x2.x1.ln                                  1.08
x2.x1.lp                                  1.08
x2.x1.lnb                          6.52402e-09
x2.x1.lpb                          6.52402e-09
x2.x1.na                               1.07792
doutb2                                0.547973
dout2                                 0.547973
x2.x1.nb                               1.07792
ean2#branch                        6.12508e-14
eap2#branch                        6.16304e-14
ean1#branch                        6.16304e-14
eap1#branch                        6.12508e-14
ean0#branch                        6.14093e-14
eap0#branch                        6.14093e-14
vclk#branch                        1.33896e-10
vd2#branch                                   0
vd1#branch                                   0
vd0#branch                                   0
vcm#branch                         3.68581e-13
vsup#branch                       -7.99098e-05

 Reference value :  0.00000e+00
 Reference value :  6.28235e-10
 Reference value :  1.18117e-09
 Reference value :  2.04824e-09
 Reference value :  2.88824e-09
 Reference value :  3.66000e-09
 Reference value :  4.41412e-09
No. of Data Rows : 1345
vsup_v              =  1.08000e+00
d0now               =  -1.24390e-06
d1now               =  1.08000e+00
d2now               =  2.72995e-07
Reset re-loads circuit * comparator-transient-noise @ ss_-40c_1.08v -- generated by sim/harness, do not edit

Circuit: * comparator-transient-noise @ ss_-40c_1.08v -- generated by sim/harness, do not edit

Doing analysis at TEMP = -40.000000 and TNOM = 27.000000

Using SPARSE 1.3 as Direct Linear Solver

Initial Transient Solution
--------------------------

Node                                   Voltage
----                                   -------
vdd                                       1.08
cm                                         0.6
vd0                                          0
ap0                                        0.6
an0                                        0.6
ibn0                                  0.390914
x0.x1.tmid                         1.45509e-09
x0.x1.tail                             0.58011
clk                                          0
x0.x1.np                                  1.08
x0.x1.nn                                  1.08
x0.x1.ln                                  1.08
x0.x1.lp                                  1.08
x0.x1.lnb                          6.52402e-09
x0.x1.lpb                          6.52402e-09
x0.x1.na                               1.07792
doutb0                                0.547973
dout0                                 0.547973
x0.x1.nb                               1.07792
vd1                                      0.001
ap1                                     0.6005
an1                                     0.5995
ibn1                                  0.390914
x1.x1.tmid                         1.45509e-09
x1.x1.tail                            0.580115
x1.x1.np                                  1.08
x1.x1.nn                                  1.08
x1.x1.ln                                  1.08
x1.x1.lp                                  1.08
x1.x1.lnb                          6.52402e-09
x1.x1.lpb                          6.52402e-09
x1.x1.na                               1.07792
doutb1                                0.547973
dout1                                 0.547973
x1.x1.nb                               1.07792
vd2                                     -0.001
ap2                                     0.5995
an2                                     0.6005
ibn2                                  0.390914
x2.x1.tmid                         1.45509e-09
x2.x1.tail                            0.580115
x2.x1.np                                  1.08
x2.x1.nn                                  1.08
x2.x1.ln                                  1.08
x2.x1.lp                                  1.08
x2.x1.lnb                          6.52402e-09
x2.x1.lpb                          6.52402e-09
x2.x1.na                               1.07792
doutb2                                0.547973
dout2                                 0.547973
x2.x1.nb                               1.07792
ean2#branch                        6.12508e-14
eap2#branch                        6.16304e-14
ean1#branch                        6.16304e-14
eap1#branch                        6.12508e-14
ean0#branch                        6.14093e-14
eap0#branch                        6.14093e-14
vclk#branch                        1.33896e-10
vd2#branch                                   0
vd1#branch                                   0
vd0#branch                                   0
vcm#branch                         3.68581e-13
vsup#branch                       -7.99098e-05

 Reference value :  0.00000e+00
 Reference value :  6.48235e-10
 Reference value :  1.17414e-09
 Reference value :  2.05412e-09
 Reference value :  2.89412e-09
 Reference value :  3.68353e-09
 Reference value :  4.42000e-09
No. of Data Rows : 1345
vsup_v              =  1.08000e+00
d0now               =  1.08000e+00
d1now               =  1.08000e+00
d2now               =  1.19761e-06
Reset re-loads circuit * comparator-transient-noise @ ss_-40c_1.08v -- generated by sim/harness, do not edit

Circuit: * comparator-transient-noise @ ss_-40c_1.08v -- generated by sim/harness, do not edit

Doing analysis at TEMP = -40.000000 and TNOM = 27.000000

Using SPARSE 1.3 as Direct Linear Solver

Initial Transient Solution
--------------------------

Node                                   Voltage
----                                   -------
vdd                                       1.08
cm                                         0.6
vd0                                          0
ap0                                        0.6
an0                                        0.6
ibn0                                  0.390914
x0.x1.tmid                         1.45509e-09
x0.x1.tail                             0.58011
clk                                          0
x0.x1.np                                  1.08
x0.x1.nn                                  1.08
x0.x1.ln                                  1.08
x0.x1.lp                                  1.08
x0.x1.lnb                          6.52402e-09
x0.x1.lpb                          6.52402e-09
x0.x1.na                               1.07792
doutb0                                0.547973
dout0                                 0.547973
x0.x1.nb                               1.07792
vd1                                      0.001
ap1                                     0.6005
an1                                     0.5995
ibn1                                  0.390914
x1.x1.tmid                         1.45509e-09
x1.x1.tail                            0.580115
x1.x1.np                                  1.08
x1.x1.nn                                  1.08
x1.x1.ln                                  1.08
x1.x1.lp                                  1.08
x1.x1.lnb                          6.52402e-09
x1.x1.lpb                          6.52402e-09
x1.x1.na                               1.07792
doutb1                                0.547973
dout1                                 0.547973
x1.x1.nb                               1.07792
vd2                                     -0.001
ap2                                     0.5995
an2                                     0.6005
ibn2                                  0.390914
x2.x1.tmid                         1.45509e-09
x2.x1.tail                            0.580115
x2.x1.np                                  1.08
x2.x1.nn                                  1.08
x2.x1.ln                                  1.08
x2.x1.lp                                  1.08
x2.x1.lnb                          6.52402e-09
x2.x1.lpb                          6.52402e-09
x2.x1.na                               1.07792
doutb2                                0.547973
dout2                                 0.547973
x2.x1.nb                               1.07792
ean2#branch                        6.12508e-14
eap2#branch                        6.16304e-14
ean1#branch                        6.16304e-14
eap1#branch                        6.12508e-14
ean0#branch                        6.14093e-14
eap0#branch                        6.14093e-14
vclk#branch                        1.33896e-10
vd2#branch                                   0
vd1#branch                                   0
vd0#branch                                   0
vcm#branch                         3.68581e-13
vsup#branch                       -7.99098e-05

 Reference value :  0.00000e+00
 Reference value :  6.88235e-10
 Reference value :  1.21413e-09
 Reference value :  2.08824e-09
 Reference value :  2.90118e-09
 Reference value :  3.69412e-09
 Reference value :  4.40118e-09
No. of Data Rows : 1345
vsup_v              =  1.08000e+00
d0now               =  1.42442e-06
d1now               =  1.08000e+00
d2now               =  -1.24331e-07
Reset re-loads circuit * comparator-transient-noise @ ss_-40c_1.08v -- generated by sim/harness, do not edit

Circuit: * comparator-transient-noise @ ss_-40c_1.08v -- generated by sim/harness, do not edit

Doing analysis at TEMP = -40.000000 and TNOM = 27.000000

Using SPARSE 1.3 as Direct Linear Solver

Initial Transient Solution
--------------------------

Node                                   Voltage
----                                   -------
vdd                                       1.08
cm                                         0.6
vd0                                          0
ap0                                        0.6
an0                                        0.6
ibn0                                  0.390914
x0.x1.tmid                         1.45509e-09
x0.x1.tail                             0.58011
clk                                          0
x0.x1.np                                  1.08
x0.x1.nn                                  1.08
x0.x1.ln                                  1.08
x0.x1.lp                                  1.08
x0.x1.lnb                          6.52402e-09
x0.x1.lpb                          6.52402e-09
x0.x1.na                               1.07792
doutb0                                0.547973
dout0                                 0.547973
x0.x1.nb                               1.07792
vd1                                      0.001
ap1                                     0.6005
an1                                     0.5995
ibn1                                  0.390914
x1.x1.tmid                         1.45509e-09
x1.x1.tail                            0.580115
x1.x1.np                                  1.08
x1.x1.nn                                  1.08
x1.x1.ln                                  1.08
x1.x1.lp                                  1.08
x1.x1.lnb                          6.52402e-09
x1.x1.lpb                          6.52402e-09
x1.x1.na                               1.07792
doutb1                                0.547973
dout1                                 0.547973
x1.x1.nb                               1.07792
vd2                                     -0.001
ap2                                     0.5995
an2                                     0.6005
ibn2                                  0.390914
x2.x1.tmid                         1.45509e-09
x2.x1.tail                            0.580115
x2.x1.np                                  1.08
x2.x1.nn                                  1.08
x2.x1.ln                                  1.08
x2.x1.lp                                  1.08
x2.x1.lnb                          6.52402e-09
x2.x1.lpb                          6.52402e-09
x2.x1.na                               1.07792
doutb2                                0.547973
dout2                                 0.547973
x2.x1.nb                               1.07792
ean2#branch                        6.12508e-14
eap2#branch                        6.16304e-14
ean1#branch                        6.16304e-14
eap1#branch                        6.12508e-14
ean0#branch                        6.14093e-14
eap0#branch                        6.14093e-14
vclk#branch                        1.33896e-10
vd2#branch                                   0
vd1#branch                                   0
vd0#branch                                   0
vcm#branch                         3.68581e-13
vsup#branch                       -7.99098e-05

 Reference value :  0.00000e+00
 Reference value :  6.48235e-10
 Reference value :  1.18352e-09
 Reference value :  2.06824e-09
 Reference value :  2.92000e-09
 Reference value :  3.64353e-09
 Reference value :  4.36824e-09
 Reference value :  5.10000e-09
No. of Data Rows : 1345
vsup_v              =  1.08000e+00
d0now               =  -8.66750e-07
d1now               =  1.08000e+00
d2now               =  -3.43281e-07
Reset re-loads circuit * comparator-transient-noise @ ss_-40c_1.08v -- generated by sim/harness, do not edit

Circuit: * comparator-transient-noise @ ss_-40c_1.08v -- generated by sim/harness, do not edit

Doing analysis at TEMP = -40.000000 and TNOM = 27.000000

Using SPARSE 1.3 as Direct Linear Solver

Initial Transient Solution
--------------------------

Node                                   Voltage
----                                   -------
vdd                                       1.08
cm                                         0.6
vd0                                          0
ap0                                        0.6
an0                                        0.6
ibn0                                  0.390914
x0.x1.tmid                         1.45509e-09
x0.x1.tail                             0.58011
clk                                          0
x0.x1.np                                  1.08
x0.x1.nn                                  1.08
x0.x1.ln                                  1.08
x0.x1.lp                                  1.08
x0.x1.lnb                          6.52402e-09
x0.x1.lpb                          6.52402e-09
x0.x1.na                               1.07792
doutb0                                0.547973
dout0                                 0.547973
x0.x1.nb                               1.07792
vd1                                      0.001
ap1                                     0.6005
an1                                     0.5995
ibn1                                  0.390914
x1.x1.tmid                         1.45509e-09
x1.x1.tail                            0.580115
x1.x1.np                                  1.08
x1.x1.nn                                  1.08
x1.x1.ln                                  1.08
x1.x1.lp                                  1.08
x1.x1.lnb                          6.52402e-09
x1.x1.lpb                          6.52402e-09
x1.x1.na                               1.07792
doutb1                                0.547973
dout1                                 0.547973
x1.x1.nb                               1.07792
vd2                                     -0.001
ap2                                     0.5995
an2                                     0.6005
ibn2                                  0.390914
x2.x1.tmid                         1.45509e-09
x2.x1.tail                            0.580115
x2.x1.np                                  1.08
x2.x1.nn                                  1.08
x2.x1.ln                                  1.08
x2.x1.lp                                  1.08
x2.x1.lnb                          6.52402e-09
x2.x1.lpb                          6.52402e-09
x2.x1.na                               1.07792
doutb2                                0.547973
dout2                                 0.547973
x2.x1.nb                               1.07792
ean2#branch                        6.12508e-14
eap2#branch                        6.16304e-14
ean1#branch                        6.16304e-14
eap1#branch                        6.12508e-14
ean0#branch                        6.14093e-14
eap0#branch                        6.14093e-14
vclk#branch                        1.33896e-10
vd2#branch                                   0
vd1#branch                                   0
vd0#branch                                   0
vcm#branch                         3.68581e-13
vsup#branch                       -7.99098e-05

 Reference value :  0.00000e+00
 Reference value :  6.48235e-10
 Reference value :  1.16355e-09
 Reference value :  2.01412e-09
 Reference value :  2.83412e-09
 Reference value :  3.60824e-09
 Reference value :  4.30353e-09
 Reference value :  5.01412e-09
No. of Data Rows : 1345
vsup_v              =  1.08000e+00
d0now               =  -3.73164e-07
d1now               =  1.08000e+00
d2now               =  1.08000e+00
Reset re-loads circuit * comparator-transient-noise @ ss_-40c_1.08v -- generated by sim/harness, do not edit

Circuit: * comparator-transient-noise @ ss_-40c_1.08v -- generated by sim/harness, do not edit

Doing analysis at TEMP = -40.000000 and TNOM = 27.000000

Using SPARSE 1.3 as Direct Linear Solver

Initial Transient Solution
--------------------------

Node                                   Voltage
----                                   -------
vdd                                       1.08
cm                                         0.6
vd0                                          0
ap0                                        0.6
an0                                        0.6
ibn0                                  0.390914
x0.x1.tmid                         1.45509e-09
x0.x1.tail                             0.58011
clk                                          0
x0.x1.np                                  1.08
x0.x1.nn                                  1.08
x0.x1.ln                                  1.08
x0.x1.lp                                  1.08
x0.x1.lnb                          6.52402e-09
x0.x1.lpb                          6.52402e-09
x0.x1.na                               1.07792
doutb0                                0.547973
dout0                                 0.547973
x0.x1.nb                               1.07792
vd1                                      0.001
ap1                                     0.6005
an1                                     0.5995
ibn1                                  0.390914
x1.x1.tmid                         1.45509e-09
x1.x1.tail                            0.580115
x1.x1.np                                  1.08
x1.x1.nn                                  1.08
x1.x1.ln                                  1.08
x1.x1.lp                                  1.08
x1.x1.lnb                          6.52402e-09
x1.x1.lpb                          6.52402e-09
x1.x1.na                               1.07792
doutb1                                0.547973
dout1                                 0.547973
x1.x1.nb                               1.07792
vd2                                     -0.001
ap2                                     0.5995
an2                                     0.6005
ibn2                                  0.390914
x2.x1.tmid                         1.45509e-09
x2.x1.tail                            0.580115
x2.x1.np                                  1.08
x2.x1.nn                                  1.08
x2.x1.ln                                  1.08
x2.x1.lp                                  1.08
x2.x1.lnb                          6.52402e-09
x2.x1.lpb                          6.52402e-09
x2.x1.na                               1.07792
doutb2                                0.547973
dout2                                 0.547973
x2.x1.nb                               1.07792
ean2#branch                        6.12508e-14
eap2#branch                        6.16304e-14
ean1#branch                        6.16304e-14
eap1#branch                        6.12508e-14
ean0#branch                        6.14093e-14
eap0#branch                        6.14093e-14
vclk#branch                        1.33896e-10
vd2#branch                                   0
vd1#branch                                   0
vd0#branch                                   0
vcm#branch                         3.68581e-13
vsup#branch                       -7.99098e-05

 Reference value :  0.00000e+00
 Reference value :  6.43529e-10
 Reference value :  1.14350e-09
 Reference value :  1.97412e-09
 Reference value :  2.75412e-09
 Reference value :  3.50353e-09
 Reference value :  4.20000e-09
 Reference value :  4.89412e-09
No. of Data Rows : 1345
vsup_v              =  1.08000e+00
d0now               =  1.08000e+00
d1now               =  1.08000e+00
d2now               =  1.08000e+00
Reset re-loads circuit * comparator-transient-noise @ ss_-40c_1.08v -- generated by sim/harness, do not edit

Circuit: * comparator-transient-noise @ ss_-40c_1.08v -- generated by sim/harness, do not edit

Doing analysis at TEMP = -40.000000 and TNOM = 27.000000

Using SPARSE 1.3 as Direct Linear Solver

Initial Transient Solution
--------------------------

Node                                   Voltage
----                                   -------
vdd                                       1.08
cm                                         0.6
vd0                                          0
ap0                                        0.6
an0                                        0.6
ibn0                                  0.390914
x0.x1.tmid                         1.45509e-09
x0.x1.tail                             0.58011
clk                                          0
x0.x1.np                                  1.08
x0.x1.nn                                  1.08
x0.x1.ln                                  1.08
x0.x1.lp                                  1.08
x0.x1.lnb                          6.52402e-09
x0.x1.lpb                          6.52402e-09
x0.x1.na                               1.07792
doutb0                                0.547973
dout0                                 0.547973
x0.x1.nb                               1.07792
vd1                                      0.001
ap1                                     0.6005
an1                                     0.5995
ibn1                                  0.390914
x1.x1.tmid                         1.45509e-09
x1.x1.tail                            0.580115
x1.x1.np                                  1.08
x1.x1.nn                                  1.08
x1.x1.ln                                  1.08
x1.x1.lp                                  1.08
x1.x1.lnb                          6.52402e-09
x1.x1.lpb                          6.52402e-09
x1.x1.na                               1.07792
doutb1                                0.547973
dout1                                 0.547973
x1.x1.nb                               1.07792
vd2                                     -0.001
ap2                                     0.5995
an2                                     0.6005
ibn2                                  0.390914
x2.x1.tmid                         1.45509e-09
x2.x1.tail                            0.580115
x2.x1.np                                  1.08
x2.x1.nn                                  1.08
x2.x1.ln                                  1.08
x2.x1.lp                                  1.08
x2.x1.lnb                          6.52402e-09
x2.x1.lpb                          6.52402e-09
x2.x1.na                               1.07792
doutb2                                0.547973
dout2                                 0.547973
x2.x1.nb                               1.07792
ean2#branch                        6.12508e-14
eap2#branch                        6.16304e-14
ean1#branch                        6.16304e-14
eap1#branch                        6.12508e-14
ean0#branch                        6.14093e-14
eap0#branch                        6.14093e-14
vclk#branch                        1.33896e-10
vd2#branch                                   0
vd1#branch                                   0
vd0#branch                                   0
vcm#branch                         3.68581e-13
vsup#branch                       -7.99098e-05

 Reference value :  0.00000e+00
 Reference value :  6.43529e-10
 Reference value :  1.17414e-09
 Reference value :  2.03412e-09
 Reference value :  2.82000e-09
 Reference value :  3.60353e-09
 Reference value :  4.35412e-09
 Reference value :  5.07412e-09
No. of Data Rows : 1345
vsup_v              =  1.08000e+00
d0now               =  -5.56058e-07
d1now               =  1.08000e+00
d2now               =  -3.99173e-07
Reset re-loads circuit * comparator-transient-noise @ ss_-40c_1.08v -- generated by sim/harness, do not edit

Circuit: * comparator-transient-noise @ ss_-40c_1.08v -- generated by sim/harness, do not edit

Doing analysis at TEMP = -40.000000 and TNOM = 27.000000

Using SPARSE 1.3 as Direct Linear Solver

Initial Transient Solution
--------------------------

Node                                   Voltage
----                                   -------
vdd                                       1.08
cm                                         0.6
vd0                                          0
ap0                                        0.6
an0                                        0.6
ibn0                                  0.390914
x0.x1.tmid                         1.45509e-09
x0.x1.tail                             0.58011
clk                                          0
x0.x1.np                                  1.08
x0.x1.nn                                  1.08
x0.x1.ln                                  1.08
x0.x1.lp                                  1.08
x0.x1.lnb                          6.52402e-09
x0.x1.lpb                          6.52402e-09
x0.x1.na                               1.07792
doutb0                                0.547973
dout0                                 0.547973
x0.x1.nb                               1.07792
vd1                                      0.001
ap1                                     0.6005
an1                                     0.5995
ibn1                                  0.390914
x1.x1.tmid                         1.45509e-09
x1.x1.tail                            0.580115
x1.x1.np                                  1.08
x1.x1.nn                                  1.08
x1.x1.ln                                  1.08
x1.x1.lp                                  1.08
x1.x1.lnb                          6.52402e-09
x1.x1.lpb                          6.52402e-09
x1.x1.na                               1.07792
doutb1                                0.547973
dout1                                 0.547973
x1.x1.nb                               1.07792
vd2                                     -0.001
ap2                                     0.5995
an2                                     0.6005
ibn2                                  0.390914
x2.x1.tmid                         1.45509e-09
x2.x1.tail                            0.580115
x2.x1.np                                  1.08
x2.x1.nn                                  1.08
x2.x1.ln                                  1.08
x2.x1.lp                                  1.08
x2.x1.lnb                          6.52402e-09
x2.x1.lpb                          6.52402e-09
x2.x1.na                               1.07792
doutb2                                0.547973
dout2                                 0.547973
x2.x1.nb                               1.07792
ean2#branch                        6.12508e-14
eap2#branch                        6.16304e-14
ean1#branch                        6.16304e-14
eap1#branch                        6.12508e-14
ean0#branch                        6.14093e-14
eap0#branch                        6.14093e-14
vclk#branch                        1.33896e-10
vd2#branch                                   0
vd1#branch                                   0
vd0#branch                                   0
vcm#branch                         3.68581e-13
vsup#branch                       -7.99098e-05

 Reference value :  0.00000e+00
 Reference value :  6.34118e-10
 Reference value :  1.14000e-09
 Reference value :  1.96000e-09
 Reference value :  2.80353e-09
 Reference value :  3.60824e-09
 Reference value :  4.33412e-09
 Reference value :  5.06824e-09
No. of Data Rows : 1345
vsup_v              =  1.08000e+00
d0now               =  1.08000e+00
d1now               =  1.08000e+00
d2now               =  1.31164e-06
Reset re-loads circuit * comparator-transient-noise @ ss_-40c_1.08v -- generated by sim/harness, do not edit

Circuit: * comparator-transient-noise @ ss_-40c_1.08v -- generated by sim/harness, do not edit

Doing analysis at TEMP = -40.000000 and TNOM = 27.000000

Using SPARSE 1.3 as Direct Linear Solver

Initial Transient Solution
--------------------------

Node                                   Voltage
----                                   -------
vdd                                       1.08
cm                                         0.6
vd0                                          0
ap0                                        0.6
an0                                        0.6
ibn0                                  0.390914
x0.x1.tmid                         1.45509e-09
x0.x1.tail                             0.58011
clk                                          0
x0.x1.np                                  1.08
x0.x1.nn                                  1.08
x0.x1.ln                                  1.08
x0.x1.lp                                  1.08
x0.x1.lnb                          6.52402e-09
x0.x1.lpb                          6.52402e-09
x0.x1.na                               1.07792
doutb0                                0.547973
dout0                                 0.547973
x0.x1.nb                               1.07792
vd1                                      0.001
ap1                                     0.6005
an1                                     0.5995
ibn1                                  0.390914
x1.x1.tmid                         1.45509e-09
x1.x1.tail                            0.580115
x1.x1.np                                  1.08
x1.x1.nn                                  1.08
x1.x1.ln                                  1.08
x1.x1.lp                                  1.08
x1.x1.lnb                          6.52402e-09
x1.x1.lpb                          6.52402e-09
x1.x1.na                               1.07792
doutb1                                0.547973
dout1                                 0.547973
x1.x1.nb                               1.07792
vd2                                     -0.001
ap2                                     0.5995
an2                                     0.6005
ibn2                                  0.390914
x2.x1.tmid                         1.45509e-09
x2.x1.tail                            0.580115
x2.x1.np                                  1.08
x2.x1.nn                                  1.08
x2.x1.ln                                  1.08
x2.x1.lp                                  1.08
x2.x1.lnb                          6.52402e-09
x2.x1.lpb                          6.52402e-09
x2.x1.na                               1.07792
doutb2                                0.547973
dout2                                 0.547973
x2.x1.nb                               1.07792
ean2#branch                        6.12508e-14
eap2#branch                        6.16304e-14
ean1#branch                        6.16304e-14
eap1#branch                        6.12508e-14
ean0#branch                        6.14093e-14
eap0#branch                        6.14093e-14
vclk#branch                        1.33896e-10
vd2#branch                                   0
vd1#branch                                   0
vd0#branch                                   0
vcm#branch                         3.68581e-13
vsup#branch                       -7.99098e-05

 Reference value :  0.00000e+00
 Reference value :  6.68235e-10
 Reference value :  1.18821e-09
 Reference value :  2.04353e-09
 Reference value :  2.89412e-09
 Reference value :  3.68000e-09
 Reference value :  4.40824e-09
No. of Data Rows : 1345
vsup_v              =  1.08000e+00
d0now               =  1.08000e+00
d1now               =  1.19787e-06
d2now               =  1.78464e-07
Reset re-loads circuit * comparator-transient-noise @ ss_-40c_1.08v -- generated by sim/harness, do not edit

Circuit: * comparator-transient-noise @ ss_-40c_1.08v -- generated by sim/harness, do not edit

Doing analysis at TEMP = -40.000000 and TNOM = 27.000000

Using SPARSE 1.3 as Direct Linear Solver

Initial Transient Solution
--------------------------

Node                                   Voltage
----                                   -------
vdd                                       1.08
cm                                         0.6
vd0                                          0
ap0                                        0.6
an0                                        0.6
ibn0                                  0.390914
x0.x1.tmid                         1.45509e-09
x0.x1.tail                             0.58011
clk                                          0
x0.x1.np                                  1.08
x0.x1.nn                                  1.08
x0.x1.ln                                  1.08
x0.x1.lp                                  1.08
x0.x1.lnb                          6.52402e-09
x0.x1.lpb                          6.52402e-09
x0.x1.na                               1.07792
doutb0                                0.547973
dout0                                 0.547973
x0.x1.nb                               1.07792
vd1                                      0.001
ap1                                     0.6005
an1                                     0.5995
ibn1                                  0.390914
x1.x1.tmid                         1.45509e-09
x1.x1.tail                            0.580115
x1.x1.np                                  1.08
x1.x1.nn                                  1.08
x1.x1.ln                                  1.08
x1.x1.lp                                  1.08
x1.x1.lnb                          6.52402e-09
x1.x1.lpb                          6.52402e-09
x1.x1.na                               1.07792
doutb1                                0.547973
dout1                                 0.547973
x1.x1.nb                               1.07792
vd2                                     -0.001
ap2                                     0.5995
an2                                     0.6005
ibn2                                  0.390914
x2.x1.tmid                         1.45509e-09
x2.x1.tail                            0.580115
x2.x1.np                                  1.08
x2.x1.nn                                  1.08
x2.x1.ln                                  1.08
x2.x1.lp                                  1.08
x2.x1.lnb                          6.52402e-09
x2.x1.lpb                          6.52402e-09
x2.x1.na                               1.07792
doutb2                                0.547973
dout2                                 0.547973
x2.x1.nb                               1.07792
ean2#branch                        6.12508e-14
eap2#branch                        6.16304e-14
ean1#branch                        6.16304e-14
eap1#branch                        6.12508e-14
ean0#branch                        6.14093e-14
eap0#branch                        6.14093e-14
vclk#branch                        1.33896e-10
vd2#branch                                   0
vd1#branch                                   0
vd0#branch                                   0
vcm#branch                         3.68581e-13
vsup#branch                       -7.99098e-05

 Reference value :  0.00000e+00
 Reference value :  6.80000e-10
 Reference value :  1.22352e-09
 Reference value :  2.10000e-09
 Reference value :  2.92000e-09
 Reference value :  3.74824e-09
 Reference value :  4.50118e-09
No. of Data Rows : 1345
vsup_v              =  1.08000e+00
d0now               =  1.08000e+00
d1now               =  -1.42592e-06
d2now               =  1.40746e-06
Reset re-loads circuit * comparator-transient-noise @ ss_-40c_1.08v -- generated by sim/harness, do not edit

Circuit: * comparator-transient-noise @ ss_-40c_1.08v -- generated by sim/harness, do not edit

Doing analysis at TEMP = -40.000000 and TNOM = 27.000000

Using SPARSE 1.3 as Direct Linear Solver

Initial Transient Solution
--------------------------

Node                                   Voltage
----                                   -------
vdd                                       1.08
cm                                         0.6
vd0                                          0
ap0                                        0.6
an0                                        0.6
ibn0                                  0.390914
x0.x1.tmid                         1.45509e-09
x0.x1.tail                             0.58011
clk                                          0
x0.x1.np                                  1.08
x0.x1.nn                                  1.08
x0.x1.ln                                  1.08
x0.x1.lp                                  1.08
x0.x1.lnb                          6.52402e-09
x0.x1.lpb                          6.52402e-09
x0.x1.na                               1.07792
doutb0                                0.547973
dout0                                 0.547973
x0.x1.nb                               1.07792
vd1                                      0.001
ap1                                     0.6005
an1                                     0.5995
ibn1                                  0.390914
x1.x1.tmid                         1.45509e-09
x1.x1.tail                            0.580115
x1.x1.np                                  1.08
x1.x1.nn                                  1.08
x1.x1.ln                                  1.08
x1.x1.lp                                  1.08
x1.x1.lnb                          6.52402e-09
x1.x1.lpb                          6.52402e-09
x1.x1.na                               1.07792
doutb1                                0.547973
dout1                                 0.547973
x1.x1.nb                               1.07792
vd2                                     -0.001
ap2                                     0.5995
an2                                     0.6005
ibn2                                  0.390914
x2.x1.tmid                         1.45509e-09
x2.x1.tail                            0.580115
x2.x1.np                                  1.08
x2.x1.nn                                  1.08
x2.x1.ln                                  1.08
x2.x1.lp                                  1.08
x2.x1.lnb                          6.52402e-09
x2.x1.lpb                          6.52402e-09
x2.x1.na                               1.07792
doutb2                                0.547973
dout2                                 0.547973
x2.x1.nb                               1.07792
ean2#branch                        6.12508e-14
eap2#branch                        6.16304e-14
ean1#branch                        6.16304e-14
eap1#branch                        6.12508e-14
ean0#branch                        6.14093e-14
eap0#branch                        6.14093e-14
vclk#branch                        1.33896e-10
vd2#branch                                   0
vd1#branch                                   0
vd0#branch                                   0
vcm#branch                         3.68581e-13
vsup#branch                       -7.99098e-05

 Reference value :  0.00000e+00
 Reference value :  6.60000e-10
 Reference value :  1.22117e-09
 Reference value :  2.08824e-09
 Reference value :  2.96118e-09
 Reference value :  3.74000e-09
 Reference value :  4.46824e-09
No. of Data Rows : 1345
vsup_v              =  1.08000e+00
d0now               =  1.61132e-06
d1now               =  1.08000e+00
d2now               =  7.20243e-07
Reset re-loads circuit * comparator-transient-noise @ ss_-40c_1.08v -- generated by sim/harness, do not edit

Circuit: * comparator-transient-noise @ ss_-40c_1.08v -- generated by sim/harness, do not edit

Doing analysis at TEMP = -40.000000 and TNOM = 27.000000

Using SPARSE 1.3 as Direct Linear Solver

Initial Transient Solution
--------------------------

Node                                   Voltage
----                                   -------
vdd                                       1.08
cm                                         0.6
vd0                                          0
ap0                                        0.6
an0                                        0.6
ibn0                                  0.390914
x0.x1.tmid                         1.45509e-09
x0.x1.tail                             0.58011
clk                                          0
x0.x1.np                                  1.08
x0.x1.nn                                  1.08
x0.x1.ln                                  1.08
x0.x1.lp                                  1.08
x0.x1.lnb                          6.52402e-09
x0.x1.lpb                          6.52402e-09
x0.x1.na                               1.07792
doutb0                                0.547973
dout0                                 0.547973
x0.x1.nb                               1.07792
vd1                                      0.001
ap1                                     0.6005
an1                                     0.5995
ibn1                                  0.390914
x1.x1.tmid                         1.45509e-09
x1.x1.tail                            0.580115
x1.x1.np                                  1.08
x1.x1.nn                                  1.08
x1.x1.ln                                  1.08
x1.x1.lp                                  1.08
x1.x1.lnb                          6.52402e-09
x1.x1.lpb                          6.52402e-09
x1.x1.na                               1.07792
doutb1                                0.547973
dout1                                 0.547973
x1.x1.nb                               1.07792
vd2                                     -0.001
ap2                                     0.5995
an2                                     0.6005
ibn2                                  0.390914
x2.x1.tmid                         1.45509e-09
x2.x1.tail                            0.580115
x2.x1.np                                  1.08
x2.x1.nn                                  1.08
x2.x1.ln                                  1.08
x2.x1.lp                                  1.08
x2.x1.lnb                          6.52402e-09
x2.x1.lpb                          6.52402e-09
x2.x1.na                               1.07792
doutb2                                0.547973
dout2                                 0.547973
x2.x1.nb                               1.07792
ean2#branch                        6.12508e-14
eap2#branch                        6.16304e-14
ean1#branch                        6.16304e-14
eap1#branch                        6.12508e-14
ean0#branch                        6.14093e-14
eap0#branch                        6.14093e-14
vclk#branch                        1.33896e-10
vd2#branch                                   0
vd1#branch                                   0
vd0#branch                                   0
vcm#branch                         3.68581e-13
vsup#branch                       -7.99098e-05

 Reference value :  0.00000e+00
 Reference value :  6.34118e-10
 Reference value :  1.10051e-09
 Reference value :  2.12118e-09
 Reference value :  2.98118e-09
 Reference value :  3.74353e-09
 Reference value :  4.48000e-09
No. of Data Rows : 1345
vsup_v              =  1.08000e+00
d0now               =  -3.38379e-07
d1now               =  1.08000e+00
d2now               =  -4.56111e-07
Reset re-loads circuit * comparator-transient-noise @ ss_-40c_1.08v -- generated by sim/harness, do not edit

Circuit: * comparator-transient-noise @ ss_-40c_1.08v -- generated by sim/harness, do not edit

Doing analysis at TEMP = -40.000000 and TNOM = 27.000000

Using SPARSE 1.3 as Direct Linear Solver

Initial Transient Solution
--------------------------

Node                                   Voltage
----                                   -------
vdd                                       1.08
cm                                         0.6
vd0                                          0
ap0                                        0.6
an0                                        0.6
ibn0                                  0.390914
x0.x1.tmid                         1.45509e-09
x0.x1.tail                             0.58011
clk                                          0
x0.x1.np                                  1.08
x0.x1.nn                                  1.08
x0.x1.ln                                  1.08
x0.x1.lp                                  1.08
x0.x1.lnb                          6.52402e-09
x0.x1.lpb                          6.52402e-09
x0.x1.na                               1.07792
doutb0                                0.547973
dout0                                 0.547973
x0.x1.nb                               1.07792
vd1                                      0.001
ap1                                     0.6005
an1                                     0.5995
ibn1                                  0.390914
x1.x1.tmid                         1.45509e-09
x1.x1.tail                            0.580115
x1.x1.np                                  1.08
x1.x1.nn                                  1.08
x1.x1.ln                                  1.08
x1.x1.lp                                  1.08
x1.x1.lnb                          6.52402e-09
x1.x1.lpb                          6.52402e-09
x1.x1.na                               1.07792
doutb1                                0.547973
dout1                                 0.547973
x1.x1.nb                               1.07792
vd2                                     -0.001
ap2                                     0.5995
an2                                     0.6005
ibn2                                  0.390914
x2.x1.tmid                         1.45509e-09
x2.x1.tail                            0.580115
x2.x1.np                                  1.08
x2.x1.nn                                  1.08
x2.x1.ln                                  1.08
x2.x1.lp                                  1.08
x2.x1.lnb                          6.52402e-09
x2.x1.lpb                          6.52402e-09
x2.x1.na                               1.07792
doutb2                                0.547973
dout2                                 0.547973
x2.x1.nb                               1.07792
ean2#branch                        6.12508e-14
eap2#branch                        6.16304e-14
ean1#branch                        6.16304e-14
eap1#branch                        6.12508e-14
ean0#branch                        6.14093e-14
eap0#branch                        6.14093e-14
vclk#branch                        1.33896e-10
vd2#branch                                   0
vd1#branch                                   0
vd0#branch                                   0
vcm#branch                         3.68581e-13
vsup#branch                       -7.99098e-05

 Reference value :  0.00000e+00
 Reference value :  6.41176e-10
 Reference value :  1.15409e-09
 Reference value :  2.00000e-09
 Reference value :  2.84353e-09
 Reference value :  3.60353e-09
 Reference value :  4.32118e-09
 Reference value :  5.05412e-09
No. of Data Rows : 1345
vsup_v              =  1.08000e+00
d0now               =  -5.05947e-08
d1now               =  1.08000e+00
d2now               =  -1.05125e-06
Reset re-loads circuit * comparator-transient-noise @ ss_-40c_1.08v -- generated by sim/harness, do not edit

Circuit: * comparator-transient-noise @ ss_-40c_1.08v -- generated by sim/harness, do not edit

Doing analysis at TEMP = -40.000000 and TNOM = 27.000000

Using SPARSE 1.3 as Direct Linear Solver

Initial Transient Solution
--------------------------

Node                                   Voltage
----                                   -------
vdd                                       1.08
cm                                         0.6
vd0                                          0
ap0                                        0.6
an0                                        0.6
ibn0                                  0.390914
x0.x1.tmid                         1.45509e-09
x0.x1.tail                             0.58011
clk                                          0
x0.x1.np                                  1.08
x0.x1.nn                                  1.08
x0.x1.ln                                  1.08
x0.x1.lp                                  1.08
x0.x1.lnb                          6.52402e-09
x0.x1.lpb                          6.52402e-09
x0.x1.na                               1.07792
doutb0                                0.547973
dout0                                 0.547973
x0.x1.nb                               1.07792
vd1                                      0.001
ap1                                     0.6005
an1                                     0.5995
ibn1                                  0.390914
x1.x1.tmid                         1.45509e-09
x1.x1.tail                            0.580115
x1.x1.np                                  1.08
x1.x1.nn                                  1.08
x1.x1.ln                                  1.08
x1.x1.lp                                  1.08
x1.x1.lnb                          6.52402e-09
x1.x1.lpb                          6.52402e-09
x1.x1.na                               1.07792
doutb1                                0.547973
dout1                                 0.547973
x1.x1.nb                               1.07792
vd2                                     -0.001
ap2                                     0.5995
an2                                     0.6005
ibn2                                  0.390914
x2.x1.tmid                         1.45509e-09
x2.x1.tail                            0.580115
x2.x1.np                                  1.08
x2.x1.nn                                  1.08
x2.x1.ln                                  1.08
x2.x1.lp                                  1.08
x2.x1.lnb                          6.52402e-09
x2.x1.lpb                          6.52402e-09
x2.x1.na                               1.07792
doutb2                                0.547973
dout2                                 0.547973
x2.x1.nb                               1.07792
ean2#branch                        6.12508e-14
eap2#branch                        6.16304e-14
ean1#branch                        6.16304e-14
eap1#branch                        6.12508e-14
ean0#branch                        6.14093e-14
eap0#branch                        6.14093e-14
vclk#branch                        1.33896e-10
vd2#branch                                   0
vd1#branch                                   0
vd0#branch                                   0
vcm#branch                         3.68581e-13
vsup#branch                       -7.99098e-05

 Reference value :  0.00000e+00
 Reference value :  6.43529e-10
 Reference value :  1.16118e-09
 Reference value :  2.03412e-09
 Reference value :  2.88000e-09
 Reference value :  3.66118e-09
 Reference value :  4.40000e-09
No. of Data Rows : 1345
vsup_v              =  1.08000e+00
d0now               =  1.08000e+00
d1now               =  1.08000e+00
d2now               =  1.39667e-06
Reset re-loads circuit * comparator-transient-noise @ ss_-40c_1.08v -- generated by sim/harness, do not edit

Circuit: * comparator-transient-noise @ ss_-40c_1.08v -- generated by sim/harness, do not edit

Doing analysis at TEMP = -40.000000 and TNOM = 27.000000

Using SPARSE 1.3 as Direct Linear Solver

Initial Transient Solution
--------------------------

Node                                   Voltage
----                                   -------
vdd                                       1.08
cm                                         0.6
vd0                                          0
ap0                                        0.6
an0                                        0.6
ibn0                                  0.390914
x0.x1.tmid                         1.45509e-09
x0.x1.tail                             0.58011
clk                                          0
x0.x1.np                                  1.08
x0.x1.nn                                  1.08
x0.x1.ln                                  1.08
x0.x1.lp                                  1.08
x0.x1.lnb                          6.52402e-09
x0.x1.lpb                          6.52402e-09
x0.x1.na                               1.07792
doutb0                                0.547973
dout0                                 0.547973
x0.x1.nb                               1.07792
vd1                                      0.001
ap1                                     0.6005
an1                                     0.5995
ibn1                                  0.390914
x1.x1.tmid                         1.45509e-09
x1.x1.tail                            0.580115
x1.x1.np                                  1.08
x1.x1.nn                                  1.08
x1.x1.ln                                  1.08
x1.x1.lp                                  1.08
x1.x1.lnb                          6.52402e-09
x1.x1.lpb                          6.52402e-09
x1.x1.na                               1.07792
doutb1                                0.547973
dout1                                 0.547973
x1.x1.nb                               1.07792
vd2                                     -0.001
ap2                                     0.5995
an2                                     0.6005
ibn2                                  0.390914
x2.x1.tmid                         1.45509e-09
x2.x1.tail                            0.580115
x2.x1.np                                  1.08
x2.x1.nn                                  1.08
x2.x1.ln                                  1.08
x2.x1.lp                                  1.08
x2.x1.lnb                          6.52402e-09
x2.x1.lpb                          6.52402e-09
x2.x1.na                               1.07792
doutb2                                0.547973
dout2                                 0.547973
x2.x1.nb                               1.07792
ean2#branch                        6.12508e-14
eap2#branch                        6.16304e-14
ean1#branch                        6.16304e-14
eap1#branch                        6.12508e-14
ean0#branch                        6.14093e-14
eap0#branch                        6.14093e-14
vclk#branch                        1.33896e-10
vd2#branch                                   0
vd1#branch                                   0
vd0#branch                                   0
vcm#branch                         3.68581e-13
vsup#branch                       -7.99098e-05

 Reference value :  0.00000e+00
 Reference value :  6.54118e-10
 Reference value :  1.16355e-09
 Reference value :  2.00824e-09
 Reference value :  2.83412e-09
 Reference value :  3.62824e-09
 Reference value :  4.34000e-09
 Reference value :  5.06118e-09
No. of Data Rows : 1345
vsup_v              =  1.08000e+00
d0now               =  1.08000e+00
d1now               =  1.08000e+00
d2now               =  1.88108e-06
Reset re-loads circuit * comparator-transient-noise @ ss_-40c_1.08v -- generated by sim/harness, do not edit

Circuit: * comparator-transient-noise @ ss_-40c_1.08v -- generated by sim/harness, do not edit

Doing analysis at TEMP = -40.000000 and TNOM = 27.000000

Using SPARSE 1.3 as Direct Linear Solver

Initial Transient Solution
--------------------------

Node                                   Voltage
----                                   -------
vdd                                       1.08
cm                                         0.6
vd0                                          0
ap0                                        0.6
an0                                        0.6
ibn0                                  0.390914
x0.x1.tmid                         1.45509e-09
x0.x1.tail                             0.58011
clk                                          0
x0.x1.np                                  1.08
x0.x1.nn                                  1.08
x0.x1.ln                                  1.08
x0.x1.lp                                  1.08
x0.x1.lnb                          6.52402e-09
x0.x1.lpb                          6.52402e-09
x0.x1.na                               1.07792
doutb0                                0.547973
dout0                                 0.547973
x0.x1.nb                               1.07792
vd1                                      0.001
ap1                                     0.6005
an1                                     0.5995
ibn1                                  0.390914
x1.x1.tmid                         1.45509e-09
x1.x1.tail                            0.580115
x1.x1.np                                  1.08
x1.x1.nn                                  1.08
x1.x1.ln                                  1.08
x1.x1.lp                                  1.08
x1.x1.lnb                          6.52402e-09
x1.x1.lpb                          6.52402e-09
x1.x1.na                               1.07792
doutb1                                0.547973
dout1                                 0.547973
x1.x1.nb                               1.07792
vd2                                     -0.001
ap2                                     0.5995
an2                                     0.6005
ibn2                                  0.390914
x2.x1.tmid                         1.45509e-09
x2.x1.tail                            0.580115
x2.x1.np                                  1.08
x2.x1.nn                                  1.08
x2.x1.ln                                  1.08
x2.x1.lp                                  1.08
x2.x1.lnb                          6.52402e-09
x2.x1.lpb                          6.52402e-09
x2.x1.na                               1.07792
doutb2                                0.547973
dout2                                 0.547973
x2.x1.nb                               1.07792
ean2#branch                        6.12508e-14
eap2#branch                        6.16304e-14
ean1#branch                        6.16304e-14
eap1#branch                        6.12508e-14
ean0#branch                        6.14093e-14
eap0#branch                        6.14093e-14
vclk#branch                        1.33896e-10
vd2#branch                                   0
vd1#branch                                   0
vd0#branch                                   0
vcm#branch                         3.68581e-13
vsup#branch                       -7.99098e-05

 Reference value :  0.00000e+00
 Reference value :  6.83529e-10
 Reference value :  1.21413e-09
 Reference value :  2.05412e-09
 Reference value :  2.94118e-09
 Reference value :  3.66824e-09
 Reference value :  4.36353e-09
 Reference value :  5.08824e-09
No. of Data Rows : 1345
vsup_v              =  1.08000e+00
d0now               =  1.08000e+00
d1now               =  1.08000e+00
d2now               =  -1.34717e-06
Reset re-loads circuit * comparator-transient-noise @ ss_-40c_1.08v -- generated by sim/harness, do not edit

Circuit: * comparator-transient-noise @ ss_-40c_1.08v -- generated by sim/harness, do not edit

Doing analysis at TEMP = -40.000000 and TNOM = 27.000000

Using SPARSE 1.3 as Direct Linear Solver

Initial Transient Solution
--------------------------

Node                                   Voltage
----                                   -------
vdd                                       1.08
cm                                         0.6
vd0                                          0
ap0                                        0.6
an0                                        0.6
ibn0                                  0.390914
x0.x1.tmid                         1.45509e-09
x0.x1.tail                             0.58011
clk                                          0
x0.x1.np                                  1.08
x0.x1.nn                                  1.08
x0.x1.ln                                  1.08
x0.x1.lp                                  1.08
x0.x1.lnb                          6.52402e-09
x0.x1.lpb                          6.52402e-09
x0.x1.na                               1.07792
doutb0                                0.547973
dout0                                 0.547973
x0.x1.nb                               1.07792
vd1                                      0.001
ap1                                     0.6005
an1                                     0.5995
ibn1                                  0.390914
x1.x1.tmid                         1.45509e-09
x1.x1.tail                            0.580115
x1.x1.np                                  1.08
x1.x1.nn                                  1.08
x1.x1.ln                                  1.08
x1.x1.lp                                  1.08
x1.x1.lnb                          6.52402e-09
x1.x1.lpb                          6.52402e-09
x1.x1.na                               1.07792
doutb1                                0.547973
dout1                                 0.547973
x1.x1.nb                               1.07792
vd2                                     -0.001
ap2                                     0.5995
an2                                     0.6005
ibn2                                  0.390914
x2.x1.tmid                         1.45509e-09
x2.x1.tail                            0.580115
x2.x1.np                                  1.08
x2.x1.nn                                  1.08
x2.x1.ln                                  1.08
x2.x1.lp                                  1.08
x2.x1.lnb                          6.52402e-09
x2.x1.lpb                          6.52402e-09
x2.x1.na                               1.07792
doutb2                                0.547973
dout2                                 0.547973
x2.x1.nb                               1.07792
ean2#branch                        6.12508e-14
eap2#branch                        6.16304e-14
ean1#branch                        6.16304e-14
eap1#branch                        6.12508e-14
ean0#branch                        6.14093e-14
eap0#branch                        6.14093e-14
vclk#branch                        1.33896e-10
vd2#branch                                   0
vd1#branch                                   0
vd0#branch                                   0
vcm#branch                         3.68581e-13
vsup#branch                       -7.99098e-05

 Reference value :  0.00000e+00
 Reference value :  6.61176e-10
 Reference value :  1.16355e-09
 Reference value :  2.03412e-09
 Reference value :  2.90353e-09
 Reference value :  3.68118e-09
 Reference value :  4.44353e-09
No. of Data Rows : 1345
vsup_v              =  1.08000e+00
d0now               =  1.08000e+00
d1now               =  1.08000e+00
d2now               =  8.24999e-07
Reset re-loads circuit * comparator-transient-noise @ ss_-40c_1.08v -- generated by sim/harness, do not edit

Circuit: * comparator-transient-noise @ ss_-40c_1.08v -- generated by sim/harness, do not edit

Doing analysis at TEMP = -40.000000 and TNOM = 27.000000

Using SPARSE 1.3 as Direct Linear Solver

Initial Transient Solution
--------------------------

Node                                   Voltage
----                                   -------
vdd                                       1.08
cm                                         0.6
vd0                                          0
ap0                                        0.6
an0                                        0.6
ibn0                                  0.390914
x0.x1.tmid                         1.45509e-09
x0.x1.tail                             0.58011
clk                                          0
x0.x1.np                                  1.08
x0.x1.nn                                  1.08
x0.x1.ln                                  1.08
x0.x1.lp                                  1.08
x0.x1.lnb                          6.52402e-09
x0.x1.lpb                          6.52402e-09
x0.x1.na                               1.07792
doutb0                                0.547973
dout0                                 0.547973
x0.x1.nb                               1.07792
vd1                                      0.001
ap1                                     0.6005
an1                                     0.5995
ibn1                                  0.390914
x1.x1.tmid                         1.45509e-09
x1.x1.tail                            0.580115
x1.x1.np                                  1.08
x1.x1.nn                                  1.08
x1.x1.ln                                  1.08
x1.x1.lp                                  1.08
x1.x1.lnb                          6.52402e-09
x1.x1.lpb                          6.52402e-09
x1.x1.na                               1.07792
doutb1                                0.547973
dout1                                 0.547973
x1.x1.nb                               1.07792
vd2                                     -0.001
ap2                                     0.5995
an2                                     0.6005
ibn2                                  0.390914
x2.x1.tmid                         1.45509e-09
x2.x1.tail                            0.580115
x2.x1.np                                  1.08
x2.x1.nn                                  1.08
x2.x1.ln                                  1.08
x2.x1.lp                                  1.08
x2.x1.lnb                          6.52402e-09
x2.x1.lpb                          6.52402e-09
x2.x1.na                               1.07792
doutb2                                0.547973
dout2                                 0.547973
x2.x1.nb                               1.07792
ean2#branch                        6.12508e-14
eap2#branch                        6.16304e-14
ean1#branch                        6.16304e-14
eap1#branch                        6.12508e-14
ean0#branch                        6.14093e-14
eap0#branch                        6.14093e-14
vclk#branch                        1.33896e-10
vd2#branch                                   0
vd1#branch                                   0
vd0#branch                                   0
vcm#branch                         3.68581e-13
vsup#branch                       -7.99098e-05

 Reference value :  0.00000e+00
 Reference value :  6.61176e-10
 Reference value :  1.17414e-09
 Reference value :  2.08000e-09
 Reference value :  2.89412e-09
 Reference value :  3.72824e-09
 Reference value :  4.46353e-09
No. of Data Rows : 1345
vsup_v              =  1.08000e+00
d0now               =  2.58317e-06
d1now               =  6.38781e-08
d2now               =  -1.55219e-06
Reset re-loads circuit * comparator-transient-noise @ ss_-40c_1.08v -- generated by sim/harness, do not edit

Circuit: * comparator-transient-noise @ ss_-40c_1.08v -- generated by sim/harness, do not edit

Doing analysis at TEMP = -40.000000 and TNOM = 27.000000

Using SPARSE 1.3 as Direct Linear Solver

Initial Transient Solution
--------------------------

Node                                   Voltage
----                                   -------
vdd                                       1.08
cm                                         0.6
vd0                                          0
ap0                                        0.6
an0                                        0.6
ibn0                                  0.390914
x0.x1.tmid                         1.45509e-09
x0.x1.tail                             0.58011
clk                                          0
x0.x1.np                                  1.08
x0.x1.nn                                  1.08
x0.x1.ln                                  1.08
x0.x1.lp                                  1.08
x0.x1.lnb                          6.52402e-09
x0.x1.lpb                          6.52402e-09
x0.x1.na                               1.07792
doutb0                                0.547973
dout0                                 0.547973
x0.x1.nb                               1.07792
vd1                                      0.001
ap1                                     0.6005
an1                                     0.5995
ibn1                                  0.390914
x1.x1.tmid                         1.45509e-09
x1.x1.tail                            0.580115
x1.x1.np                                  1.08
x1.x1.nn                                  1.08
x1.x1.ln                                  1.08
x1.x1.lp                                  1.08
x1.x1.lnb                          6.52402e-09
x1.x1.lpb                          6.52402e-09
x1.x1.na                               1.07792
doutb1                                0.547973
dout1                                 0.547973
x1.x1.nb                               1.07792
vd2                                     -0.001
ap2                                     0.5995
an2                                     0.6005
ibn2                                  0.390914
x2.x1.tmid                         1.45509e-09
x2.x1.tail                            0.580115
x2.x1.np                                  1.08
x2.x1.nn                                  1.08
x2.x1.ln                                  1.08
x2.x1.lp                                  1.08
x2.x1.lnb                          6.52402e-09
x2.x1.lpb                          6.52402e-09
x2.x1.na                               1.07792
doutb2                                0.547973
dout2                                 0.547973
x2.x1.nb                               1.07792
ean2#branch                        6.12508e-14
eap2#branch                        6.16304e-14
ean1#branch                        6.16304e-14
eap1#branch                        6.12508e-14
ean0#branch                        6.14093e-14
eap0#branch                        6.14093e-14
vclk#branch                        1.33896e-10
vd2#branch                                   0
vd1#branch                                   0
vd0#branch                                   0
vcm#branch                         3.68581e-13
vsup#branch                       -7.99098e-05

 Reference value :  0.00000e+00
 Reference value :  6.74118e-10
 Reference value :  1.20000e-09
 Reference value :  2.04353e-09
 Reference value :  2.88000e-09
 Reference value :  3.63412e-09
 Reference value :  4.33412e-09
 Reference value :  5.04353e-09
No. of Data Rows : 1345
vsup_v              =  1.08000e+00
d0now               =  1.08000e+00
d1now               =  -1.41492e-06
d2now               =  1.88041e-07
Reset re-loads circuit * comparator-transient-noise @ ss_-40c_1.08v -- generated by sim/harness, do not edit

Circuit: * comparator-transient-noise @ ss_-40c_1.08v -- generated by sim/harness, do not edit

Doing analysis at TEMP = -40.000000 and TNOM = 27.000000

Using SPARSE 1.3 as Direct Linear Solver

Initial Transient Solution
--------------------------

Node                                   Voltage
----                                   -------
vdd                                       1.08
cm                                         0.6
vd0                                          0
ap0                                        0.6
an0                                        0.6
ibn0                                  0.390914
x0.x1.tmid                         1.45509e-09
x0.x1.tail                             0.58011
clk                                          0
x0.x1.np                                  1.08
x0.x1.nn                                  1.08
x0.x1.ln                                  1.08
x0.x1.lp                                  1.08
x0.x1.lnb                          6.52402e-09
x0.x1.lpb                          6.52402e-09
x0.x1.na                               1.07792
doutb0                                0.547973
dout0                                 0.547973
x0.x1.nb                               1.07792
vd1                                      0.001
ap1                                     0.6005
an1                                     0.5995
ibn1                                  0.390914
x1.x1.tmid                         1.45509e-09
x1.x1.tail                            0.580115
x1.x1.np                                  1.08
x1.x1.nn                                  1.08
x1.x1.ln                                  1.08
x1.x1.lp                                  1.08
x1.x1.lnb                          6.52402e-09
x1.x1.lpb                          6.52402e-09
x1.x1.na                               1.07792
doutb1                                0.547973
dout1                                 0.547973
x1.x1.nb                               1.07792
vd2                                     -0.001
ap2                                     0.5995
an2                                     0.6005
ibn2                                  0.390914
x2.x1.tmid                         1.45509e-09
x2.x1.tail                            0.580115
x2.x1.np                                  1.08
x2.x1.nn                                  1.08
x2.x1.ln                                  1.08
x2.x1.lp                                  1.08
x2.x1.lnb                          6.52402e-09
x2.x1.lpb                          6.52402e-09
x2.x1.na                               1.07792
doutb2                                0.547973
dout2                                 0.547973
x2.x1.nb                               1.07792
ean2#branch                        6.12508e-14
eap2#branch                        6.16304e-14
ean1#branch                        6.16304e-14
eap1#branch                        6.12508e-14
ean0#branch                        6.14093e-14
eap0#branch                        6.14093e-14
vclk#branch                        1.33896e-10
vd2#branch                                   0
vd1#branch                                   0
vd0#branch                                   0
vcm#branch                         3.68581e-13
vsup#branch                       -7.99098e-05

 Reference value :  0.00000e+00
 Reference value :  6.28235e-10
 Reference value :  1.14818e-09
 Reference value :  2.00824e-09
 Reference value :  2.84353e-09
 Reference value :  3.60353e-09
 Reference value :  4.34353e-09
 Reference value :  5.08118e-09
No. of Data Rows : 1345
vsup_v              =  1.08000e+00
d0now               =  1.08001e+00
d1now               =  1.08000e+00
d2now               =  4.77440e-07
Reset re-loads circuit * comparator-transient-noise @ ss_-40c_1.08v -- generated by sim/harness, do not edit

Circuit: * comparator-transient-noise @ ss_-40c_1.08v -- generated by sim/harness, do not edit

Doing analysis at TEMP = -40.000000 and TNOM = 27.000000

Using SPARSE 1.3 as Direct Linear Solver

Initial Transient Solution
--------------------------

Node                                   Voltage
----                                   -------
vdd                                       1.08
cm                                         0.6
vd0                                          0
ap0                                        0.6
an0                                        0.6
ibn0                                  0.390914
x0.x1.tmid                         1.45509e-09
x0.x1.tail                             0.58011
clk                                          0
x0.x1.np                                  1.08
x0.x1.nn                                  1.08
x0.x1.ln                                  1.08
x0.x1.lp                                  1.08
x0.x1.lnb                          6.52402e-09
x0.x1.lpb                          6.52402e-09
x0.x1.na                               1.07792
doutb0                                0.547973
dout0                                 0.547973
x0.x1.nb                               1.07792
vd1                                      0.001
ap1                                     0.6005
an1                                     0.5995
ibn1                                  0.390914
x1.x1.tmid                         1.45509e-09
x1.x1.tail                            0.580115
x1.x1.np                                  1.08
x1.x1.nn                                  1.08
x1.x1.ln                                  1.08
x1.x1.lp                                  1.08
x1.x1.lnb                          6.52402e-09
x1.x1.lpb                          6.52402e-09
x1.x1.na                               1.07792
doutb1                                0.547973
dout1                                 0.547973
x1.x1.nb                               1.07792
vd2                                     -0.001
ap2                                     0.5995
an2                                     0.6005
ibn2                                  0.390914
x2.x1.tmid                         1.45509e-09
x2.x1.tail                            0.580115
x2.x1.np                                  1.08
x2.x1.nn                                  1.08
x2.x1.ln                                  1.08
x2.x1.lp                                  1.08
x2.x1.lnb                          6.52402e-09
x2.x1.lpb                          6.52402e-09
x2.x1.na                               1.07792
doutb2                                0.547973
dout2                                 0.547973
x2.x1.nb                               1.07792
ean2#branch                        6.12508e-14
eap2#branch                        6.16304e-14
ean1#branch                        6.16304e-14
eap1#branch                        6.12508e-14
ean0#branch                        6.14093e-14
eap0#branch                        6.14093e-14
vclk#branch                        1.33896e-10
vd2#branch                                   0
vd1#branch                                   0
vd0#branch                                   0
vcm#branch                         3.68581e-13
vsup#branch                       -7.99098e-05

 Reference value :  0.00000e+00
 Reference value :  6.40000e-10
 Reference value :  1.20354e-09
 Reference value :  2.04000e-09
 Reference value :  2.84118e-09
 Reference value :  3.64353e-09
 Reference value :  4.34118e-09
 Reference value :  5.06000e-09
No. of Data Rows : 1345
vsup_v              =  1.08000e+00
d0now               =  1.07999e+00
d1now               =  -4.08242e-07
d2now               =  -5.01170e-07
Reset re-loads circuit * comparator-transient-noise @ ss_-40c_1.08v -- generated by sim/harness, do not edit

Circuit: * comparator-transient-noise @ ss_-40c_1.08v -- generated by sim/harness, do not edit

Doing analysis at TEMP = -40.000000 and TNOM = 27.000000

Using SPARSE 1.3 as Direct Linear Solver

Initial Transient Solution
--------------------------

Node                                   Voltage
----                                   -------
vdd                                       1.08
cm                                         0.6
vd0                                          0
ap0                                        0.6
an0                                        0.6
ibn0                                  0.390914
x0.x1.tmid                         1.45509e-09
x0.x1.tail                             0.58011
clk                                          0
x0.x1.np                                  1.08
x0.x1.nn                                  1.08
x0.x1.ln                                  1.08
x0.x1.lp                                  1.08
x0.x1.lnb                          6.52402e-09
x0.x1.lpb                          6.52402e-09
x0.x1.na                               1.07792
doutb0                                0.547973
dout0                                 0.547973
x0.x1.nb                               1.07792
vd1                                      0.001
ap1                                     0.6005
an1                                     0.5995
ibn1                                  0.390914
x1.x1.tmid                         1.45509e-09
x1.x1.tail                            0.580115
x1.x1.np                                  1.08
x1.x1.nn                                  1.08
x1.x1.ln                                  1.08
x1.x1.lp                                  1.08
x1.x1.lnb                          6.52402e-09
x1.x1.lpb                          6.52402e-09
x1.x1.na                               1.07792
doutb1                                0.547973
dout1                                 0.547973
x1.x1.nb                               1.07792
vd2                                     -0.001
ap2                                     0.5995
an2                                     0.6005
ibn2                                  0.390914
x2.x1.tmid                         1.45509e-09
x2.x1.tail                            0.580115
x2.x1.np                                  1.08
x2.x1.nn                                  1.08
x2.x1.ln                                  1.08
x2.x1.lp                                  1.08
x2.x1.lnb                          6.52402e-09
x2.x1.lpb                          6.52402e-09
x2.x1.na                               1.07792
doutb2                                0.547973
dout2                                 0.547973
x2.x1.nb                               1.07792
ean2#branch                        6.12508e-14
eap2#branch                        6.16304e-14
ean1#branch                        6.16304e-14
eap1#branch                        6.12508e-14
ean0#branch                        6.14093e-14
eap0#branch                        6.14093e-14
vclk#branch                        1.33896e-10
vd2#branch                                   0
vd1#branch                                   0
vd0#branch                                   0
vcm#branch                         3.68581e-13
vsup#branch                       -7.99098e-05

 Reference value :  0.00000e+00
 Reference value :  6.40000e-10
 Reference value :  1.11406e-09
 Reference value :  1.95412e-09
 Reference value :  2.81412e-09
 Reference value :  3.64353e-09
 Reference value :  4.40000e-09
No. of Data Rows : 1345
vsup_v              =  1.08000e+00
d0now               =  -5.37015e-08
d1now               =  -5.44054e-07
d2now               =  1.08000e+00
Reset re-loads circuit * comparator-transient-noise @ ss_-40c_1.08v -- generated by sim/harness, do not edit

Circuit: * comparator-transient-noise @ ss_-40c_1.08v -- generated by sim/harness, do not edit

Doing analysis at TEMP = -40.000000 and TNOM = 27.000000

Using SPARSE 1.3 as Direct Linear Solver

Initial Transient Solution
--------------------------

Node                                   Voltage
----                                   -------
vdd                                       1.08
cm                                         0.6
vd0                                          0
ap0                                        0.6
an0                                        0.6
ibn0                                  0.390914
x0.x1.tmid                         1.45509e-09
x0.x1.tail                             0.58011
clk                                          0
x0.x1.np                                  1.08
x0.x1.nn                                  1.08
x0.x1.ln                                  1.08
x0.x1.lp                                  1.08
x0.x1.lnb                          6.52402e-09
x0.x1.lpb                          6.52402e-09
x0.x1.na                               1.07792
doutb0                                0.547973
dout0                                 0.547973
x0.x1.nb                               1.07792
vd1                                      0.001
ap1                                     0.6005
an1                                     0.5995
ibn1                                  0.390914
x1.x1.tmid                         1.45509e-09
x1.x1.tail                            0.580115
x1.x1.np                                  1.08
x1.x1.nn                                  1.08
x1.x1.ln                                  1.08
x1.x1.lp                                  1.08
x1.x1.lnb                          6.52402e-09
x1.x1.lpb                          6.52402e-09
x1.x1.na                               1.07792
doutb1                                0.547973
dout1                                 0.547973
x1.x1.nb                               1.07792
vd2                                     -0.001
ap2                                     0.5995
an2                                     0.6005
ibn2                                  0.390914
x2.x1.tmid                         1.45509e-09
x2.x1.tail                            0.580115
x2.x1.np                                  1.08
x2.x1.nn                                  1.08
x2.x1.ln                                  1.08
x2.x1.lp                                  1.08
x2.x1.lnb                          6.52402e-09
x2.x1.lpb                          6.52402e-09
x2.x1.na                               1.07792
doutb2                                0.547973
dout2                                 0.547973
x2.x1.nb                               1.07792
ean2#branch                        6.12508e-14
eap2#branch                        6.16304e-14
ean1#branch                        6.16304e-14
eap1#branch                        6.12508e-14
ean0#branch                        6.14093e-14
eap0#branch                        6.14093e-14
vclk#branch                        1.33896e-10
vd2#branch                                   0
vd1#branch                                   0
vd0#branch                                   0
vcm#branch                         3.68581e-13
vsup#branch                       -7.99098e-05

 Reference value :  0.00000e+00
 Reference value :  6.28235e-10
 Reference value :  1.16355e-09
 Reference value :  2.02000e-09
 Reference value :  2.91412e-09
 Reference value :  3.66353e-09
 Reference value :  4.40353e-09
No. of Data Rows : 1345
vsup_v              =  1.08000e+00
d0now               =  1.08000e+00
d1now               =  1.08000e+00
d2now               =  4.24169e-07
Reset re-loads circuit * comparator-transient-noise @ ss_-40c_1.08v -- generated by sim/harness, do not edit

Circuit: * comparator-transient-noise @ ss_-40c_1.08v -- generated by sim/harness, do not edit

Doing analysis at TEMP = -40.000000 and TNOM = 27.000000

Using SPARSE 1.3 as Direct Linear Solver

Initial Transient Solution
--------------------------

Node                                   Voltage
----                                   -------
vdd                                       1.08
cm                                         0.6
vd0                                          0
ap0                                        0.6
an0                                        0.6
ibn0                                  0.390914
x0.x1.tmid                         1.45509e-09
x0.x1.tail                             0.58011
clk                                          0
x0.x1.np                                  1.08
x0.x1.nn                                  1.08
x0.x1.ln                                  1.08
x0.x1.lp                                  1.08
x0.x1.lnb                          6.52402e-09
x0.x1.lpb                          6.52402e-09
x0.x1.na                               1.07792
doutb0                                0.547973
dout0                                 0.547973
x0.x1.nb                               1.07792
vd1                                      0.001
ap1                                     0.6005
an1                                     0.5995
ibn1                                  0.390914
x1.x1.tmid                         1.45509e-09
x1.x1.tail                            0.580115
x1.x1.np                                  1.08
x1.x1.nn                                  1.08
x1.x1.ln                                  1.08
x1.x1.lp                                  1.08
x1.x1.lnb                          6.52402e-09
x1.x1.lpb                          6.52402e-09
x1.x1.na                               1.07792
doutb1                                0.547973
dout1                                 0.547973
x1.x1.nb                               1.07792
vd2                                     -0.001
ap2                                     0.5995
an2                                     0.6005
ibn2                                  0.390914
x2.x1.tmid                         1.45509e-09
x2.x1.tail                            0.580115
x2.x1.np                                  1.08
x2.x1.nn                                  1.08
x2.x1.ln                                  1.08
x2.x1.lp                                  1.08
x2.x1.lnb                          6.52402e-09
x2.x1.lpb                          6.52402e-09
x2.x1.na                               1.07792
doutb2                                0.547973
dout2                                 0.547973
x2.x1.nb                               1.07792
ean2#branch                        6.12508e-14
eap2#branch                        6.16304e-14
ean1#branch                        6.16304e-14
eap1#branch                        6.12508e-14
ean0#branch                        6.14093e-14
eap0#branch                        6.14093e-14
vclk#branch                        1.33896e-10
vd2#branch                                   0
vd1#branch                                   0
vd0#branch                                   0
vcm#branch                         3.68581e-13
vsup#branch                       -7.99098e-05

 Reference value :  0.00000e+00
 Reference value :  6.60000e-10
 Reference value :  1.16118e-09
 Reference value :  2.04353e-09
 Reference value :  2.89412e-09
 Reference value :  3.68353e-09
 Reference value :  4.42353e-09
No. of Data Rows : 1345
vsup_v              =  1.08000e+00
d0now               =  1.08000e+00
d1now               =  1.08000e+00
d2now               =  -1.42392e-06
Reset re-loads circuit * comparator-transient-noise @ ss_-40c_1.08v -- generated by sim/harness, do not edit

Circuit: * comparator-transient-noise @ ss_-40c_1.08v -- generated by sim/harness, do not edit

Doing analysis at TEMP = -40.000000 and TNOM = 27.000000

Using SPARSE 1.3 as Direct Linear Solver

Initial Transient Solution
--------------------------

Node                                   Voltage
----                                   -------
vdd                                       1.08
cm                                         0.6
vd0                                          0
ap0                                        0.6
an0                                        0.6
ibn0                                  0.390914
x0.x1.tmid                         1.45509e-09
x0.x1.tail                             0.58011
clk                                          0
x0.x1.np                                  1.08
x0.x1.nn                                  1.08
x0.x1.ln                                  1.08
x0.x1.lp                                  1.08
x0.x1.lnb                          6.52402e-09
x0.x1.lpb                          6.52402e-09
x0.x1.na                               1.07792
doutb0                                0.547973
dout0                                 0.547973
x0.x1.nb                               1.07792
vd1                                      0.001
ap1                                     0.6005
an1                                     0.5995
ibn1                                  0.390914
x1.x1.tmid                         1.45509e-09
x1.x1.tail                            0.580115
x1.x1.np                                  1.08
x1.x1.nn                                  1.08
x1.x1.ln                                  1.08
x1.x1.lp                                  1.08
x1.x1.lnb                          6.52402e-09
x1.x1.lpb                          6.52402e-09
x1.x1.na                               1.07792
doutb1                                0.547973
dout1                                 0.547973
x1.x1.nb                               1.07792
vd2                                     -0.001
ap2                                     0.5995
an2                                     0.6005
ibn2                                  0.390914
x2.x1.tmid                         1.45509e-09
x2.x1.tail                            0.580115
x2.x1.np                                  1.08
x2.x1.nn                                  1.08
x2.x1.ln                                  1.08
x2.x1.lp                                  1.08
x2.x1.lnb                          6.52402e-09
x2.x1.lpb                          6.52402e-09
x2.x1.na                               1.07792
doutb2                                0.547973
dout2                                 0.547973
x2.x1.nb                               1.07792
ean2#branch                        6.12508e-14
eap2#branch                        6.16304e-14
ean1#branch                        6.16304e-14
eap1#branch                        6.12508e-14
ean0#branch                        6.14093e-14
eap0#branch                        6.14093e-14
vclk#branch                        1.33896e-10
vd2#branch                                   0
vd1#branch                                   0
vd0#branch                                   0
vcm#branch                         3.68581e-13
vsup#branch                       -7.99098e-05

 Reference value :  0.00000e+00
 Reference value :  6.43529e-10
 Reference value :  1.16000e-09
 Reference value :  2.02118e-09
 Reference value :  2.88353e-09
 Reference value :  3.66000e-09
 Reference value :  4.38353e-09
 Reference value :  5.08824e-09
No. of Data Rows : 1345
vsup_v              =  1.08000e+00
d0now               =  1.08000e+00
d1now               =  1.08000e+00
d2now               =  -5.81333e-07
Reset re-loads circuit * comparator-transient-noise @ ss_-40c_1.08v -- generated by sim/harness, do not edit

Circuit: * comparator-transient-noise @ ss_-40c_1.08v -- generated by sim/harness, do not edit

Doing analysis at TEMP = -40.000000 and TNOM = 27.000000

Using SPARSE 1.3 as Direct Linear Solver

Initial Transient Solution
--------------------------

Node                                   Voltage
----                                   -------
vdd                                       1.08
cm                                         0.6
vd0                                          0
ap0                                        0.6
an0                                        0.6
ibn0                                  0.390914
x0.x1.tmid                         1.45509e-09
x0.x1.tail                             0.58011
clk                                          0
x0.x1.np                                  1.08
x0.x1.nn                                  1.08
x0.x1.ln                                  1.08
x0.x1.lp                                  1.08
x0.x1.lnb                          6.52402e-09
x0.x1.lpb                          6.52402e-09
x0.x1.na                               1.07792
doutb0                                0.547973
dout0                                 0.547973
x0.x1.nb                               1.07792
vd1                                      0.001
ap1                                     0.6005
an1                                     0.5995
ibn1                                  0.390914
x1.x1.tmid                         1.45509e-09
x1.x1.tail                            0.580115
x1.x1.np                                  1.08
x1.x1.nn                                  1.08
x1.x1.ln                                  1.08
x1.x1.lp                                  1.08
x1.x1.lnb                          6.52402e-09
x1.x1.lpb                          6.52402e-09
x1.x1.na                               1.07792
doutb1                                0.547973
dout1                                 0.547973
x1.x1.nb                               1.07792
vd2                                     -0.001
ap2                                     0.5995
an2                                     0.6005
ibn2                                  0.390914
x2.x1.tmid                         1.45509e-09
x2.x1.tail                            0.580115
x2.x1.np                                  1.08
x2.x1.nn                                  1.08
x2.x1.ln                                  1.08
x2.x1.lp                                  1.08
x2.x1.lnb                          6.52402e-09
x2.x1.lpb                          6.52402e-09
x2.x1.na                               1.07792
doutb2                                0.547973
dout2                                 0.547973
x2.x1.nb                               1.07792
ean2#branch                        6.12508e-14
eap2#branch                        6.16304e-14
ean1#branch                        6.16304e-14
eap1#branch                        6.12508e-14
ean0#branch                        6.14093e-14
eap0#branch                        6.14093e-14
vclk#branch                        1.33896e-10
vd2#branch                                   0
vd1#branch                                   0
vd0#branch                                   0
vcm#branch                         3.68581e-13
vsup#branch                       -7.99098e-05

 Reference value :  0.00000e+00
 Reference value :  6.60000e-10
 Reference value :  1.18117e-09
 Reference value :  2.10000e-09
 Reference value :  2.93412e-09
 Reference value :  3.68353e-09
 Reference value :  4.42000e-09
No. of Data Rows : 1345
vsup_v              =  1.08000e+00
d0now               =  1.08000e+00
d1now               =  1.08000e+00
d2now               =  -1.45319e-06
Reset re-loads circuit * comparator-transient-noise @ ss_-40c_1.08v -- generated by sim/harness, do not edit

Circuit: * comparator-transient-noise @ ss_-40c_1.08v -- generated by sim/harness, do not edit

Doing analysis at TEMP = -40.000000 and TNOM = 27.000000

Using SPARSE 1.3 as Direct Linear Solver

Initial Transient Solution
--------------------------

Node                                   Voltage
----                                   -------
vdd                                       1.08
cm                                         0.6
vd0                                          0
ap0                                        0.6
an0                                        0.6
ibn0                                  0.390914
x0.x1.tmid                         1.45509e-09
x0.x1.tail                             0.58011
clk                                          0
x0.x1.np                                  1.08
x0.x1.nn                                  1.08
x0.x1.ln                                  1.08
x0.x1.lp                                  1.08
x0.x1.lnb                          6.52402e-09
x0.x1.lpb                          6.52402e-09
x0.x1.na                               1.07792
doutb0                                0.547973
dout0                                 0.547973
x0.x1.nb                               1.07792
vd1                                      0.001
ap1                                     0.6005
an1                                     0.5995
ibn1                                  0.390914
x1.x1.tmid                         1.45509e-09
x1.x1.tail                            0.580115
x1.x1.np                                  1.08
x1.x1.nn                                  1.08
x1.x1.ln                                  1.08
x1.x1.lp                                  1.08
x1.x1.lnb                          6.52402e-09
x1.x1.lpb                          6.52402e-09
x1.x1.na                               1.07792
doutb1                                0.547973
dout1                                 0.547973
x1.x1.nb                               1.07792
vd2                                     -0.001
ap2                                     0.5995
an2                                     0.6005
ibn2                                  0.390914
x2.x1.tmid                         1.45509e-09
x2.x1.tail                            0.580115
x2.x1.np                                  1.08
x2.x1.nn                                  1.08
x2.x1.ln                                  1.08
x2.x1.lp                                  1.08
x2.x1.lnb                          6.52402e-09
x2.x1.lpb                          6.52402e-09
x2.x1.na                               1.07792
doutb2                                0.547973
dout2                                 0.547973
x2.x1.nb                               1.07792
ean2#branch                        6.12508e-14
eap2#branch                        6.16304e-14
ean1#branch                        6.16304e-14
eap1#branch                        6.12508e-14
ean0#branch                        6.14093e-14
eap0#branch                        6.14093e-14
vclk#branch                        1.33896e-10
vd2#branch                                   0
vd1#branch                                   0
vd0#branch                                   0
vcm#branch                         3.68581e-13
vsup#branch                       -7.99098e-05

 Reference value :  0.00000e+00
 Reference value :  6.43529e-10
 Reference value :  1.14350e-09
 Reference value :  1.98353e-09
 Reference value :  2.80353e-09
 Reference value :  3.56353e-09
 Reference value :  4.32000e-09
 Reference value :  5.04118e-09
No. of Data Rows : 1345
vsup_v              =  1.08000e+00
d0now               =  1.08001e+00
d1now               =  1.08000e+00
d2now               =  -1.93044e-06
Reset re-loads circuit * comparator-transient-noise @ ss_-40c_1.08v -- generated by sim/harness, do not edit

Circuit: * comparator-transient-noise @ ss_-40c_1.08v -- generated by sim/harness, do not edit

Doing analysis at TEMP = -40.000000 and TNOM = 27.000000

Using SPARSE 1.3 as Direct Linear Solver

Initial Transient Solution
--------------------------

Node                                   Voltage
----                                   -------
vdd                                       1.08
cm                                         0.6
vd0                                          0
ap0                                        0.6
an0                                        0.6
ibn0                                  0.390914
x0.x1.tmid                         1.45509e-09
x0.x1.tail                             0.58011
clk                                          0
x0.x1.np                                  1.08
x0.x1.nn                                  1.08
x0.x1.ln                                  1.08
x0.x1.lp                                  1.08
x0.x1.lnb                          6.52402e-09
x0.x1.lpb                          6.52402e-09
x0.x1.na                               1.07792
doutb0                                0.547973
dout0                                 0.547973
x0.x1.nb                               1.07792
vd1                                      0.001
ap1                                     0.6005
an1                                     0.5995
ibn1                                  0.390914
x1.x1.tmid                         1.45509e-09
x1.x1.tail                            0.580115
x1.x1.np                                  1.08
x1.x1.nn                                  1.08
x1.x1.ln                                  1.08
x1.x1.lp                                  1.08
x1.x1.lnb                          6.52402e-09
x1.x1.lpb                          6.52402e-09
x1.x1.na                               1.07792
doutb1                                0.547973
dout1                                 0.547973
x1.x1.nb                               1.07792
vd2                                     -0.001
ap2                                     0.5995
an2                                     0.6005
ibn2                                  0.390914
x2.x1.tmid                         1.45509e-09
x2.x1.tail                            0.580115
x2.x1.np                                  1.08
x2.x1.nn                                  1.08
x2.x1.ln                                  1.08
x2.x1.lp                                  1.08
x2.x1.lnb                          6.52402e-09
x2.x1.lpb                          6.52402e-09
x2.x1.na                               1.07792
doutb2                                0.547973
dout2                                 0.547973
x2.x1.nb                               1.07792
ean2#branch                        6.12508e-14
eap2#branch                        6.16304e-14
ean1#branch                        6.16304e-14
eap1#branch                        6.12508e-14
ean0#branch                        6.14093e-14
eap0#branch                        6.14093e-14
vclk#branch                        1.33896e-10
vd2#branch                                   0
vd1#branch                                   0
vd0#branch                                   0
vcm#branch                         3.68581e-13
vsup#branch                       -7.99098e-05

 Reference value :  0.00000e+00
 Reference value :  6.41176e-10
 Reference value :  1.14117e-09
 Reference value :  2.01412e-09
 Reference value :  2.86824e-09
 Reference value :  3.62353e-09
 Reference value :  4.32118e-09
 Reference value :  5.02118e-09
No. of Data Rows : 1345
vsup_v              =  1.08000e+00
d0now               =  1.08000e+00
d1now               =  1.07999e+00
d2now               =  4.30307e-07
Reset re-loads circuit * comparator-transient-noise @ ss_-40c_1.08v -- generated by sim/harness, do not edit

Circuit: * comparator-transient-noise @ ss_-40c_1.08v -- generated by sim/harness, do not edit

Doing analysis at TEMP = -40.000000 and TNOM = 27.000000

Using SPARSE 1.3 as Direct Linear Solver

Initial Transient Solution
--------------------------

Node                                   Voltage
----                                   -------
vdd                                       1.08
cm                                         0.6
vd0                                          0
ap0                                        0.6
an0                                        0.6
ibn0                                  0.390914
x0.x1.tmid                         1.45509e-09
x0.x1.tail                             0.58011
clk                                          0
x0.x1.np                                  1.08
x0.x1.nn                                  1.08
x0.x1.ln                                  1.08
x0.x1.lp                                  1.08
x0.x1.lnb                          6.52402e-09
x0.x1.lpb                          6.52402e-09
x0.x1.na                               1.07792
doutb0                                0.547973
dout0                                 0.547973
x0.x1.nb                               1.07792
vd1                                      0.001
ap1                                     0.6005
an1                                     0.5995
ibn1                                  0.390914
x1.x1.tmid                         1.45509e-09
x1.x1.tail                            0.580115
x1.x1.np                                  1.08
x1.x1.nn                                  1.08
x1.x1.ln                                  1.08
x1.x1.lp                                  1.08
x1.x1.lnb                          6.52402e-09
x1.x1.lpb                          6.52402e-09
x1.x1.na                               1.07792
doutb1                                0.547973
dout1                                 0.547973
x1.x1.nb                               1.07792
vd2                                     -0.001
ap2                                     0.5995
an2                                     0.6005
ibn2                                  0.390914
x2.x1.tmid                         1.45509e-09
x2.x1.tail                            0.580115
x2.x1.np                                  1.08
x2.x1.nn                                  1.08
x2.x1.ln                                  1.08
x2.x1.lp                                  1.08
x2.x1.lnb                          6.52402e-09
x2.x1.lpb                          6.52402e-09
x2.x1.na                               1.07792
doutb2                                0.547973
dout2                                 0.547973
x2.x1.nb                               1.07792
ean2#branch                        6.12508e-14
eap2#branch                        6.16304e-14
ean1#branch                        6.16304e-14
eap1#branch                        6.12508e-14
ean0#branch                        6.14093e-14
eap0#branch                        6.14093e-14
vclk#branch                        1.33896e-10
vd2#branch                                   0
vd1#branch                                   0
vd0#branch                                   0
vcm#branch                         3.68581e-13
vsup#branch                       -7.99098e-05

 Reference value :  0.00000e+00
 Reference value :  6.54118e-10
 Reference value :  1.16118e-09
 Reference value :  2.03412e-09
 Reference value :  2.87412e-09
 Reference value :  3.68118e-09
 Reference value :  4.40824e-09
No. of Data Rows : 1345
vsup_v              =  1.08000e+00
d0now               =  1.08000e+00
d1now               =  1.08000e+00
d2now               =  1.08000e+00
Reset re-loads circuit * comparator-transient-noise @ ss_-40c_1.08v -- generated by sim/harness, do not edit

Circuit: * comparator-transient-noise @ ss_-40c_1.08v -- generated by sim/harness, do not edit

Doing analysis at TEMP = -40.000000 and TNOM = 27.000000

Using SPARSE 1.3 as Direct Linear Solver

Initial Transient Solution
--------------------------

Node                                   Voltage
----                                   -------
vdd                                       1.08
cm                                         0.6
vd0                                          0
ap0                                        0.6
an0                                        0.6
ibn0                                  0.390914
x0.x1.tmid                         1.45509e-09
x0.x1.tail                             0.58011
clk                                          0
x0.x1.np                                  1.08
x0.x1.nn                                  1.08
x0.x1.ln                                  1.08
x0.x1.lp                                  1.08
x0.x1.lnb                          6.52402e-09
x0.x1.lpb                          6.52402e-09
x0.x1.na                               1.07792
doutb0                                0.547973
dout0                                 0.547973
x0.x1.nb                               1.07792
vd1                                      0.001
ap1                                     0.6005
an1                                     0.5995
ibn1                                  0.390914
x1.x1.tmid                         1.45509e-09
x1.x1.tail                            0.580115
x1.x1.np                                  1.08
x1.x1.nn                                  1.08
x1.x1.ln                                  1.08
x1.x1.lp                                  1.08
x1.x1.lnb                          6.52402e-09
x1.x1.lpb                          6.52402e-09
x1.x1.na                               1.07792
doutb1                                0.547973
dout1                                 0.547973
x1.x1.nb                               1.07792
vd2                                     -0.001
ap2                                     0.5995
an2                                     0.6005
ibn2                                  0.390914
x2.x1.tmid                         1.45509e-09
x2.x1.tail                            0.580115
x2.x1.np                                  1.08
x2.x1.nn                                  1.08
x2.x1.ln                                  1.08
x2.x1.lp                                  1.08
x2.x1.lnb                          6.52402e-09
x2.x1.lpb                          6.52402e-09
x2.x1.na                               1.07792
doutb2                                0.547973
dout2                                 0.547973
x2.x1.nb                               1.07792
ean2#branch                        6.12508e-14
eap2#branch                        6.16304e-14
ean1#branch                        6.16304e-14
eap1#branch                        6.12508e-14
ean0#branch                        6.14093e-14
eap0#branch                        6.14093e-14
vclk#branch                        1.33896e-10
vd2#branch                                   0
vd1#branch                                   0
vd0#branch                                   0
vcm#branch                         3.68581e-13
vsup#branch                       -7.99098e-05

 Reference value :  0.00000e+00
 Reference value :  6.60000e-10
 Reference value :  1.17414e-09
 Reference value :  2.00353e-09
 Reference value :  2.87412e-09
 Reference value :  3.62000e-09
 Reference value :  4.32353e-09
 Reference value :  5.04824e-09
No. of Data Rows : 1345
vsup_v              =  1.08000e+00
d0now               =  -1.61879e-06
d1now               =  1.08001e+00
d2now               =  -2.92158e-07
Reset re-loads circuit * comparator-transient-noise @ ss_-40c_1.08v -- generated by sim/harness, do not edit

Circuit: * comparator-transient-noise @ ss_-40c_1.08v -- generated by sim/harness, do not edit

Doing analysis at TEMP = -40.000000 and TNOM = 27.000000

Using SPARSE 1.3 as Direct Linear Solver

Initial Transient Solution
--------------------------

Node                                   Voltage
----                                   -------
vdd                                       1.08
cm                                         0.6
vd0                                          0
ap0                                        0.6
an0                                        0.6
ibn0                                  0.390914
x0.x1.tmid                         1.45509e-09
x0.x1.tail                             0.58011
clk                                          0
x0.x1.np                                  1.08
x0.x1.nn                                  1.08
x0.x1.ln                                  1.08
x0.x1.lp                                  1.08
x0.x1.lnb                          6.52402e-09
x0.x1.lpb                          6.52402e-09
x0.x1.na                               1.07792
doutb0                                0.547973
dout0                                 0.547973
x0.x1.nb                               1.07792
vd1                                      0.001
ap1                                     0.6005
an1                                     0.5995
ibn1                                  0.390914
x1.x1.tmid                         1.45509e-09
x1.x1.tail                            0.580115
x1.x1.np                                  1.08
x1.x1.nn                                  1.08
x1.x1.ln                                  1.08
x1.x1.lp                                  1.08
x1.x1.lnb                          6.52402e-09
x1.x1.lpb                          6.52402e-09
x1.x1.na                               1.07792
doutb1                                0.547973
dout1                                 0.547973
x1.x1.nb                               1.07792
vd2                                     -0.001
ap2                                     0.5995
an2                                     0.6005
ibn2                                  0.390914
x2.x1.tmid                         1.45509e-09
x2.x1.tail                            0.580115
x2.x1.np                                  1.08
x2.x1.nn                                  1.08
x2.x1.ln                                  1.08
x2.x1.lp                                  1.08
x2.x1.lnb                          6.52402e-09
x2.x1.lpb                          6.52402e-09
x2.x1.na                               1.07792
doutb2                                0.547973
dout2                                 0.547973
x2.x1.nb                               1.07792
ean2#branch                        6.12508e-14
eap2#branch                        6.16304e-14
ean1#branch                        6.16304e-14
eap1#branch                        6.12508e-14
ean0#branch                        6.14093e-14
eap0#branch                        6.14093e-14
vclk#branch                        1.33896e-10
vd2#branch                                   0
vd1#branch                                   0
vd0#branch                                   0
vcm#branch                         3.68581e-13
vsup#branch                       -7.99098e-05

 Reference value :  0.00000e+00
 Reference value :  6.74118e-10
 Reference value :  1.18352e-09
 Reference value :  2.12118e-09
 Reference value :  2.96824e-09
 Reference value :  3.72824e-09
 Reference value :  4.44353e-09
No. of Data Rows : 1345
vsup_v              =  1.08000e+00
d0now               =  1.08000e+00
d1now               =  1.08000e+00
d2now               =  -1.89320e-06
Reset re-loads circuit * comparator-transient-noise @ ss_-40c_1.08v -- generated by sim/harness, do not edit

Circuit: * comparator-transient-noise @ ss_-40c_1.08v -- generated by sim/harness, do not edit

Doing analysis at TEMP = -40.000000 and TNOM = 27.000000

Using SPARSE 1.3 as Direct Linear Solver

Initial Transient Solution
--------------------------

Node                                   Voltage
----                                   -------
vdd                                       1.08
cm                                         0.6
vd0                                          0
ap0                                        0.6
an0                                        0.6
ibn0                                  0.390914
x0.x1.tmid                         1.45509e-09
x0.x1.tail                             0.58011
clk                                          0
x0.x1.np                                  1.08
x0.x1.nn                                  1.08
x0.x1.ln                                  1.08
x0.x1.lp                                  1.08
x0.x1.lnb                          6.52402e-09
x0.x1.lpb                          6.52402e-09
x0.x1.na                               1.07792
doutb0                                0.547973
dout0                                 0.547973
x0.x1.nb                               1.07792
vd1                                      0.001
ap1                                     0.6005
an1                                     0.5995
ibn1                                  0.390914
x1.x1.tmid                         1.45509e-09
x1.x1.tail                            0.580115
x1.x1.np                                  1.08
x1.x1.nn                                  1.08
x1.x1.ln                                  1.08
x1.x1.lp                                  1.08
x1.x1.lnb                          6.52402e-09
x1.x1.lpb                          6.52402e-09
x1.x1.na                               1.07792
doutb1                                0.547973
dout1                                 0.547973
x1.x1.nb                               1.07792
vd2                                     -0.001
ap2                                     0.5995
an2                                     0.6005
ibn2                                  0.390914
x2.x1.tmid                         1.45509e-09
x2.x1.tail                            0.580115
x2.x1.np                                  1.08
x2.x1.nn                                  1.08
x2.x1.ln                                  1.08
x2.x1.lp                                  1.08
x2.x1.lnb                          6.52402e-09
x2.x1.lpb                          6.52402e-09
x2.x1.na                               1.07792
doutb2                                0.547973
dout2                                 0.547973
x2.x1.nb                               1.07792
ean2#branch                        6.12508e-14
eap2#branch                        6.16304e-14
ean1#branch                        6.16304e-14
eap1#branch                        6.12508e-14
ean0#branch                        6.14093e-14
eap0#branch                        6.14093e-14
vclk#branch                        1.33896e-10
vd2#branch                                   0
vd1#branch                                   0
vd0#branch                                   0
vcm#branch                         3.68581e-13
vsup#branch                       -7.99098e-05

 Reference value :  0.00000e+00
 Reference value :  6.28235e-10
 Reference value :  1.12832e-09
 Reference value :  1.95412e-09
 Reference value :  2.74118e-09
 Reference value :  3.52000e-09
 Reference value :  4.22000e-09
 Reference value :  4.90824e-09
No. of Data Rows : 1345
vsup_v              =  1.08000e+00
d0now               =  -1.16432e-06
d1now               =  1.07999e+00
d2now               =  -6.46294e-07
Reset re-loads circuit * comparator-transient-noise @ ss_-40c_1.08v -- generated by sim/harness, do not edit

Circuit: * comparator-transient-noise @ ss_-40c_1.08v -- generated by sim/harness, do not edit

Doing analysis at TEMP = -40.000000 and TNOM = 27.000000

Using SPARSE 1.3 as Direct Linear Solver

Initial Transient Solution
--------------------------

Node                                   Voltage
----                                   -------
vdd                                       1.08
cm                                         0.6
vd0                                          0
ap0                                        0.6
an0                                        0.6
ibn0                                  0.390914
x0.x1.tmid                         1.45509e-09
x0.x1.tail                             0.58011
clk                                          0
x0.x1.np                                  1.08
x0.x1.nn                                  1.08
x0.x1.ln                                  1.08
x0.x1.lp                                  1.08
x0.x1.lnb                          6.52402e-09
x0.x1.lpb                          6.52402e-09
x0.x1.na                               1.07792
doutb0                                0.547973
dout0                                 0.547973
x0.x1.nb                               1.07792
vd1                                      0.001
ap1                                     0.6005
an1                                     0.5995
ibn1                                  0.390914
x1.x1.tmid                         1.45509e-09
x1.x1.tail                            0.580115
x1.x1.np                                  1.08
x1.x1.nn                                  1.08
x1.x1.ln                                  1.08
x1.x1.lp                                  1.08
x1.x1.lnb                          6.52402e-09
x1.x1.lpb                          6.52402e-09
x1.x1.na                               1.07792
doutb1                                0.547973
dout1                                 0.547973
x1.x1.nb                               1.07792
vd2                                     -0.001
ap2                                     0.5995
an2                                     0.6005
ibn2                                  0.390914
x2.x1.tmid                         1.45509e-09
x2.x1.tail                            0.580115
x2.x1.np                                  1.08
x2.x1.nn                                  1.08
x2.x1.ln                                  1.08
x2.x1.lp                                  1.08
x2.x1.lnb                          6.52402e-09
x2.x1.lpb                          6.52402e-09
x2.x1.na                               1.07792
doutb2                                0.547973
dout2                                 0.547973
x2.x1.nb                               1.07792
ean2#branch                        6.12508e-14
eap2#branch                        6.16304e-14
ean1#branch                        6.16304e-14
eap1#branch                        6.12508e-14
ean0#branch                        6.14093e-14
eap0#branch                        6.14093e-14
vclk#branch                        1.33896e-10
vd2#branch                                   0
vd1#branch                                   0
vd0#branch                                   0
vcm#branch                         3.68581e-13
vsup#branch                       -7.99098e-05

 Reference value :  0.00000e+00
 Reference value :  6.43529e-10
 Reference value :  1.16000e-09
 Reference value :  2.02824e-09
 Reference value :  2.85412e-09
 Reference value :  3.60118e-09
 Reference value :  4.35412e-09
 Reference value :  5.06000e-09
No. of Data Rows : 1345
vsup_v              =  1.08000e+00
d0now               =  1.26253e-06
d1now               =  1.08000e+00
d2now               =  -2.80748e-07
Reset re-loads circuit * comparator-transient-noise @ ss_-40c_1.08v -- generated by sim/harness, do not edit

Circuit: * comparator-transient-noise @ ss_-40c_1.08v -- generated by sim/harness, do not edit

Doing analysis at TEMP = -40.000000 and TNOM = 27.000000

Using SPARSE 1.3 as Direct Linear Solver

Initial Transient Solution
--------------------------

Node                                   Voltage
----                                   -------
vdd                                       1.08
cm                                         0.6
vd0                                          0
ap0                                        0.6
an0                                        0.6
ibn0                                  0.390914
x0.x1.tmid                         1.45509e-09
x0.x1.tail                             0.58011
clk                                          0
x0.x1.np                                  1.08
x0.x1.nn                                  1.08
x0.x1.ln                                  1.08
x0.x1.lp                                  1.08
x0.x1.lnb                          6.52402e-09
x0.x1.lpb                          6.52402e-09
x0.x1.na                               1.07792
doutb0                                0.547973
dout0                                 0.547973
x0.x1.nb                               1.07792
vd1                                      0.001
ap1                                     0.6005
an1                                     0.5995
ibn1                                  0.390914
x1.x1.tmid                         1.45509e-09
x1.x1.tail                            0.580115
x1.x1.np                                  1.08
x1.x1.nn                                  1.08
x1.x1.ln                                  1.08
x1.x1.lp                                  1.08
x1.x1.lnb                          6.52402e-09
x1.x1.lpb                          6.52402e-09
x1.x1.na                               1.07792
doutb1                                0.547973
dout1                                 0.547973
x1.x1.nb                               1.07792
vd2                                     -0.001
ap2                                     0.5995
an2                                     0.6005
ibn2                                  0.390914
x2.x1.tmid                         1.45509e-09
x2.x1.tail                            0.580115
x2.x1.np                                  1.08
x2.x1.nn                                  1.08
x2.x1.ln                                  1.08
x2.x1.lp                                  1.08
x2.x1.lnb                          6.52402e-09
x2.x1.lpb                          6.52402e-09
x2.x1.na                               1.07792
doutb2                                0.547973
dout2                                 0.547973
x2.x1.nb                               1.07792
ean2#branch                        6.12508e-14
eap2#branch                        6.16304e-14
ean1#branch                        6.16304e-14
eap1#branch                        6.12508e-14
ean0#branch                        6.14093e-14
eap0#branch                        6.14093e-14
vclk#branch                        1.33896e-10
vd2#branch                                   0
vd1#branch                                   0
vd0#branch                                   0
vcm#branch                         3.68581e-13
vsup#branch                       -7.99098e-05

 Reference value :  0.00000e+00
 Reference value :  6.43529e-10
 Reference value :  1.18352e-09
 Reference value :  2.04118e-09
 Reference value :  2.88824e-09
 Reference value :  3.66000e-09
 Reference value :  4.38353e-09
No. of Data Rows : 1345
vsup_v              =  1.08000e+00
d0now               =  1.92095e-07
d1now               =  -1.10335e-06
d2now               =  -1.88129e-06
Reset re-loads circuit * comparator-transient-noise @ ss_-40c_1.08v -- generated by sim/harness, do not edit

Circuit: * comparator-transient-noise @ ss_-40c_1.08v -- generated by sim/harness, do not edit

Doing analysis at TEMP = -40.000000 and TNOM = 27.000000

Using SPARSE 1.3 as Direct Linear Solver

Initial Transient Solution
--------------------------

Node                                   Voltage
----                                   -------
vdd                                       1.08
cm                                         0.6
vd0                                          0
ap0                                        0.6
an0                                        0.6
ibn0                                  0.390914
x0.x1.tmid                         1.45509e-09
x0.x1.tail                             0.58011
clk                                          0
x0.x1.np                                  1.08
x0.x1.nn                                  1.08
x0.x1.ln                                  1.08
x0.x1.lp                                  1.08
x0.x1.lnb                          6.52402e-09
x0.x1.lpb                          6.52402e-09
x0.x1.na                               1.07792
doutb0                                0.547973
dout0                                 0.547973
x0.x1.nb                               1.07792
vd1                                      0.001
ap1                                     0.6005
an1                                     0.5995
ibn1                                  0.390914
x1.x1.tmid                         1.45509e-09
x1.x1.tail                            0.580115
x1.x1.np                                  1.08
x1.x1.nn                                  1.08
x1.x1.ln                                  1.08
x1.x1.lp                                  1.08
x1.x1.lnb                          6.52402e-09
x1.x1.lpb                          6.52402e-09
x1.x1.na                               1.07792
doutb1                                0.547973
dout1                                 0.547973
x1.x1.nb                               1.07792
vd2                                     -0.001
ap2                                     0.5995
an2                                     0.6005
ibn2                                  0.390914
x2.x1.tmid                         1.45509e-09
x2.x1.tail                            0.580115
x2.x1.np                                  1.08
x2.x1.nn                                  1.08
x2.x1.ln                                  1.08
x2.x1.lp                                  1.08
x2.x1.lnb                          6.52402e-09
x2.x1.lpb                          6.52402e-09
x2.x1.na                               1.07792
doutb2                                0.547973
dout2                                 0.547973
x2.x1.nb                               1.07792
ean2#branch                        6.12508e-14
eap2#branch                        6.16304e-14
ean1#branch                        6.16304e-14
eap1#branch                        6.12508e-14
ean0#branch                        6.14093e-14
eap0#branch                        6.14093e-14
vclk#branch                        1.33896e-10
vd2#branch                                   0
vd1#branch                                   0
vd0#branch                                   0
vcm#branch                         3.68581e-13
vsup#branch                       -7.99098e-05

 Reference value :  0.00000e+00
 Reference value :  9.21176e-10
 Reference value :  1.64824e-09
 Reference value :  2.60353e-09
 Reference value :  3.45412e-09
 Reference value :  4.24353e-09
 Reference value :  4.98000e-09
No. of Data Rows : 1345
vsup_v              =  1.08000e+00
d0now               =  1.08000e+00
d1now               =  1.07999e+00
d2now               =  -2.12629e-07
Reset re-loads circuit * comparator-transient-noise @ ss_-40c_1.08v -- generated by sim/harness, do not edit

Circuit: * comparator-transient-noise @ ss_-40c_1.08v -- generated by sim/harness, do not edit

Doing analysis at TEMP = -40.000000 and TNOM = 27.000000

Using SPARSE 1.3 as Direct Linear Solver

Initial Transient Solution
--------------------------

Node                                   Voltage
----                                   -------
vdd                                       1.08
cm                                         0.6
vd0                                          0
ap0                                        0.6
an0                                        0.6
ibn0                                  0.390914
x0.x1.tmid                         1.45509e-09
x0.x1.tail                             0.58011
clk                                          0
x0.x1.np                                  1.08
x0.x1.nn                                  1.08
x0.x1.ln                                  1.08
x0.x1.lp                                  1.08
x0.x1.lnb                          6.52402e-09
x0.x1.lpb                          6.52402e-09
x0.x1.na                               1.07792
doutb0                                0.547973
dout0                                 0.547973
x0.x1.nb                               1.07792
vd1                                      0.001
ap1                                     0.6005
an1                                     0.5995
ibn1                                  0.390914
x1.x1.tmid                         1.45509e-09
x1.x1.tail                            0.580115
x1.x1.np                                  1.08
x1.x1.nn                                  1.08
x1.x1.ln                                  1.08
x1.x1.lp                                  1.08
x1.x1.lnb                          6.52402e-09
x1.x1.lpb                          6.52402e-09
x1.x1.na                               1.07792
doutb1                                0.547973
dout1                                 0.547973
x1.x1.nb                               1.07792
vd2                                     -0.001
ap2                                     0.5995
an2                                     0.6005
ibn2                                  0.390914
x2.x1.tmid                         1.45509e-09
x2.x1.tail                            0.580115
x2.x1.np                                  1.08
x2.x1.nn                                  1.08
x2.x1.ln                                  1.08
x2.x1.lp                                  1.08
x2.x1.lnb                          6.52402e-09
x2.x1.lpb                          6.52402e-09
x2.x1.na                               1.07792
doutb2                                0.547973
dout2                                 0.547973
x2.x1.nb                               1.07792
ean2#branch                        6.12508e-14
eap2#branch                        6.16304e-14
ean1#branch                        6.16304e-14
eap1#branch                        6.12508e-14
ean0#branch                        6.14093e-14
eap0#branch                        6.14093e-14
vclk#branch                        1.33896e-10
vd2#branch                                   0
vd1#branch                                   0
vd0#branch                                   0
vcm#branch                         3.68581e-13
vsup#branch                       -7.99098e-05

 Reference value :  4.00000e-13
 Reference value :  6.74118e-10
 Reference value :  1.23411e-09
 Reference value :  2.12000e-09
 Reference value :  2.95412e-09
 Reference value :  3.75412e-09
 Reference value :  4.54353e-09
No. of Data Rows : 1345
vsup_v              =  1.08000e+00
d0now               =  1.81058e-06
d1now               =  1.08000e+00
d2now               =  -2.00923e-06
Reset re-loads circuit * comparator-transient-noise @ ss_-40c_1.08v -- generated by sim/harness, do not edit

Circuit: * comparator-transient-noise @ ss_-40c_1.08v -- generated by sim/harness, do not edit

Doing analysis at TEMP = -40.000000 and TNOM = 27.000000

Using SPARSE 1.3 as Direct Linear Solver

Initial Transient Solution
--------------------------

Node                                   Voltage
----                                   -------
vdd                                       1.08
cm                                         0.6
vd0                                          0
ap0                                        0.6
an0                                        0.6
ibn0                                  0.390914
x0.x1.tmid                         1.45509e-09
x0.x1.tail                             0.58011
clk                                          0
x0.x1.np                                  1.08
x0.x1.nn                                  1.08
x0.x1.ln                                  1.08
x0.x1.lp                                  1.08
x0.x1.lnb                          6.52402e-09
x0.x1.lpb                          6.52402e-09
x0.x1.na                               1.07792
doutb0                                0.547973
dout0                                 0.547973
x0.x1.nb                               1.07792
vd1                                      0.001
ap1                                     0.6005
an1                                     0.5995
ibn1                                  0.390914
x1.x1.tmid                         1.45509e-09
x1.x1.tail                            0.580115
x1.x1.np                                  1.08
x1.x1.nn                                  1.08
x1.x1.ln                                  1.08
x1.x1.lp                                  1.08
x1.x1.lnb                          6.52402e-09
x1.x1.lpb                          6.52402e-09
x1.x1.na                               1.07792
doutb1                                0.547973
dout1                                 0.547973
x1.x1.nb                               1.07792
vd2                                     -0.001
ap2                                     0.5995
an2                                     0.6005
ibn2                                  0.390914
x2.x1.tmid                         1.45509e-09
x2.x1.tail                            0.580115
x2.x1.np                                  1.08
x2.x1.nn                                  1.08
x2.x1.ln                                  1.08
x2.x1.lp                                  1.08
x2.x1.lnb                          6.52402e-09
x2.x1.lpb                          6.52402e-09
x2.x1.na                               1.07792
doutb2                                0.547973
dout2                                 0.547973
x2.x1.nb                               1.07792
ean2#branch                        6.12508e-14
eap2#branch                        6.16304e-14
ean1#branch                        6.16304e-14
eap1#branch                        6.12508e-14
ean0#branch                        6.14093e-14
eap0#branch                        6.14093e-14
vclk#branch                        1.33896e-10
vd2#branch                                   0
vd1#branch                                   0
vd0#branch                                   0
vcm#branch                         3.68581e-13
vsup#branch                       -7.99098e-05

 Reference value :  0.00000e+00
 Reference value :  7.40000e-10
 Reference value :  1.36000e-09
 Reference value :  2.20824e-09
 Reference value :  3.41412e-09
 Reference value :  4.14118e-09
 Reference value :  4.97412e-09
No. of Data Rows : 1345
vsup_v              =  1.08000e+00
d0now               =  1.98960e-06
d1now               =  1.08000e+00
d2now               =  4.40276e-07
Reset re-loads circuit * comparator-transient-noise @ ss_-40c_1.08v -- generated by sim/harness, do not edit

Circuit: * comparator-transient-noise @ ss_-40c_1.08v -- generated by sim/harness, do not edit

Doing analysis at TEMP = -40.000000 and TNOM = 27.000000

Using SPARSE 1.3 as Direct Linear Solver

Initial Transient Solution
--------------------------

Node                                   Voltage
----                                   -------
vdd                                       1.08
cm                                         0.6
vd0                                          0
ap0                                        0.6
an0                                        0.6
ibn0                                  0.390914
x0.x1.tmid                         1.45509e-09
x0.x1.tail                             0.58011
clk                                          0
x0.x1.np                                  1.08
x0.x1.nn                                  1.08
x0.x1.ln                                  1.08
x0.x1.lp                                  1.08
x0.x1.lnb                          6.52402e-09
x0.x1.lpb                          6.52402e-09
x0.x1.na                               1.07792
doutb0                                0.547973
dout0                                 0.547973
x0.x1.nb                               1.07792
vd1                                      0.001
ap1                                     0.6005
an1                                     0.5995
ibn1                                  0.390914
x1.x1.tmid                         1.45509e-09
x1.x1.tail                            0.580115
x1.x1.np                                  1.08
x1.x1.nn                                  1.08
x1.x1.ln                                  1.08
x1.x1.lp                                  1.08
x1.x1.lnb                          6.52402e-09
x1.x1.lpb                          6.52402e-09
x1.x1.na                               1.07792
doutb1                                0.547973
dout1                                 0.547973
x1.x1.nb                               1.07792
vd2                                     -0.001
ap2                                     0.5995
an2                                     0.6005
ibn2                                  0.390914
x2.x1.tmid                         1.45509e-09
x2.x1.tail                            0.580115
x2.x1.np                                  1.08
x2.x1.nn                                  1.08
x2.x1.ln                                  1.08
x2.x1.lp                                  1.08
x2.x1.lnb                          6.52402e-09
x2.x1.lpb                          6.52402e-09
x2.x1.na                               1.07792
doutb2                                0.547973
dout2                                 0.547973
x2.x1.nb                               1.07792
ean2#branch                        6.12508e-14
eap2#branch                        6.16304e-14
ean1#branch                        6.16304e-14
eap1#branch                        6.12508e-14
ean0#branch                        6.14093e-14
eap0#branch                        6.14093e-14
vclk#branch                        1.33896e-10
vd2#branch                                   0
vd1#branch                                   0
vd0#branch                                   0
vcm#branch                         3.68581e-13
vsup#branch                       -7.99098e-05

 Reference value :  0.00000e+00
 Reference value :  7.01176e-10
 Reference value :  1.22822e-09
 Reference value :  2.19412e-09
 Reference value :  3.22824e-09
 Reference value :  3.98353e-09
 Reference value :  4.76118e-09
No. of Data Rows : 1345
vsup_v              =  1.08000e+00
d0now               =  1.66498e-06
d1now               =  1.08000e+00
d2now               =  -2.11193e-08
Reset re-loads circuit * comparator-transient-noise @ ss_-40c_1.08v -- generated by sim/harness, do not edit

Circuit: * comparator-transient-noise @ ss_-40c_1.08v -- generated by sim/harness, do not edit

Doing analysis at TEMP = -40.000000 and TNOM = 27.000000

Using SPARSE 1.3 as Direct Linear Solver

Initial Transient Solution
--------------------------

Node                                   Voltage
----                                   -------
vdd                                       1.08
cm                                         0.6
vd0                                          0
ap0                                        0.6
an0                                        0.6
ibn0                                  0.390914
x0.x1.tmid                         1.45509e-09
x0.x1.tail                             0.58011
clk                                          0
x0.x1.np                                  1.08
x0.x1.nn                                  1.08
x0.x1.ln                                  1.08
x0.x1.lp                                  1.08
x0.x1.lnb                          6.52402e-09
x0.x1.lpb                          6.52402e-09
x0.x1.na                               1.07792
doutb0                                0.547973
dout0                                 0.547973
x0.x1.nb                               1.07792
vd1                                      0.001
ap1                                     0.6005
an1                                     0.5995
ibn1                                  0.390914
x1.x1.tmid                         1.45509e-09
x1.x1.tail                            0.580115
x1.x1.np                                  1.08
x1.x1.nn                                  1.08
x1.x1.ln                                  1.08
x1.x1.lp                                  1.08
x1.x1.lnb                          6.52402e-09
x1.x1.lpb                          6.52402e-09
x1.x1.na                               1.07792
doutb1                                0.547973
dout1                                 0.547973
x1.x1.nb                               1.07792
vd2                                     -0.001
ap2                                     0.5995
an2                                     0.6005
ibn2                                  0.390914
x2.x1.tmid                         1.45509e-09
x2.x1.tail                            0.580115
x2.x1.np                                  1.08
x2.x1.nn                                  1.08
x2.x1.ln                                  1.08
x2.x1.lp                                  1.08
x2.x1.lnb                          6.52402e-09
x2.x1.lpb                          6.52402e-09
x2.x1.na                               1.07792
doutb2                                0.547973
dout2                                 0.547973
x2.x1.nb                               1.07792
ean2#branch                        6.12508e-14
eap2#branch                        6.16304e-14
ean1#branch                        6.16304e-14
eap1#branch                        6.12508e-14
ean0#branch                        6.14093e-14
eap0#branch                        6.14093e-14
vclk#branch                        1.33896e-10
vd2#branch                                   0
vd1#branch                                   0
vd0#branch                                   0
vcm#branch                         3.68581e-13
vsup#branch                       -7.99098e-05

 Reference value :  0.00000e+00
 Reference value :  6.68235e-10
 Reference value :  1.22000e-09
 Reference value :  2.16824e-09
 Reference value :  3.02824e-09
 Reference value :  3.82118e-09
 Reference value :  4.62000e-09
No. of Data Rows : 1345
vsup_v              =  1.08000e+00
d0now               =  1.08000e+00
d1now               =  -3.40644e-06
d2now               =  1.15460e-06
Reset re-loads circuit * comparator-transient-noise @ ss_-40c_1.08v -- generated by sim/harness, do not edit

Circuit: * comparator-transient-noise @ ss_-40c_1.08v -- generated by sim/harness, do not edit

Doing analysis at TEMP = -40.000000 and TNOM = 27.000000

Using SPARSE 1.3 as Direct Linear Solver

Initial Transient Solution
--------------------------

Node                                   Voltage
----                                   -------
vdd                                       1.08
cm                                         0.6
vd0                                          0
ap0                                        0.6
an0                                        0.6
ibn0                                  0.390914
x0.x1.tmid                         1.45509e-09
x0.x1.tail                             0.58011
clk                                          0
x0.x1.np                                  1.08
x0.x1.nn                                  1.08
x0.x1.ln                                  1.08
x0.x1.lp                                  1.08
x0.x1.lnb                          6.52402e-09
x0.x1.lpb                          6.52402e-09
x0.x1.na                               1.07792
doutb0                                0.547973
dout0                                 0.547973
x0.x1.nb                               1.07792
vd1                                      0.001
ap1                                     0.6005
an1                                     0.5995
ibn1                                  0.390914
x1.x1.tmid                         1.45509e-09
x1.x1.tail                            0.580115
x1.x1.np                                  1.08
x1.x1.nn                                  1.08
x1.x1.ln                                  1.08
x1.x1.lp                                  1.08
x1.x1.lnb                          6.52402e-09
x1.x1.lpb                          6.52402e-09
x1.x1.na                               1.07792
doutb1                                0.547973
dout1                                 0.547973
x1.x1.nb                               1.07792
vd2                                     -0.001
ap2                                     0.5995
an2                                     0.6005
ibn2                                  0.390914
x2.x1.tmid                         1.45509e-09
x2.x1.tail                            0.580115
x2.x1.np                                  1.08
x2.x1.nn                                  1.08
x2.x1.ln                                  1.08
x2.x1.lp                                  1.08
x2.x1.lnb                          6.52402e-09
x2.x1.lpb                          6.52402e-09
x2.x1.na                               1.07792
doutb2                                0.547973
dout2                                 0.547973
x2.x1.nb                               1.07792
ean2#branch                        6.12508e-14
eap2#branch                        6.16304e-14
ean1#branch                        6.16304e-14
eap1#branch                        6.12508e-14
ean0#branch                        6.14093e-14
eap0#branch                        6.14093e-14
vclk#branch                        1.33896e-10
vd2#branch                                   0
vd1#branch                                   0
vd0#branch                                   0
vcm#branch                         3.68581e-13
vsup#branch                       -7.99098e-05

 Reference value :  0.00000e+00
 Reference value :  7.43529e-10
 Reference value :  1.31412e-09
 Reference value :  2.24353e-09
 Reference value :  3.12118e-09
 Reference value :  3.92353e-09
 Reference value :  4.72824e-09
No. of Data Rows : 1345
vsup_v              =  1.08000e+00
d0now               =  -1.97830e-07
d1now               =  2.37145e-07
d2now               =  -9.95252e-08
Reset re-loads circuit * comparator-transient-noise @ ss_-40c_1.08v -- generated by sim/harness, do not edit

Circuit: * comparator-transient-noise @ ss_-40c_1.08v -- generated by sim/harness, do not edit

Doing analysis at TEMP = -40.000000 and TNOM = 27.000000

Using SPARSE 1.3 as Direct Linear Solver

Initial Transient Solution
--------------------------

Node                                   Voltage
----                                   -------
vdd                                       1.08
cm                                         0.6
vd0                                          0
ap0                                        0.6
an0                                        0.6
ibn0                                  0.390914
x0.x1.tmid                         1.45509e-09
x0.x1.tail                             0.58011
clk                                          0
x0.x1.np                                  1.08
x0.x1.nn                                  1.08
x0.x1.ln                                  1.08
x0.x1.lp                                  1.08
x0.x1.lnb                          6.52402e-09
x0.x1.lpb                          6.52402e-09
x0.x1.na                               1.07792
doutb0                                0.547973
dout0                                 0.547973
x0.x1.nb                               1.07792
vd1                                      0.001
ap1                                     0.6005
an1                                     0.5995
ibn1                                  0.390914
x1.x1.tmid                         1.45509e-09
x1.x1.tail                            0.580115
x1.x1.np                                  1.08
x1.x1.nn                                  1.08
x1.x1.ln                                  1.08
x1.x1.lp                                  1.08
x1.x1.lnb                          6.52402e-09
x1.x1.lpb                          6.52402e-09
x1.x1.na                               1.07792
doutb1                                0.547973
dout1                                 0.547973
x1.x1.nb                               1.07792
vd2                                     -0.001
ap2                                     0.5995
an2                                     0.6005
ibn2                                  0.390914
x2.x1.tmid                         1.45509e-09
x2.x1.tail                            0.580115
x2.x1.np                                  1.08
x2.x1.nn                                  1.08
x2.x1.ln                                  1.08
x2.x1.lp                                  1.08
x2.x1.lnb                          6.52402e-09
x2.x1.lpb                          6.52402e-09
x2.x1.na                               1.07792
doutb2                                0.547973
dout2                                 0.547973
x2.x1.nb                               1.07792
ean2#branch                        6.12508e-14
eap2#branch                        6.16304e-14
ean1#branch                        6.16304e-14
eap1#branch                        6.12508e-14
ean0#branch                        6.14093e-14
eap0#branch                        6.14093e-14
vclk#branch                        1.33896e-10
vd2#branch                                   0
vd1#branch                                   0
vd0#branch                                   0
vcm#branch                         3.68581e-13
vsup#branch                       -7.99098e-05

 Reference value :  0.00000e+00
 Reference value :  7.20000e-10
 Reference value :  1.29412e-09
 Reference value :  2.23412e-09
 Reference value :  3.10353e-09
 Reference value :  3.86824e-09
 Reference value :  4.64000e-09
No. of Data Rows : 1345
vsup_v              =  1.08000e+00
d0now               =  8.26078e-07
d1now               =  -1.40049e-06
d2now               =  1.08000e+00
Reset re-loads circuit * comparator-transient-noise @ ss_-40c_1.08v -- generated by sim/harness, do not edit

Circuit: * comparator-transient-noise @ ss_-40c_1.08v -- generated by sim/harness, do not edit

Doing analysis at TEMP = -40.000000 and TNOM = 27.000000

Using SPARSE 1.3 as Direct Linear Solver

Initial Transient Solution
--------------------------

Node                                   Voltage
----                                   -------
vdd                                       1.08
cm                                         0.6
vd0                                          0
ap0                                        0.6
an0                                        0.6
ibn0                                  0.390914
x0.x1.tmid                         1.45509e-09
x0.x1.tail                             0.58011
clk                                          0
x0.x1.np                                  1.08
x0.x1.nn                                  1.08
x0.x1.ln                                  1.08
x0.x1.lp                                  1.08
x0.x1.lnb                          6.52402e-09
x0.x1.lpb                          6.52402e-09
x0.x1.na                               1.07792
doutb0                                0.547973
dout0                                 0.547973
x0.x1.nb                               1.07792
vd1                                      0.001
ap1                                     0.6005
an1                                     0.5995
ibn1                                  0.390914
x1.x1.tmid                         1.45509e-09
x1.x1.tail                            0.580115
x1.x1.np                                  1.08
x1.x1.nn                                  1.08
x1.x1.ln                                  1.08
x1.x1.lp                                  1.08
x1.x1.lnb                          6.52402e-09
x1.x1.lpb                          6.52402e-09
x1.x1.na                               1.07792
doutb1                                0.547973
dout1                                 0.547973
x1.x1.nb                               1.07792
vd2                                     -0.001
ap2                                     0.5995
an2                                     0.6005
ibn2                                  0.390914
x2.x1.tmid                         1.45509e-09
x2.x1.tail                            0.580115
x2.x1.np                                  1.08
x2.x1.nn                                  1.08
x2.x1.ln                                  1.08
x2.x1.lp                                  1.08
x2.x1.lnb                          6.52402e-09
x2.x1.lpb                          6.52402e-09
x2.x1.na                               1.07792
doutb2                                0.547973
dout2                                 0.547973
x2.x1.nb                               1.07792
ean2#branch                        6.12508e-14
eap2#branch                        6.16304e-14
ean1#branch                        6.16304e-14
eap1#branch                        6.12508e-14
ean0#branch                        6.14093e-14
eap0#branch                        6.14093e-14
vclk#branch                        1.33896e-10
vd2#branch                                   0
vd1#branch                                   0
vd0#branch                                   0
vcm#branch                         3.68581e-13
vsup#branch                       -7.99098e-05

 Reference value :  0.00000e+00
 Reference value :  6.81176e-10
 Reference value :  1.26118e-09
 Reference value :  2.14824e-09
 Reference value :  3.11412e-09
 Reference value :  3.84118e-09
 Reference value :  4.68353e-09
No. of Data Rows : 1345
vsup_v              =  1.08000e+00
d0now               =  -4.34080e-08
d1now               =  1.08000e+00
d2now               =  1.12040e-06
Reset re-loads circuit * comparator-transient-noise @ ss_-40c_1.08v -- generated by sim/harness, do not edit

Circuit: * comparator-transient-noise @ ss_-40c_1.08v -- generated by sim/harness, do not edit

Doing analysis at TEMP = -40.000000 and TNOM = 27.000000

Using SPARSE 1.3 as Direct Linear Solver

Initial Transient Solution
--------------------------

Node                                   Voltage
----                                   -------
vdd                                       1.08
cm                                         0.6
vd0                                          0
ap0                                        0.6
an0                                        0.6
ibn0                                  0.390914
x0.x1.tmid                         1.45509e-09
x0.x1.tail                             0.58011
clk                                          0
x0.x1.np                                  1.08
x0.x1.nn                                  1.08
x0.x1.ln                                  1.08
x0.x1.lp                                  1.08
x0.x1.lnb                          6.52402e-09
x0.x1.lpb                          6.52402e-09
x0.x1.na                               1.07792
doutb0                                0.547973
dout0                                 0.547973
x0.x1.nb                               1.07792
vd1                                      0.001
ap1                                     0.6005
an1                                     0.5995
ibn1                                  0.390914
x1.x1.tmid                         1.45509e-09
x1.x1.tail                            0.580115
x1.x1.np                                  1.08
x1.x1.nn                                  1.08
x1.x1.ln                                  1.08
x1.x1.lp                                  1.08
x1.x1.lnb                          6.52402e-09
x1.x1.lpb                          6.52402e-09
x1.x1.na                               1.07792
doutb1                                0.547973
dout1                                 0.547973
x1.x1.nb                               1.07792
vd2                                     -0.001
ap2                                     0.5995
an2                                     0.6005
ibn2                                  0.390914
x2.x1.tmid                         1.45509e-09
x2.x1.tail                            0.580115
x2.x1.np                                  1.08
x2.x1.nn                                  1.08
x2.x1.ln                                  1.08
x2.x1.lp                                  1.08
x2.x1.lnb                          6.52402e-09
x2.x1.lpb                          6.52402e-09
x2.x1.na                               1.07792
doutb2                                0.547973
dout2                                 0.547973
x2.x1.nb                               1.07792
ean2#branch                        6.12508e-14
eap2#branch                        6.16304e-14
ean1#branch                        6.16304e-14
eap1#branch                        6.12508e-14
ean0#branch                        6.14093e-14
eap0#branch                        6.14093e-14
vclk#branch                        1.33896e-10
vd2#branch                                   0
vd1#branch                                   0
vd0#branch                                   0
vcm#branch                         3.68581e-13
vsup#branch                       -7.99098e-05

 Reference value :  0.00000e+00
 Reference value :  7.03529e-10
 Reference value :  1.24118e-09
 Reference value :  2.26353e-09
 Reference value :  3.14118e-09
 Reference value :  4.08000e-09
 Reference value :  4.96000e-09
No. of Data Rows : 1345
vsup_v              =  1.08000e+00
d0now               =  6.39902e-07
d1now               =  1.08000e+00
d2now               =  -1.74293e-06
Reset re-loads circuit * comparator-transient-noise @ ss_-40c_1.08v -- generated by sim/harness, do not edit

Circuit: * comparator-transient-noise @ ss_-40c_1.08v -- generated by sim/harness, do not edit

Doing analysis at TEMP = -40.000000 and TNOM = 27.000000

Using SPARSE 1.3 as Direct Linear Solver

Initial Transient Solution
--------------------------

Node                                   Voltage
----                                   -------
vdd                                       1.08
cm                                         0.6
vd0                                          0
ap0                                        0.6
an0                                        0.6
ibn0                                  0.390914
x0.x1.tmid                         1.45509e-09
x0.x1.tail                             0.58011
clk                                          0
x0.x1.np                                  1.08
x0.x1.nn                                  1.08
x0.x1.ln                                  1.08
x0.x1.lp                                  1.08
x0.x1.lnb                          6.52402e-09
x0.x1.lpb                          6.52402e-09
x0.x1.na                               1.07792
doutb0                                0.547973
dout0                                 0.547973
x0.x1.nb                               1.07792
vd1                                      0.001
ap1                                     0.6005
an1                                     0.5995
ibn1                                  0.390914
x1.x1.tmid                         1.45509e-09
x1.x1.tail                            0.580115
x1.x1.np                                  1.08
x1.x1.nn                                  1.08
x1.x1.ln                                  1.08
x1.x1.lp                                  1.08
x1.x1.lnb                          6.52402e-09
x1.x1.lpb                          6.52402e-09
x1.x1.na                               1.07792
doutb1                                0.547973
dout1                                 0.547973
x1.x1.nb                               1.07792
vd2                                     -0.001
ap2                                     0.5995
an2                                     0.6005
ibn2                                  0.390914
x2.x1.tmid                         1.45509e-09
x2.x1.tail                            0.580115
x2.x1.np                                  1.08
x2.x1.nn                                  1.08
x2.x1.ln                                  1.08
x2.x1.lp                                  1.08
x2.x1.lnb                          6.52402e-09
x2.x1.lpb                          6.52402e-09
x2.x1.na                               1.07792
doutb2                                0.547973
dout2                                 0.547973
x2.x1.nb                               1.07792
ean2#branch                        6.12508e-14
eap2#branch                        6.16304e-14
ean1#branch                        6.16304e-14
eap1#branch                        6.12508e-14
ean0#branch                        6.14093e-14
eap0#branch                        6.14093e-14
vclk#branch                        1.33896e-10
vd2#branch                                   0
vd1#branch                                   0
vd0#branch                                   0
vcm#branch                         3.68581e-13
vsup#branch                       -7.99098e-05

 Reference value :  0.00000e+00
 Reference value :  6.00000e-10
 Reference value :  1.10002e-09
 Reference value :  1.90353e-09
 Reference value :  2.82000e-09
 Reference value :  3.59412e-09
 Reference value :  4.32353e-09
 Reference value :  5.03412e-09
No. of Data Rows : 1345
vsup_v              =  1.08000e+00
d0now               =  -9.15494e-07
d1now               =  4.07028e-07
d2now               =  9.85657e-07
Reset re-loads circuit * comparator-transient-noise @ ss_-40c_1.08v -- generated by sim/harness, do not edit

Circuit: * comparator-transient-noise @ ss_-40c_1.08v -- generated by sim/harness, do not edit

Doing analysis at TEMP = -40.000000 and TNOM = 27.000000

Using SPARSE 1.3 as Direct Linear Solver

Initial Transient Solution
--------------------------

Node                                   Voltage
----                                   -------
vdd                                       1.08
cm                                         0.6
vd0                                          0
ap0                                        0.6
an0                                        0.6
ibn0                                  0.390914
x0.x1.tmid                         1.45509e-09
x0.x1.tail                             0.58011
clk                                          0
x0.x1.np                                  1.08
x0.x1.nn                                  1.08
x0.x1.ln                                  1.08
x0.x1.lp                                  1.08
x0.x1.lnb                          6.52402e-09
x0.x1.lpb                          6.52402e-09
x0.x1.na                               1.07792
doutb0                                0.547973
dout0                                 0.547973
x0.x1.nb                               1.07792
vd1                                      0.001
ap1                                     0.6005
an1                                     0.5995
ibn1                                  0.390914
x1.x1.tmid                         1.45509e-09
x1.x1.tail                            0.580115
x1.x1.np                                  1.08
x1.x1.nn                                  1.08
x1.x1.ln                                  1.08
x1.x1.lp                                  1.08
x1.x1.lnb                          6.52402e-09
x1.x1.lpb                          6.52402e-09
x1.x1.na                               1.07792
doutb1                                0.547973
dout1                                 0.547973
x1.x1.nb                               1.07792
vd2                                     -0.001
ap2                                     0.5995
an2                                     0.6005
ibn2                                  0.390914
x2.x1.tmid                         1.45509e-09
x2.x1.tail                            0.580115
x2.x1.np                                  1.08
x2.x1.nn                                  1.08
x2.x1.ln                                  1.08
x2.x1.lp                                  1.08
x2.x1.lnb                          6.52402e-09
x2.x1.lpb                          6.52402e-09
x2.x1.na                               1.07792
doutb2                                0.547973
dout2                                 0.547973
x2.x1.nb                               1.07792
ean2#branch                        6.12508e-14
eap2#branch                        6.16304e-14
ean1#branch                        6.16304e-14
eap1#branch                        6.12508e-14
ean0#branch                        6.14093e-14
eap0#branch                        6.14093e-14
vclk#branch                        1.33896e-10
vd2#branch                                   0
vd1#branch                                   0
vd0#branch                                   0
vcm#branch                         3.68581e-13
vsup#branch                       -7.99098e-05

 Reference value :  0.00000e+00
 Reference value :  6.40000e-10
 Reference value :  1.13416e-09
 Reference value :  1.98118e-09
 Reference value :  2.76118e-09
 Reference value :  3.56118e-09
 Reference value :  4.25412e-09
 Reference value :  4.96353e-09
No. of Data Rows : 1345
vsup_v              =  1.08000e+00
d0now               =  7.41480e-07
d1now               =  1.08001e+00
d2now               =  1.08000e+00
Reset re-loads circuit * comparator-transient-noise @ ss_-40c_1.08v -- generated by sim/harness, do not edit

Circuit: * comparator-transient-noise @ ss_-40c_1.08v -- generated by sim/harness, do not edit

Doing analysis at TEMP = -40.000000 and TNOM = 27.000000

Using SPARSE 1.3 as Direct Linear Solver

Initial Transient Solution
--------------------------

Node                                   Voltage
----                                   -------
vdd                                       1.08
cm                                         0.6
vd0                                          0
ap0                                        0.6
an0                                        0.6
ibn0                                  0.390914
x0.x1.tmid                         1.45509e-09
x0.x1.tail                             0.58011
clk                                          0
x0.x1.np                                  1.08
x0.x1.nn                                  1.08
x0.x1.ln                                  1.08
x0.x1.lp                                  1.08
x0.x1.lnb                          6.52402e-09
x0.x1.lpb                          6.52402e-09
x0.x1.na                               1.07792
doutb0                                0.547973
dout0                                 0.547973
x0.x1.nb                               1.07792
vd1                                      0.001
ap1                                     0.6005
an1                                     0.5995
ibn1                                  0.390914
x1.x1.tmid                         1.45509e-09
x1.x1.tail                            0.580115
x1.x1.np                                  1.08
x1.x1.nn                                  1.08
x1.x1.ln                                  1.08
x1.x1.lp                                  1.08
x1.x1.lnb                          6.52402e-09
x1.x1.lpb                          6.52402e-09
x1.x1.na                               1.07792
doutb1                                0.547973
dout1                                 0.547973
x1.x1.nb                               1.07792
vd2                                     -0.001
ap2                                     0.5995
an2                                     0.6005
ibn2                                  0.390914
x2.x1.tmid                         1.45509e-09
x2.x1.tail                            0.580115
x2.x1.np                                  1.08
x2.x1.nn                                  1.08
x2.x1.ln                                  1.08
x2.x1.lp                                  1.08
x2.x1.lnb                          6.52402e-09
x2.x1.lpb                          6.52402e-09
x2.x1.na                               1.07792
doutb2                                0.547973
dout2                                 0.547973
x2.x1.nb                               1.07792
ean2#branch                        6.12508e-14
eap2#branch                        6.16304e-14
ean1#branch                        6.16304e-14
eap1#branch                        6.12508e-14
ean0#branch                        6.14093e-14
eap0#branch                        6.14093e-14
vclk#branch                        1.33896e-10
vd2#branch                                   0
vd1#branch                                   0
vd0#branch                                   0
vcm#branch                         3.68581e-13
vsup#branch                       -7.99098e-05

 Reference value :  0.00000e+00
 Reference value :  6.61176e-10
 Reference value :  1.16355e-09
 Reference value :  2.01412e-09
 Reference value :  2.86118e-09
 Reference value :  3.62000e-09
 Reference value :  4.32824e-09
 Reference value :  5.02118e-09
No. of Data Rows : 1345
vsup_v              =  1.08000e+00
d0now               =  1.57735e-06
d1now               =  1.08000e+00
d2now               =  1.66309e-06
Reset re-loads circuit * comparator-transient-noise @ ss_-40c_1.08v -- generated by sim/harness, do not edit

Circuit: * comparator-transient-noise @ ss_-40c_1.08v -- generated by sim/harness, do not edit

Doing analysis at TEMP = -40.000000 and TNOM = 27.000000

Using SPARSE 1.3 as Direct Linear Solver

Initial Transient Solution
--------------------------

Node                                   Voltage
----                                   -------
vdd                                       1.08
cm                                         0.6
vd0                                          0
ap0                                        0.6
an0                                        0.6
ibn0                                  0.390914
x0.x1.tmid                         1.45509e-09
x0.x1.tail                             0.58011
clk                                          0
x0.x1.np                                  1.08
x0.x1.nn                                  1.08
x0.x1.ln                                  1.08
x0.x1.lp                                  1.08
x0.x1.lnb                          6.52402e-09
x0.x1.lpb                          6.52402e-09
x0.x1.na                               1.07792
doutb0                                0.547973
dout0                                 0.547973
x0.x1.nb                               1.07792
vd1                                      0.001
ap1                                     0.6005
an1                                     0.5995
ibn1                                  0.390914
x1.x1.tmid                         1.45509e-09
x1.x1.tail                            0.580115
x1.x1.np                                  1.08
x1.x1.nn                                  1.08
x1.x1.ln                                  1.08
x1.x1.lp                                  1.08
x1.x1.lnb                          6.52402e-09
x1.x1.lpb                          6.52402e-09
x1.x1.na                               1.07792
doutb1                                0.547973
dout1                                 0.547973
x1.x1.nb                               1.07792
vd2                                     -0.001
ap2                                     0.5995
an2                                     0.6005
ibn2                                  0.390914
x2.x1.tmid                         1.45509e-09
x2.x1.tail                            0.580115
x2.x1.np                                  1.08
x2.x1.nn                                  1.08
x2.x1.ln                                  1.08
x2.x1.lp                                  1.08
x2.x1.lnb                          6.52402e-09
x2.x1.lpb                          6.52402e-09
x2.x1.na                               1.07792
doutb2                                0.547973
dout2                                 0.547973
x2.x1.nb                               1.07792
ean2#branch                        6.12508e-14
eap2#branch                        6.16304e-14
ean1#branch                        6.16304e-14
eap1#branch                        6.12508e-14
ean0#branch                        6.14093e-14
eap0#branch                        6.14093e-14
vclk#branch                        1.33896e-10
vd2#branch                                   0
vd1#branch                                   0
vd0#branch                                   0
vcm#branch                         3.68581e-13
vsup#branch                       -7.99098e-05

 Reference value :  0.00000e+00
 Reference value :  6.20000e-10
 Reference value :  1.10812e-09
 Reference value :  1.95412e-09
 Reference value :  2.76824e-09
 Reference value :  3.56824e-09
 Reference value :  4.29412e-09
 Reference value :  5.00118e-09
No. of Data Rows : 1345
vsup_v              =  1.08000e+00
d0now               =  1.08000e+00
d1now               =  1.55715e-06
d2now               =  2.05928e-06
Reset re-loads circuit * comparator-transient-noise @ ss_-40c_1.08v -- generated by sim/harness, do not edit

Circuit: * comparator-transient-noise @ ss_-40c_1.08v -- generated by sim/harness, do not edit

Doing analysis at TEMP = -40.000000 and TNOM = 27.000000

Using SPARSE 1.3 as Direct Linear Solver

Initial Transient Solution
--------------------------

Node                                   Voltage
----                                   -------
vdd                                       1.08
cm                                         0.6
vd0                                          0
ap0                                        0.6
an0                                        0.6
ibn0                                  0.390914
x0.x1.tmid                         1.45509e-09
x0.x1.tail                             0.58011
clk                                          0
x0.x1.np                                  1.08
x0.x1.nn                                  1.08
x0.x1.ln                                  1.08
x0.x1.lp                                  1.08
x0.x1.lnb                          6.52402e-09
x0.x1.lpb                          6.52402e-09
x0.x1.na                               1.07792
doutb0                                0.547973
dout0                                 0.547973
x0.x1.nb                               1.07792
vd1                                      0.001
ap1                                     0.6005
an1                                     0.5995
ibn1                                  0.390914
x1.x1.tmid                         1.45509e-09
x1.x1.tail                            0.580115
x1.x1.np                                  1.08
x1.x1.nn                                  1.08
x1.x1.ln                                  1.08
x1.x1.lp                                  1.08
x1.x1.lnb                          6.52402e-09
x1.x1.lpb                          6.52402e-09
x1.x1.na                               1.07792
doutb1                                0.547973
dout1                                 0.547973
x1.x1.nb                               1.07792
vd2                                     -0.001
ap2                                     0.5995
an2                                     0.6005
ibn2                                  0.390914
x2.x1.tmid                         1.45509e-09
x2.x1.tail                            0.580115
x2.x1.np                                  1.08
x2.x1.nn                                  1.08
x2.x1.ln                                  1.08
x2.x1.lp                                  1.08
x2.x1.lnb                          6.52402e-09
x2.x1.lpb                          6.52402e-09
x2.x1.na                               1.07792
doutb2                                0.547973
dout2                                 0.547973
x2.x1.nb                               1.07792
ean2#branch                        6.12508e-14
eap2#branch                        6.16304e-14
ean1#branch                        6.16304e-14
eap1#branch                        6.12508e-14
ean0#branch                        6.14093e-14
eap0#branch                        6.14093e-14
vclk#branch                        1.33896e-10
vd2#branch                                   0
vd1#branch                                   0
vd0#branch                                   0
vcm#branch                         3.68581e-13
vsup#branch                       -7.99098e-05

 Reference value :  0.00000e+00
 Reference value :  6.08235e-10
 Reference value :  1.10000e-09
 Reference value :  1.86118e-09
 Reference value :  2.64353e-09
 Reference value :  3.44824e-09
 Reference value :  4.15412e-09
 Reference value :  4.81412e-09
No. of Data Rows : 1345
vsup_v              =  1.08000e+00
d0now               =  1.24197e-07
d1now               =  1.08000e+00
d2now               =  2.04592e-07
Reset re-loads circuit * comparator-transient-noise @ ss_-40c_1.08v -- generated by sim/harness, do not edit

Circuit: * comparator-transient-noise @ ss_-40c_1.08v -- generated by sim/harness, do not edit

Doing analysis at TEMP = -40.000000 and TNOM = 27.000000

Using SPARSE 1.3 as Direct Linear Solver

Initial Transient Solution
--------------------------

Node                                   Voltage
----                                   -------
vdd                                       1.08
cm                                         0.6
vd0                                          0
ap0                                        0.6
an0                                        0.6
ibn0                                  0.390914
x0.x1.tmid                         1.45509e-09
x0.x1.tail                             0.58011
clk                                          0
x0.x1.np                                  1.08
x0.x1.nn                                  1.08
x0.x1.ln                                  1.08
x0.x1.lp                                  1.08
x0.x1.lnb                          6.52402e-09
x0.x1.lpb                          6.52402e-09
x0.x1.na                               1.07792
doutb0                                0.547973
dout0                                 0.547973
x0.x1.nb                               1.07792
vd1                                      0.001
ap1                                     0.6005
an1                                     0.5995
ibn1                                  0.390914
x1.x1.tmid                         1.45509e-09
x1.x1.tail                            0.580115
x1.x1.np                                  1.08
x1.x1.nn                                  1.08
x1.x1.ln                                  1.08
x1.x1.lp                                  1.08
x1.x1.lnb                          6.52402e-09
x1.x1.lpb                          6.52402e-09
x1.x1.na                               1.07792
doutb1                                0.547973
dout1                                 0.547973
x1.x1.nb                               1.07792
vd2                                     -0.001
ap2                                     0.5995
an2                                     0.6005
ibn2                                  0.390914
x2.x1.tmid                         1.45509e-09
x2.x1.tail                            0.580115
x2.x1.np                                  1.08
x2.x1.nn                                  1.08
x2.x1.ln                                  1.08
x2.x1.lp                                  1.08
x2.x1.lnb                          6.52402e-09
x2.x1.lpb                          6.52402e-09
x2.x1.na                               1.07792
doutb2                                0.547973
dout2                                 0.547973
x2.x1.nb                               1.07792
ean2#branch                        6.12508e-14
eap2#branch                        6.16304e-14
ean1#branch                        6.16304e-14
eap1#branch                        6.12508e-14
ean0#branch                        6.14093e-14
eap0#branch                        6.14093e-14
vclk#branch                        1.33896e-10
vd2#branch                                   0
vd1#branch                                   0
vd0#branch                                   0
vcm#branch                         3.68581e-13
vsup#branch                       -7.99098e-05

 Reference value :  0.00000e+00
 Reference value :  6.48235e-10
 Reference value :  1.12832e-09
 Reference value :  1.90824e-09
 Reference value :  2.66118e-09
 Reference value :  3.39412e-09
 Reference value :  4.06353e-09
 Reference value :  4.78824e-09
No. of Data Rows : 1345
vsup_v              =  1.08000e+00
d0now               =  -1.97208e-06
d1now               =  1.08000e+00
d2now               =  -8.54532e-08
Reset re-loads circuit * comparator-transient-noise @ ss_-40c_1.08v -- generated by sim/harness, do not edit

Circuit: * comparator-transient-noise @ ss_-40c_1.08v -- generated by sim/harness, do not edit

Doing analysis at TEMP = -40.000000 and TNOM = 27.000000

Using SPARSE 1.3 as Direct Linear Solver

Initial Transient Solution
--------------------------

Node                                   Voltage
----                                   -------
vdd                                       1.08
cm                                         0.6
vd0                                          0
ap0                                        0.6
an0                                        0.6
ibn0                                  0.390914
x0.x1.tmid                         1.45509e-09
x0.x1.tail                             0.58011
clk                                          0
x0.x1.np                                  1.08
x0.x1.nn                                  1.08
x0.x1.ln                                  1.08
x0.x1.lp                                  1.08
x0.x1.lnb                          6.52402e-09
x0.x1.lpb                          6.52402e-09
x0.x1.na                               1.07792
doutb0                                0.547973
dout0                                 0.547973
x0.x1.nb                               1.07792
vd1                                      0.001
ap1                                     0.6005
an1                                     0.5995
ibn1                                  0.390914
x1.x1.tmid                         1.45509e-09
x1.x1.tail                            0.580115
x1.x1.np                                  1.08
x1.x1.nn                                  1.08
x1.x1.ln                                  1.08
x1.x1.lp                                  1.08
x1.x1.lnb                          6.52402e-09
x1.x1.lpb                          6.52402e-09
x1.x1.na                               1.07792
doutb1                                0.547973
dout1                                 0.547973
x1.x1.nb                               1.07792
vd2                                     -0.001
ap2                                     0.5995
an2                                     0.6005
ibn2                                  0.390914
x2.x1.tmid                         1.45509e-09
x2.x1.tail                            0.580115
x2.x1.np                                  1.08
x2.x1.nn                                  1.08
x2.x1.ln                                  1.08
x2.x1.lp                                  1.08
x2.x1.lnb                          6.52402e-09
x2.x1.lpb                          6.52402e-09
x2.x1.na                               1.07792
doutb2                                0.547973
dout2                                 0.547973
x2.x1.nb                               1.07792
ean2#branch                        6.12508e-14
eap2#branch                        6.16304e-14
ean1#branch                        6.16304e-14
eap1#branch                        6.12508e-14
ean0#branch                        6.14093e-14
eap0#branch                        6.14093e-14
vclk#branch                        1.33896e-10
vd2#branch                                   0
vd1#branch                                   0
vd0#branch                                   0
vcm#branch                         3.68581e-13
vsup#branch                       -7.99098e-05

 Reference value :  0.00000e+00
 Reference value :  6.01176e-10
 Reference value :  1.10000e-09
 Reference value :  1.82000e-09
 Reference value :  2.55412e-09
 Reference value :  3.38118e-09
 Reference value :  4.06000e-09
 Reference value :  4.75412e-09
No. of Data Rows : 1345
vsup_v              =  1.08000e+00
d0now               =  1.08000e+00
d1now               =  1.08000e+00
d2now               =  1.79863e-06
Reset re-loads circuit * comparator-transient-noise @ ss_-40c_1.08v -- generated by sim/harness, do not edit

Circuit: * comparator-transient-noise @ ss_-40c_1.08v -- generated by sim/harness, do not edit

Doing analysis at TEMP = -40.000000 and TNOM = 27.000000

Using SPARSE 1.3 as Direct Linear Solver

Initial Transient Solution
--------------------------

Node                                   Voltage
----                                   -------
vdd                                       1.08
cm                                         0.6
vd0                                          0
ap0                                        0.6
an0                                        0.6
ibn0                                  0.390914
x0.x1.tmid                         1.45509e-09
x0.x1.tail                             0.58011
clk                                          0
x0.x1.np                                  1.08
x0.x1.nn                                  1.08
x0.x1.ln                                  1.08
x0.x1.lp                                  1.08
x0.x1.lnb                          6.52402e-09
x0.x1.lpb                          6.52402e-09
x0.x1.na                               1.07792
doutb0                                0.547973
dout0                                 0.547973
x0.x1.nb                               1.07792
vd1                                      0.001
ap1                                     0.6005
an1                                     0.5995
ibn1                                  0.390914
x1.x1.tmid                         1.45509e-09
x1.x1.tail                            0.580115
x1.x1.np                                  1.08
x1.x1.nn                                  1.08
x1.x1.ln                                  1.08
x1.x1.lp                                  1.08
x1.x1.lnb                          6.52402e-09
x1.x1.lpb                          6.52402e-09
x1.x1.na                               1.07792
doutb1                                0.547973
dout1                                 0.547973
x1.x1.nb                               1.07792
vd2                                     -0.001
ap2                                     0.5995
an2                                     0.6005
ibn2                                  0.390914
x2.x1.tmid                         1.45509e-09
x2.x1.tail                            0.580115
x2.x1.np                                  1.08
x2.x1.nn                                  1.08
x2.x1.ln                                  1.08
x2.x1.lp                                  1.08
x2.x1.lnb                          6.52402e-09
x2.x1.lpb                          6.52402e-09
x2.x1.na                               1.07792
doutb2                                0.547973
dout2                                 0.547973
x2.x1.nb                               1.07792
ean2#branch                        6.12508e-14
eap2#branch                        6.16304e-14
ean1#branch                        6.16304e-14
eap1#branch                        6.12508e-14
ean0#branch                        6.14093e-14
eap0#branch                        6.14093e-14
vclk#branch                        1.33896e-10
vd2#branch                                   0
vd1#branch                                   0
vd0#branch                                   0
vcm#branch                         3.68581e-13
vsup#branch                       -7.99098e-05

 Reference value :  0.00000e+00
 Reference value :  6.01176e-10
 Reference value :  1.10051e-09
 Reference value :  1.91412e-09
 Reference value :  2.73412e-09
 Reference value :  3.52118e-09
 Reference value :  4.21412e-09
 Reference value :  4.92000e-09
No. of Data Rows : 1345
vsup_v              =  1.08000e+00
d0now               =  1.08000e+00
d1now               =  7.80032e-07
d2now               =  -6.36869e-07
Reset re-loads circuit * comparator-transient-noise @ ss_-40c_1.08v -- generated by sim/harness, do not edit

Circuit: * comparator-transient-noise @ ss_-40c_1.08v -- generated by sim/harness, do not edit

Doing analysis at TEMP = -40.000000 and TNOM = 27.000000

Using SPARSE 1.3 as Direct Linear Solver

Initial Transient Solution
--------------------------

Node                                   Voltage
----                                   -------
vdd                                       1.08
cm                                         0.6
vd0                                          0
ap0                                        0.6
an0                                        0.6
ibn0                                  0.390914
x0.x1.tmid                         1.45509e-09
x0.x1.tail                             0.58011
clk                                          0
x0.x1.np                                  1.08
x0.x1.nn                                  1.08
x0.x1.ln                                  1.08
x0.x1.lp                                  1.08
x0.x1.lnb                          6.52402e-09
x0.x1.lpb                          6.52402e-09
x0.x1.na                               1.07792
doutb0                                0.547973
dout0                                 0.547973
x0.x1.nb                               1.07792
vd1                                      0.001
ap1                                     0.6005
an1                                     0.5995
ibn1                                  0.390914
x1.x1.tmid                         1.45509e-09
x1.x1.tail                            0.580115
x1.x1.np                                  1.08
x1.x1.nn                                  1.08
x1.x1.ln                                  1.08
x1.x1.lp                                  1.08
x1.x1.lnb                          6.52402e-09
x1.x1.lpb                          6.52402e-09
x1.x1.na                               1.07792
doutb1                                0.547973
dout1                                 0.547973
x1.x1.nb                               1.07792
vd2                                     -0.001
ap2                                     0.5995
an2                                     0.6005
ibn2                                  0.390914
x2.x1.tmid                         1.45509e-09
x2.x1.tail                            0.580115
x2.x1.np                                  1.08
x2.x1.nn                                  1.08
x2.x1.ln                                  1.08
x2.x1.lp                                  1.08
x2.x1.lnb                          6.52402e-09
x2.x1.lpb                          6.52402e-09
x2.x1.na                               1.07792
doutb2                                0.547973
dout2                                 0.547973
x2.x1.nb                               1.07792
ean2#branch                        6.12508e-14
eap2#branch                        6.16304e-14
ean1#branch                        6.16304e-14
eap1#branch                        6.12508e-14
ean0#branch                        6.14093e-14
eap0#branch                        6.14093e-14
vclk#branch                        1.33896e-10
vd2#branch                                   0
vd1#branch                                   0
vd0#branch                                   0
vcm#branch                         3.68581e-13
vsup#branch                       -7.99098e-05

 Reference value :  0.00000e+00
 Reference value :  6.21176e-10
 Reference value :  1.10203e-09
 Reference value :  1.92824e-09
 Reference value :  2.70824e-09
 Reference value :  3.51412e-09
 Reference value :  4.18118e-09
 Reference value :  4.88824e-09
No. of Data Rows : 1345
vsup_v              =  1.08000e+00
d0now               =  -2.16525e-06
d1now               =  1.08000e+00
d2now               =  1.08000e+00
Reset re-loads circuit * comparator-transient-noise @ ss_-40c_1.08v -- generated by sim/harness, do not edit

Circuit: * comparator-transient-noise @ ss_-40c_1.08v -- generated by sim/harness, do not edit

Doing analysis at TEMP = -40.000000 and TNOM = 27.000000

Using SPARSE 1.3 as Direct Linear Solver

Initial Transient Solution
--------------------------

Node                                   Voltage
----                                   -------
vdd                                       1.08
cm                                         0.6
vd0                                          0
ap0                                        0.6
an0                                        0.6
ibn0                                  0.390914
x0.x1.tmid                         1.45509e-09
x0.x1.tail                             0.58011
clk                                          0
x0.x1.np                                  1.08
x0.x1.nn                                  1.08
x0.x1.ln                                  1.08
x0.x1.lp                                  1.08
x0.x1.lnb                          6.52402e-09
x0.x1.lpb                          6.52402e-09
x0.x1.na                               1.07792
doutb0                                0.547973
dout0                                 0.547973
x0.x1.nb                               1.07792
vd1                                      0.001
ap1                                     0.6005
an1                                     0.5995
ibn1                                  0.390914
x1.x1.tmid                         1.45509e-09
x1.x1.tail                            0.580115
x1.x1.np                                  1.08
x1.x1.nn                                  1.08
x1.x1.ln                                  1.08
x1.x1.lp                                  1.08
x1.x1.lnb                          6.52402e-09
x1.x1.lpb                          6.52402e-09
x1.x1.na                               1.07792
doutb1                                0.547973
dout1                                 0.547973
x1.x1.nb                               1.07792
vd2                                     -0.001
ap2                                     0.5995
an2                                     0.6005
ibn2                                  0.390914
x2.x1.tmid                         1.45509e-09
x2.x1.tail                            0.580115
x2.x1.np                                  1.08
x2.x1.nn                                  1.08
x2.x1.ln                                  1.08
x2.x1.lp                                  1.08
x2.x1.lnb                          6.52402e-09
x2.x1.lpb                          6.52402e-09
x2.x1.na                               1.07792
doutb2                                0.547973
dout2                                 0.547973
x2.x1.nb                               1.07792
ean2#branch                        6.12508e-14
eap2#branch                        6.16304e-14
ean1#branch                        6.16304e-14
eap1#branch                        6.12508e-14
ean0#branch                        6.14093e-14
eap0#branch                        6.14093e-14
vclk#branch                        1.33896e-10
vd2#branch                                   0
vd1#branch                                   0
vd0#branch                                   0
vcm#branch                         3.68581e-13
vsup#branch                       -7.99098e-05

 Reference value :  0.00000e+00
 Reference value :  6.74118e-10
 Reference value :  1.19410e-09
 Reference value :  2.04824e-09
 Reference value :  2.82353e-09
 Reference value :  3.58824e-09
 Reference value :  4.29412e-09
 Reference value :  5.01412e-09
No. of Data Rows : 1345
vsup_v              =  1.08000e+00
d0now               =  -1.46208e-06
d1now               =  1.08000e+00
d2now               =  1.08000e+00
Reset re-loads circuit * comparator-transient-noise @ ss_-40c_1.08v -- generated by sim/harness, do not edit

Circuit: * comparator-transient-noise @ ss_-40c_1.08v -- generated by sim/harness, do not edit

Doing analysis at TEMP = -40.000000 and TNOM = 27.000000

Using SPARSE 1.3 as Direct Linear Solver

Initial Transient Solution
--------------------------

Node                                   Voltage
----                                   -------
vdd                                       1.08
cm                                         0.6
vd0                                          0
ap0                                        0.6
an0                                        0.6
ibn0                                  0.390914
x0.x1.tmid                         1.45509e-09
x0.x1.tail                             0.58011
clk                                          0
x0.x1.np                                  1.08
x0.x1.nn                                  1.08
x0.x1.ln                                  1.08
x0.x1.lp                                  1.08
x0.x1.lnb                          6.52402e-09
x0.x1.lpb                          6.52402e-09
x0.x1.na                               1.07792
doutb0                                0.547973
dout0                                 0.547973
x0.x1.nb                               1.07792
vd1                                      0.001
ap1                                     0.6005
an1                                     0.5995
ibn1                                  0.390914
x1.x1.tmid                         1.45509e-09
x1.x1.tail                            0.580115
x1.x1.np                                  1.08
x1.x1.nn                                  1.08
x1.x1.ln                                  1.08
x1.x1.lp                                  1.08
x1.x1.lnb                          6.52402e-09
x1.x1.lpb                          6.52402e-09
x1.x1.na                               1.07792
doutb1                                0.547973
dout1                                 0.547973
x1.x1.nb                               1.07792
vd2                                     -0.001
ap2                                     0.5995
an2                                     0.6005
ibn2                                  0.390914
x2.x1.tmid                         1.45509e-09
x2.x1.tail                            0.580115
x2.x1.np                                  1.08
x2.x1.nn                                  1.08
x2.x1.ln                                  1.08
x2.x1.lp                                  1.08
x2.x1.lnb                          6.52402e-09
x2.x1.lpb                          6.52402e-09
x2.x1.na                               1.07792
doutb2                                0.547973
dout2                                 0.547973
x2.x1.nb                               1.07792
ean2#branch                        6.12508e-14
eap2#branch                        6.16304e-14
ean1#branch                        6.16304e-14
eap1#branch                        6.12508e-14
ean0#branch                        6.14093e-14
eap0#branch                        6.14093e-14
vclk#branch                        1.33896e-10
vd2#branch                                   0
vd1#branch                                   0
vd0#branch                                   0
vcm#branch                         3.68581e-13
vsup#branch                       -7.99098e-05

 Reference value :  0.00000e+00
 Reference value :  6.34118e-10
 Reference value :  1.10406e-09
 Reference value :  1.92000e-09
 Reference value :  2.68824e-09
 Reference value :  3.44824e-09
 Reference value :  4.12824e-09
 Reference value :  4.86000e-09
No. of Data Rows : 1345
vsup_v              =  1.08000e+00
d0now               =  -1.75563e-07
d1now               =  1.18763e-07
d2now               =  1.36467e-06
Reset re-loads circuit * comparator-transient-noise @ ss_-40c_1.08v -- generated by sim/harness, do not edit

Circuit: * comparator-transient-noise @ ss_-40c_1.08v -- generated by sim/harness, do not edit

Doing analysis at TEMP = -40.000000 and TNOM = 27.000000

Using SPARSE 1.3 as Direct Linear Solver

Initial Transient Solution
--------------------------

Node                                   Voltage
----                                   -------
vdd                                       1.08
cm                                         0.6
vd0                                          0
ap0                                        0.6
an0                                        0.6
ibn0                                  0.390914
x0.x1.tmid                         1.45509e-09
x0.x1.tail                             0.58011
clk                                          0
x0.x1.np                                  1.08
x0.x1.nn                                  1.08
x0.x1.ln                                  1.08
x0.x1.lp                                  1.08
x0.x1.lnb                          6.52402e-09
x0.x1.lpb                          6.52402e-09
x0.x1.na                               1.07792
doutb0                                0.547973
dout0                                 0.547973
x0.x1.nb                               1.07792
vd1                                      0.001
ap1                                     0.6005
an1                                     0.5995
ibn1                                  0.390914
x1.x1.tmid                         1.45509e-09
x1.x1.tail                            0.580115
x1.x1.np                                  1.08
x1.x1.nn                                  1.08
x1.x1.ln                                  1.08
x1.x1.lp                                  1.08
x1.x1.lnb                          6.52402e-09
x1.x1.lpb                          6.52402e-09
x1.x1.na                               1.07792
doutb1                                0.547973
dout1                                 0.547973
x1.x1.nb                               1.07792
vd2                                     -0.001
ap2                                     0.5995
an2                                     0.6005
ibn2                                  0.390914
x2.x1.tmid                         1.45509e-09
x2.x1.tail                            0.580115
x2.x1.np                                  1.08
x2.x1.nn                                  1.08
x2.x1.ln                                  1.08
x2.x1.lp                                  1.08
x2.x1.lnb                          6.52402e-09
x2.x1.lpb                          6.52402e-09
x2.x1.na                               1.07792
doutb2                                0.547973
dout2                                 0.547973
x2.x1.nb                               1.07792
ean2#branch                        6.12508e-14
eap2#branch                        6.16304e-14
ean1#branch                        6.16304e-14
eap1#branch                        6.12508e-14
ean0#branch                        6.14093e-14
eap0#branch                        6.14093e-14
vclk#branch                        1.33896e-10
vd2#branch                                   0
vd1#branch                                   0
vd0#branch                                   0
vcm#branch                         3.68581e-13
vsup#branch                       -7.99098e-05

 Reference value :  0.00000e+00
 Reference value :  6.21176e-10
 Reference value :  1.10406e-09
 Reference value :  1.89412e-09
 Reference value :  2.63412e-09
 Reference value :  3.42118e-09
 Reference value :  4.07412e-09
 Reference value :  4.82000e-09
No. of Data Rows : 1345
vsup_v              =  1.08000e+00
d0now               =  1.08000e+00
d1now               =  1.08000e+00
d2now               =  -1.59779e-07
Reset re-loads circuit * comparator-transient-noise @ ss_-40c_1.08v -- generated by sim/harness, do not edit

Circuit: * comparator-transient-noise @ ss_-40c_1.08v -- generated by sim/harness, do not edit

Doing analysis at TEMP = -40.000000 and TNOM = 27.000000

Using SPARSE 1.3 as Direct Linear Solver

Initial Transient Solution
--------------------------

Node                                   Voltage
----                                   -------
vdd                                       1.08
cm                                         0.6
vd0                                          0
ap0                                        0.6
an0                                        0.6
ibn0                                  0.390914
x0.x1.tmid                         1.45509e-09
x0.x1.tail                             0.58011
clk                                          0
x0.x1.np                                  1.08
x0.x1.nn                                  1.08
x0.x1.ln                                  1.08
x0.x1.lp                                  1.08
x0.x1.lnb                          6.52402e-09
x0.x1.lpb                          6.52402e-09
x0.x1.na                               1.07792
doutb0                                0.547973
dout0                                 0.547973
x0.x1.nb                               1.07792
vd1                                      0.001
ap1                                     0.6005
an1                                     0.5995
ibn1                                  0.390914
x1.x1.tmid                         1.45509e-09
x1.x1.tail                            0.580115
x1.x1.np                                  1.08
x1.x1.nn                                  1.08
x1.x1.ln                                  1.08
x1.x1.lp                                  1.08
x1.x1.lnb                          6.52402e-09
x1.x1.lpb                          6.52402e-09
x1.x1.na                               1.07792
doutb1                                0.547973
dout1                                 0.547973
x1.x1.nb                               1.07792
vd2                                     -0.001
ap2                                     0.5995
an2                                     0.6005
ibn2                                  0.390914
x2.x1.tmid                         1.45509e-09
x2.x1.tail                            0.580115
x2.x1.np                                  1.08
x2.x1.nn                                  1.08
x2.x1.ln                                  1.08
x2.x1.lp                                  1.08
x2.x1.lnb                          6.52402e-09
x2.x1.lpb                          6.52402e-09
x2.x1.na                               1.07792
doutb2                                0.547973
dout2                                 0.547973
x2.x1.nb                               1.07792
ean2#branch                        6.12508e-14
eap2#branch                        6.16304e-14
ean1#branch                        6.16304e-14
eap1#branch                        6.12508e-14
ean0#branch                        6.14093e-14
eap0#branch                        6.14093e-14
vclk#branch                        1.33896e-10
vd2#branch                                   0
vd1#branch                                   0
vd0#branch                                   0
vcm#branch                         3.68581e-13
vsup#branch                       -7.99098e-05

 Reference value :  0.00000e+00
 Reference value :  6.20000e-10
 Reference value :  1.10101e-09
 Reference value :  1.90118e-09
 Reference value :  2.66824e-09
 Reference value :  3.46000e-09
 Reference value :  4.18824e-09
 Reference value :  4.92118e-09
No. of Data Rows : 1345
vsup_v              =  1.08000e+00
d0now               =  -9.53637e-07
d1now               =  5.12137e-07
d2now               =  -1.85995e-06
Reset re-loads circuit * comparator-transient-noise @ ss_-40c_1.08v -- generated by sim/harness, do not edit

Circuit: * comparator-transient-noise @ ss_-40c_1.08v -- generated by sim/harness, do not edit

Doing analysis at TEMP = -40.000000 and TNOM = 27.000000

Using SPARSE 1.3 as Direct Linear Solver

Initial Transient Solution
--------------------------

Node                                   Voltage
----                                   -------
vdd                                       1.08
cm                                         0.6
vd0                                          0
ap0                                        0.6
an0                                        0.6
ibn0                                  0.390914
x0.x1.tmid                         1.45509e-09
x0.x1.tail                             0.58011
clk                                          0
x0.x1.np                                  1.08
x0.x1.nn                                  1.08
x0.x1.ln                                  1.08
x0.x1.lp                                  1.08
x0.x1.lnb                          6.52402e-09
x0.x1.lpb                          6.52402e-09
x0.x1.na                               1.07792
doutb0                                0.547973
dout0                                 0.547973
x0.x1.nb                               1.07792
vd1                                      0.001
ap1                                     0.6005
an1                                     0.5995
ibn1                                  0.390914
x1.x1.tmid                         1.45509e-09
x1.x1.tail                            0.580115
x1.x1.np                                  1.08
x1.x1.nn                                  1.08
x1.x1.ln                                  1.08
x1.x1.lp                                  1.08
x1.x1.lnb                          6.52402e-09
x1.x1.lpb                          6.52402e-09
x1.x1.na                               1.07792
doutb1                                0.547973
dout1                                 0.547973
x1.x1.nb                               1.07792
vd2                                     -0.001
ap2                                     0.5995
an2                                     0.6005
ibn2                                  0.390914
x2.x1.tmid                         1.45509e-09
x2.x1.tail                            0.580115
x2.x1.np                                  1.08
x2.x1.nn                                  1.08
x2.x1.ln                                  1.08
x2.x1.lp                                  1.08
x2.x1.lnb                          6.52402e-09
x2.x1.lpb                          6.52402e-09
x2.x1.na                               1.07792
doutb2                                0.547973
dout2                                 0.547973
x2.x1.nb                               1.07792
ean2#branch                        6.12508e-14
eap2#branch                        6.16304e-14
ean1#branch                        6.16304e-14
eap1#branch                        6.12508e-14
ean0#branch                        6.14093e-14
eap0#branch                        6.14093e-14
vclk#branch                        1.33896e-10
vd2#branch                                   0
vd1#branch                                   0
vd0#branch                                   0
vcm#branch                         3.68581e-13
vsup#branch                       -7.99098e-05

 Reference value :  0.00000e+00
 Reference value :  6.43529e-10
 Reference value :  1.13416e-09
 Reference value :  1.94824e-09
 Reference value :  2.76824e-09
 Reference value :  3.52000e-09
 Reference value :  4.20353e-09
 Reference value :  4.89412e-09
No. of Data Rows : 1345
vsup_v              =  1.08000e+00
d0now               =  1.08000e+00
d1now               =  1.08000e+00
d2now               =  6.59271e-07
Reset re-loads circuit * comparator-transient-noise @ ss_-40c_1.08v -- generated by sim/harness, do not edit

Circuit: * comparator-transient-noise @ ss_-40c_1.08v -- generated by sim/harness, do not edit

Doing analysis at TEMP = -40.000000 and TNOM = 27.000000

Using SPARSE 1.3 as Direct Linear Solver

Initial Transient Solution
--------------------------

Node                                   Voltage
----                                   -------
vdd                                       1.08
cm                                         0.6
vd0                                          0
ap0                                        0.6
an0                                        0.6
ibn0                                  0.390914
x0.x1.tmid                         1.45509e-09
x0.x1.tail                             0.58011
clk                                          0
x0.x1.np                                  1.08
x0.x1.nn                                  1.08
x0.x1.ln                                  1.08
x0.x1.lp                                  1.08
x0.x1.lnb                          6.52402e-09
x0.x1.lpb                          6.52402e-09
x0.x1.na                               1.07792
doutb0                                0.547973
dout0                                 0.547973
x0.x1.nb                               1.07792
vd1                                      0.001
ap1                                     0.6005
an1                                     0.5995
ibn1                                  0.390914
x1.x1.tmid                         1.45509e-09
x1.x1.tail                            0.580115
x1.x1.np                                  1.08
x1.x1.nn                                  1.08
x1.x1.ln                                  1.08
x1.x1.lp                                  1.08
x1.x1.lnb                          6.52402e-09
x1.x1.lpb                          6.52402e-09
x1.x1.na                               1.07792
doutb1                                0.547973
dout1                                 0.547973
x1.x1.nb                               1.07792
vd2                                     -0.001
ap2                                     0.5995
an2                                     0.6005
ibn2                                  0.390914
x2.x1.tmid                         1.45509e-09
x2.x1.tail                            0.580115
x2.x1.np                                  1.08
x2.x1.nn                                  1.08
x2.x1.ln                                  1.08
x2.x1.lp                                  1.08
x2.x1.lnb                          6.52402e-09
x2.x1.lpb                          6.52402e-09
x2.x1.na                               1.07792
doutb2                                0.547973
dout2                                 0.547973
x2.x1.nb                               1.07792
ean2#branch                        6.12508e-14
eap2#branch                        6.16304e-14
ean1#branch                        6.16304e-14
eap1#branch                        6.12508e-14
ean0#branch                        6.14093e-14
eap0#branch                        6.14093e-14
vclk#branch                        1.33896e-10
vd2#branch                                   0
vd1#branch                                   0
vd0#branch                                   0
vcm#branch                         3.68581e-13
vsup#branch                       -7.99098e-05

 Reference value :  0.00000e+00
 Reference value :  6.28235e-10
 Reference value :  1.15409e-09
 Reference value :  1.98000e-09
 Reference value :  2.82353e-09
 Reference value :  3.56118e-09
 Reference value :  4.24353e-09
 Reference value :  4.94824e-09
No. of Data Rows : 1345
vsup_v              =  1.08000e+00
d0now               =  1.08000e+00
d1now               =  1.08000e+00
d2now               =  6.18824e-07
Reset re-loads circuit * comparator-transient-noise @ ss_-40c_1.08v -- generated by sim/harness, do not edit

Circuit: * comparator-transient-noise @ ss_-40c_1.08v -- generated by sim/harness, do not edit

Doing analysis at TEMP = -40.000000 and TNOM = 27.000000

Using SPARSE 1.3 as Direct Linear Solver

Initial Transient Solution
--------------------------

Node                                   Voltage
----                                   -------
vdd                                       1.08
cm                                         0.6
vd0                                          0
ap0                                        0.6
an0                                        0.6
ibn0                                  0.390914
x0.x1.tmid                         1.45509e-09
x0.x1.tail                             0.58011
clk                                          0
x0.x1.np                                  1.08
x0.x1.nn                                  1.08
x0.x1.ln                                  1.08
x0.x1.lp                                  1.08
x0.x1.lnb                          6.52402e-09
x0.x1.lpb                          6.52402e-09
x0.x1.na                               1.07792
doutb0                                0.547973
dout0                                 0.547973
x0.x1.nb                               1.07792
vd1                                      0.001
ap1                                     0.6005
an1                                     0.5995
ibn1                                  0.390914
x1.x1.tmid                         1.45509e-09
x1.x1.tail                            0.580115
x1.x1.np                                  1.08
x1.x1.nn                                  1.08
x1.x1.ln                                  1.08
x1.x1.lp                                  1.08
x1.x1.lnb                          6.52402e-09
x1.x1.lpb                          6.52402e-09
x1.x1.na                               1.07792
doutb1                                0.547973
dout1                                 0.547973
x1.x1.nb                               1.07792
vd2                                     -0.001
ap2                                     0.5995
an2                                     0.6005
ibn2                                  0.390914
x2.x1.tmid                         1.45509e-09
x2.x1.tail                            0.580115
x2.x1.np                                  1.08
x2.x1.nn                                  1.08
x2.x1.ln                                  1.08
x2.x1.lp                                  1.08
x2.x1.lnb                          6.52402e-09
x2.x1.lpb                          6.52402e-09
x2.x1.na                               1.07792
doutb2                                0.547973
dout2                                 0.547973
x2.x1.nb                               1.07792
ean2#branch                        6.12508e-14
eap2#branch                        6.16304e-14
ean1#branch                        6.16304e-14
eap1#branch                        6.12508e-14
ean0#branch                        6.14093e-14
eap0#branch                        6.14093e-14
vclk#branch                        1.33896e-10
vd2#branch                                   0
vd1#branch                                   0
vd0#branch                                   0
vcm#branch                         3.68581e-13
vsup#branch                       -7.99098e-05

 Reference value :  0.00000e+00
 Reference value :  6.41176e-10
 Reference value :  1.14350e-09
 Reference value :  1.98824e-09
 Reference value :  2.78824e-09
 Reference value :  3.55412e-09
 Reference value :  4.27412e-09
 Reference value :  4.97412e-09
No. of Data Rows : 1345
vsup_v              =  1.08000e+00
d0now               =  1.08000e+00
d1now               =  1.08000e+00
d2now               =  1.08000e+00
Reset re-loads circuit * comparator-transient-noise @ ss_-40c_1.08v -- generated by sim/harness, do not edit

Circuit: * comparator-transient-noise @ ss_-40c_1.08v -- generated by sim/harness, do not edit

Doing analysis at TEMP = -40.000000 and TNOM = 27.000000

Using SPARSE 1.3 as Direct Linear Solver

Initial Transient Solution
--------------------------

Node                                   Voltage
----                                   -------
vdd                                       1.08
cm                                         0.6
vd0                                          0
ap0                                        0.6
an0                                        0.6
ibn0                                  0.390914
x0.x1.tmid                         1.45509e-09
x0.x1.tail                             0.58011
clk                                          0
x0.x1.np                                  1.08
x0.x1.nn                                  1.08
x0.x1.ln                                  1.08
x0.x1.lp                                  1.08
x0.x1.lnb                          6.52402e-09
x0.x1.lpb                          6.52402e-09
x0.x1.na                               1.07792
doutb0                                0.547973
dout0                                 0.547973
x0.x1.nb                               1.07792
vd1                                      0.001
ap1                                     0.6005
an1                                     0.5995
ibn1                                  0.390914
x1.x1.tmid                         1.45509e-09
x1.x1.tail                            0.580115
x1.x1.np                                  1.08
x1.x1.nn                                  1.08
x1.x1.ln                                  1.08
x1.x1.lp                                  1.08
x1.x1.lnb                          6.52402e-09
x1.x1.lpb                          6.52402e-09
x1.x1.na                               1.07792
doutb1                                0.547973
dout1                                 0.547973
x1.x1.nb                               1.07792
vd2                                     -0.001
ap2                                     0.5995
an2                                     0.6005
ibn2                                  0.390914
x2.x1.tmid                         1.45509e-09
x2.x1.tail                            0.580115
x2.x1.np                                  1.08
x2.x1.nn                                  1.08
x2.x1.ln                                  1.08
x2.x1.lp                                  1.08
x2.x1.lnb                          6.52402e-09
x2.x1.lpb                          6.52402e-09
x2.x1.na                               1.07792
doutb2                                0.547973
dout2                                 0.547973
x2.x1.nb                               1.07792
ean2#branch                        6.12508e-14
eap2#branch                        6.16304e-14
ean1#branch                        6.16304e-14
eap1#branch                        6.12508e-14
ean0#branch                        6.14093e-14
eap0#branch                        6.14093e-14
vclk#branch                        1.33896e-10
vd2#branch                                   0
vd1#branch                                   0
vd0#branch                                   0
vcm#branch                         3.68581e-13
vsup#branch                       -7.99098e-05

 Reference value :  0.00000e+00
 Reference value :  6.40000e-10
 Reference value :  1.14350e-09
 Reference value :  2.04353e-09
 Reference value :  2.88824e-09
 Reference value :  3.64353e-09
 Reference value :  4.38000e-09
 Reference value :  5.08118e-09
No. of Data Rows : 1345
vsup_v              =  1.08000e+00
d0now               =  1.08000e+00
d1now               =  5.37522e-07
d2now               =  -4.99718e-07
Reset re-loads circuit * comparator-transient-noise @ ss_-40c_1.08v -- generated by sim/harness, do not edit

Circuit: * comparator-transient-noise @ ss_-40c_1.08v -- generated by sim/harness, do not edit

Doing analysis at TEMP = -40.000000 and TNOM = 27.000000

Using SPARSE 1.3 as Direct Linear Solver

Initial Transient Solution
--------------------------

Node                                   Voltage
----                                   -------
vdd                                       1.08
cm                                         0.6
vd0                                          0
ap0                                        0.6
an0                                        0.6
ibn0                                  0.390914
x0.x1.tmid                         1.45509e-09
x0.x1.tail                             0.58011
clk                                          0
x0.x1.np                                  1.08
x0.x1.nn                                  1.08
x0.x1.ln                                  1.08
x0.x1.lp                                  1.08
x0.x1.lnb                          6.52402e-09
x0.x1.lpb                          6.52402e-09
x0.x1.na                               1.07792
doutb0                                0.547973
dout0                                 0.547973
x0.x1.nb                               1.07792
vd1                                      0.001
ap1                                     0.6005
an1                                     0.5995
ibn1                                  0.390914
x1.x1.tmid                         1.45509e-09
x1.x1.tail                            0.580115
x1.x1.np                                  1.08
x1.x1.nn                                  1.08
x1.x1.ln                                  1.08
x1.x1.lp                                  1.08
x1.x1.lnb                          6.52402e-09
x1.x1.lpb                          6.52402e-09
x1.x1.na                               1.07792
doutb1                                0.547973
dout1                                 0.547973
x1.x1.nb                               1.07792
vd2                                     -0.001
ap2                                     0.5995
an2                                     0.6005
ibn2                                  0.390914
x2.x1.tmid                         1.45509e-09
x2.x1.tail                            0.580115
x2.x1.np                                  1.08
x2.x1.nn                                  1.08
x2.x1.ln                                  1.08
x2.x1.lp                                  1.08
x2.x1.lnb                          6.52402e-09
x2.x1.lpb                          6.52402e-09
x2.x1.na                               1.07792
doutb2                                0.547973
dout2                                 0.547973
x2.x1.nb                               1.07792
ean2#branch                        6.12508e-14
eap2#branch                        6.16304e-14
ean1#branch                        6.16304e-14
eap1#branch                        6.12508e-14
ean0#branch                        6.14093e-14
eap0#branch                        6.14093e-14
vclk#branch                        1.33896e-10
vd2#branch                                   0
vd1#branch                                   0
vd0#branch                                   0
vcm#branch                         3.68581e-13
vsup#branch                       -7.99098e-05

 Reference value :  0.00000e+00
 Reference value :  6.68235e-10
 Reference value :  1.20000e-09
 Reference value :  2.08353e-09
 Reference value :  2.90353e-09
 Reference value :  3.64118e-09
 Reference value :  4.42000e-09
No. of Data Rows : 1345
vsup_v              =  1.08000e+00
d0now               =  1.08000e+00
d1now               =  1.08000e+00
d2now               =  1.08000e+00
Reset re-loads circuit * comparator-transient-noise @ ss_-40c_1.08v -- generated by sim/harness, do not edit

Circuit: * comparator-transient-noise @ ss_-40c_1.08v -- generated by sim/harness, do not edit

Doing analysis at TEMP = -40.000000 and TNOM = 27.000000

Using SPARSE 1.3 as Direct Linear Solver

Initial Transient Solution
--------------------------

Node                                   Voltage
----                                   -------
vdd                                       1.08
cm                                         0.6
vd0                                          0
ap0                                        0.6
an0                                        0.6
ibn0                                  0.390914
x0.x1.tmid                         1.45509e-09
x0.x1.tail                             0.58011
clk                                          0
x0.x1.np                                  1.08
x0.x1.nn                                  1.08
x0.x1.ln                                  1.08
x0.x1.lp                                  1.08
x0.x1.lnb                          6.52402e-09
x0.x1.lpb                          6.52402e-09
x0.x1.na                               1.07792
doutb0                                0.547973
dout0                                 0.547973
x0.x1.nb                               1.07792
vd1                                      0.001
ap1                                     0.6005
an1                                     0.5995
ibn1                                  0.390914
x1.x1.tmid                         1.45509e-09
x1.x1.tail                            0.580115
x1.x1.np                                  1.08
x1.x1.nn                                  1.08
x1.x1.ln                                  1.08
x1.x1.lp                                  1.08
x1.x1.lnb                          6.52402e-09
x1.x1.lpb                          6.52402e-09
x1.x1.na                               1.07792
doutb1                                0.547973
dout1                                 0.547973
x1.x1.nb                               1.07792
vd2                                     -0.001
ap2                                     0.5995
an2                                     0.6005
ibn2                                  0.390914
x2.x1.tmid                         1.45509e-09
x2.x1.tail                            0.580115
x2.x1.np                                  1.08
x2.x1.nn                                  1.08
x2.x1.ln                                  1.08
x2.x1.lp                                  1.08
x2.x1.lnb                          6.52402e-09
x2.x1.lpb                          6.52402e-09
x2.x1.na                               1.07792
doutb2                                0.547973
dout2                                 0.547973
x2.x1.nb                               1.07792
ean2#branch                        6.12508e-14
eap2#branch                        6.16304e-14
ean1#branch                        6.16304e-14
eap1#branch                        6.12508e-14
ean0#branch                        6.14093e-14
eap0#branch                        6.14093e-14
vclk#branch                        1.33896e-10
vd2#branch                                   0
vd1#branch                                   0
vd0#branch                                   0
vcm#branch                         3.68581e-13
vsup#branch                       -7.99098e-05

 Reference value :  0.00000e+00
 Reference value :  6.41176e-10
 Reference value :  1.16828e-09
 Reference value :  2.04824e-09
 Reference value :  2.86000e-09
 Reference value :  3.64824e-09
 Reference value :  4.35412e-09
 Reference value :  5.07412e-09
No. of Data Rows : 1345
vsup_v              =  1.08000e+00
d0now               =  9.87522e-07
d1now               =  -8.33218e-07
d2now               =  -1.06875e-06
Reset re-loads circuit * comparator-transient-noise @ ss_-40c_1.08v -- generated by sim/harness, do not edit

Circuit: * comparator-transient-noise @ ss_-40c_1.08v -- generated by sim/harness, do not edit

Doing analysis at TEMP = -40.000000 and TNOM = 27.000000

Using SPARSE 1.3 as Direct Linear Solver

Initial Transient Solution
--------------------------

Node                                   Voltage
----                                   -------
vdd                                       1.08
cm                                         0.6
vd0                                          0
ap0                                        0.6
an0                                        0.6
ibn0                                  0.390914
x0.x1.tmid                         1.45509e-09
x0.x1.tail                             0.58011
clk                                          0
x0.x1.np                                  1.08
x0.x1.nn                                  1.08
x0.x1.ln                                  1.08
x0.x1.lp                                  1.08
x0.x1.lnb                          6.52402e-09
x0.x1.lpb                          6.52402e-09
x0.x1.na                               1.07792
doutb0                                0.547973
dout0                                 0.547973
x0.x1.nb                               1.07792
vd1                                      0.001
ap1                                     0.6005
an1                                     0.5995
ibn1                                  0.390914
x1.x1.tmid                         1.45509e-09
x1.x1.tail                            0.580115
x1.x1.np                                  1.08
x1.x1.nn                                  1.08
x1.x1.ln                                  1.08
x1.x1.lp                                  1.08
x1.x1.lnb                          6.52402e-09
x1.x1.lpb                          6.52402e-09
x1.x1.na                               1.07792
doutb1                                0.547973
dout1                                 0.547973
x1.x1.nb                               1.07792
vd2                                     -0.001
ap2                                     0.5995
an2                                     0.6005
ibn2                                  0.390914
x2.x1.tmid                         1.45509e-09
x2.x1.tail                            0.580115
x2.x1.np                                  1.08
x2.x1.nn                                  1.08
x2.x1.ln                                  1.08
x2.x1.lp                                  1.08
x2.x1.lnb                          6.52402e-09
x2.x1.lpb                          6.52402e-09
x2.x1.na                               1.07792
doutb2                                0.547973
dout2                                 0.547973
x2.x1.nb                               1.07792
ean2#branch                        6.12508e-14
eap2#branch                        6.16304e-14
ean1#branch                        6.16304e-14
eap1#branch                        6.12508e-14
ean0#branch                        6.14093e-14
eap0#branch                        6.14093e-14
vclk#branch                        1.33896e-10
vd2#branch                                   0
vd1#branch                                   0
vd0#branch                                   0
vcm#branch                         3.68581e-13
vsup#branch                       -7.99098e-05

 Reference value :  0.00000e+00
 Reference value :  6.41176e-10
 Reference value :  1.24118e-09
 Reference value :  2.08824e-09
 Reference value :  2.93412e-09
 Reference value :  3.66118e-09
 Reference value :  4.37412e-09
 Reference value :  5.08000e-09
No. of Data Rows : 1345
vsup_v              =  1.08000e+00
d0now               =  1.08000e+00
d1now               =  1.08000e+00
d2now               =  1.08000e+00
Reset re-loads circuit * comparator-transient-noise @ ss_-40c_1.08v -- generated by sim/harness, do not edit

Circuit: * comparator-transient-noise @ ss_-40c_1.08v -- generated by sim/harness, do not edit

Doing analysis at TEMP = -40.000000 and TNOM = 27.000000

Using SPARSE 1.3 as Direct Linear Solver

Initial Transient Solution
--------------------------

Node                                   Voltage
----                                   -------
vdd                                       1.08
cm                                         0.6
vd0                                          0
ap0                                        0.6
an0                                        0.6
ibn0                                  0.390914
x0.x1.tmid                         1.45509e-09
x0.x1.tail                             0.58011
clk                                          0
x0.x1.np                                  1.08
x0.x1.nn                                  1.08
x0.x1.ln                                  1.08
x0.x1.lp                                  1.08
x0.x1.lnb                          6.52402e-09
x0.x1.lpb                          6.52402e-09
x0.x1.na                               1.07792
doutb0                                0.547973
dout0                                 0.547973
x0.x1.nb                               1.07792
vd1                                      0.001
ap1                                     0.6005
an1                                     0.5995
ibn1                                  0.390914
x1.x1.tmid                         1.45509e-09
x1.x1.tail                            0.580115
x1.x1.np                                  1.08
x1.x1.nn                                  1.08
x1.x1.ln                                  1.08
x1.x1.lp                                  1.08
x1.x1.lnb                          6.52402e-09
x1.x1.lpb                          6.52402e-09
x1.x1.na                               1.07792
doutb1                                0.547973
dout1                                 0.547973
x1.x1.nb                               1.07792
vd2                                     -0.001
ap2                                     0.5995
an2                                     0.6005
ibn2                                  0.390914
x2.x1.tmid                         1.45509e-09
x2.x1.tail                            0.580115
x2.x1.np                                  1.08
x2.x1.nn                                  1.08
x2.x1.ln                                  1.08
x2.x1.lp                                  1.08
x2.x1.lnb                          6.52402e-09
x2.x1.lpb                          6.52402e-09
x2.x1.na                               1.07792
doutb2                                0.547973
dout2                                 0.547973
x2.x1.nb                               1.07792
ean2#branch                        6.12508e-14
eap2#branch                        6.16304e-14
ean1#branch                        6.16304e-14
eap1#branch                        6.12508e-14
ean0#branch                        6.14093e-14
eap0#branch                        6.14093e-14
vclk#branch                        1.33896e-10
vd2#branch                                   0
vd1#branch                                   0
vd0#branch                                   0
vcm#branch                         3.68581e-13
vsup#branch                       -7.99098e-05

 Reference value :  0.00000e+00
 Reference value :  6.48235e-10
 Reference value :  1.18821e-09
 Reference value :  2.13412e-09
 Reference value :  2.94824e-09
 Reference value :  3.74118e-09
 Reference value :  4.44824e-09
No. of Data Rows : 1345
vsup_v              =  1.08000e+00
d0now               =  5.27503e-07
d1now               =  2.99987e-06
d2now               =  1.00007e-07
Reset re-loads circuit * comparator-transient-noise @ ss_-40c_1.08v -- generated by sim/harness, do not edit

Circuit: * comparator-transient-noise @ ss_-40c_1.08v -- generated by sim/harness, do not edit

Doing analysis at TEMP = -40.000000 and TNOM = 27.000000

Using SPARSE 1.3 as Direct Linear Solver

Initial Transient Solution
--------------------------

Node                                   Voltage
----                                   -------
vdd                                       1.08
cm                                         0.6
vd0                                          0
ap0                                        0.6
an0                                        0.6
ibn0                                  0.390914
x0.x1.tmid                         1.45509e-09
x0.x1.tail                             0.58011
clk                                          0
x0.x1.np                                  1.08
x0.x1.nn                                  1.08
x0.x1.ln                                  1.08
x0.x1.lp                                  1.08
x0.x1.lnb                          6.52402e-09
x0.x1.lpb                          6.52402e-09
x0.x1.na                               1.07792
doutb0                                0.547973
dout0                                 0.547973
x0.x1.nb                               1.07792
vd1                                      0.001
ap1                                     0.6005
an1                                     0.5995
ibn1                                  0.390914
x1.x1.tmid                         1.45509e-09
x1.x1.tail                            0.580115
x1.x1.np                                  1.08
x1.x1.nn                                  1.08
x1.x1.ln                                  1.08
x1.x1.lp                                  1.08
x1.x1.lnb                          6.52402e-09
x1.x1.lpb                          6.52402e-09
x1.x1.na                               1.07792
doutb1                                0.547973
dout1                                 0.547973
x1.x1.nb                               1.07792
vd2                                     -0.001
ap2                                     0.5995
an2                                     0.6005
ibn2                                  0.390914
x2.x1.tmid                         1.45509e-09
x2.x1.tail                            0.580115
x2.x1.np                                  1.08
x2.x1.nn                                  1.08
x2.x1.ln                                  1.08
x2.x1.lp                                  1.08
x2.x1.lnb                          6.52402e-09
x2.x1.lpb                          6.52402e-09
x2.x1.na                               1.07792
doutb2                                0.547973
dout2                                 0.547973
x2.x1.nb                               1.07792
ean2#branch                        6.12508e-14
eap2#branch                        6.16304e-14
ean1#branch                        6.16304e-14
eap1#branch                        6.12508e-14
ean0#branch                        6.14093e-14
eap0#branch                        6.14093e-14
vclk#branch                        1.33896e-10
vd2#branch                                   0
vd1#branch                                   0
vd0#branch                                   0
vcm#branch                         3.68581e-13
vsup#branch                       -7.99098e-05

 Reference value :  0.00000e+00
 Reference value :  7.61176e-10
 Reference value :  1.28353e-09
 Reference value :  2.22000e-09
 Reference value :  3.01412e-09
 Reference value :  3.82353e-09
 Reference value :  4.50824e-09
No. of Data Rows : 1345
vsup_v              =  1.08000e+00
d0now               =  1.08001e+00
d1now               =  1.08000e+00
d2now               =  1.08001e+00
Reset re-loads circuit * comparator-transient-noise @ ss_-40c_1.08v -- generated by sim/harness, do not edit

Circuit: * comparator-transient-noise @ ss_-40c_1.08v -- generated by sim/harness, do not edit

Doing analysis at TEMP = -40.000000 and TNOM = 27.000000

Using SPARSE 1.3 as Direct Linear Solver

Initial Transient Solution
--------------------------

Node                                   Voltage
----                                   -------
vdd                                       1.08
cm                                         0.6
vd0                                          0
ap0                                        0.6
an0                                        0.6
ibn0                                  0.390914
x0.x1.tmid                         1.45509e-09
x0.x1.tail                             0.58011
clk                                          0
x0.x1.np                                  1.08
x0.x1.nn                                  1.08
x0.x1.ln                                  1.08
x0.x1.lp                                  1.08
x0.x1.lnb                          6.52402e-09
x0.x1.lpb                          6.52402e-09
x0.x1.na                               1.07792
doutb0                                0.547973
dout0                                 0.547973
x0.x1.nb                               1.07792
vd1                                      0.001
ap1                                     0.6005
an1                                     0.5995
ibn1                                  0.390914
x1.x1.tmid                         1.45509e-09
x1.x1.tail                            0.580115
x1.x1.np                                  1.08
x1.x1.nn                                  1.08
x1.x1.ln                                  1.08
x1.x1.lp                                  1.08
x1.x1.lnb                          6.52402e-09
x1.x1.lpb                          6.52402e-09
x1.x1.na                               1.07792
doutb1                                0.547973
dout1                                 0.547973
x1.x1.nb                               1.07792
vd2                                     -0.001
ap2                                     0.5995
an2                                     0.6005
ibn2                                  0.390914
x2.x1.tmid                         1.45509e-09
x2.x1.tail                            0.580115
x2.x1.np                                  1.08
x2.x1.nn                                  1.08
x2.x1.ln                                  1.08
x2.x1.lp                                  1.08
x2.x1.lnb                          6.52402e-09
x2.x1.lpb                          6.52402e-09
x2.x1.na                               1.07792
doutb2                                0.547973
dout2                                 0.547973
x2.x1.nb                               1.07792
ean2#branch                        6.12508e-14
eap2#branch                        6.16304e-14
ean1#branch                        6.16304e-14
eap1#branch                        6.12508e-14
ean0#branch                        6.14093e-14
eap0#branch                        6.14093e-14
vclk#branch                        1.33896e-10
vd2#branch                                   0
vd1#branch                                   0
vd0#branch                                   0
vcm#branch                         3.68581e-13
vsup#branch                       -7.99098e-05

 Reference value :  0.00000e+00
 Reference value :  6.81176e-10
 Reference value :  1.20000e-09
 Reference value :  2.06000e-09
 Reference value :  2.92000e-09
 Reference value :  3.66118e-09
 Reference value :  4.42000e-09
No. of Data Rows : 1345
vsup_v              =  1.08000e+00
d0now               =  -4.21428e-08
d1now               =  -1.56442e-06
d2now               =  -1.97372e-06
Reset re-loads circuit * comparator-transient-noise @ ss_-40c_1.08v -- generated by sim/harness, do not edit

Circuit: * comparator-transient-noise @ ss_-40c_1.08v -- generated by sim/harness, do not edit

Doing analysis at TEMP = -40.000000 and TNOM = 27.000000

Using SPARSE 1.3 as Direct Linear Solver

Initial Transient Solution
--------------------------

Node                                   Voltage
----                                   -------
vdd                                       1.08
cm                                         0.6
vd0                                          0
ap0                                        0.6
an0                                        0.6
ibn0                                  0.390914
x0.x1.tmid                         1.45509e-09
x0.x1.tail                             0.58011
clk                                          0
x0.x1.np                                  1.08
x0.x1.nn                                  1.08
x0.x1.ln                                  1.08
x0.x1.lp                                  1.08
x0.x1.lnb                          6.52402e-09
x0.x1.lpb                          6.52402e-09
x0.x1.na                               1.07792
doutb0                                0.547973
dout0                                 0.547973
x0.x1.nb                               1.07792
vd1                                      0.001
ap1                                     0.6005
an1                                     0.5995
ibn1                                  0.390914
x1.x1.tmid                         1.45509e-09
x1.x1.tail                            0.580115
x1.x1.np                                  1.08
x1.x1.nn                                  1.08
x1.x1.ln                                  1.08
x1.x1.lp                                  1.08
x1.x1.lnb                          6.52402e-09
x1.x1.lpb                          6.52402e-09
x1.x1.na                               1.07792
doutb1                                0.547973
dout1                                 0.547973
x1.x1.nb                               1.07792
vd2                                     -0.001
ap2                                     0.5995
an2                                     0.6005
ibn2                                  0.390914
x2.x1.tmid                         1.45509e-09
x2.x1.tail                            0.580115
x2.x1.np                                  1.08
x2.x1.nn                                  1.08
x2.x1.ln                                  1.08
x2.x1.lp                                  1.08
x2.x1.lnb                          6.52402e-09
x2.x1.lpb                          6.52402e-09
x2.x1.na                               1.07792
doutb2                                0.547973
dout2                                 0.547973
x2.x1.nb                               1.07792
ean2#branch                        6.12508e-14
eap2#branch                        6.16304e-14
ean1#branch                        6.16304e-14
eap1#branch                        6.12508e-14
ean0#branch                        6.14093e-14
eap0#branch                        6.14093e-14
vclk#branch                        1.33896e-10
vd2#branch                                   0
vd1#branch                                   0
vd0#branch                                   0
vcm#branch                         3.68581e-13
vsup#branch                       -7.99098e-05

 Reference value :  0.00000e+00
 Reference value :  6.63529e-10
 Reference value :  1.14350e-09
 Reference value :  1.98824e-09
 Reference value :  2.80000e-09
 Reference value :  3.59412e-09
 Reference value :  4.30824e-09
 Reference value :  5.02000e-09
No. of Data Rows : 1345
vsup_v              =  1.08000e+00
d0now               =  1.08000e+00
d1now               =  1.08000e+00
d2now               =  1.08000e+00
m_frac_high_zero = 5.2500065237e-01
m_frac_high_plus = 7.4999987863e-01
m_frac_high_minus = 2.2499982613e-01
Note: Simulation executed from .control section 

Warning: m=xx on .subckt line will override multiplier m hierarchy!

Note: Starting dynamic gmin stepping
Note: Dynamic gmin stepping completed
Note: Starting dynamic gmin stepping
Note: Dynamic gmin stepping completed
Note: Starting dynamic gmin stepping
Note: Dynamic gmin stepping completed
Note: Starting dynamic gmin stepping
Note: Dynamic gmin stepping completed
Note: Starting dynamic gmin stepping
Note: Dynamic gmin stepping completed
Note: Starting dynamic gmin stepping
Note: Dynamic gmin stepping completed
Note: Starting dynamic gmin stepping
Note: Dynamic gmin stepping completed
Note: Starting dynamic gmin stepping
Note: Dynamic gmin stepping completed
Note: Starting dynamic gmin stepping
Note: Dynamic gmin stepping completed
Note: Starting dynamic gmin stepping
Note: Dynamic gmin stepping completed
Note: Starting dynamic gmin stepping
Note: Dynamic gmin stepping completed
Note: Starting dynamic gmin stepping
Note: Dynamic gmin stepping completed
Note: Starting dynamic gmin stepping
Note: Dynamic gmin stepping completed
Note: Starting dynamic gmin stepping
Note: Dynamic gmin stepping completed
Note: Starting dynamic gmin stepping
Note: Dynamic gmin stepping completed
Note: Starting dynamic gmin stepping
Note: Dynamic gmin stepping completed
Note: Starting dynamic gmin stepping
Note: Dynamic gmin stepping completed
Note: Starting dynamic gmin stepping
Note: Dynamic gmin stepping completed
Note: Starting dynamic gmin stepping
Note: Dynamic gmin stepping completed
Note: Starting dynamic gmin stepping
Note: Dynamic gmin stepping completed
Note: Starting dynamic gmin stepping
Note: Dynamic gmin stepping completed
Note: Starting dynamic gmin stepping
Note: Dynamic gmin stepping completed
Note: Starting dynamic gmin stepping
Note: Dynamic gmin stepping completed
Note: Starting dynamic gmin stepping
Note: Dynamic gmin stepping completed
Note: Starting dynamic gmin stepping
Note: Dynamic gmin stepping completed
Note: Starting dynamic gmin stepping
Note: Dynamic gmin stepping completed
Note: Starting dynamic gmin stepping
Note: Dynamic gmin stepping completed
Note: Starting dynamic gmin stepping
Note: Dynamic gmin stepping completed
Note: Starting dynamic gmin stepping
Note: Dynamic gmin stepping completed
Note: Starting dynamic gmin stepping
Note: Dynamic gmin stepping completed
Note: Starting dynamic gmin stepping
Note: Dynamic gmin stepping completed
Note: Starting dynamic gmin stepping
Note: Dynamic gmin stepping completed
Note: Starting dynamic gmin stepping
Note: Dynamic gmin stepping completed
Note: Starting dynamic gmin stepping
Note: Dynamic gmin stepping completed
Note: Starting dynamic gmin stepping
Note: Dynamic gmin stepping completed
Note: Starting dynamic gmin stepping
Note: Dynamic gmin stepping completed
Note: Starting dynamic gmin stepping
Note: Dynamic gmin stepping completed
Note: Starting dynamic gmin stepping
Note: Dynamic gmin stepping completed
Note: Starting dynamic gmin stepping
Note: Dynamic gmin stepping completed
Note: Starting dynamic gmin stepping
Note: Dynamic gmin stepping completed
Note: Starting dynamic gmin stepping
Note: Dynamic gmin stepping completed
Note: Starting dynamic gmin stepping
Note: Dynamic gmin stepping completed
Note: Starting dynamic gmin stepping
Note: Dynamic gmin stepping completed
Note: Starting dynamic gmin stepping
Note: Dynamic gmin stepping completed
Note: Starting dynamic gmin stepping
Note: Dynamic gmin stepping completed
Note: Starting dynamic gmin stepping
Note: Dynamic gmin stepping completed
Note: Starting dynamic gmin stepping
Note: Dynamic gmin stepping completed
Note: Starting dynamic gmin stepping
Note: Dynamic gmin stepping completed
Note: Starting dynamic gmin stepping
Note: Dynamic gmin stepping completed
Note: Starting dynamic gmin stepping
Note: Dynamic gmin stepping completed
Note: Starting dynamic gmin stepping
Note: Dynamic gmin stepping completed
Note: Starting dynamic gmin stepping
Note: Dynamic gmin stepping completed
Note: Starting dynamic gmin stepping
Note: Dynamic gmin stepping completed
Note: Starting dynamic gmin stepping
Note: Dynamic gmin stepping completed
Note: Starting dynamic gmin stepping
Note: Dynamic gmin stepping completed
Note: Starting dynamic gmin stepping
Note: Dynamic gmin stepping completed
Note: Starting dynamic gmin stepping
Note: Dynamic gmin stepping completed
Note: Starting dynamic gmin stepping
Note: Dynamic gmin stepping completed
Note: Starting dynamic gmin stepping
Note: Dynamic gmin stepping completed
Note: Starting dynamic gmin stepping
Note: Dynamic gmin stepping completed
Note: Starting dynamic gmin stepping
Note: Dynamic gmin stepping completed
Note: Starting dynamic gmin stepping
Note: Dynamic gmin stepping completed
Note: Starting dynamic gmin stepping
Note: Dynamic gmin stepping completed
Note: Starting dynamic gmin stepping
Note: Dynamic gmin stepping completed
Note: Starting dynamic gmin stepping
Note: Dynamic gmin stepping completed
Note: Starting dynamic gmin stepping
Note: Dynamic gmin stepping completed
Note: Starting dynamic gmin stepping
Note: Dynamic gmin stepping completed
Note: Starting dynamic gmin stepping
Note: Dynamic gmin stepping completed
Note: Starting dynamic gmin stepping
Note: Dynamic gmin stepping completed
Note: Starting dynamic gmin stepping
Note: Dynamic gmin stepping completed
Note: Starting dynamic gmin stepping
Note: Dynamic gmin stepping completed
Note: Starting dynamic gmin stepping
Note: Dynamic gmin stepping completed
Note: Starting dynamic gmin stepping
Note: Dynamic gmin stepping completed
Note: Starting dynamic gmin stepping
Note: Dynamic gmin stepping completed
Note: Starting dynamic gmin stepping
Note: Dynamic gmin stepping completed
Note: Starting dynamic gmin stepping
Note: Dynamic gmin stepping completed
Note: Starting dynamic gmin stepping
Note: Dynamic gmin stepping completed
Note: Starting dynamic gmin stepping
Note: Dynamic gmin stepping completed
Note: Starting dynamic gmin stepping
Note: Dynamic gmin stepping completed
Note: Starting dynamic gmin stepping
Note: Dynamic gmin stepping completed
