
Note: Compatibility modes selected: hs a


Circuit: * comparator-transient-noise @ ss_-40c_1.32v -- generated by sim/harness, do not edit

Reset re-loads circuit * comparator-transient-noise @ ss_-40c_1.32v -- generated by sim/harness, do not edit

Circuit: * comparator-transient-noise @ ss_-40c_1.32v -- generated by sim/harness, do not edit

Doing analysis at TEMP = -40.000000 and TNOM = 27.000000

Using SPARSE 1.3 as Direct Linear Solver

Initial Transient Solution
--------------------------

Node                                   Voltage
----                                   -------
vdd                                       1.32
cm                                         0.6
vd0                                          0
ap0                                        0.6
an0                                        0.6
ibn0                                  0.390914
x0.x1.tmid                         1.45879e-09
x0.x1.tail                            0.585725
clk                                          0
x0.x1.np                                  1.32
x0.x1.nn                                  1.32
x0.x1.ln                                  1.32
x0.x1.lp                                  1.32
x0.x1.lnb                          1.01797e-08
x0.x1.lpb                          1.01797e-08
x0.x1.na                               1.30748
doutb0                                0.673586
dout0                                 0.673586
x0.x1.nb                               1.30748
vd1                                      0.001
ap1                                     0.6005
an1                                     0.5995
ibn1                                  0.390914
x1.x1.tmid                          1.4588e-09
x1.x1.tail                            0.585729
x1.x1.np                                  1.32
x1.x1.nn                                  1.32
x1.x1.ln                                  1.32
x1.x1.lp                                  1.32
x1.x1.lnb                          1.01797e-08
x1.x1.lpb                          1.01797e-08
x1.x1.na                               1.30748
doutb1                                0.673586
dout1                                 0.673586
x1.x1.nb                               1.30748
vd2                                     -0.001
ap2                                     0.5995
an2                                     0.6005
ibn2                                  0.390914
x2.x1.tmid                          1.4588e-09
x2.x1.tail                            0.585729
x2.x1.np                                  1.32
x2.x1.nn                                  1.32
x2.x1.ln                                  1.32
x2.x1.lp                                  1.32
x2.x1.lnb                          1.01797e-08
x2.x1.lpb                          1.01797e-08
x2.x1.na                               1.30748
doutb2                                0.673586
dout2                                 0.673586
x2.x1.nb                               1.30748
ean2#branch                         2.2046e-13
eap2#branch                         2.2157e-13
ean1#branch                         2.2157e-13
eap1#branch                         2.2046e-13
ean0#branch                        2.21036e-13
eap0#branch                        2.21036e-13
vclk#branch                        2.70227e-10
vd2#branch                                   0
vd1#branch                                   0
vd0#branch                                   0
vcm#branch                         1.32613e-12
vsup#branch                       -0.000218308

 Reference value :  0.00000e+00
 Reference value :  6.61176e-10
 Reference value :  1.20826e-09
 Reference value :  2.06000e-09
 Reference value :  2.85412e-09
 Reference value :  3.64000e-09
 Reference value :  4.36000e-09
No. of Data Rows : 1345
vsup_v              =  1.32000e+00
d0now               =  1.32000e+00
d1now               =  1.09129e-06
d2now               =  1.32000e+00
Reset re-loads circuit * comparator-transient-noise @ ss_-40c_1.32v -- generated by sim/harness, do not edit

Circuit: * comparator-transient-noise @ ss_-40c_1.32v -- generated by sim/harness, do not edit

Doing analysis at TEMP = -40.000000 and TNOM = 27.000000

Using SPARSE 1.3 as Direct Linear Solver

Initial Transient Solution
--------------------------

Node                                   Voltage
----                                   -------
vdd                                       1.32
cm                                         0.6
vd0                                          0
ap0                                        0.6
an0                                        0.6
ibn0                                  0.390914
x0.x1.tmid                         1.45879e-09
x0.x1.tail                            0.585725
clk                                          0
x0.x1.np                                  1.32
x0.x1.nn                                  1.32
x0.x1.ln                                  1.32
x0.x1.lp                                  1.32
x0.x1.lnb                          1.01797e-08
x0.x1.lpb                          1.01797e-08
x0.x1.na                               1.30748
doutb0                                0.673586
dout0                                 0.673586
x0.x1.nb                               1.30748
vd1                                      0.001
ap1                                     0.6005
an1                                     0.5995
ibn1                                  0.390914
x1.x1.tmid                          1.4588e-09
x1.x1.tail                            0.585729
x1.x1.np                                  1.32
x1.x1.nn                                  1.32
x1.x1.ln                                  1.32
x1.x1.lp                                  1.32
x1.x1.lnb                          1.01797e-08
x1.x1.lpb                          1.01797e-08
x1.x1.na                               1.30748
doutb1                                0.673586
dout1                                 0.673586
x1.x1.nb                               1.30748
vd2                                     -0.001
ap2                                     0.5995
an2                                     0.6005
ibn2                                  0.390914
x2.x1.tmid                          1.4588e-09
x2.x1.tail                            0.585729
x2.x1.np                                  1.32
x2.x1.nn                                  1.32
x2.x1.ln                                  1.32
x2.x1.lp                                  1.32
x2.x1.lnb                          1.01797e-08
x2.x1.lpb                          1.01797e-08
x2.x1.na                               1.30748
doutb2                                0.673586
dout2                                 0.673586
x2.x1.nb                               1.30748
ean2#branch                         2.2046e-13
eap2#branch                         2.2157e-13
ean1#branch                         2.2157e-13
eap1#branch                         2.2046e-13
ean0#branch                        2.21036e-13
eap0#branch                        2.21036e-13
vclk#branch                        2.70227e-10
vd2#branch                                   0
vd1#branch                                   0
vd0#branch                                   0
vcm#branch                         1.32613e-12
vsup#branch                       -0.000218308

 Reference value :  0.00000e+00
 Reference value :  6.74118e-10
 Reference value :  1.25412e-09
 Reference value :  2.08353e-09
 Reference value :  2.96353e-09
 Reference value :  3.72824e-09
 Reference value :  4.46118e-09
No. of Data Rows : 1345
vsup_v              =  1.32000e+00
d0now               =  1.32000e+00
d1now               =  -3.47726e-06
d2now               =  -1.80253e-06
Reset re-loads circuit * comparator-transient-noise @ ss_-40c_1.32v -- generated by sim/harness, do not edit

Circuit: * comparator-transient-noise @ ss_-40c_1.32v -- generated by sim/harness, do not edit

Doing analysis at TEMP = -40.000000 and TNOM = 27.000000

Using SPARSE 1.3 as Direct Linear Solver

Initial Transient Solution
--------------------------

Node                                   Voltage
----                                   -------
vdd                                       1.32
cm                                         0.6
vd0                                          0
ap0                                        0.6
an0                                        0.6
ibn0                                  0.390914
x0.x1.tmid                         1.45879e-09
x0.x1.tail                            0.585725
clk                                          0
x0.x1.np                                  1.32
x0.x1.nn                                  1.32
x0.x1.ln                                  1.32
x0.x1.lp                                  1.32
x0.x1.lnb                          1.01797e-08
x0.x1.lpb                          1.01797e-08
x0.x1.na                               1.30748
doutb0                                0.673586
dout0                                 0.673586
x0.x1.nb                               1.30748
vd1                                      0.001
ap1                                     0.6005
an1                                     0.5995
ibn1                                  0.390914
x1.x1.tmid                          1.4588e-09
x1.x1.tail                            0.585729
x1.x1.np                                  1.32
x1.x1.nn                                  1.32
x1.x1.ln                                  1.32
x1.x1.lp                                  1.32
x1.x1.lnb                          1.01797e-08
x1.x1.lpb                          1.01797e-08
x1.x1.na                               1.30748
doutb1                                0.673586
dout1                                 0.673586
x1.x1.nb                               1.30748
vd2                                     -0.001
ap2                                     0.5995
an2                                     0.6005
ibn2                                  0.390914
x2.x1.tmid                          1.4588e-09
x2.x1.tail                            0.585729
x2.x1.np                                  1.32
x2.x1.nn                                  1.32
x2.x1.ln                                  1.32
x2.x1.lp                                  1.32
x2.x1.lnb                          1.01797e-08
x2.x1.lpb                          1.01797e-08
x2.x1.na                               1.30748
doutb2                                0.673586
dout2                                 0.673586
x2.x1.nb                               1.30748
ean2#branch                         2.2046e-13
eap2#branch                         2.2157e-13
ean1#branch                         2.2157e-13
eap1#branch                         2.2046e-13
ean0#branch                        2.21036e-13
eap0#branch                        2.21036e-13
vclk#branch                        2.70227e-10
vd2#branch                                   0
vd1#branch                                   0
vd0#branch                                   0
vcm#branch                         1.32613e-12
vsup#branch                       -0.000218308

 Reference value :  0.00000e+00
 Reference value :  6.61176e-10
 Reference value :  1.20000e-09
 Reference value :  2.02824e-09
 Reference value :  3.02118e-09
 Reference value :  3.72353e-09
 Reference value :  4.44000e-09
No. of Data Rows : 1345
vsup_v              =  1.32000e+00
d0now               =  1.90296e-06
d1now               =  1.32000e+00
d2now               =  -4.45950e-07
Reset re-loads circuit * comparator-transient-noise @ ss_-40c_1.32v -- generated by sim/harness, do not edit

Circuit: * comparator-transient-noise @ ss_-40c_1.32v -- generated by sim/harness, do not edit

Doing analysis at TEMP = -40.000000 and TNOM = 27.000000

Using SPARSE 1.3 as Direct Linear Solver

Initial Transient Solution
--------------------------

Node                                   Voltage
----                                   -------
vdd                                       1.32
cm                                         0.6
vd0                                          0
ap0                                        0.6
an0                                        0.6
ibn0                                  0.390914
x0.x1.tmid                         1.45879e-09
x0.x1.tail                            0.585725
clk                                          0
x0.x1.np                                  1.32
x0.x1.nn                                  1.32
x0.x1.ln                                  1.32
x0.x1.lp                                  1.32
x0.x1.lnb                          1.01797e-08
x0.x1.lpb                          1.01797e-08
x0.x1.na                               1.30748
doutb0                                0.673586
dout0                                 0.673586
x0.x1.nb                               1.30748
vd1                                      0.001
ap1                                     0.6005
an1                                     0.5995
ibn1                                  0.390914
x1.x1.tmid                          1.4588e-09
x1.x1.tail                            0.585729
x1.x1.np                                  1.32
x1.x1.nn                                  1.32
x1.x1.ln                                  1.32
x1.x1.lp                                  1.32
x1.x1.lnb                          1.01797e-08
x1.x1.lpb                          1.01797e-08
x1.x1.na                               1.30748
doutb1                                0.673586
dout1                                 0.673586
x1.x1.nb                               1.30748
vd2                                     -0.001
ap2                                     0.5995
an2                                     0.6005
ibn2                                  0.390914
x2.x1.tmid                          1.4588e-09
x2.x1.tail                            0.585729
x2.x1.np                                  1.32
x2.x1.nn                                  1.32
x2.x1.ln                                  1.32
x2.x1.lp                                  1.32
x2.x1.lnb                          1.01797e-08
x2.x1.lpb                          1.01797e-08
x2.x1.na                               1.30748
doutb2                                0.673586
dout2                                 0.673586
x2.x1.nb                               1.30748
ean2#branch                         2.2046e-13
eap2#branch                         2.2157e-13
ean1#branch                         2.2157e-13
eap1#branch                         2.2046e-13
ean0#branch                        2.21036e-13
eap0#branch                        2.21036e-13
vclk#branch                        2.70227e-10
vd2#branch                                   0
vd1#branch                                   0
vd0#branch                                   0
vcm#branch                         1.32613e-12
vsup#branch                       -0.000218308

 Reference value :  0.00000e+00
 Reference value :  6.63529e-10
 Reference value :  1.20118e-09
 Reference value :  2.04118e-09
 Reference value :  2.92824e-09
 Reference value :  3.72000e-09
 Reference value :  4.52000e-09
No. of Data Rows : 1345
vsup_v              =  1.32000e+00
d0now               =  1.32000e+00
d1now               =  1.32000e+00
d2now               =  -1.06815e-06
Reset re-loads circuit * comparator-transient-noise @ ss_-40c_1.32v -- generated by sim/harness, do not edit

Circuit: * comparator-transient-noise @ ss_-40c_1.32v -- generated by sim/harness, do not edit

Doing analysis at TEMP = -40.000000 and TNOM = 27.000000

Using SPARSE 1.3 as Direct Linear Solver

Initial Transient Solution
--------------------------

Node                                   Voltage
----                                   -------
vdd                                       1.32
cm                                         0.6
vd0                                          0
ap0                                        0.6
an0                                        0.6
ibn0                                  0.390914
x0.x1.tmid                         1.45879e-09
x0.x1.tail                            0.585725
clk                                          0
x0.x1.np                                  1.32
x0.x1.nn                                  1.32
x0.x1.ln                                  1.32
x0.x1.lp                                  1.32
x0.x1.lnb                          1.01797e-08
x0.x1.lpb                          1.01797e-08
x0.x1.na                               1.30748
doutb0                                0.673586
dout0                                 0.673586
x0.x1.nb                               1.30748
vd1                                      0.001
ap1                                     0.6005
an1                                     0.5995
ibn1                                  0.390914
x1.x1.tmid                          1.4588e-09
x1.x1.tail                            0.585729
x1.x1.np                                  1.32
x1.x1.nn                                  1.32
x1.x1.ln                                  1.32
x1.x1.lp                                  1.32
x1.x1.lnb                          1.01797e-08
x1.x1.lpb                          1.01797e-08
x1.x1.na                               1.30748
doutb1                                0.673586
dout1                                 0.673586
x1.x1.nb                               1.30748
vd2                                     -0.001
ap2                                     0.5995
an2                                     0.6005
ibn2                                  0.390914
x2.x1.tmid                          1.4588e-09
x2.x1.tail                            0.585729
x2.x1.np                                  1.32
x2.x1.nn                                  1.32
x2.x1.ln                                  1.32
x2.x1.lp                                  1.32
x2.x1.lnb                          1.01797e-08
x2.x1.lpb                          1.01797e-08
x2.x1.na                               1.30748
doutb2                                0.673586
dout2                                 0.673586
x2.x1.nb                               1.30748
ean2#branch                         2.2046e-13
eap2#branch                         2.2157e-13
ean1#branch                         2.2157e-13
eap1#branch                         2.2046e-13
ean0#branch                        2.21036e-13
eap0#branch                        2.21036e-13
vclk#branch                        2.70227e-10
vd2#branch                                   0
vd1#branch                                   0
vd0#branch                                   0
vcm#branch                         1.32613e-12
vsup#branch                       -0.000218308

 Reference value :  0.00000e+00
 Reference value :  6.63529e-10
 Reference value :  1.22117e-09
 Reference value :  2.07412e-09
 Reference value :  2.98000e-09
 Reference value :  3.76353e-09
 Reference value :  4.48353e-09
No. of Data Rows : 1345
vsup_v              =  1.32000e+00
d0now               =  2.38890e-07
d1now               =  1.32000e+00
d2now               =  -3.02394e-06
Reset re-loads circuit * comparator-transient-noise @ ss_-40c_1.32v -- generated by sim/harness, do not edit

Circuit: * comparator-transient-noise @ ss_-40c_1.32v -- generated by sim/harness, do not edit

Doing analysis at TEMP = -40.000000 and TNOM = 27.000000

Using SPARSE 1.3 as Direct Linear Solver

Initial Transient Solution
--------------------------

Node                                   Voltage
----                                   -------
vdd                                       1.32
cm                                         0.6
vd0                                          0
ap0                                        0.6
an0                                        0.6
ibn0                                  0.390914
x0.x1.tmid                         1.45879e-09
x0.x1.tail                            0.585725
clk                                          0
x0.x1.np                                  1.32
x0.x1.nn                                  1.32
x0.x1.ln                                  1.32
x0.x1.lp                                  1.32
x0.x1.lnb                          1.01797e-08
x0.x1.lpb                          1.01797e-08
x0.x1.na                               1.30748
doutb0                                0.673586
dout0                                 0.673586
x0.x1.nb                               1.30748
vd1                                      0.001
ap1                                     0.6005
an1                                     0.5995
ibn1                                  0.390914
x1.x1.tmid                          1.4588e-09
x1.x1.tail                            0.585729
x1.x1.np                                  1.32
x1.x1.nn                                  1.32
x1.x1.ln                                  1.32
x1.x1.lp                                  1.32
x1.x1.lnb                          1.01797e-08
x1.x1.lpb                          1.01797e-08
x1.x1.na                               1.30748
doutb1                                0.673586
dout1                                 0.673586
x1.x1.nb                               1.30748
vd2                                     -0.001
ap2                                     0.5995
an2                                     0.6005
ibn2                                  0.390914
x2.x1.tmid                          1.4588e-09
x2.x1.tail                            0.585729
x2.x1.np                                  1.32
x2.x1.nn                                  1.32
x2.x1.ln                                  1.32
x2.x1.lp                                  1.32
x2.x1.lnb                          1.01797e-08
x2.x1.lpb                          1.01797e-08
x2.x1.na                               1.30748
doutb2                                0.673586
dout2                                 0.673586
x2.x1.nb                               1.30748
ean2#branch                         2.2046e-13
eap2#branch                         2.2157e-13
ean1#branch                         2.2157e-13
eap1#branch                         2.2046e-13
ean0#branch                        2.21036e-13
eap0#branch                        2.21036e-13
vclk#branch                        2.70227e-10
vd2#branch                                   0
vd1#branch                                   0
vd0#branch                                   0
vcm#branch                         1.32613e-12
vsup#branch                       -0.000218308

 Reference value :  0.00000e+00
 Reference value :  6.63529e-10
 Reference value :  1.24000e-09
 Reference value :  2.06824e-09
 Reference value :  2.92353e-09
 Reference value :  3.73412e-09
 Reference value :  4.47412e-09
No. of Data Rows : 1345
vsup_v              =  1.32000e+00
d0now               =  -1.85196e-06
d1now               =  1.32000e+00
d2now               =  1.05925e-06
Reset re-loads circuit * comparator-transient-noise @ ss_-40c_1.32v -- generated by sim/harness, do not edit

Circuit: * comparator-transient-noise @ ss_-40c_1.32v -- generated by sim/harness, do not edit

Doing analysis at TEMP = -40.000000 and TNOM = 27.000000

Using SPARSE 1.3 as Direct Linear Solver

Initial Transient Solution
--------------------------

Node                                   Voltage
----                                   -------
vdd                                       1.32
cm                                         0.6
vd0                                          0
ap0                                        0.6
an0                                        0.6
ibn0                                  0.390914
x0.x1.tmid                         1.45879e-09
x0.x1.tail                            0.585725
clk                                          0
x0.x1.np                                  1.32
x0.x1.nn                                  1.32
x0.x1.ln                                  1.32
x0.x1.lp                                  1.32
x0.x1.lnb                          1.01797e-08
x0.x1.lpb                          1.01797e-08
x0.x1.na                               1.30748
doutb0                                0.673586
dout0                                 0.673586
x0.x1.nb                               1.30748
vd1                                      0.001
ap1                                     0.6005
an1                                     0.5995
ibn1                                  0.390914
x1.x1.tmid                          1.4588e-09
x1.x1.tail                            0.585729
x1.x1.np                                  1.32
x1.x1.nn                                  1.32
x1.x1.ln                                  1.32
x1.x1.lp                                  1.32
x1.x1.lnb                          1.01797e-08
x1.x1.lpb                          1.01797e-08
x1.x1.na                               1.30748
doutb1                                0.673586
dout1                                 0.673586
x1.x1.nb                               1.30748
vd2                                     -0.001
ap2                                     0.5995
an2                                     0.6005
ibn2                                  0.390914
x2.x1.tmid                          1.4588e-09
x2.x1.tail                            0.585729
x2.x1.np                                  1.32
x2.x1.nn                                  1.32
x2.x1.ln                                  1.32
x2.x1.lp                                  1.32
x2.x1.lnb                          1.01797e-08
x2.x1.lpb                          1.01797e-08
x2.x1.na                               1.30748
doutb2                                0.673586
dout2                                 0.673586
x2.x1.nb                               1.30748
ean2#branch                         2.2046e-13
eap2#branch                         2.2157e-13
ean1#branch                         2.2157e-13
eap1#branch                         2.2046e-13
ean0#branch                        2.21036e-13
eap0#branch                        2.21036e-13
vclk#branch                        2.70227e-10
vd2#branch                                   0
vd1#branch                                   0
vd0#branch                                   0
vcm#branch                         1.32613e-12
vsup#branch                       -0.000218308

 Reference value :  0.00000e+00
 Reference value :  6.61176e-10
 Reference value :  1.24118e-09
 Reference value :  2.08000e-09
 Reference value :  2.96118e-09
 Reference value :  3.74353e-09
 Reference value :  4.48824e-09
No. of Data Rows : 1345
vsup_v              =  1.32000e+00
d0now               =  1.32000e+00
d1now               =  1.99997e-06
d2now               =  2.28040e-06
Reset re-loads circuit * comparator-transient-noise @ ss_-40c_1.32v -- generated by sim/harness, do not edit

Circuit: * comparator-transient-noise @ ss_-40c_1.32v -- generated by sim/harness, do not edit

Doing analysis at TEMP = -40.000000 and TNOM = 27.000000

Using SPARSE 1.3 as Direct Linear Solver

Initial Transient Solution
--------------------------

Node                                   Voltage
----                                   -------
vdd                                       1.32
cm                                         0.6
vd0                                          0
ap0                                        0.6
an0                                        0.6
ibn0                                  0.390914
x0.x1.tmid                         1.45879e-09
x0.x1.tail                            0.585725
clk                                          0
x0.x1.np                                  1.32
x0.x1.nn                                  1.32
x0.x1.ln                                  1.32
x0.x1.lp                                  1.32
x0.x1.lnb                          1.01797e-08
x0.x1.lpb                          1.01797e-08
x0.x1.na                               1.30748
doutb0                                0.673586
dout0                                 0.673586
x0.x1.nb                               1.30748
vd1                                      0.001
ap1                                     0.6005
an1                                     0.5995
ibn1                                  0.390914
x1.x1.tmid                          1.4588e-09
x1.x1.tail                            0.585729
x1.x1.np                                  1.32
x1.x1.nn                                  1.32
x1.x1.ln                                  1.32
x1.x1.lp                                  1.32
x1.x1.lnb                          1.01797e-08
x1.x1.lpb                          1.01797e-08
x1.x1.na                               1.30748
doutb1                                0.673586
dout1                                 0.673586
x1.x1.nb                               1.30748
vd2                                     -0.001
ap2                                     0.5995
an2                                     0.6005
ibn2                                  0.390914
x2.x1.tmid                          1.4588e-09
x2.x1.tail                            0.585729
x2.x1.np                                  1.32
x2.x1.nn                                  1.32
x2.x1.ln                                  1.32
x2.x1.lp                                  1.32
x2.x1.lnb                          1.01797e-08
x2.x1.lpb                          1.01797e-08
x2.x1.na                               1.30748
doutb2                                0.673586
dout2                                 0.673586
x2.x1.nb                               1.30748
ean2#branch                         2.2046e-13
eap2#branch                         2.2157e-13
ean1#branch                         2.2157e-13
eap1#branch                         2.2046e-13
ean0#branch                        2.21036e-13
eap0#branch                        2.21036e-13
vclk#branch                        2.70227e-10
vd2#branch                                   0
vd1#branch                                   0
vd0#branch                                   0
vcm#branch                         1.32613e-12
vsup#branch                       -0.000218308

 Reference value :  0.00000e+00
 Reference value :  6.54118e-10
 Reference value :  1.17414e-09
 Reference value :  2.06824e-09
 Reference value :  2.98353e-09
 Reference value :  3.78000e-09
 Reference value :  4.52824e-09
No. of Data Rows : 1345
vsup_v              =  1.32000e+00
d0now               =  -2.91669e-06
d1now               =  -8.24895e-07
d2now               =  -1.84039e-06
Reset re-loads circuit * comparator-transient-noise @ ss_-40c_1.32v -- generated by sim/harness, do not edit

Circuit: * comparator-transient-noise @ ss_-40c_1.32v -- generated by sim/harness, do not edit

Doing analysis at TEMP = -40.000000 and TNOM = 27.000000

Using SPARSE 1.3 as Direct Linear Solver

Initial Transient Solution
--------------------------

Node                                   Voltage
----                                   -------
vdd                                       1.32
cm                                         0.6
vd0                                          0
ap0                                        0.6
an0                                        0.6
ibn0                                  0.390914
x0.x1.tmid                         1.45879e-09
x0.x1.tail                            0.585725
clk                                          0
x0.x1.np                                  1.32
x0.x1.nn                                  1.32
x0.x1.ln                                  1.32
x0.x1.lp                                  1.32
x0.x1.lnb                          1.01797e-08
x0.x1.lpb                          1.01797e-08
x0.x1.na                               1.30748
doutb0                                0.673586
dout0                                 0.673586
x0.x1.nb                               1.30748
vd1                                      0.001
ap1                                     0.6005
an1                                     0.5995
ibn1                                  0.390914
x1.x1.tmid                          1.4588e-09
x1.x1.tail                            0.585729
x1.x1.np                                  1.32
x1.x1.nn                                  1.32
x1.x1.ln                                  1.32
x1.x1.lp                                  1.32
x1.x1.lnb                          1.01797e-08
x1.x1.lpb                          1.01797e-08
x1.x1.na                               1.30748
doutb1                                0.673586
dout1                                 0.673586
x1.x1.nb                               1.30748
vd2                                     -0.001
ap2                                     0.5995
an2                                     0.6005
ibn2                                  0.390914
x2.x1.tmid                          1.4588e-09
x2.x1.tail                            0.585729
x2.x1.np                                  1.32
x2.x1.nn                                  1.32
x2.x1.ln                                  1.32
x2.x1.lp                                  1.32
x2.x1.lnb                          1.01797e-08
x2.x1.lpb                          1.01797e-08
x2.x1.na                               1.30748
doutb2                                0.673586
dout2                                 0.673586
x2.x1.nb                               1.30748
ean2#branch                         2.2046e-13
eap2#branch                         2.2157e-13
ean1#branch                         2.2157e-13
eap1#branch                         2.2046e-13
ean0#branch                        2.21036e-13
eap0#branch                        2.21036e-13
vclk#branch                        2.70227e-10
vd2#branch                                   0
vd1#branch                                   0
vd0#branch                                   0
vcm#branch                         1.32613e-12
vsup#branch                       -0.000218308

 Reference value :  0.00000e+00
 Reference value :  6.60000e-10
 Reference value :  1.18352e-09
 Reference value :  2.08824e-09
 Reference value :  2.96353e-09
 Reference value :  3.74118e-09
 Reference value :  4.48118e-09
No. of Data Rows : 1345
vsup_v              =  1.32000e+00
d0now               =  -3.80176e-06
d1now               =  1.32000e+00
d2now               =  -1.31527e-06
Reset re-loads circuit * comparator-transient-noise @ ss_-40c_1.32v -- generated by sim/harness, do not edit

Circuit: * comparator-transient-noise @ ss_-40c_1.32v -- generated by sim/harness, do not edit

Doing analysis at TEMP = -40.000000 and TNOM = 27.000000

Using SPARSE 1.3 as Direct Linear Solver

Initial Transient Solution
--------------------------

Node                                   Voltage
----                                   -------
vdd                                       1.32
cm                                         0.6
vd0                                          0
ap0                                        0.6
an0                                        0.6
ibn0                                  0.390914
x0.x1.tmid                         1.45879e-09
x0.x1.tail                            0.585725
clk                                          0
x0.x1.np                                  1.32
x0.x1.nn                                  1.32
x0.x1.ln                                  1.32
x0.x1.lp                                  1.32
x0.x1.lnb                          1.01797e-08
x0.x1.lpb                          1.01797e-08
x0.x1.na                               1.30748
doutb0                                0.673586
dout0                                 0.673586
x0.x1.nb                               1.30748
vd1                                      0.001
ap1                                     0.6005
an1                                     0.5995
ibn1                                  0.390914
x1.x1.tmid                          1.4588e-09
x1.x1.tail                            0.585729
x1.x1.np                                  1.32
x1.x1.nn                                  1.32
x1.x1.ln                                  1.32
x1.x1.lp                                  1.32
x1.x1.lnb                          1.01797e-08
x1.x1.lpb                          1.01797e-08
x1.x1.na                               1.30748
doutb1                                0.673586
dout1                                 0.673586
x1.x1.nb                               1.30748
vd2                                     -0.001
ap2                                     0.5995
an2                                     0.6005
ibn2                                  0.390914
x2.x1.tmid                          1.4588e-09
x2.x1.tail                            0.585729
x2.x1.np                                  1.32
x2.x1.nn                                  1.32
x2.x1.ln                                  1.32
x2.x1.lp                                  1.32
x2.x1.lnb                          1.01797e-08
x2.x1.lpb                          1.01797e-08
x2.x1.na                               1.30748
doutb2                                0.673586
dout2                                 0.673586
x2.x1.nb                               1.30748
ean2#branch                         2.2046e-13
eap2#branch                         2.2157e-13
ean1#branch                         2.2157e-13
eap1#branch                         2.2046e-13
ean0#branch                        2.21036e-13
eap0#branch                        2.21036e-13
vclk#branch                        2.70227e-10
vd2#branch                                   0
vd1#branch                                   0
vd0#branch                                   0
vcm#branch                         1.32613e-12
vsup#branch                       -0.000218308

 Reference value :  0.00000e+00
 Reference value :  6.60000e-10
 Reference value :  1.20118e-09
 Reference value :  2.02824e-09
 Reference value :  2.84353e-09
 Reference value :  3.66000e-09
 Reference value :  4.40353e-09
No. of Data Rows : 1345
vsup_v              =  1.32000e+00
d0now               =  1.32000e+00
d1now               =  3.61260e-06
d2now               =  1.32000e+00
Reset re-loads circuit * comparator-transient-noise @ ss_-40c_1.32v -- generated by sim/harness, do not edit

Circuit: * comparator-transient-noise @ ss_-40c_1.32v -- generated by sim/harness, do not edit

Doing analysis at TEMP = -40.000000 and TNOM = 27.000000

Using SPARSE 1.3 as Direct Linear Solver

Initial Transient Solution
--------------------------

Node                                   Voltage
----                                   -------
vdd                                       1.32
cm                                         0.6
vd0                                          0
ap0                                        0.6
an0                                        0.6
ibn0                                  0.390914
x0.x1.tmid                         1.45879e-09
x0.x1.tail                            0.585725
clk                                          0
x0.x1.np                                  1.32
x0.x1.nn                                  1.32
x0.x1.ln                                  1.32
x0.x1.lp                                  1.32
x0.x1.lnb                          1.01797e-08
x0.x1.lpb                          1.01797e-08
x0.x1.na                               1.30748
doutb0                                0.673586
dout0                                 0.673586
x0.x1.nb                               1.30748
vd1                                      0.001
ap1                                     0.6005
an1                                     0.5995
ibn1                                  0.390914
x1.x1.tmid                          1.4588e-09
x1.x1.tail                            0.585729
x1.x1.np                                  1.32
x1.x1.nn                                  1.32
x1.x1.ln                                  1.32
x1.x1.lp                                  1.32
x1.x1.lnb                          1.01797e-08
x1.x1.lpb                          1.01797e-08
x1.x1.na                               1.30748
doutb1                                0.673586
dout1                                 0.673586
x1.x1.nb                               1.30748
vd2                                     -0.001
ap2                                     0.5995
an2                                     0.6005
ibn2                                  0.390914
x2.x1.tmid                          1.4588e-09
x2.x1.tail                            0.585729
x2.x1.np                                  1.32
x2.x1.nn                                  1.32
x2.x1.ln                                  1.32
x2.x1.lp                                  1.32
x2.x1.lnb                          1.01797e-08
x2.x1.lpb                          1.01797e-08
x2.x1.na                               1.30748
doutb2                                0.673586
dout2                                 0.673586
x2.x1.nb                               1.30748
ean2#branch                         2.2046e-13
eap2#branch                         2.2157e-13
ean1#branch                         2.2157e-13
eap1#branch                         2.2046e-13
ean0#branch                        2.21036e-13
eap0#branch                        2.21036e-13
vclk#branch                        2.70227e-10
vd2#branch                                   0
vd1#branch                                   0
vd0#branch                                   0
vcm#branch                         1.32613e-12
vsup#branch                       -0.000218308

 Reference value :  0.00000e+00
 Reference value :  6.68235e-10
 Reference value :  1.18117e-09
 Reference value :  2.02118e-09
 Reference value :  2.89412e-09
 Reference value :  3.66118e-09
 Reference value :  4.42000e-09
No. of Data Rows : 1345
vsup_v              =  1.32000e+00
d0now               =  1.32000e+00
d1now               =  1.32000e+00
d2now               =  1.26057e-06
Reset re-loads circuit * comparator-transient-noise @ ss_-40c_1.32v -- generated by sim/harness, do not edit

Circuit: * comparator-transient-noise @ ss_-40c_1.32v -- generated by sim/harness, do not edit

Doing analysis at TEMP = -40.000000 and TNOM = 27.000000

Using SPARSE 1.3 as Direct Linear Solver

Initial Transient Solution
--------------------------

Node                                   Voltage
----                                   -------
vdd                                       1.32
cm                                         0.6
vd0                                          0
ap0                                        0.6
an0                                        0.6
ibn0                                  0.390914
x0.x1.tmid                         1.45879e-09
x0.x1.tail                            0.585725
clk                                          0
x0.x1.np                                  1.32
x0.x1.nn                                  1.32
x0.x1.ln                                  1.32
x0.x1.lp                                  1.32
x0.x1.lnb                          1.01797e-08
x0.x1.lpb                          1.01797e-08
x0.x1.na                               1.30748
doutb0                                0.673586
dout0                                 0.673586
x0.x1.nb                               1.30748
vd1                                      0.001
ap1                                     0.6005
an1                                     0.5995
ibn1                                  0.390914
x1.x1.tmid                          1.4588e-09
x1.x1.tail                            0.585729
x1.x1.np                                  1.32
x1.x1.nn                                  1.32
x1.x1.ln                                  1.32
x1.x1.lp                                  1.32
x1.x1.lnb                          1.01797e-08
x1.x1.lpb                          1.01797e-08
x1.x1.na                               1.30748
doutb1                                0.673586
dout1                                 0.673586
x1.x1.nb                               1.30748
vd2                                     -0.001
ap2                                     0.5995
an2                                     0.6005
ibn2                                  0.390914
x2.x1.tmid                          1.4588e-09
x2.x1.tail                            0.585729
x2.x1.np                                  1.32
x2.x1.nn                                  1.32
x2.x1.ln                                  1.32
x2.x1.lp                                  1.32
x2.x1.lnb                          1.01797e-08
x2.x1.lpb                          1.01797e-08
x2.x1.na                               1.30748
doutb2                                0.673586
dout2                                 0.673586
x2.x1.nb                               1.30748
ean2#branch                         2.2046e-13
eap2#branch                         2.2157e-13
ean1#branch                         2.2157e-13
eap1#branch                         2.2046e-13
ean0#branch                        2.21036e-13
eap0#branch                        2.21036e-13
vclk#branch                        2.70227e-10
vd2#branch                                   0
vd1#branch                                   0
vd0#branch                                   0
vcm#branch                         1.32613e-12
vsup#branch                       -0.000218308

 Reference value :  0.00000e+00
 Reference value :  6.60000e-10
 Reference value :  1.18117e-09
 Reference value :  2.04824e-09
 Reference value :  2.94000e-09
 Reference value :  3.71412e-09
 Reference value :  4.50000e-09
No. of Data Rows : 1345
vsup_v              =  1.32000e+00
d0now               =  1.32000e+00
d1now               =  1.32000e+00
d2now               =  5.66553e-07
Reset re-loads circuit * comparator-transient-noise @ ss_-40c_1.32v -- generated by sim/harness, do not edit

Circuit: * comparator-transient-noise @ ss_-40c_1.32v -- generated by sim/harness, do not edit

Doing analysis at TEMP = -40.000000 and TNOM = 27.000000

Using SPARSE 1.3 as Direct Linear Solver

Initial Transient Solution
--------------------------

Node                                   Voltage
----                                   -------
vdd                                       1.32
cm                                         0.6
vd0                                          0
ap0                                        0.6
an0                                        0.6
ibn0                                  0.390914
x0.x1.tmid                         1.45879e-09
x0.x1.tail                            0.585725
clk                                          0
x0.x1.np                                  1.32
x0.x1.nn                                  1.32
x0.x1.ln                                  1.32
x0.x1.lp                                  1.32
x0.x1.lnb                          1.01797e-08
x0.x1.lpb                          1.01797e-08
x0.x1.na                               1.30748
doutb0                                0.673586
dout0                                 0.673586
x0.x1.nb                               1.30748
vd1                                      0.001
ap1                                     0.6005
an1                                     0.5995
ibn1                                  0.390914
x1.x1.tmid                          1.4588e-09
x1.x1.tail                            0.585729
x1.x1.np                                  1.32
x1.x1.nn                                  1.32
x1.x1.ln                                  1.32
x1.x1.lp                                  1.32
x1.x1.lnb                          1.01797e-08
x1.x1.lpb                          1.01797e-08
x1.x1.na                               1.30748
doutb1                                0.673586
dout1                                 0.673586
x1.x1.nb                               1.30748
vd2                                     -0.001
ap2                                     0.5995
an2                                     0.6005
ibn2                                  0.390914
x2.x1.tmid                          1.4588e-09
x2.x1.tail                            0.585729
x2.x1.np                                  1.32
x2.x1.nn                                  1.32
x2.x1.ln                                  1.32
x2.x1.lp                                  1.32
x2.x1.lnb                          1.01797e-08
x2.x1.lpb                          1.01797e-08
x2.x1.na                               1.30748
doutb2                                0.673586
dout2                                 0.673586
x2.x1.nb                               1.30748
ean2#branch                         2.2046e-13
eap2#branch                         2.2157e-13
ean1#branch                         2.2157e-13
eap1#branch                         2.2046e-13
ean0#branch                        2.21036e-13
eap0#branch                        2.21036e-13
vclk#branch                        2.70227e-10
vd2#branch                                   0
vd1#branch                                   0
vd0#branch                                   0
vcm#branch                         1.32613e-12
vsup#branch                       -0.000218308

 Reference value :  0.00000e+00
 Reference value :  6.54118e-10
 Reference value :  1.20826e-09
 Reference value :  2.08000e-09
 Reference value :  2.94118e-09
 Reference value :  3.71412e-09
 Reference value :  4.44824e-09
No. of Data Rows : 1345
vsup_v              =  1.32000e+00
d0now               =  -4.20595e-07
d1now               =  1.30021e-06
d2now               =  1.32000e+00
Reset re-loads circuit * comparator-transient-noise @ ss_-40c_1.32v -- generated by sim/harness, do not edit

Circuit: * comparator-transient-noise @ ss_-40c_1.32v -- generated by sim/harness, do not edit

Doing analysis at TEMP = -40.000000 and TNOM = 27.000000

Using SPARSE 1.3 as Direct Linear Solver

Initial Transient Solution
--------------------------

Node                                   Voltage
----                                   -------
vdd                                       1.32
cm                                         0.6
vd0                                          0
ap0                                        0.6
an0                                        0.6
ibn0                                  0.390914
x0.x1.tmid                         1.45879e-09
x0.x1.tail                            0.585725
clk                                          0
x0.x1.np                                  1.32
x0.x1.nn                                  1.32
x0.x1.ln                                  1.32
x0.x1.lp                                  1.32
x0.x1.lnb                          1.01797e-08
x0.x1.lpb                          1.01797e-08
x0.x1.na                               1.30748
doutb0                                0.673586
dout0                                 0.673586
x0.x1.nb                               1.30748
vd1                                      0.001
ap1                                     0.6005
an1                                     0.5995
ibn1                                  0.390914
x1.x1.tmid                          1.4588e-09
x1.x1.tail                            0.585729
x1.x1.np                                  1.32
x1.x1.nn                                  1.32
x1.x1.ln                                  1.32
x1.x1.lp                                  1.32
x1.x1.lnb                          1.01797e-08
x1.x1.lpb                          1.01797e-08
x1.x1.na                               1.30748
doutb1                                0.673586
dout1                                 0.673586
x1.x1.nb                               1.30748
vd2                                     -0.001
ap2                                     0.5995
an2                                     0.6005
ibn2                                  0.390914
x2.x1.tmid                          1.4588e-09
x2.x1.tail                            0.585729
x2.x1.np                                  1.32
x2.x1.nn                                  1.32
x2.x1.ln                                  1.32
x2.x1.lp                                  1.32
x2.x1.lnb                          1.01797e-08
x2.x1.lpb                          1.01797e-08
x2.x1.na                               1.30748
doutb2                                0.673586
dout2                                 0.673586
x2.x1.nb                               1.30748
ean2#branch                         2.2046e-13
eap2#branch                         2.2157e-13
ean1#branch                         2.2157e-13
eap1#branch                         2.2046e-13
ean0#branch                        2.21036e-13
eap0#branch                        2.21036e-13
vclk#branch                        2.70227e-10
vd2#branch                                   0
vd1#branch                                   0
vd0#branch                                   0
vcm#branch                         1.32613e-12
vsup#branch                       -0.000218308

 Reference value :  0.00000e+00
 Reference value :  6.61176e-10
 Reference value :  1.30353e-09
 Reference value :  2.12353e-09
 Reference value :  3.00824e-09
 Reference value :  3.78000e-09
 Reference value :  4.51412e-09
No. of Data Rows : 1345
vsup_v              =  1.32000e+00
d0now               =  1.31357e-06
d1now               =  1.32000e+00
d2now               =  -2.45180e-06
Reset re-loads circuit * comparator-transient-noise @ ss_-40c_1.32v -- generated by sim/harness, do not edit

Circuit: * comparator-transient-noise @ ss_-40c_1.32v -- generated by sim/harness, do not edit

Doing analysis at TEMP = -40.000000 and TNOM = 27.000000

Using SPARSE 1.3 as Direct Linear Solver

Initial Transient Solution
--------------------------

Node                                   Voltage
----                                   -------
vdd                                       1.32
cm                                         0.6
vd0                                          0
ap0                                        0.6
an0                                        0.6
ibn0                                  0.390914
x0.x1.tmid                         1.45879e-09
x0.x1.tail                            0.585725
clk                                          0
x0.x1.np                                  1.32
x0.x1.nn                                  1.32
x0.x1.ln                                  1.32
x0.x1.lp                                  1.32
x0.x1.lnb                          1.01797e-08
x0.x1.lpb                          1.01797e-08
x0.x1.na                               1.30748
doutb0                                0.673586
dout0                                 0.673586
x0.x1.nb                               1.30748
vd1                                      0.001
ap1                                     0.6005
an1                                     0.5995
ibn1                                  0.390914
x1.x1.tmid                          1.4588e-09
x1.x1.tail                            0.585729
x1.x1.np                                  1.32
x1.x1.nn                                  1.32
x1.x1.ln                                  1.32
x1.x1.lp                                  1.32
x1.x1.lnb                          1.01797e-08
x1.x1.lpb                          1.01797e-08
x1.x1.na                               1.30748
doutb1                                0.673586
dout1                                 0.673586
x1.x1.nb                               1.30748
vd2                                     -0.001
ap2                                     0.5995
an2                                     0.6005
ibn2                                  0.390914
x2.x1.tmid                          1.4588e-09
x2.x1.tail                            0.585729
x2.x1.np                                  1.32
x2.x1.nn                                  1.32
x2.x1.ln                                  1.32
x2.x1.lp                                  1.32
x2.x1.lnb                          1.01797e-08
x2.x1.lpb                          1.01797e-08
x2.x1.na                               1.30748
doutb2                                0.673586
dout2                                 0.673586
x2.x1.nb                               1.30748
ean2#branch                         2.2046e-13
eap2#branch                         2.2157e-13
ean1#branch                         2.2157e-13
eap1#branch                         2.2046e-13
ean0#branch                        2.21036e-13
eap0#branch                        2.21036e-13
vclk#branch                        2.70227e-10
vd2#branch                                   0
vd1#branch                                   0
vd0#branch                                   0
vcm#branch                         1.32613e-12
vsup#branch                       -0.000218308

 Reference value :  0.00000e+00
 Reference value :  6.80000e-10
 Reference value :  1.23411e-09
 Reference value :  2.05412e-09
 Reference value :  2.96353e-09
 Reference value :  3.74000e-09
 Reference value :  4.48353e-09
No. of Data Rows : 1345
vsup_v              =  1.32000e+00
d0now               =  1.32000e+00
d1now               =  1.32000e+00
d2now               =  1.32000e+00
Reset re-loads circuit * comparator-transient-noise @ ss_-40c_1.32v -- generated by sim/harness, do not edit

Circuit: * comparator-transient-noise @ ss_-40c_1.32v -- generated by sim/harness, do not edit

Doing analysis at TEMP = -40.000000 and TNOM = 27.000000

Using SPARSE 1.3 as Direct Linear Solver

Initial Transient Solution
--------------------------

Node                                   Voltage
----                                   -------
vdd                                       1.32
cm                                         0.6
vd0                                          0
ap0                                        0.6
an0                                        0.6
ibn0                                  0.390914
x0.x1.tmid                         1.45879e-09
x0.x1.tail                            0.585725
clk                                          0
x0.x1.np                                  1.32
x0.x1.nn                                  1.32
x0.x1.ln                                  1.32
x0.x1.lp                                  1.32
x0.x1.lnb                          1.01797e-08
x0.x1.lpb                          1.01797e-08
x0.x1.na                               1.30748
doutb0                                0.673586
dout0                                 0.673586
x0.x1.nb                               1.30748
vd1                                      0.001
ap1                                     0.6005
an1                                     0.5995
ibn1                                  0.390914
x1.x1.tmid                          1.4588e-09
x1.x1.tail                            0.585729
x1.x1.np                                  1.32
x1.x1.nn                                  1.32
x1.x1.ln                                  1.32
x1.x1.lp                                  1.32
x1.x1.lnb                          1.01797e-08
x1.x1.lpb                          1.01797e-08
x1.x1.na                               1.30748
doutb1                                0.673586
dout1                                 0.673586
x1.x1.nb                               1.30748
vd2                                     -0.001
ap2                                     0.5995
an2                                     0.6005
ibn2                                  0.390914
x2.x1.tmid                          1.4588e-09
x2.x1.tail                            0.585729
x2.x1.np                                  1.32
x2.x1.nn                                  1.32
x2.x1.ln                                  1.32
x2.x1.lp                                  1.32
x2.x1.lnb                          1.01797e-08
x2.x1.lpb                          1.01797e-08
x2.x1.na                               1.30748
doutb2                                0.673586
dout2                                 0.673586
x2.x1.nb                               1.30748
ean2#branch                         2.2046e-13
eap2#branch                         2.2157e-13
ean1#branch                         2.2157e-13
eap1#branch                         2.2046e-13
ean0#branch                        2.21036e-13
eap0#branch                        2.21036e-13
vclk#branch                        2.70227e-10
vd2#branch                                   0
vd1#branch                                   0
vd0#branch                                   0
vcm#branch                         1.32613e-12
vsup#branch                       -0.000218308

 Reference value :  0.00000e+00
 Reference value :  6.61176e-10
 Reference value :  1.20000e-09
 Reference value :  2.03412e-09
 Reference value :  2.90353e-09
 Reference value :  3.68353e-09
 Reference value :  4.43412e-09
No. of Data Rows : 1345
vsup_v              =  1.32000e+00
d0now               =  1.32000e+00
d1now               =  1.32000e+00
d2now               =  3.33000e-07
Reset re-loads circuit * comparator-transient-noise @ ss_-40c_1.32v -- generated by sim/harness, do not edit

Circuit: * comparator-transient-noise @ ss_-40c_1.32v -- generated by sim/harness, do not edit

Doing analysis at TEMP = -40.000000 and TNOM = 27.000000

Using SPARSE 1.3 as Direct Linear Solver

Initial Transient Solution
--------------------------

Node                                   Voltage
----                                   -------
vdd                                       1.32
cm                                         0.6
vd0                                          0
ap0                                        0.6
an0                                        0.6
ibn0                                  0.390914
x0.x1.tmid                         1.45879e-09
x0.x1.tail                            0.585725
clk                                          0
x0.x1.np                                  1.32
x0.x1.nn                                  1.32
x0.x1.ln                                  1.32
x0.x1.lp                                  1.32
x0.x1.lnb                          1.01797e-08
x0.x1.lpb                          1.01797e-08
x0.x1.na                               1.30748
doutb0                                0.673586
dout0                                 0.673586
x0.x1.nb                               1.30748
vd1                                      0.001
ap1                                     0.6005
an1                                     0.5995
ibn1                                  0.390914
x1.x1.tmid                          1.4588e-09
x1.x1.tail                            0.585729
x1.x1.np                                  1.32
x1.x1.nn                                  1.32
x1.x1.ln                                  1.32
x1.x1.lp                                  1.32
x1.x1.lnb                          1.01797e-08
x1.x1.lpb                          1.01797e-08
x1.x1.na                               1.30748
doutb1                                0.673586
dout1                                 0.673586
x1.x1.nb                               1.30748
vd2                                     -0.001
ap2                                     0.5995
an2                                     0.6005
ibn2                                  0.390914
x2.x1.tmid                          1.4588e-09
x2.x1.tail                            0.585729
x2.x1.np                                  1.32
x2.x1.nn                                  1.32
x2.x1.ln                                  1.32
x2.x1.lp                                  1.32
x2.x1.lnb                          1.01797e-08
x2.x1.lpb                          1.01797e-08
x2.x1.na                               1.30748
doutb2                                0.673586
dout2                                 0.673586
x2.x1.nb                               1.30748
ean2#branch                         2.2046e-13
eap2#branch                         2.2157e-13
ean1#branch                         2.2157e-13
eap1#branch                         2.2046e-13
ean0#branch                        2.21036e-13
eap0#branch                        2.21036e-13
vclk#branch                        2.70227e-10
vd2#branch                                   0
vd1#branch                                   0
vd0#branch                                   0
vcm#branch                         1.32613e-12
vsup#branch                       -0.000218308

 Reference value :  0.00000e+00
 Reference value :  6.34118e-10
 Reference value :  1.16355e-09
 Reference value :  2.01412e-09
 Reference value :  2.84118e-09
 Reference value :  3.62824e-09
 Reference value :  4.35412e-09
 Reference value :  5.02824e-09
No. of Data Rows : 1345
vsup_v              =  1.32000e+00
d0now               =  1.32000e+00
d1now               =  1.32000e+00
d2now               =  1.44890e-06
Reset re-loads circuit * comparator-transient-noise @ ss_-40c_1.32v -- generated by sim/harness, do not edit

Circuit: * comparator-transient-noise @ ss_-40c_1.32v -- generated by sim/harness, do not edit

Doing analysis at TEMP = -40.000000 and TNOM = 27.000000

Using SPARSE 1.3 as Direct Linear Solver

Initial Transient Solution
--------------------------

Node                                   Voltage
----                                   -------
vdd                                       1.32
cm                                         0.6
vd0                                          0
ap0                                        0.6
an0                                        0.6
ibn0                                  0.390914
x0.x1.tmid                         1.45879e-09
x0.x1.tail                            0.585725
clk                                          0
x0.x1.np                                  1.32
x0.x1.nn                                  1.32
x0.x1.ln                                  1.32
x0.x1.lp                                  1.32
x0.x1.lnb                          1.01797e-08
x0.x1.lpb                          1.01797e-08
x0.x1.na                               1.30748
doutb0                                0.673586
dout0                                 0.673586
x0.x1.nb                               1.30748
vd1                                      0.001
ap1                                     0.6005
an1                                     0.5995
ibn1                                  0.390914
x1.x1.tmid                          1.4588e-09
x1.x1.tail                            0.585729
x1.x1.np                                  1.32
x1.x1.nn                                  1.32
x1.x1.ln                                  1.32
x1.x1.lp                                  1.32
x1.x1.lnb                          1.01797e-08
x1.x1.lpb                          1.01797e-08
x1.x1.na                               1.30748
doutb1                                0.673586
dout1                                 0.673586
x1.x1.nb                               1.30748
vd2                                     -0.001
ap2                                     0.5995
an2                                     0.6005
ibn2                                  0.390914
x2.x1.tmid                          1.4588e-09
x2.x1.tail                            0.585729
x2.x1.np                                  1.32
x2.x1.nn                                  1.32
x2.x1.ln                                  1.32
x2.x1.lp                                  1.32
x2.x1.lnb                          1.01797e-08
x2.x1.lpb                          1.01797e-08
x2.x1.na                               1.30748
doutb2                                0.673586
dout2                                 0.673586
x2.x1.nb                               1.30748
ean2#branch                         2.2046e-13
eap2#branch                         2.2157e-13
ean1#branch                         2.2157e-13
eap1#branch                         2.2046e-13
ean0#branch                        2.21036e-13
eap0#branch                        2.21036e-13
vclk#branch                        2.70227e-10
vd2#branch                                   0
vd1#branch                                   0
vd0#branch                                   0
vcm#branch                         1.32613e-12
vsup#branch                       -0.000218308

 Reference value :  0.00000e+00
 Reference value :  6.20000e-10
 Reference value :  1.10025e-09
 Reference value :  1.93412e-09
 Reference value :  2.74353e-09
 Reference value :  3.56353e-09
 Reference value :  4.30000e-09
 Reference value :  5.03412e-09
No. of Data Rows : 1345
vsup_v              =  1.32000e+00
d0now               =  1.92467e-06
d1now               =  1.32000e+00
d2now               =  9.52740e-07
Reset re-loads circuit * comparator-transient-noise @ ss_-40c_1.32v -- generated by sim/harness, do not edit

Circuit: * comparator-transient-noise @ ss_-40c_1.32v -- generated by sim/harness, do not edit

Doing analysis at TEMP = -40.000000 and TNOM = 27.000000

Using SPARSE 1.3 as Direct Linear Solver

Initial Transient Solution
--------------------------

Node                                   Voltage
----                                   -------
vdd                                       1.32
cm                                         0.6
vd0                                          0
ap0                                        0.6
an0                                        0.6
ibn0                                  0.390914
x0.x1.tmid                         1.45879e-09
x0.x1.tail                            0.585725
clk                                          0
x0.x1.np                                  1.32
x0.x1.nn                                  1.32
x0.x1.ln                                  1.32
x0.x1.lp                                  1.32
x0.x1.lnb                          1.01797e-08
x0.x1.lpb                          1.01797e-08
x0.x1.na                               1.30748
doutb0                                0.673586
dout0                                 0.673586
x0.x1.nb                               1.30748
vd1                                      0.001
ap1                                     0.6005
an1                                     0.5995
ibn1                                  0.390914
x1.x1.tmid                          1.4588e-09
x1.x1.tail                            0.585729
x1.x1.np                                  1.32
x1.x1.nn                                  1.32
x1.x1.ln                                  1.32
x1.x1.lp                                  1.32
x1.x1.lnb                          1.01797e-08
x1.x1.lpb                          1.01797e-08
x1.x1.na                               1.30748
doutb1                                0.673586
dout1                                 0.673586
x1.x1.nb                               1.30748
vd2                                     -0.001
ap2                                     0.5995
an2                                     0.6005
ibn2                                  0.390914
x2.x1.tmid                          1.4588e-09
x2.x1.tail                            0.585729
x2.x1.np                                  1.32
x2.x1.nn                                  1.32
x2.x1.ln                                  1.32
x2.x1.lp                                  1.32
x2.x1.lnb                          1.01797e-08
x2.x1.lpb                          1.01797e-08
x2.x1.na                               1.30748
doutb2                                0.673586
dout2                                 0.673586
x2.x1.nb                               1.30748
ean2#branch                         2.2046e-13
eap2#branch                         2.2157e-13
ean1#branch                         2.2157e-13
eap1#branch                         2.2046e-13
ean0#branch                        2.21036e-13
eap0#branch                        2.21036e-13
vclk#branch                        2.70227e-10
vd2#branch                                   0
vd1#branch                                   0
vd0#branch                                   0
vcm#branch                         1.32613e-12
vsup#branch                       -0.000218308

 Reference value :  0.00000e+00
 Reference value :  6.80000e-10
 Reference value :  1.20826e-09
 Reference value :  2.02000e-09
 Reference value :  2.84353e-09
 Reference value :  3.62000e-09
 Reference value :  4.35412e-09
 Reference value :  5.05412e-09
No. of Data Rows : 1345
vsup_v              =  1.32000e+00
d0now               =  1.32000e+00
d1now               =  1.32000e+00
d2now               =  1.32000e+00
Reset re-loads circuit * comparator-transient-noise @ ss_-40c_1.32v -- generated by sim/harness, do not edit

Circuit: * comparator-transient-noise @ ss_-40c_1.32v -- generated by sim/harness, do not edit

Doing analysis at TEMP = -40.000000 and TNOM = 27.000000

Using SPARSE 1.3 as Direct Linear Solver

Initial Transient Solution
--------------------------

Node                                   Voltage
----                                   -------
vdd                                       1.32
cm                                         0.6
vd0                                          0
ap0                                        0.6
an0                                        0.6
ibn0                                  0.390914
x0.x1.tmid                         1.45879e-09
x0.x1.tail                            0.585725
clk                                          0
x0.x1.np                                  1.32
x0.x1.nn                                  1.32
x0.x1.ln                                  1.32
x0.x1.lp                                  1.32
x0.x1.lnb                          1.01797e-08
x0.x1.lpb                          1.01797e-08
x0.x1.na                               1.30748
doutb0                                0.673586
dout0                                 0.673586
x0.x1.nb                               1.30748
vd1                                      0.001
ap1                                     0.6005
an1                                     0.5995
ibn1                                  0.390914
x1.x1.tmid                          1.4588e-09
x1.x1.tail                            0.585729
x1.x1.np                                  1.32
x1.x1.nn                                  1.32
x1.x1.ln                                  1.32
x1.x1.lp                                  1.32
x1.x1.lnb                          1.01797e-08
x1.x1.lpb                          1.01797e-08
x1.x1.na                               1.30748
doutb1                                0.673586
dout1                                 0.673586
x1.x1.nb                               1.30748
vd2                                     -0.001
ap2                                     0.5995
an2                                     0.6005
ibn2                                  0.390914
x2.x1.tmid                          1.4588e-09
x2.x1.tail                            0.585729
x2.x1.np                                  1.32
x2.x1.nn                                  1.32
x2.x1.ln                                  1.32
x2.x1.lp                                  1.32
x2.x1.lnb                          1.01797e-08
x2.x1.lpb                          1.01797e-08
x2.x1.na                               1.30748
doutb2                                0.673586
dout2                                 0.673586
x2.x1.nb                               1.30748
ean2#branch                         2.2046e-13
eap2#branch                         2.2157e-13
ean1#branch                         2.2157e-13
eap1#branch                         2.2046e-13
ean0#branch                        2.21036e-13
eap0#branch                        2.21036e-13
vclk#branch                        2.70227e-10
vd2#branch                                   0
vd1#branch                                   0
vd0#branch                                   0
vcm#branch                         1.32613e-12
vsup#branch                       -0.000218308

 Reference value :  0.00000e+00
 Reference value :  6.61176e-10
 Reference value :  1.20354e-09
 Reference value :  2.06824e-09
 Reference value :  2.97412e-09
 Reference value :  3.74118e-09
 Reference value :  4.46000e-09
No. of Data Rows : 1345
vsup_v              =  1.32000e+00
d0now               =  3.20913e-08
d1now               =  1.32000e+00
d2now               =  -7.63620e-07
Reset re-loads circuit * comparator-transient-noise @ ss_-40c_1.32v -- generated by sim/harness, do not edit

Circuit: * comparator-transient-noise @ ss_-40c_1.32v -- generated by sim/harness, do not edit

Doing analysis at TEMP = -40.000000 and TNOM = 27.000000

Using SPARSE 1.3 as Direct Linear Solver

Initial Transient Solution
--------------------------

Node                                   Voltage
----                                   -------
vdd                                       1.32
cm                                         0.6
vd0                                          0
ap0                                        0.6
an0                                        0.6
ibn0                                  0.390914
x0.x1.tmid                         1.45879e-09
x0.x1.tail                            0.585725
clk                                          0
x0.x1.np                                  1.32
x0.x1.nn                                  1.32
x0.x1.ln                                  1.32
x0.x1.lp                                  1.32
x0.x1.lnb                          1.01797e-08
x0.x1.lpb                          1.01797e-08
x0.x1.na                               1.30748
doutb0                                0.673586
dout0                                 0.673586
x0.x1.nb                               1.30748
vd1                                      0.001
ap1                                     0.6005
an1                                     0.5995
ibn1                                  0.390914
x1.x1.tmid                          1.4588e-09
x1.x1.tail                            0.585729
x1.x1.np                                  1.32
x1.x1.nn                                  1.32
x1.x1.ln                                  1.32
x1.x1.lp                                  1.32
x1.x1.lnb                          1.01797e-08
x1.x1.lpb                          1.01797e-08
x1.x1.na                               1.30748
doutb1                                0.673586
dout1                                 0.673586
x1.x1.nb                               1.30748
vd2                                     -0.001
ap2                                     0.5995
an2                                     0.6005
ibn2                                  0.390914
x2.x1.tmid                          1.4588e-09
x2.x1.tail                            0.585729
x2.x1.np                                  1.32
x2.x1.nn                                  1.32
x2.x1.ln                                  1.32
x2.x1.lp                                  1.32
x2.x1.lnb                          1.01797e-08
x2.x1.lpb                          1.01797e-08
x2.x1.na                               1.30748
doutb2                                0.673586
dout2                                 0.673586
x2.x1.nb                               1.30748
ean2#branch                         2.2046e-13
eap2#branch                         2.2157e-13
ean1#branch                         2.2157e-13
eap1#branch                         2.2046e-13
ean0#branch                        2.21036e-13
eap0#branch                        2.21036e-13
vclk#branch                        2.70227e-10
vd2#branch                                   0
vd1#branch                                   0
vd0#branch                                   0
vcm#branch                         1.32613e-12
vsup#branch                       -0.000218308

 Reference value :  0.00000e+00
 Reference value :  6.60000e-10
 Reference value :  1.20826e-09
 Reference value :  2.04000e-09
 Reference value :  2.78824e-09
 Reference value :  3.62824e-09
 Reference value :  4.38824e-09
No. of Data Rows : 1345
vsup_v              =  1.32000e+00
d0now               =  3.53384e-07
d1now               =  1.32000e+00
d2now               =  1.85345e-06
Reset re-loads circuit * comparator-transient-noise @ ss_-40c_1.32v -- generated by sim/harness, do not edit

Circuit: * comparator-transient-noise @ ss_-40c_1.32v -- generated by sim/harness, do not edit

Doing analysis at TEMP = -40.000000 and TNOM = 27.000000

Using SPARSE 1.3 as Direct Linear Solver

Initial Transient Solution
--------------------------

Node                                   Voltage
----                                   -------
vdd                                       1.32
cm                                         0.6
vd0                                          0
ap0                                        0.6
an0                                        0.6
ibn0                                  0.390914
x0.x1.tmid                         1.45879e-09
x0.x1.tail                            0.585725
clk                                          0
x0.x1.np                                  1.32
x0.x1.nn                                  1.32
x0.x1.ln                                  1.32
x0.x1.lp                                  1.32
x0.x1.lnb                          1.01797e-08
x0.x1.lpb                          1.01797e-08
x0.x1.na                               1.30748
doutb0                                0.673586
dout0                                 0.673586
x0.x1.nb                               1.30748
vd1                                      0.001
ap1                                     0.6005
an1                                     0.5995
ibn1                                  0.390914
x1.x1.tmid                          1.4588e-09
x1.x1.tail                            0.585729
x1.x1.np                                  1.32
x1.x1.nn                                  1.32
x1.x1.ln                                  1.32
x1.x1.lp                                  1.32
x1.x1.lnb                          1.01797e-08
x1.x1.lpb                          1.01797e-08
x1.x1.na                               1.30748
doutb1                                0.673586
dout1                                 0.673586
x1.x1.nb                               1.30748
vd2                                     -0.001
ap2                                     0.5995
an2                                     0.6005
ibn2                                  0.390914
x2.x1.tmid                          1.4588e-09
x2.x1.tail                            0.585729
x2.x1.np                                  1.32
x2.x1.nn                                  1.32
x2.x1.ln                                  1.32
x2.x1.lp                                  1.32
x2.x1.lnb                          1.01797e-08
x2.x1.lpb                          1.01797e-08
x2.x1.na                               1.30748
doutb2                                0.673586
dout2                                 0.673586
x2.x1.nb                               1.30748
ean2#branch                         2.2046e-13
eap2#branch                         2.2157e-13
ean1#branch                         2.2157e-13
eap1#branch                         2.2046e-13
ean0#branch                        2.21036e-13
eap0#branch                        2.21036e-13
vclk#branch                        2.70227e-10
vd2#branch                                   0
vd1#branch                                   0
vd0#branch                                   0
vcm#branch                         1.32613e-12
vsup#branch                       -0.000218308

 Reference value :  0.00000e+00
 Reference value :  6.68235e-10
 Reference value :  1.22352e-09
 Reference value :  2.08000e-09
 Reference value :  2.94118e-09
 Reference value :  3.73412e-09
 Reference value :  4.50824e-09
No. of Data Rows : 1345
vsup_v              =  1.32000e+00
d0now               =  1.32000e+00
d1now               =  1.32000e+00
d2now               =  1.32000e+00
Reset re-loads circuit * comparator-transient-noise @ ss_-40c_1.32v -- generated by sim/harness, do not edit

Circuit: * comparator-transient-noise @ ss_-40c_1.32v -- generated by sim/harness, do not edit

Doing analysis at TEMP = -40.000000 and TNOM = 27.000000

Using SPARSE 1.3 as Direct Linear Solver

Initial Transient Solution
--------------------------

Node                                   Voltage
----                                   -------
vdd                                       1.32
cm                                         0.6
vd0                                          0
ap0                                        0.6
an0                                        0.6
ibn0                                  0.390914
x0.x1.tmid                         1.45879e-09
x0.x1.tail                            0.585725
clk                                          0
x0.x1.np                                  1.32
x0.x1.nn                                  1.32
x0.x1.ln                                  1.32
x0.x1.lp                                  1.32
x0.x1.lnb                          1.01797e-08
x0.x1.lpb                          1.01797e-08
x0.x1.na                               1.30748
doutb0                                0.673586
dout0                                 0.673586
x0.x1.nb                               1.30748
vd1                                      0.001
ap1                                     0.6005
an1                                     0.5995
ibn1                                  0.390914
x1.x1.tmid                          1.4588e-09
x1.x1.tail                            0.585729
x1.x1.np                                  1.32
x1.x1.nn                                  1.32
x1.x1.ln                                  1.32
x1.x1.lp                                  1.32
x1.x1.lnb                          1.01797e-08
x1.x1.lpb                          1.01797e-08
x1.x1.na                               1.30748
doutb1                                0.673586
dout1                                 0.673586
x1.x1.nb                               1.30748
vd2                                     -0.001
ap2                                     0.5995
an2                                     0.6005
ibn2                                  0.390914
x2.x1.tmid                          1.4588e-09
x2.x1.tail                            0.585729
x2.x1.np                                  1.32
x2.x1.nn                                  1.32
x2.x1.ln                                  1.32
x2.x1.lp                                  1.32
x2.x1.lnb                          1.01797e-08
x2.x1.lpb                          1.01797e-08
x2.x1.na                               1.30748
doutb2                                0.673586
dout2                                 0.673586
x2.x1.nb                               1.30748
ean2#branch                         2.2046e-13
eap2#branch                         2.2157e-13
ean1#branch                         2.2157e-13
eap1#branch                         2.2046e-13
ean0#branch                        2.21036e-13
eap0#branch                        2.21036e-13
vclk#branch                        2.70227e-10
vd2#branch                                   0
vd1#branch                                   0
vd0#branch                                   0
vcm#branch                         1.32613e-12
vsup#branch                       -0.000218308

 Reference value :  0.00000e+00
 Reference value :  6.68235e-10
 Reference value :  1.24000e-09
 Reference value :  2.10118e-09
 Reference value :  2.98000e-09
 Reference value :  3.72824e-09
 Reference value :  4.40000e-09
No. of Data Rows : 1345
vsup_v              =  1.32000e+00
d0now               =  1.32000e+00
d1now               =  1.32000e+00
d2now               =  2.77428e-06
Reset re-loads circuit * comparator-transient-noise @ ss_-40c_1.32v -- generated by sim/harness, do not edit

Circuit: * comparator-transient-noise @ ss_-40c_1.32v -- generated by sim/harness, do not edit

Doing analysis at TEMP = -40.000000 and TNOM = 27.000000

Using SPARSE 1.3 as Direct Linear Solver

Initial Transient Solution
--------------------------

Node                                   Voltage
----                                   -------
vdd                                       1.32
cm                                         0.6
vd0                                          0
ap0                                        0.6
an0                                        0.6
ibn0                                  0.390914
x0.x1.tmid                         1.45879e-09
x0.x1.tail                            0.585725
clk                                          0
x0.x1.np                                  1.32
x0.x1.nn                                  1.32
x0.x1.ln                                  1.32
x0.x1.lp                                  1.32
x0.x1.lnb                          1.01797e-08
x0.x1.lpb                          1.01797e-08
x0.x1.na                               1.30748
doutb0                                0.673586
dout0                                 0.673586
x0.x1.nb                               1.30748
vd1                                      0.001
ap1                                     0.6005
an1                                     0.5995
ibn1                                  0.390914
x1.x1.tmid                          1.4588e-09
x1.x1.tail                            0.585729
x1.x1.np                                  1.32
x1.x1.nn                                  1.32
x1.x1.ln                                  1.32
x1.x1.lp                                  1.32
x1.x1.lnb                          1.01797e-08
x1.x1.lpb                          1.01797e-08
x1.x1.na                               1.30748
doutb1                                0.673586
dout1                                 0.673586
x1.x1.nb                               1.30748
vd2                                     -0.001
ap2                                     0.5995
an2                                     0.6005
ibn2                                  0.390914
x2.x1.tmid                          1.4588e-09
x2.x1.tail                            0.585729
x2.x1.np                                  1.32
x2.x1.nn                                  1.32
x2.x1.ln                                  1.32
x2.x1.lp                                  1.32
x2.x1.lnb                          1.01797e-08
x2.x1.lpb                          1.01797e-08
x2.x1.na                               1.30748
doutb2                                0.673586
dout2                                 0.673586
x2.x1.nb                               1.30748
ean2#branch                         2.2046e-13
eap2#branch                         2.2157e-13
ean1#branch                         2.2157e-13
eap1#branch                         2.2046e-13
ean0#branch                        2.21036e-13
eap0#branch                        2.21036e-13
vclk#branch                        2.70227e-10
vd2#branch                                   0
vd1#branch                                   0
vd0#branch                                   0
vcm#branch                         1.32613e-12
vsup#branch                       -0.000218308

 Reference value :  0.00000e+00
 Reference value :  6.68235e-10
 Reference value :  1.20000e-09
 Reference value :  2.08824e-09
 Reference value :  2.94824e-09
 Reference value :  3.72824e-09
 Reference value :  4.44824e-09
No. of Data Rows : 1345
vsup_v              =  1.32000e+00
d0now               =  1.32000e+00
d1now               =  1.15112e-06
d2now               =  1.32000e+00
Reset re-loads circuit * comparator-transient-noise @ ss_-40c_1.32v -- generated by sim/harness, do not edit

Circuit: * comparator-transient-noise @ ss_-40c_1.32v -- generated by sim/harness, do not edit

Doing analysis at TEMP = -40.000000 and TNOM = 27.000000

Using SPARSE 1.3 as Direct Linear Solver

Initial Transient Solution
--------------------------

Node                                   Voltage
----                                   -------
vdd                                       1.32
cm                                         0.6
vd0                                          0
ap0                                        0.6
an0                                        0.6
ibn0                                  0.390914
x0.x1.tmid                         1.45879e-09
x0.x1.tail                            0.585725
clk                                          0
x0.x1.np                                  1.32
x0.x1.nn                                  1.32
x0.x1.ln                                  1.32
x0.x1.lp                                  1.32
x0.x1.lnb                          1.01797e-08
x0.x1.lpb                          1.01797e-08
x0.x1.na                               1.30748
doutb0                                0.673586
dout0                                 0.673586
x0.x1.nb                               1.30748
vd1                                      0.001
ap1                                     0.6005
an1                                     0.5995
ibn1                                  0.390914
x1.x1.tmid                          1.4588e-09
x1.x1.tail                            0.585729
x1.x1.np                                  1.32
x1.x1.nn                                  1.32
x1.x1.ln                                  1.32
x1.x1.lp                                  1.32
x1.x1.lnb                          1.01797e-08
x1.x1.lpb                          1.01797e-08
x1.x1.na                               1.30748
doutb1                                0.673586
dout1                                 0.673586
x1.x1.nb                               1.30748
vd2                                     -0.001
ap2                                     0.5995
an2                                     0.6005
ibn2                                  0.390914
x2.x1.tmid                          1.4588e-09
x2.x1.tail                            0.585729
x2.x1.np                                  1.32
x2.x1.nn                                  1.32
x2.x1.ln                                  1.32
x2.x1.lp                                  1.32
x2.x1.lnb                          1.01797e-08
x2.x1.lpb                          1.01797e-08
x2.x1.na                               1.30748
doutb2                                0.673586
dout2                                 0.673586
x2.x1.nb                               1.30748
ean2#branch                         2.2046e-13
eap2#branch                         2.2157e-13
ean1#branch                         2.2157e-13
eap1#branch                         2.2046e-13
ean0#branch                        2.21036e-13
eap0#branch                        2.21036e-13
vclk#branch                        2.70227e-10
vd2#branch                                   0
vd1#branch                                   0
vd0#branch                                   0
vcm#branch                         1.32613e-12
vsup#branch                       -0.000218308

 Reference value :  0.00000e+00
 Reference value :  6.43529e-10
 Reference value :  1.20000e-09
 Reference value :  2.08000e-09
 Reference value :  2.88118e-09
 Reference value :  3.70118e-09
 Reference value :  4.42000e-09
No. of Data Rows : 1345
vsup_v              =  1.32000e+00
d0now               =  1.32000e+00
d1now               =  1.32000e+00
d2now               =  9.96509e-07
Reset re-loads circuit * comparator-transient-noise @ ss_-40c_1.32v -- generated by sim/harness, do not edit

Circuit: * comparator-transient-noise @ ss_-40c_1.32v -- generated by sim/harness, do not edit

Doing analysis at TEMP = -40.000000 and TNOM = 27.000000

Using SPARSE 1.3 as Direct Linear Solver

Initial Transient Solution
--------------------------

Node                                   Voltage
----                                   -------
vdd                                       1.32
cm                                         0.6
vd0                                          0
ap0                                        0.6
an0                                        0.6
ibn0                                  0.390914
x0.x1.tmid                         1.45879e-09
x0.x1.tail                            0.585725
clk                                          0
x0.x1.np                                  1.32
x0.x1.nn                                  1.32
x0.x1.ln                                  1.32
x0.x1.lp                                  1.32
x0.x1.lnb                          1.01797e-08
x0.x1.lpb                          1.01797e-08
x0.x1.na                               1.30748
doutb0                                0.673586
dout0                                 0.673586
x0.x1.nb                               1.30748
vd1                                      0.001
ap1                                     0.6005
an1                                     0.5995
ibn1                                  0.390914
x1.x1.tmid                          1.4588e-09
x1.x1.tail                            0.585729
x1.x1.np                                  1.32
x1.x1.nn                                  1.32
x1.x1.ln                                  1.32
x1.x1.lp                                  1.32
x1.x1.lnb                          1.01797e-08
x1.x1.lpb                          1.01797e-08
x1.x1.na                               1.30748
doutb1                                0.673586
dout1                                 0.673586
x1.x1.nb                               1.30748
vd2                                     -0.001
ap2                                     0.5995
an2                                     0.6005
ibn2                                  0.390914
x2.x1.tmid                          1.4588e-09
x2.x1.tail                            0.585729
x2.x1.np                                  1.32
x2.x1.nn                                  1.32
x2.x1.ln                                  1.32
x2.x1.lp                                  1.32
x2.x1.lnb                          1.01797e-08
x2.x1.lpb                          1.01797e-08
x2.x1.na                               1.30748
doutb2                                0.673586
dout2                                 0.673586
x2.x1.nb                               1.30748
ean2#branch                         2.2046e-13
eap2#branch                         2.2157e-13
ean1#branch                         2.2157e-13
eap1#branch                         2.2046e-13
ean0#branch                        2.21036e-13
eap0#branch                        2.21036e-13
vclk#branch                        2.70227e-10
vd2#branch                                   0
vd1#branch                                   0
vd0#branch                                   0
vcm#branch                         1.32613e-12
vsup#branch                       -0.000218308

 Reference value :  0.00000e+00
 Reference value :  6.60000e-10
 Reference value :  1.23411e-09
 Reference value :  2.08000e-09
 Reference value :  2.97412e-09
 Reference value :  3.74000e-09
 Reference value :  4.47412e-09
No. of Data Rows : 1345
vsup_v              =  1.32000e+00
d0now               =  1.32000e+00
d1now               =  1.32000e+00
d2now               =  -1.37289e-06
Reset re-loads circuit * comparator-transient-noise @ ss_-40c_1.32v -- generated by sim/harness, do not edit

Circuit: * comparator-transient-noise @ ss_-40c_1.32v -- generated by sim/harness, do not edit

Doing analysis at TEMP = -40.000000 and TNOM = 27.000000

Using SPARSE 1.3 as Direct Linear Solver

Initial Transient Solution
--------------------------

Node                                   Voltage
----                                   -------
vdd                                       1.32
cm                                         0.6
vd0                                          0
ap0                                        0.6
an0                                        0.6
ibn0                                  0.390914
x0.x1.tmid                         1.45879e-09
x0.x1.tail                            0.585725
clk                                          0
x0.x1.np                                  1.32
x0.x1.nn                                  1.32
x0.x1.ln                                  1.32
x0.x1.lp                                  1.32
x0.x1.lnb                          1.01797e-08
x0.x1.lpb                          1.01797e-08
x0.x1.na                               1.30748
doutb0                                0.673586
dout0                                 0.673586
x0.x1.nb                               1.30748
vd1                                      0.001
ap1                                     0.6005
an1                                     0.5995
ibn1                                  0.390914
x1.x1.tmid                          1.4588e-09
x1.x1.tail                            0.585729
x1.x1.np                                  1.32
x1.x1.nn                                  1.32
x1.x1.ln                                  1.32
x1.x1.lp                                  1.32
x1.x1.lnb                          1.01797e-08
x1.x1.lpb                          1.01797e-08
x1.x1.na                               1.30748
doutb1                                0.673586
dout1                                 0.673586
x1.x1.nb                               1.30748
vd2                                     -0.001
ap2                                     0.5995
an2                                     0.6005
ibn2                                  0.390914
x2.x1.tmid                          1.4588e-09
x2.x1.tail                            0.585729
x2.x1.np                                  1.32
x2.x1.nn                                  1.32
x2.x1.ln                                  1.32
x2.x1.lp                                  1.32
x2.x1.lnb                          1.01797e-08
x2.x1.lpb                          1.01797e-08
x2.x1.na                               1.30748
doutb2                                0.673586
dout2                                 0.673586
x2.x1.nb                               1.30748
ean2#branch                         2.2046e-13
eap2#branch                         2.2157e-13
ean1#branch                         2.2157e-13
eap1#branch                         2.2046e-13
ean0#branch                        2.21036e-13
eap0#branch                        2.21036e-13
vclk#branch                        2.70227e-10
vd2#branch                                   0
vd1#branch                                   0
vd0#branch                                   0
vcm#branch                         1.32613e-12
vsup#branch                       -0.000218308

 Reference value :  0.00000e+00
 Reference value :  6.43529e-10
 Reference value :  1.16828e-09
 Reference value :  2.03412e-09
 Reference value :  2.90353e-09
 Reference value :  3.68824e-09
 Reference value :  4.45412e-09
No. of Data Rows : 1345
vsup_v              =  1.32000e+00
d0now               =  2.01423e-06
d1now               =  1.91745e-06
d2now               =  1.44750e-06
Reset re-loads circuit * comparator-transient-noise @ ss_-40c_1.32v -- generated by sim/harness, do not edit

Circuit: * comparator-transient-noise @ ss_-40c_1.32v -- generated by sim/harness, do not edit

Doing analysis at TEMP = -40.000000 and TNOM = 27.000000

Using SPARSE 1.3 as Direct Linear Solver

Initial Transient Solution
--------------------------

Node                                   Voltage
----                                   -------
vdd                                       1.32
cm                                         0.6
vd0                                          0
ap0                                        0.6
an0                                        0.6
ibn0                                  0.390914
x0.x1.tmid                         1.45879e-09
x0.x1.tail                            0.585725
clk                                          0
x0.x1.np                                  1.32
x0.x1.nn                                  1.32
x0.x1.ln                                  1.32
x0.x1.lp                                  1.32
x0.x1.lnb                          1.01797e-08
x0.x1.lpb                          1.01797e-08
x0.x1.na                               1.30748
doutb0                                0.673586
dout0                                 0.673586
x0.x1.nb                               1.30748
vd1                                      0.001
ap1                                     0.6005
an1                                     0.5995
ibn1                                  0.390914
x1.x1.tmid                          1.4588e-09
x1.x1.tail                            0.585729
x1.x1.np                                  1.32
x1.x1.nn                                  1.32
x1.x1.ln                                  1.32
x1.x1.lp                                  1.32
x1.x1.lnb                          1.01797e-08
x1.x1.lpb                          1.01797e-08
x1.x1.na                               1.30748
doutb1                                0.673586
dout1                                 0.673586
x1.x1.nb                               1.30748
vd2                                     -0.001
ap2                                     0.5995
an2                                     0.6005
ibn2                                  0.390914
x2.x1.tmid                          1.4588e-09
x2.x1.tail                            0.585729
x2.x1.np                                  1.32
x2.x1.nn                                  1.32
x2.x1.ln                                  1.32
x2.x1.lp                                  1.32
x2.x1.lnb                          1.01797e-08
x2.x1.lpb                          1.01797e-08
x2.x1.na                               1.30748
doutb2                                0.673586
dout2                                 0.673586
x2.x1.nb                               1.30748
ean2#branch                         2.2046e-13
eap2#branch                         2.2157e-13
ean1#branch                         2.2157e-13
eap1#branch                         2.2046e-13
ean0#branch                        2.21036e-13
eap0#branch                        2.21036e-13
vclk#branch                        2.70227e-10
vd2#branch                                   0
vd1#branch                                   0
vd0#branch                                   0
vcm#branch                         1.32613e-12
vsup#branch                       -0.000218308

 Reference value :  0.00000e+00
 Reference value :  6.63529e-10
 Reference value :  1.18117e-09
 Reference value :  2.04000e-09
 Reference value :  2.84824e-09
 Reference value :  3.64353e-09
 Reference value :  4.38118e-09
No. of Data Rows : 1345
vsup_v              =  1.32000e+00
d0now               =  1.32000e+00
d1now               =  1.32000e+00
d2now               =  2.80978e-06
Reset re-loads circuit * comparator-transient-noise @ ss_-40c_1.32v -- generated by sim/harness, do not edit

Circuit: * comparator-transient-noise @ ss_-40c_1.32v -- generated by sim/harness, do not edit

Doing analysis at TEMP = -40.000000 and TNOM = 27.000000

Using SPARSE 1.3 as Direct Linear Solver

Initial Transient Solution
--------------------------

Node                                   Voltage
----                                   -------
vdd                                       1.32
cm                                         0.6
vd0                                          0
ap0                                        0.6
an0                                        0.6
ibn0                                  0.390914
x0.x1.tmid                         1.45879e-09
x0.x1.tail                            0.585725
clk                                          0
x0.x1.np                                  1.32
x0.x1.nn                                  1.32
x0.x1.ln                                  1.32
x0.x1.lp                                  1.32
x0.x1.lnb                          1.01797e-08
x0.x1.lpb                          1.01797e-08
x0.x1.na                               1.30748
doutb0                                0.673586
dout0                                 0.673586
x0.x1.nb                               1.30748
vd1                                      0.001
ap1                                     0.6005
an1                                     0.5995
ibn1                                  0.390914
x1.x1.tmid                          1.4588e-09
x1.x1.tail                            0.585729
x1.x1.np                                  1.32
x1.x1.nn                                  1.32
x1.x1.ln                                  1.32
x1.x1.lp                                  1.32
x1.x1.lnb                          1.01797e-08
x1.x1.lpb                          1.01797e-08
x1.x1.na                               1.30748
doutb1                                0.673586
dout1                                 0.673586
x1.x1.nb                               1.30748
vd2                                     -0.001
ap2                                     0.5995
an2                                     0.6005
ibn2                                  0.390914
x2.x1.tmid                          1.4588e-09
x2.x1.tail                            0.585729
x2.x1.np                                  1.32
x2.x1.nn                                  1.32
x2.x1.ln                                  1.32
x2.x1.lp                                  1.32
x2.x1.lnb                          1.01797e-08
x2.x1.lpb                          1.01797e-08
x2.x1.na                               1.30748
doutb2                                0.673586
dout2                                 0.673586
x2.x1.nb                               1.30748
ean2#branch                         2.2046e-13
eap2#branch                         2.2157e-13
ean1#branch                         2.2157e-13
eap1#branch                         2.2046e-13
ean0#branch                        2.21036e-13
eap0#branch                        2.21036e-13
vclk#branch                        2.70227e-10
vd2#branch                                   0
vd1#branch                                   0
vd0#branch                                   0
vcm#branch                         1.32613e-12
vsup#branch                       -0.000218308

 Reference value :  0.00000e+00
 Reference value :  7.48235e-10
 Reference value :  1.32000e-09
 Reference value :  2.18353e-09
 Reference value :  3.08824e-09
 Reference value :  3.84824e-09
 Reference value :  4.58824e-09
No. of Data Rows : 1345
vsup_v              =  1.32000e+00
d0now               =  1.71040e-07
d1now               =  1.32000e+00
d2now               =  1.32000e+00
Reset re-loads circuit * comparator-transient-noise @ ss_-40c_1.32v -- generated by sim/harness, do not edit

Circuit: * comparator-transient-noise @ ss_-40c_1.32v -- generated by sim/harness, do not edit

Doing analysis at TEMP = -40.000000 and TNOM = 27.000000

Using SPARSE 1.3 as Direct Linear Solver

Initial Transient Solution
--------------------------

Node                                   Voltage
----                                   -------
vdd                                       1.32
cm                                         0.6
vd0                                          0
ap0                                        0.6
an0                                        0.6
ibn0                                  0.390914
x0.x1.tmid                         1.45879e-09
x0.x1.tail                            0.585725
clk                                          0
x0.x1.np                                  1.32
x0.x1.nn                                  1.32
x0.x1.ln                                  1.32
x0.x1.lp                                  1.32
x0.x1.lnb                          1.01797e-08
x0.x1.lpb                          1.01797e-08
x0.x1.na                               1.30748
doutb0                                0.673586
dout0                                 0.673586
x0.x1.nb                               1.30748
vd1                                      0.001
ap1                                     0.6005
an1                                     0.5995
ibn1                                  0.390914
x1.x1.tmid                          1.4588e-09
x1.x1.tail                            0.585729
x1.x1.np                                  1.32
x1.x1.nn                                  1.32
x1.x1.ln                                  1.32
x1.x1.lp                                  1.32
x1.x1.lnb                          1.01797e-08
x1.x1.lpb                          1.01797e-08
x1.x1.na                               1.30748
doutb1                                0.673586
dout1                                 0.673586
x1.x1.nb                               1.30748
vd2                                     -0.001
ap2                                     0.5995
an2                                     0.6005
ibn2                                  0.390914
x2.x1.tmid                          1.4588e-09
x2.x1.tail                            0.585729
x2.x1.np                                  1.32
x2.x1.nn                                  1.32
x2.x1.ln                                  1.32
x2.x1.lp                                  1.32
x2.x1.lnb                          1.01797e-08
x2.x1.lpb                          1.01797e-08
x2.x1.na                               1.30748
doutb2                                0.673586
dout2                                 0.673586
x2.x1.nb                               1.30748
ean2#branch                         2.2046e-13
eap2#branch                         2.2157e-13
ean1#branch                         2.2157e-13
eap1#branch                         2.2046e-13
ean0#branch                        2.21036e-13
eap0#branch                        2.21036e-13
vclk#branch                        2.70227e-10
vd2#branch                                   0
vd1#branch                                   0
vd0#branch                                   0
vcm#branch                         1.32613e-12
vsup#branch                       -0.000218308

 Reference value :  0.00000e+00
 Reference value :  6.68235e-10
 Reference value :  1.22000e-09
 Reference value :  2.07412e-09
 Reference value :  2.94353e-09
 Reference value :  3.73412e-09
 Reference value :  4.52118e-09
No. of Data Rows : 1345
vsup_v              =  1.32000e+00
d0now               =  1.32000e+00
d1now               =  1.32000e+00
d2now               =  1.61397e-06
Reset re-loads circuit * comparator-transient-noise @ ss_-40c_1.32v -- generated by sim/harness, do not edit

Circuit: * comparator-transient-noise @ ss_-40c_1.32v -- generated by sim/harness, do not edit

Doing analysis at TEMP = -40.000000 and TNOM = 27.000000

Using SPARSE 1.3 as Direct Linear Solver

Initial Transient Solution
--------------------------

Node                                   Voltage
----                                   -------
vdd                                       1.32
cm                                         0.6
vd0                                          0
ap0                                        0.6
an0                                        0.6
ibn0                                  0.390914
x0.x1.tmid                         1.45879e-09
x0.x1.tail                            0.585725
clk                                          0
x0.x1.np                                  1.32
x0.x1.nn                                  1.32
x0.x1.ln                                  1.32
x0.x1.lp                                  1.32
x0.x1.lnb                          1.01797e-08
x0.x1.lpb                          1.01797e-08
x0.x1.na                               1.30748
doutb0                                0.673586
dout0                                 0.673586
x0.x1.nb                               1.30748
vd1                                      0.001
ap1                                     0.6005
an1                                     0.5995
ibn1                                  0.390914
x1.x1.tmid                          1.4588e-09
x1.x1.tail                            0.585729
x1.x1.np                                  1.32
x1.x1.nn                                  1.32
x1.x1.ln                                  1.32
x1.x1.lp                                  1.32
x1.x1.lnb                          1.01797e-08
x1.x1.lpb                          1.01797e-08
x1.x1.na                               1.30748
doutb1                                0.673586
dout1                                 0.673586
x1.x1.nb                               1.30748
vd2                                     -0.001
ap2                                     0.5995
an2                                     0.6005
ibn2                                  0.390914
x2.x1.tmid                          1.4588e-09
x2.x1.tail                            0.585729
x2.x1.np                                  1.32
x2.x1.nn                                  1.32
x2.x1.ln                                  1.32
x2.x1.lp                                  1.32
x2.x1.lnb                          1.01797e-08
x2.x1.lpb                          1.01797e-08
x2.x1.na                               1.30748
doutb2                                0.673586
dout2                                 0.673586
x2.x1.nb                               1.30748
ean2#branch                         2.2046e-13
eap2#branch                         2.2157e-13
ean1#branch                         2.2157e-13
eap1#branch                         2.2046e-13
ean0#branch                        2.21036e-13
eap0#branch                        2.21036e-13
vclk#branch                        2.70227e-10
vd2#branch                                   0
vd1#branch                                   0
vd0#branch                                   0
vcm#branch                         1.32613e-12
vsup#branch                       -0.000218308

 Reference value :  0.00000e+00
 Reference value :  6.28235e-10
 Reference value :  1.16118e-09
 Reference value :  2.02118e-09
 Reference value :  2.87412e-09
 Reference value :  3.66824e-09
 Reference value :  4.40000e-09
 Reference value :  5.08824e-09
No. of Data Rows : 1345
vsup_v              =  1.32000e+00
d0now               =  9.67429e-09
d1now               =  1.32000e+00
d2now               =  -9.58107e-07
Reset re-loads circuit * comparator-transient-noise @ ss_-40c_1.32v -- generated by sim/harness, do not edit

Circuit: * comparator-transient-noise @ ss_-40c_1.32v -- generated by sim/harness, do not edit

Doing analysis at TEMP = -40.000000 and TNOM = 27.000000

Using SPARSE 1.3 as Direct Linear Solver

Initial Transient Solution
--------------------------

Node                                   Voltage
----                                   -------
vdd                                       1.32
cm                                         0.6
vd0                                          0
ap0                                        0.6
an0                                        0.6
ibn0                                  0.390914
x0.x1.tmid                         1.45879e-09
x0.x1.tail                            0.585725
clk                                          0
x0.x1.np                                  1.32
x0.x1.nn                                  1.32
x0.x1.ln                                  1.32
x0.x1.lp                                  1.32
x0.x1.lnb                          1.01797e-08
x0.x1.lpb                          1.01797e-08
x0.x1.na                               1.30748
doutb0                                0.673586
dout0                                 0.673586
x0.x1.nb                               1.30748
vd1                                      0.001
ap1                                     0.6005
an1                                     0.5995
ibn1                                  0.390914
x1.x1.tmid                          1.4588e-09
x1.x1.tail                            0.585729
x1.x1.np                                  1.32
x1.x1.nn                                  1.32
x1.x1.ln                                  1.32
x1.x1.lp                                  1.32
x1.x1.lnb                          1.01797e-08
x1.x1.lpb                          1.01797e-08
x1.x1.na                               1.30748
doutb1                                0.673586
dout1                                 0.673586
x1.x1.nb                               1.30748
vd2                                     -0.001
ap2                                     0.5995
an2                                     0.6005
ibn2                                  0.390914
x2.x1.tmid                          1.4588e-09
x2.x1.tail                            0.585729
x2.x1.np                                  1.32
x2.x1.nn                                  1.32
x2.x1.ln                                  1.32
x2.x1.lp                                  1.32
x2.x1.lnb                          1.01797e-08
x2.x1.lpb                          1.01797e-08
x2.x1.na                               1.30748
doutb2                                0.673586
dout2                                 0.673586
x2.x1.nb                               1.30748
ean2#branch                         2.2046e-13
eap2#branch                         2.2157e-13
ean1#branch                         2.2157e-13
eap1#branch                         2.2046e-13
ean0#branch                        2.21036e-13
eap0#branch                        2.21036e-13
vclk#branch                        2.70227e-10
vd2#branch                                   0
vd1#branch                                   0
vd0#branch                                   0
vcm#branch                         1.32613e-12
vsup#branch                       -0.000218308

 Reference value :  0.00000e+00
 Reference value :  6.60000e-10
 Reference value :  1.19410e-09
 Reference value :  2.04000e-09
 Reference value :  2.92000e-09
 Reference value :  3.71412e-09
 Reference value :  4.42118e-09
No. of Data Rows : 1345
vsup_v              =  1.32000e+00
d0now               =  1.32000e+00
d1now               =  1.32000e+00
d2now               =  -2.04488e-06
Reset re-loads circuit * comparator-transient-noise @ ss_-40c_1.32v -- generated by sim/harness, do not edit

Circuit: * comparator-transient-noise @ ss_-40c_1.32v -- generated by sim/harness, do not edit

Doing analysis at TEMP = -40.000000 and TNOM = 27.000000

Using SPARSE 1.3 as Direct Linear Solver

Initial Transient Solution
--------------------------

Node                                   Voltage
----                                   -------
vdd                                       1.32
cm                                         0.6
vd0                                          0
ap0                                        0.6
an0                                        0.6
ibn0                                  0.390914
x0.x1.tmid                         1.45879e-09
x0.x1.tail                            0.585725
clk                                          0
x0.x1.np                                  1.32
x0.x1.nn                                  1.32
x0.x1.ln                                  1.32
x0.x1.lp                                  1.32
x0.x1.lnb                          1.01797e-08
x0.x1.lpb                          1.01797e-08
x0.x1.na                               1.30748
doutb0                                0.673586
dout0                                 0.673586
x0.x1.nb                               1.30748
vd1                                      0.001
ap1                                     0.6005
an1                                     0.5995
ibn1                                  0.390914
x1.x1.tmid                          1.4588e-09
x1.x1.tail                            0.585729
x1.x1.np                                  1.32
x1.x1.nn                                  1.32
x1.x1.ln                                  1.32
x1.x1.lp                                  1.32
x1.x1.lnb                          1.01797e-08
x1.x1.lpb                          1.01797e-08
x1.x1.na                               1.30748
doutb1                                0.673586
dout1                                 0.673586
x1.x1.nb                               1.30748
vd2                                     -0.001
ap2                                     0.5995
an2                                     0.6005
ibn2                                  0.390914
x2.x1.tmid                          1.4588e-09
x2.x1.tail                            0.585729
x2.x1.np                                  1.32
x2.x1.nn                                  1.32
x2.x1.ln                                  1.32
x2.x1.lp                                  1.32
x2.x1.lnb                          1.01797e-08
x2.x1.lpb                          1.01797e-08
x2.x1.na                               1.30748
doutb2                                0.673586
dout2                                 0.673586
x2.x1.nb                               1.30748
ean2#branch                         2.2046e-13
eap2#branch                         2.2157e-13
ean1#branch                         2.2157e-13
eap1#branch                         2.2046e-13
ean0#branch                        2.21036e-13
eap0#branch                        2.21036e-13
vclk#branch                        2.70227e-10
vd2#branch                                   0
vd1#branch                                   0
vd0#branch                                   0
vcm#branch                         1.32613e-12
vsup#branch                       -0.000218308

 Reference value :  0.00000e+00
 Reference value :  6.41176e-10
 Reference value :  1.18821e-09
 Reference value :  2.02824e-09
 Reference value :  2.92118e-09
 Reference value :  3.68824e-09
 Reference value :  4.42824e-09
No. of Data Rows : 1345
vsup_v              =  1.32000e+00
d0now               =  1.32000e+00
d1now               =  1.32000e+00
d2now               =  1.14527e-06
Reset re-loads circuit * comparator-transient-noise @ ss_-40c_1.32v -- generated by sim/harness, do not edit

Circuit: * comparator-transient-noise @ ss_-40c_1.32v -- generated by sim/harness, do not edit

Doing analysis at TEMP = -40.000000 and TNOM = 27.000000

Using SPARSE 1.3 as Direct Linear Solver

Initial Transient Solution
--------------------------

Node                                   Voltage
----                                   -------
vdd                                       1.32
cm                                         0.6
vd0                                          0
ap0                                        0.6
an0                                        0.6
ibn0                                  0.390914
x0.x1.tmid                         1.45879e-09
x0.x1.tail                            0.585725
clk                                          0
x0.x1.np                                  1.32
x0.x1.nn                                  1.32
x0.x1.ln                                  1.32
x0.x1.lp                                  1.32
x0.x1.lnb                          1.01797e-08
x0.x1.lpb                          1.01797e-08
x0.x1.na                               1.30748
doutb0                                0.673586
dout0                                 0.673586
x0.x1.nb                               1.30748
vd1                                      0.001
ap1                                     0.6005
an1                                     0.5995
ibn1                                  0.390914
x1.x1.tmid                          1.4588e-09
x1.x1.tail                            0.585729
x1.x1.np                                  1.32
x1.x1.nn                                  1.32
x1.x1.ln                                  1.32
x1.x1.lp                                  1.32
x1.x1.lnb                          1.01797e-08
x1.x1.lpb                          1.01797e-08
x1.x1.na                               1.30748
doutb1                                0.673586
dout1                                 0.673586
x1.x1.nb                               1.30748
vd2                                     -0.001
ap2                                     0.5995
an2                                     0.6005
ibn2                                  0.390914
x2.x1.tmid                          1.4588e-09
x2.x1.tail                            0.585729
x2.x1.np                                  1.32
x2.x1.nn                                  1.32
x2.x1.ln                                  1.32
x2.x1.lp                                  1.32
x2.x1.lnb                          1.01797e-08
x2.x1.lpb                          1.01797e-08
x2.x1.na                               1.30748
doutb2                                0.673586
dout2                                 0.673586
x2.x1.nb                               1.30748
ean2#branch                         2.2046e-13
eap2#branch                         2.2157e-13
ean1#branch                         2.2157e-13
eap1#branch                         2.2046e-13
ean0#branch                        2.21036e-13
eap0#branch                        2.21036e-13
vclk#branch                        2.70227e-10
vd2#branch                                   0
vd1#branch                                   0
vd0#branch                                   0
vcm#branch                         1.32613e-12
vsup#branch                       -0.000218308

 Reference value :  0.00000e+00
 Reference value :  6.48235e-10
 Reference value :  1.22000e-09
 Reference value :  2.08000e-09
 Reference value :  2.97412e-09
 Reference value :  3.74118e-09
 Reference value :  4.46118e-09
No. of Data Rows : 1345
vsup_v              =  1.32000e+00
d0now               =  1.32000e+00
d1now               =  1.32000e+00
d2now               =  1.00365e-06
Reset re-loads circuit * comparator-transient-noise @ ss_-40c_1.32v -- generated by sim/harness, do not edit

Circuit: * comparator-transient-noise @ ss_-40c_1.32v -- generated by sim/harness, do not edit

Doing analysis at TEMP = -40.000000 and TNOM = 27.000000

Using SPARSE 1.3 as Direct Linear Solver

Initial Transient Solution
--------------------------

Node                                   Voltage
----                                   -------
vdd                                       1.32
cm                                         0.6
vd0                                          0
ap0                                        0.6
an0                                        0.6
ibn0                                  0.390914
x0.x1.tmid                         1.45879e-09
x0.x1.tail                            0.585725
clk                                          0
x0.x1.np                                  1.32
x0.x1.nn                                  1.32
x0.x1.ln                                  1.32
x0.x1.lp                                  1.32
x0.x1.lnb                          1.01797e-08
x0.x1.lpb                          1.01797e-08
x0.x1.na                               1.30748
doutb0                                0.673586
dout0                                 0.673586
x0.x1.nb                               1.30748
vd1                                      0.001
ap1                                     0.6005
an1                                     0.5995
ibn1                                  0.390914
x1.x1.tmid                          1.4588e-09
x1.x1.tail                            0.585729
x1.x1.np                                  1.32
x1.x1.nn                                  1.32
x1.x1.ln                                  1.32
x1.x1.lp                                  1.32
x1.x1.lnb                          1.01797e-08
x1.x1.lpb                          1.01797e-08
x1.x1.na                               1.30748
doutb1                                0.673586
dout1                                 0.673586
x1.x1.nb                               1.30748
vd2                                     -0.001
ap2                                     0.5995
an2                                     0.6005
ibn2                                  0.390914
x2.x1.tmid                          1.4588e-09
x2.x1.tail                            0.585729
x2.x1.np                                  1.32
x2.x1.nn                                  1.32
x2.x1.ln                                  1.32
x2.x1.lp                                  1.32
x2.x1.lnb                          1.01797e-08
x2.x1.lpb                          1.01797e-08
x2.x1.na                               1.30748
doutb2                                0.673586
dout2                                 0.673586
x2.x1.nb                               1.30748
ean2#branch                         2.2046e-13
eap2#branch                         2.2157e-13
ean1#branch                         2.2157e-13
eap1#branch                         2.2046e-13
ean0#branch                        2.21036e-13
eap0#branch                        2.21036e-13
vclk#branch                        2.70227e-10
vd2#branch                                   0
vd1#branch                                   0
vd0#branch                                   0
vcm#branch                         1.32613e-12
vsup#branch                       -0.000218308

 Reference value :  0.00000e+00
 Reference value :  6.61176e-10
 Reference value :  1.22000e-09
 Reference value :  2.06824e-09
 Reference value :  2.94824e-09
 Reference value :  3.72000e-09
 Reference value :  4.46000e-09
No. of Data Rows : 1345
vsup_v              =  1.32000e+00
d0now               =  1.32000e+00
d1now               =  1.32000e+00
d2now               =  -1.91461e-06
Reset re-loads circuit * comparator-transient-noise @ ss_-40c_1.32v -- generated by sim/harness, do not edit

Circuit: * comparator-transient-noise @ ss_-40c_1.32v -- generated by sim/harness, do not edit

Doing analysis at TEMP = -40.000000 and TNOM = 27.000000

Using SPARSE 1.3 as Direct Linear Solver

Initial Transient Solution
--------------------------

Node                                   Voltage
----                                   -------
vdd                                       1.32
cm                                         0.6
vd0                                          0
ap0                                        0.6
an0                                        0.6
ibn0                                  0.390914
x0.x1.tmid                         1.45879e-09
x0.x1.tail                            0.585725
clk                                          0
x0.x1.np                                  1.32
x0.x1.nn                                  1.32
x0.x1.ln                                  1.32
x0.x1.lp                                  1.32
x0.x1.lnb                          1.01797e-08
x0.x1.lpb                          1.01797e-08
x0.x1.na                               1.30748
doutb0                                0.673586
dout0                                 0.673586
x0.x1.nb                               1.30748
vd1                                      0.001
ap1                                     0.6005
an1                                     0.5995
ibn1                                  0.390914
x1.x1.tmid                          1.4588e-09
x1.x1.tail                            0.585729
x1.x1.np                                  1.32
x1.x1.nn                                  1.32
x1.x1.ln                                  1.32
x1.x1.lp                                  1.32
x1.x1.lnb                          1.01797e-08
x1.x1.lpb                          1.01797e-08
x1.x1.na                               1.30748
doutb1                                0.673586
dout1                                 0.673586
x1.x1.nb                               1.30748
vd2                                     -0.001
ap2                                     0.5995
an2                                     0.6005
ibn2                                  0.390914
x2.x1.tmid                          1.4588e-09
x2.x1.tail                            0.585729
x2.x1.np                                  1.32
x2.x1.nn                                  1.32
x2.x1.ln                                  1.32
x2.x1.lp                                  1.32
x2.x1.lnb                          1.01797e-08
x2.x1.lpb                          1.01797e-08
x2.x1.na                               1.30748
doutb2                                0.673586
dout2                                 0.673586
x2.x1.nb                               1.30748
ean2#branch                         2.2046e-13
eap2#branch                         2.2157e-13
ean1#branch                         2.2157e-13
eap1#branch                         2.2046e-13
ean0#branch                        2.21036e-13
eap0#branch                        2.21036e-13
vclk#branch                        2.70227e-10
vd2#branch                                   0
vd1#branch                                   0
vd0#branch                                   0
vcm#branch                         1.32613e-12
vsup#branch                       -0.000218308

 Reference value :  0.00000e+00
 Reference value :  6.61176e-10
 Reference value :  1.20118e-09
 Reference value :  2.08000e-09
 Reference value :  2.98353e-09
 Reference value :  3.76118e-09
 Reference value :  4.50000e-09
No. of Data Rows : 1345
vsup_v              =  1.32000e+00
d0now               =  -1.86914e-06
d1now               =  1.32000e+00
d2now               =  5.85909e-07
Reset re-loads circuit * comparator-transient-noise @ ss_-40c_1.32v -- generated by sim/harness, do not edit

Circuit: * comparator-transient-noise @ ss_-40c_1.32v -- generated by sim/harness, do not edit

Doing analysis at TEMP = -40.000000 and TNOM = 27.000000

Using SPARSE 1.3 as Direct Linear Solver

Initial Transient Solution
--------------------------

Node                                   Voltage
----                                   -------
vdd                                       1.32
cm                                         0.6
vd0                                          0
ap0                                        0.6
an0                                        0.6
ibn0                                  0.390914
x0.x1.tmid                         1.45879e-09
x0.x1.tail                            0.585725
clk                                          0
x0.x1.np                                  1.32
x0.x1.nn                                  1.32
x0.x1.ln                                  1.32
x0.x1.lp                                  1.32
x0.x1.lnb                          1.01797e-08
x0.x1.lpb                          1.01797e-08
x0.x1.na                               1.30748
doutb0                                0.673586
dout0                                 0.673586
x0.x1.nb                               1.30748
vd1                                      0.001
ap1                                     0.6005
an1                                     0.5995
ibn1                                  0.390914
x1.x1.tmid                          1.4588e-09
x1.x1.tail                            0.585729
x1.x1.np                                  1.32
x1.x1.nn                                  1.32
x1.x1.ln                                  1.32
x1.x1.lp                                  1.32
x1.x1.lnb                          1.01797e-08
x1.x1.lpb                          1.01797e-08
x1.x1.na                               1.30748
doutb1                                0.673586
dout1                                 0.673586
x1.x1.nb                               1.30748
vd2                                     -0.001
ap2                                     0.5995
an2                                     0.6005
ibn2                                  0.390914
x2.x1.tmid                          1.4588e-09
x2.x1.tail                            0.585729
x2.x1.np                                  1.32
x2.x1.nn                                  1.32
x2.x1.ln                                  1.32
x2.x1.lp                                  1.32
x2.x1.lnb                          1.01797e-08
x2.x1.lpb                          1.01797e-08
x2.x1.na                               1.30748
doutb2                                0.673586
dout2                                 0.673586
x2.x1.nb                               1.30748
ean2#branch                         2.2046e-13
eap2#branch                         2.2157e-13
ean1#branch                         2.2157e-13
eap1#branch                         2.2046e-13
ean0#branch                        2.21036e-13
eap0#branch                        2.21036e-13
vclk#branch                        2.70227e-10
vd2#branch                                   0
vd1#branch                                   0
vd0#branch                                   0
vcm#branch                         1.32613e-12
vsup#branch                       -0.000218308

 Reference value :  0.00000e+00
 Reference value :  6.60000e-10
 Reference value :  1.20000e-09
 Reference value :  2.06000e-09
 Reference value :  2.94000e-09
 Reference value :  3.69412e-09
 Reference value :  4.48353e-09
No. of Data Rows : 1345
vsup_v              =  1.32000e+00
d0now               =  1.41754e-07
d1now               =  1.32000e+00
d2now               =  1.32000e+00
Reset re-loads circuit * comparator-transient-noise @ ss_-40c_1.32v -- generated by sim/harness, do not edit

Circuit: * comparator-transient-noise @ ss_-40c_1.32v -- generated by sim/harness, do not edit

Doing analysis at TEMP = -40.000000 and TNOM = 27.000000

Using SPARSE 1.3 as Direct Linear Solver

Initial Transient Solution
--------------------------

Node                                   Voltage
----                                   -------
vdd                                       1.32
cm                                         0.6
vd0                                          0
ap0                                        0.6
an0                                        0.6
ibn0                                  0.390914
x0.x1.tmid                         1.45879e-09
x0.x1.tail                            0.585725
clk                                          0
x0.x1.np                                  1.32
x0.x1.nn                                  1.32
x0.x1.ln                                  1.32
x0.x1.lp                                  1.32
x0.x1.lnb                          1.01797e-08
x0.x1.lpb                          1.01797e-08
x0.x1.na                               1.30748
doutb0                                0.673586
dout0                                 0.673586
x0.x1.nb                               1.30748
vd1                                      0.001
ap1                                     0.6005
an1                                     0.5995
ibn1                                  0.390914
x1.x1.tmid                          1.4588e-09
x1.x1.tail                            0.585729
x1.x1.np                                  1.32
x1.x1.nn                                  1.32
x1.x1.ln                                  1.32
x1.x1.lp                                  1.32
x1.x1.lnb                          1.01797e-08
x1.x1.lpb                          1.01797e-08
x1.x1.na                               1.30748
doutb1                                0.673586
dout1                                 0.673586
x1.x1.nb                               1.30748
vd2                                     -0.001
ap2                                     0.5995
an2                                     0.6005
ibn2                                  0.390914
x2.x1.tmid                          1.4588e-09
x2.x1.tail                            0.585729
x2.x1.np                                  1.32
x2.x1.nn                                  1.32
x2.x1.ln                                  1.32
x2.x1.lp                                  1.32
x2.x1.lnb                          1.01797e-08
x2.x1.lpb                          1.01797e-08
x2.x1.na                               1.30748
doutb2                                0.673586
dout2                                 0.673586
x2.x1.nb                               1.30748
ean2#branch                         2.2046e-13
eap2#branch                         2.2157e-13
ean1#branch                         2.2157e-13
eap1#branch                         2.2046e-13
ean0#branch                        2.21036e-13
eap0#branch                        2.21036e-13
vclk#branch                        2.70227e-10
vd2#branch                                   0
vd1#branch                                   0
vd0#branch                                   0
vcm#branch                         1.32613e-12
vsup#branch                       -0.000218308

 Reference value :  0.00000e+00
 Reference value :  6.94118e-10
 Reference value :  1.23411e-09
 Reference value :  2.06353e-09
 Reference value :  2.94353e-09
 Reference value :  3.71412e-09
 Reference value :  4.46118e-09
No. of Data Rows : 1345
vsup_v              =  1.32000e+00
d0now               =  5.71284e-08
d1now               =  -4.68817e-06
d2now               =  -7.36349e-08
Reset re-loads circuit * comparator-transient-noise @ ss_-40c_1.32v -- generated by sim/harness, do not edit

Circuit: * comparator-transient-noise @ ss_-40c_1.32v -- generated by sim/harness, do not edit

Doing analysis at TEMP = -40.000000 and TNOM = 27.000000

Using SPARSE 1.3 as Direct Linear Solver

Initial Transient Solution
--------------------------

Node                                   Voltage
----                                   -------
vdd                                       1.32
cm                                         0.6
vd0                                          0
ap0                                        0.6
an0                                        0.6
ibn0                                  0.390914
x0.x1.tmid                         1.45879e-09
x0.x1.tail                            0.585725
clk                                          0
x0.x1.np                                  1.32
x0.x1.nn                                  1.32
x0.x1.ln                                  1.32
x0.x1.lp                                  1.32
x0.x1.lnb                          1.01797e-08
x0.x1.lpb                          1.01797e-08
x0.x1.na                               1.30748
doutb0                                0.673586
dout0                                 0.673586
x0.x1.nb                               1.30748
vd1                                      0.001
ap1                                     0.6005
an1                                     0.5995
ibn1                                  0.390914
x1.x1.tmid                          1.4588e-09
x1.x1.tail                            0.585729
x1.x1.np                                  1.32
x1.x1.nn                                  1.32
x1.x1.ln                                  1.32
x1.x1.lp                                  1.32
x1.x1.lnb                          1.01797e-08
x1.x1.lpb                          1.01797e-08
x1.x1.na                               1.30748
doutb1                                0.673586
dout1                                 0.673586
x1.x1.nb                               1.30748
vd2                                     -0.001
ap2                                     0.5995
an2                                     0.6005
ibn2                                  0.390914
x2.x1.tmid                          1.4588e-09
x2.x1.tail                            0.585729
x2.x1.np                                  1.32
x2.x1.nn                                  1.32
x2.x1.ln                                  1.32
x2.x1.lp                                  1.32
x2.x1.lnb                          1.01797e-08
x2.x1.lpb                          1.01797e-08
x2.x1.na                               1.30748
doutb2                                0.673586
dout2                                 0.673586
x2.x1.nb                               1.30748
ean2#branch                         2.2046e-13
eap2#branch                         2.2157e-13
ean1#branch                         2.2157e-13
eap1#branch                         2.2046e-13
ean0#branch                        2.21036e-13
eap0#branch                        2.21036e-13
vclk#branch                        2.70227e-10
vd2#branch                                   0
vd1#branch                                   0
vd0#branch                                   0
vcm#branch                         1.32613e-12
vsup#branch                       -0.000218308

 Reference value :  0.00000e+00
 Reference value :  6.40000e-10
 Reference value :  1.15409e-09
 Reference value :  2.03412e-09
 Reference value :  2.92118e-09
 Reference value :  3.70118e-09
 Reference value :  4.54824e-09
No. of Data Rows : 1345
vsup_v              =  1.32000e+00
d0now               =  1.32000e+00
d1now               =  1.32000e+00
d2now               =  -2.41210e-06
Reset re-loads circuit * comparator-transient-noise @ ss_-40c_1.32v -- generated by sim/harness, do not edit

Circuit: * comparator-transient-noise @ ss_-40c_1.32v -- generated by sim/harness, do not edit

Doing analysis at TEMP = -40.000000 and TNOM = 27.000000

Using SPARSE 1.3 as Direct Linear Solver

Initial Transient Solution
--------------------------

Node                                   Voltage
----                                   -------
vdd                                       1.32
cm                                         0.6
vd0                                          0
ap0                                        0.6
an0                                        0.6
ibn0                                  0.390914
x0.x1.tmid                         1.45879e-09
x0.x1.tail                            0.585725
clk                                          0
x0.x1.np                                  1.32
x0.x1.nn                                  1.32
x0.x1.ln                                  1.32
x0.x1.lp                                  1.32
x0.x1.lnb                          1.01797e-08
x0.x1.lpb                          1.01797e-08
x0.x1.na                               1.30748
doutb0                                0.673586
dout0                                 0.673586
x0.x1.nb                               1.30748
vd1                                      0.001
ap1                                     0.6005
an1                                     0.5995
ibn1                                  0.390914
x1.x1.tmid                          1.4588e-09
x1.x1.tail                            0.585729
x1.x1.np                                  1.32
x1.x1.nn                                  1.32
x1.x1.ln                                  1.32
x1.x1.lp                                  1.32
x1.x1.lnb                          1.01797e-08
x1.x1.lpb                          1.01797e-08
x1.x1.na                               1.30748
doutb1                                0.673586
dout1                                 0.673586
x1.x1.nb                               1.30748
vd2                                     -0.001
ap2                                     0.5995
an2                                     0.6005
ibn2                                  0.390914
x2.x1.tmid                          1.4588e-09
x2.x1.tail                            0.585729
x2.x1.np                                  1.32
x2.x1.nn                                  1.32
x2.x1.ln                                  1.32
x2.x1.lp                                  1.32
x2.x1.lnb                          1.01797e-08
x2.x1.lpb                          1.01797e-08
x2.x1.na                               1.30748
doutb2                                0.673586
dout2                                 0.673586
x2.x1.nb                               1.30748
ean2#branch                         2.2046e-13
eap2#branch                         2.2157e-13
ean1#branch                         2.2157e-13
eap1#branch                         2.2046e-13
ean0#branch                        2.21036e-13
eap0#branch                        2.21036e-13
vclk#branch                        2.70227e-10
vd2#branch                                   0
vd1#branch                                   0
vd0#branch                                   0
vcm#branch                         1.32613e-12
vsup#branch                       -0.000218308

 Reference value :  0.00000e+00
 Reference value :  6.54118e-10
 Reference value :  1.20354e-09
 Reference value :  2.05412e-09
 Reference value :  2.92118e-09
 Reference value :  3.68353e-09
 Reference value :  4.40824e-09
No. of Data Rows : 1345
vsup_v              =  1.32000e+00
d0now               =  1.28961e-06
d1now               =  1.32000e+00
d2now               =  2.94212e-06
Reset re-loads circuit * comparator-transient-noise @ ss_-40c_1.32v -- generated by sim/harness, do not edit

Circuit: * comparator-transient-noise @ ss_-40c_1.32v -- generated by sim/harness, do not edit

Doing analysis at TEMP = -40.000000 and TNOM = 27.000000

Using SPARSE 1.3 as Direct Linear Solver

Initial Transient Solution
--------------------------

Node                                   Voltage
----                                   -------
vdd                                       1.32
cm                                         0.6
vd0                                          0
ap0                                        0.6
an0                                        0.6
ibn0                                  0.390914
x0.x1.tmid                         1.45879e-09
x0.x1.tail                            0.585725
clk                                          0
x0.x1.np                                  1.32
x0.x1.nn                                  1.32
x0.x1.ln                                  1.32
x0.x1.lp                                  1.32
x0.x1.lnb                          1.01797e-08
x0.x1.lpb                          1.01797e-08
x0.x1.na                               1.30748
doutb0                                0.673586
dout0                                 0.673586
x0.x1.nb                               1.30748
vd1                                      0.001
ap1                                     0.6005
an1                                     0.5995
ibn1                                  0.390914
x1.x1.tmid                          1.4588e-09
x1.x1.tail                            0.585729
x1.x1.np                                  1.32
x1.x1.nn                                  1.32
x1.x1.ln                                  1.32
x1.x1.lp                                  1.32
x1.x1.lnb                          1.01797e-08
x1.x1.lpb                          1.01797e-08
x1.x1.na                               1.30748
doutb1                                0.673586
dout1                                 0.673586
x1.x1.nb                               1.30748
vd2                                     -0.001
ap2                                     0.5995
an2                                     0.6005
ibn2                                  0.390914
x2.x1.tmid                          1.4588e-09
x2.x1.tail                            0.585729
x2.x1.np                                  1.32
x2.x1.nn                                  1.32
x2.x1.ln                                  1.32
x2.x1.lp                                  1.32
x2.x1.lnb                          1.01797e-08
x2.x1.lpb                          1.01797e-08
x2.x1.na                               1.30748
doutb2                                0.673586
dout2                                 0.673586
x2.x1.nb                               1.30748
ean2#branch                         2.2046e-13
eap2#branch                         2.2157e-13
ean1#branch                         2.2157e-13
eap1#branch                         2.2046e-13
ean0#branch                        2.21036e-13
eap0#branch                        2.21036e-13
vclk#branch                        2.70227e-10
vd2#branch                                   0
vd1#branch                                   0
vd0#branch                                   0
vcm#branch                         1.32613e-12
vsup#branch                       -0.000218308

 Reference value :  0.00000e+00
 Reference value :  6.54118e-10
 Reference value :  1.20354e-09
 Reference value :  2.09412e-09
 Reference value :  2.98118e-09
 Reference value :  3.80000e-09
 Reference value :  4.52118e-09
No. of Data Rows : 1345
vsup_v              =  1.32000e+00
d0now               =  1.12235e-07
d1now               =  1.32000e+00
d2now               =  1.32000e+00
Reset re-loads circuit * comparator-transient-noise @ ss_-40c_1.32v -- generated by sim/harness, do not edit

Circuit: * comparator-transient-noise @ ss_-40c_1.32v -- generated by sim/harness, do not edit

Doing analysis at TEMP = -40.000000 and TNOM = 27.000000

Using SPARSE 1.3 as Direct Linear Solver

Initial Transient Solution
--------------------------

Node                                   Voltage
----                                   -------
vdd                                       1.32
cm                                         0.6
vd0                                          0
ap0                                        0.6
an0                                        0.6
ibn0                                  0.390914
x0.x1.tmid                         1.45879e-09
x0.x1.tail                            0.585725
clk                                          0
x0.x1.np                                  1.32
x0.x1.nn                                  1.32
x0.x1.ln                                  1.32
x0.x1.lp                                  1.32
x0.x1.lnb                          1.01797e-08
x0.x1.lpb                          1.01797e-08
x0.x1.na                               1.30748
doutb0                                0.673586
dout0                                 0.673586
x0.x1.nb                               1.30748
vd1                                      0.001
ap1                                     0.6005
an1                                     0.5995
ibn1                                  0.390914
x1.x1.tmid                          1.4588e-09
x1.x1.tail                            0.585729
x1.x1.np                                  1.32
x1.x1.nn                                  1.32
x1.x1.ln                                  1.32
x1.x1.lp                                  1.32
x1.x1.lnb                          1.01797e-08
x1.x1.lpb                          1.01797e-08
x1.x1.na                               1.30748
doutb1                                0.673586
dout1                                 0.673586
x1.x1.nb                               1.30748
vd2                                     -0.001
ap2                                     0.5995
an2                                     0.6005
ibn2                                  0.390914
x2.x1.tmid                          1.4588e-09
x2.x1.tail                            0.585729
x2.x1.np                                  1.32
x2.x1.nn                                  1.32
x2.x1.ln                                  1.32
x2.x1.lp                                  1.32
x2.x1.lnb                          1.01797e-08
x2.x1.lpb                          1.01797e-08
x2.x1.na                               1.30748
doutb2                                0.673586
dout2                                 0.673586
x2.x1.nb                               1.30748
ean2#branch                         2.2046e-13
eap2#branch                         2.2157e-13
ean1#branch                         2.2157e-13
eap1#branch                         2.2046e-13
ean0#branch                        2.21036e-13
eap0#branch                        2.21036e-13
vclk#branch                        2.70227e-10
vd2#branch                                   0
vd1#branch                                   0
vd0#branch                                   0
vcm#branch                         1.32613e-12
vsup#branch                       -0.000218308

 Reference value :  0.00000e+00
 Reference value :  6.61176e-10
 Reference value :  1.18000e-09
 Reference value :  2.04000e-09
 Reference value :  2.88118e-09
 Reference value :  3.70118e-09
 Reference value :  4.41412e-09
No. of Data Rows : 1345
vsup_v              =  1.32000e+00
d0now               =  1.32000e+00
d1now               =  1.32000e+00
d2now               =  1.86064e-06
Reset re-loads circuit * comparator-transient-noise @ ss_-40c_1.32v -- generated by sim/harness, do not edit

Circuit: * comparator-transient-noise @ ss_-40c_1.32v -- generated by sim/harness, do not edit

Doing analysis at TEMP = -40.000000 and TNOM = 27.000000

Using SPARSE 1.3 as Direct Linear Solver

Initial Transient Solution
--------------------------

Node                                   Voltage
----                                   -------
vdd                                       1.32
cm                                         0.6
vd0                                          0
ap0                                        0.6
an0                                        0.6
ibn0                                  0.390914
x0.x1.tmid                         1.45879e-09
x0.x1.tail                            0.585725
clk                                          0
x0.x1.np                                  1.32
x0.x1.nn                                  1.32
x0.x1.ln                                  1.32
x0.x1.lp                                  1.32
x0.x1.lnb                          1.01797e-08
x0.x1.lpb                          1.01797e-08
x0.x1.na                               1.30748
doutb0                                0.673586
dout0                                 0.673586
x0.x1.nb                               1.30748
vd1                                      0.001
ap1                                     0.6005
an1                                     0.5995
ibn1                                  0.390914
x1.x1.tmid                          1.4588e-09
x1.x1.tail                            0.585729
x1.x1.np                                  1.32
x1.x1.nn                                  1.32
x1.x1.ln                                  1.32
x1.x1.lp                                  1.32
x1.x1.lnb                          1.01797e-08
x1.x1.lpb                          1.01797e-08
x1.x1.na                               1.30748
doutb1                                0.673586
dout1                                 0.673586
x1.x1.nb                               1.30748
vd2                                     -0.001
ap2                                     0.5995
an2                                     0.6005
ibn2                                  0.390914
x2.x1.tmid                          1.4588e-09
x2.x1.tail                            0.585729
x2.x1.np                                  1.32
x2.x1.nn                                  1.32
x2.x1.ln                                  1.32
x2.x1.lp                                  1.32
x2.x1.lnb                          1.01797e-08
x2.x1.lpb                          1.01797e-08
x2.x1.na                               1.30748
doutb2                                0.673586
dout2                                 0.673586
x2.x1.nb                               1.30748
ean2#branch                         2.2046e-13
eap2#branch                         2.2157e-13
ean1#branch                         2.2157e-13
eap1#branch                         2.2046e-13
ean0#branch                        2.21036e-13
eap0#branch                        2.21036e-13
vclk#branch                        2.70227e-10
vd2#branch                                   0
vd1#branch                                   0
vd0#branch                                   0
vcm#branch                         1.32613e-12
vsup#branch                       -0.000218308

 Reference value :  0.00000e+00
 Reference value :  6.94118e-10
 Reference value :  1.22352e-09
 Reference value :  2.08000e-09
 Reference value :  2.88353e-09
 Reference value :  3.68824e-09
 Reference value :  4.42824e-09
No. of Data Rows : 1345
vsup_v              =  1.32000e+00
d0now               =  -4.52876e-07
d1now               =  7.49003e-07
d2now               =  -2.62688e-06
Reset re-loads circuit * comparator-transient-noise @ ss_-40c_1.32v -- generated by sim/harness, do not edit

Circuit: * comparator-transient-noise @ ss_-40c_1.32v -- generated by sim/harness, do not edit

Doing analysis at TEMP = -40.000000 and TNOM = 27.000000

Using SPARSE 1.3 as Direct Linear Solver

Initial Transient Solution
--------------------------

Node                                   Voltage
----                                   -------
vdd                                       1.32
cm                                         0.6
vd0                                          0
ap0                                        0.6
an0                                        0.6
ibn0                                  0.390914
x0.x1.tmid                         1.45879e-09
x0.x1.tail                            0.585725
clk                                          0
x0.x1.np                                  1.32
x0.x1.nn                                  1.32
x0.x1.ln                                  1.32
x0.x1.lp                                  1.32
x0.x1.lnb                          1.01797e-08
x0.x1.lpb                          1.01797e-08
x0.x1.na                               1.30748
doutb0                                0.673586
dout0                                 0.673586
x0.x1.nb                               1.30748
vd1                                      0.001
ap1                                     0.6005
an1                                     0.5995
ibn1                                  0.390914
x1.x1.tmid                          1.4588e-09
x1.x1.tail                            0.585729
x1.x1.np                                  1.32
x1.x1.nn                                  1.32
x1.x1.ln                                  1.32
x1.x1.lp                                  1.32
x1.x1.lnb                          1.01797e-08
x1.x1.lpb                          1.01797e-08
x1.x1.na                               1.30748
doutb1                                0.673586
dout1                                 0.673586
x1.x1.nb                               1.30748
vd2                                     -0.001
ap2                                     0.5995
an2                                     0.6005
ibn2                                  0.390914
x2.x1.tmid                          1.4588e-09
x2.x1.tail                            0.585729
x2.x1.np                                  1.32
x2.x1.nn                                  1.32
x2.x1.ln                                  1.32
x2.x1.lp                                  1.32
x2.x1.lnb                          1.01797e-08
x2.x1.lpb                          1.01797e-08
x2.x1.na                               1.30748
doutb2                                0.673586
dout2                                 0.673586
x2.x1.nb                               1.30748
ean2#branch                         2.2046e-13
eap2#branch                         2.2157e-13
ean1#branch                         2.2157e-13
eap1#branch                         2.2046e-13
ean0#branch                        2.21036e-13
eap0#branch                        2.21036e-13
vclk#branch                        2.70227e-10
vd2#branch                                   0
vd1#branch                                   0
vd0#branch                                   0
vcm#branch                         1.32613e-12
vsup#branch                       -0.000218308

 Reference value :  0.00000e+00
 Reference value :  6.40000e-10
 Reference value :  1.15409e-09
 Reference value :  1.99412e-09
 Reference value :  2.86000e-09
 Reference value :  3.63412e-09
 Reference value :  4.34118e-09
 Reference value :  5.06353e-09
No. of Data Rows : 1345
vsup_v              =  1.32000e+00
d0now               =  1.32000e+00
d1now               =  1.32000e+00
d2now               =  -6.11924e-07
Reset re-loads circuit * comparator-transient-noise @ ss_-40c_1.32v -- generated by sim/harness, do not edit

Circuit: * comparator-transient-noise @ ss_-40c_1.32v -- generated by sim/harness, do not edit

Doing analysis at TEMP = -40.000000 and TNOM = 27.000000

Using SPARSE 1.3 as Direct Linear Solver

Initial Transient Solution
--------------------------

Node                                   Voltage
----                                   -------
vdd                                       1.32
cm                                         0.6
vd0                                          0
ap0                                        0.6
an0                                        0.6
ibn0                                  0.390914
x0.x1.tmid                         1.45879e-09
x0.x1.tail                            0.585725
clk                                          0
x0.x1.np                                  1.32
x0.x1.nn                                  1.32
x0.x1.ln                                  1.32
x0.x1.lp                                  1.32
x0.x1.lnb                          1.01797e-08
x0.x1.lpb                          1.01797e-08
x0.x1.na                               1.30748
doutb0                                0.673586
dout0                                 0.673586
x0.x1.nb                               1.30748
vd1                                      0.001
ap1                                     0.6005
an1                                     0.5995
ibn1                                  0.390914
x1.x1.tmid                          1.4588e-09
x1.x1.tail                            0.585729
x1.x1.np                                  1.32
x1.x1.nn                                  1.32
x1.x1.ln                                  1.32
x1.x1.lp                                  1.32
x1.x1.lnb                          1.01797e-08
x1.x1.lpb                          1.01797e-08
x1.x1.na                               1.30748
doutb1                                0.673586
dout1                                 0.673586
x1.x1.nb                               1.30748
vd2                                     -0.001
ap2                                     0.5995
an2                                     0.6005
ibn2                                  0.390914
x2.x1.tmid                          1.4588e-09
x2.x1.tail                            0.585729
x2.x1.np                                  1.32
x2.x1.nn                                  1.32
x2.x1.ln                                  1.32
x2.x1.lp                                  1.32
x2.x1.lnb                          1.01797e-08
x2.x1.lpb                          1.01797e-08
x2.x1.na                               1.30748
doutb2                                0.673586
dout2                                 0.673586
x2.x1.nb                               1.30748
ean2#branch                         2.2046e-13
eap2#branch                         2.2157e-13
ean1#branch                         2.2157e-13
eap1#branch                         2.2046e-13
ean0#branch                        2.21036e-13
eap0#branch                        2.21036e-13
vclk#branch                        2.70227e-10
vd2#branch                                   0
vd1#branch                                   0
vd0#branch                                   0
vcm#branch                         1.32613e-12
vsup#branch                       -0.000218308

 Reference value :  0.00000e+00
 Reference value :  6.54118e-10
 Reference value :  1.18821e-09
 Reference value :  2.04824e-09
 Reference value :  2.86000e-09
 Reference value :  3.68000e-09
 Reference value :  4.38000e-09
 Reference value :  5.10000e-09
No. of Data Rows : 1345
vsup_v              =  1.32000e+00
d0now               =  1.32000e+00
d1now               =  1.32000e+00
d2now               =  1.32000e+00
Reset re-loads circuit * comparator-transient-noise @ ss_-40c_1.32v -- generated by sim/harness, do not edit

Circuit: * comparator-transient-noise @ ss_-40c_1.32v -- generated by sim/harness, do not edit

Doing analysis at TEMP = -40.000000 and TNOM = 27.000000

Using SPARSE 1.3 as Direct Linear Solver

Initial Transient Solution
--------------------------

Node                                   Voltage
----                                   -------
vdd                                       1.32
cm                                         0.6
vd0                                          0
ap0                                        0.6
an0                                        0.6
ibn0                                  0.390914
x0.x1.tmid                         1.45879e-09
x0.x1.tail                            0.585725
clk                                          0
x0.x1.np                                  1.32
x0.x1.nn                                  1.32
x0.x1.ln                                  1.32
x0.x1.lp                                  1.32
x0.x1.lnb                          1.01797e-08
x0.x1.lpb                          1.01797e-08
x0.x1.na                               1.30748
doutb0                                0.673586
dout0                                 0.673586
x0.x1.nb                               1.30748
vd1                                      0.001
ap1                                     0.6005
an1                                     0.5995
ibn1                                  0.390914
x1.x1.tmid                          1.4588e-09
x1.x1.tail                            0.585729
x1.x1.np                                  1.32
x1.x1.nn                                  1.32
x1.x1.ln                                  1.32
x1.x1.lp                                  1.32
x1.x1.lnb                          1.01797e-08
x1.x1.lpb                          1.01797e-08
x1.x1.na                               1.30748
doutb1                                0.673586
dout1                                 0.673586
x1.x1.nb                               1.30748
vd2                                     -0.001
ap2                                     0.5995
an2                                     0.6005
ibn2                                  0.390914
x2.x1.tmid                          1.4588e-09
x2.x1.tail                            0.585729
x2.x1.np                                  1.32
x2.x1.nn                                  1.32
x2.x1.ln                                  1.32
x2.x1.lp                                  1.32
x2.x1.lnb                          1.01797e-08
x2.x1.lpb                          1.01797e-08
x2.x1.na                               1.30748
doutb2                                0.673586
dout2                                 0.673586
x2.x1.nb                               1.30748
ean2#branch                         2.2046e-13
eap2#branch                         2.2157e-13
ean1#branch                         2.2157e-13
eap1#branch                         2.2046e-13
ean0#branch                        2.21036e-13
eap0#branch                        2.21036e-13
vclk#branch                        2.70227e-10
vd2#branch                                   0
vd1#branch                                   0
vd0#branch                                   0
vcm#branch                         1.32613e-12
vsup#branch                       -0.000218308

 Reference value :  0.00000e+00
 Reference value :  6.61176e-10
 Reference value :  1.20118e-09
 Reference value :  2.06000e-09
 Reference value :  2.92824e-09
 Reference value :  3.70000e-09
 Reference value :  4.43412e-09
No. of Data Rows : 1345
vsup_v              =  1.32000e+00
d0now               =  2.15035e-06
d1now               =  1.32000e+00
d2now               =  1.60879e-06
Reset re-loads circuit * comparator-transient-noise @ ss_-40c_1.32v -- generated by sim/harness, do not edit

Circuit: * comparator-transient-noise @ ss_-40c_1.32v -- generated by sim/harness, do not edit

Doing analysis at TEMP = -40.000000 and TNOM = 27.000000

Using SPARSE 1.3 as Direct Linear Solver

Initial Transient Solution
--------------------------

Node                                   Voltage
----                                   -------
vdd                                       1.32
cm                                         0.6
vd0                                          0
ap0                                        0.6
an0                                        0.6
ibn0                                  0.390914
x0.x1.tmid                         1.45879e-09
x0.x1.tail                            0.585725
clk                                          0
x0.x1.np                                  1.32
x0.x1.nn                                  1.32
x0.x1.ln                                  1.32
x0.x1.lp                                  1.32
x0.x1.lnb                          1.01797e-08
x0.x1.lpb                          1.01797e-08
x0.x1.na                               1.30748
doutb0                                0.673586
dout0                                 0.673586
x0.x1.nb                               1.30748
vd1                                      0.001
ap1                                     0.6005
an1                                     0.5995
ibn1                                  0.390914
x1.x1.tmid                          1.4588e-09
x1.x1.tail                            0.585729
x1.x1.np                                  1.32
x1.x1.nn                                  1.32
x1.x1.ln                                  1.32
x1.x1.lp                                  1.32
x1.x1.lnb                          1.01797e-08
x1.x1.lpb                          1.01797e-08
x1.x1.na                               1.30748
doutb1                                0.673586
dout1                                 0.673586
x1.x1.nb                               1.30748
vd2                                     -0.001
ap2                                     0.5995
an2                                     0.6005
ibn2                                  0.390914
x2.x1.tmid                          1.4588e-09
x2.x1.tail                            0.585729
x2.x1.np                                  1.32
x2.x1.nn                                  1.32
x2.x1.ln                                  1.32
x2.x1.lp                                  1.32
x2.x1.lnb                          1.01797e-08
x2.x1.lpb                          1.01797e-08
x2.x1.na                               1.30748
doutb2                                0.673586
dout2                                 0.673586
x2.x1.nb                               1.30748
ean2#branch                         2.2046e-13
eap2#branch                         2.2157e-13
ean1#branch                         2.2157e-13
eap1#branch                         2.2046e-13
ean0#branch                        2.21036e-13
eap0#branch                        2.21036e-13
vclk#branch                        2.70227e-10
vd2#branch                                   0
vd1#branch                                   0
vd0#branch                                   0
vcm#branch                         1.32613e-12
vsup#branch                       -0.000218308

 Reference value :  0.00000e+00
 Reference value :  9.08235e-10
 Reference value :  1.58353e-09
 Reference value :  2.48824e-09
 Reference value :  3.40118e-09
 Reference value :  4.20353e-09
 Reference value :  5.00824e-09
No. of Data Rows : 1345
vsup_v              =  1.32000e+00
d0now               =  1.32000e+00
d1now               =  1.32000e+00
d2now               =  1.14365e-06
Reset re-loads circuit * comparator-transient-noise @ ss_-40c_1.32v -- generated by sim/harness, do not edit

Circuit: * comparator-transient-noise @ ss_-40c_1.32v -- generated by sim/harness, do not edit

Doing analysis at TEMP = -40.000000 and TNOM = 27.000000

Using SPARSE 1.3 as Direct Linear Solver

Initial Transient Solution
--------------------------

Node                                   Voltage
----                                   -------
vdd                                       1.32
cm                                         0.6
vd0                                          0
ap0                                        0.6
an0                                        0.6
ibn0                                  0.390914
x0.x1.tmid                         1.45879e-09
x0.x1.tail                            0.585725
clk                                          0
x0.x1.np                                  1.32
x0.x1.nn                                  1.32
x0.x1.ln                                  1.32
x0.x1.lp                                  1.32
x0.x1.lnb                          1.01797e-08
x0.x1.lpb                          1.01797e-08
x0.x1.na                               1.30748
doutb0                                0.673586
dout0                                 0.673586
x0.x1.nb                               1.30748
vd1                                      0.001
ap1                                     0.6005
an1                                     0.5995
ibn1                                  0.390914
x1.x1.tmid                          1.4588e-09
x1.x1.tail                            0.585729
x1.x1.np                                  1.32
x1.x1.nn                                  1.32
x1.x1.ln                                  1.32
x1.x1.lp                                  1.32
x1.x1.lnb                          1.01797e-08
x1.x1.lpb                          1.01797e-08
x1.x1.na                               1.30748
doutb1                                0.673586
dout1                                 0.673586
x1.x1.nb                               1.30748
vd2                                     -0.001
ap2                                     0.5995
an2                                     0.6005
ibn2                                  0.390914
x2.x1.tmid                          1.4588e-09
x2.x1.tail                            0.585729
x2.x1.np                                  1.32
x2.x1.nn                                  1.32
x2.x1.ln                                  1.32
x2.x1.lp                                  1.32
x2.x1.lnb                          1.01797e-08
x2.x1.lpb                          1.01797e-08
x2.x1.na                               1.30748
doutb2                                0.673586
dout2                                 0.673586
x2.x1.nb                               1.30748
ean2#branch                         2.2046e-13
eap2#branch                         2.2157e-13
ean1#branch                         2.2157e-13
eap1#branch                         2.2046e-13
ean0#branch                        2.21036e-13
eap0#branch                        2.21036e-13
vclk#branch                        2.70227e-10
vd2#branch                                   0
vd1#branch                                   0
vd0#branch                                   0
vcm#branch                         1.32613e-12
vsup#branch                       -0.000218308

 Reference value :  0.00000e+00
 Reference value :  7.01176e-10
 Reference value :  1.24118e-09
 Reference value :  2.10000e-09
 Reference value :  3.02353e-09
 Reference value :  3.80824e-09
 Reference value :  4.64000e-09
No. of Data Rows : 1345
vsup_v              =  1.32000e+00
d0now               =  1.32000e+00
d1now               =  2.36318e-08
d2now               =  -2.04095e-06
Reset re-loads circuit * comparator-transient-noise @ ss_-40c_1.32v -- generated by sim/harness, do not edit

Circuit: * comparator-transient-noise @ ss_-40c_1.32v -- generated by sim/harness, do not edit

Doing analysis at TEMP = -40.000000 and TNOM = 27.000000

Using SPARSE 1.3 as Direct Linear Solver

Initial Transient Solution
--------------------------

Node                                   Voltage
----                                   -------
vdd                                       1.32
cm                                         0.6
vd0                                          0
ap0                                        0.6
an0                                        0.6
ibn0                                  0.390914
x0.x1.tmid                         1.45879e-09
x0.x1.tail                            0.585725
clk                                          0
x0.x1.np                                  1.32
x0.x1.nn                                  1.32
x0.x1.ln                                  1.32
x0.x1.lp                                  1.32
x0.x1.lnb                          1.01797e-08
x0.x1.lpb                          1.01797e-08
x0.x1.na                               1.30748
doutb0                                0.673586
dout0                                 0.673586
x0.x1.nb                               1.30748
vd1                                      0.001
ap1                                     0.6005
an1                                     0.5995
ibn1                                  0.390914
x1.x1.tmid                          1.4588e-09
x1.x1.tail                            0.585729
x1.x1.np                                  1.32
x1.x1.nn                                  1.32
x1.x1.ln                                  1.32
x1.x1.lp                                  1.32
x1.x1.lnb                          1.01797e-08
x1.x1.lpb                          1.01797e-08
x1.x1.na                               1.30748
doutb1                                0.673586
dout1                                 0.673586
x1.x1.nb                               1.30748
vd2                                     -0.001
ap2                                     0.5995
an2                                     0.6005
ibn2                                  0.390914
x2.x1.tmid                          1.4588e-09
x2.x1.tail                            0.585729
x2.x1.np                                  1.32
x2.x1.nn                                  1.32
x2.x1.ln                                  1.32
x2.x1.lp                                  1.32
x2.x1.lnb                          1.01797e-08
x2.x1.lpb                          1.01797e-08
x2.x1.na                               1.30748
doutb2                                0.673586
dout2                                 0.673586
x2.x1.nb                               1.30748
ean2#branch                         2.2046e-13
eap2#branch                         2.2157e-13
ean1#branch                         2.2157e-13
eap1#branch                         2.2046e-13
ean0#branch                        2.21036e-13
eap0#branch                        2.21036e-13
vclk#branch                        2.70227e-10
vd2#branch                                   0
vd1#branch                                   0
vd0#branch                                   0
vcm#branch                         1.32613e-12
vsup#branch                       -0.000218308

 Reference value :  0.00000e+00
 Reference value :  7.08235e-10
 Reference value :  1.34118e-09
 Reference value :  2.21412e-09
 Reference value :  3.24000e-09
 Reference value :  4.02824e-09
 Reference value :  4.88118e-09
No. of Data Rows : 1345
vsup_v              =  1.32000e+00
d0now               =  1.32195e-06
d1now               =  1.32000e+00
d2now               =  -2.29220e-06
Reset re-loads circuit * comparator-transient-noise @ ss_-40c_1.32v -- generated by sim/harness, do not edit

Circuit: * comparator-transient-noise @ ss_-40c_1.32v -- generated by sim/harness, do not edit

Doing analysis at TEMP = -40.000000 and TNOM = 27.000000

Using SPARSE 1.3 as Direct Linear Solver

Initial Transient Solution
--------------------------

Node                                   Voltage
----                                   -------
vdd                                       1.32
cm                                         0.6
vd0                                          0
ap0                                        0.6
an0                                        0.6
ibn0                                  0.390914
x0.x1.tmid                         1.45879e-09
x0.x1.tail                            0.585725
clk                                          0
x0.x1.np                                  1.32
x0.x1.nn                                  1.32
x0.x1.ln                                  1.32
x0.x1.lp                                  1.32
x0.x1.lnb                          1.01797e-08
x0.x1.lpb                          1.01797e-08
x0.x1.na                               1.30748
doutb0                                0.673586
dout0                                 0.673586
x0.x1.nb                               1.30748
vd1                                      0.001
ap1                                     0.6005
an1                                     0.5995
ibn1                                  0.390914
x1.x1.tmid                          1.4588e-09
x1.x1.tail                            0.585729
x1.x1.np                                  1.32
x1.x1.nn                                  1.32
x1.x1.ln                                  1.32
x1.x1.lp                                  1.32
x1.x1.lnb                          1.01797e-08
x1.x1.lpb                          1.01797e-08
x1.x1.na                               1.30748
doutb1                                0.673586
dout1                                 0.673586
x1.x1.nb                               1.30748
vd2                                     -0.001
ap2                                     0.5995
an2                                     0.6005
ibn2                                  0.390914
x2.x1.tmid                          1.4588e-09
x2.x1.tail                            0.585729
x2.x1.np                                  1.32
x2.x1.nn                                  1.32
x2.x1.ln                                  1.32
x2.x1.lp                                  1.32
x2.x1.lnb                          1.01797e-08
x2.x1.lpb                          1.01797e-08
x2.x1.na                               1.30748
doutb2                                0.673586
dout2                                 0.673586
x2.x1.nb                               1.30748
ean2#branch                         2.2046e-13
eap2#branch                         2.2157e-13
ean1#branch                         2.2157e-13
eap1#branch                         2.2046e-13
ean0#branch                        2.21036e-13
eap0#branch                        2.21036e-13
vclk#branch                        2.70227e-10
vd2#branch                                   0
vd1#branch                                   0
vd0#branch                                   0
vcm#branch                         1.32613e-12
vsup#branch                       -0.000218308

 Reference value :  0.00000e+00
 Reference value :  6.74118e-10
 Reference value :  1.30000e-09
 Reference value :  2.22118e-09
 Reference value :  3.22000e-09
 Reference value :  3.98353e-09
 Reference value :  4.85412e-09
No. of Data Rows : 1345
vsup_v              =  1.32000e+00
d0now               =  1.32000e+00
d1now               =  1.32000e+00
d2now               =  1.30638e-06
Reset re-loads circuit * comparator-transient-noise @ ss_-40c_1.32v -- generated by sim/harness, do not edit

Circuit: * comparator-transient-noise @ ss_-40c_1.32v -- generated by sim/harness, do not edit

Doing analysis at TEMP = -40.000000 and TNOM = 27.000000

Using SPARSE 1.3 as Direct Linear Solver

Initial Transient Solution
--------------------------

Node                                   Voltage
----                                   -------
vdd                                       1.32
cm                                         0.6
vd0                                          0
ap0                                        0.6
an0                                        0.6
ibn0                                  0.390914
x0.x1.tmid                         1.45879e-09
x0.x1.tail                            0.585725
clk                                          0
x0.x1.np                                  1.32
x0.x1.nn                                  1.32
x0.x1.ln                                  1.32
x0.x1.lp                                  1.32
x0.x1.lnb                          1.01797e-08
x0.x1.lpb                          1.01797e-08
x0.x1.na                               1.30748
doutb0                                0.673586
dout0                                 0.673586
x0.x1.nb                               1.30748
vd1                                      0.001
ap1                                     0.6005
an1                                     0.5995
ibn1                                  0.390914
x1.x1.tmid                          1.4588e-09
x1.x1.tail                            0.585729
x1.x1.np                                  1.32
x1.x1.nn                                  1.32
x1.x1.ln                                  1.32
x1.x1.lp                                  1.32
x1.x1.lnb                          1.01797e-08
x1.x1.lpb                          1.01797e-08
x1.x1.na                               1.30748
doutb1                                0.673586
dout1                                 0.673586
x1.x1.nb                               1.30748
vd2                                     -0.001
ap2                                     0.5995
an2                                     0.6005
ibn2                                  0.390914
x2.x1.tmid                          1.4588e-09
x2.x1.tail                            0.585729
x2.x1.np                                  1.32
x2.x1.nn                                  1.32
x2.x1.ln                                  1.32
x2.x1.lp                                  1.32
x2.x1.lnb                          1.01797e-08
x2.x1.lpb                          1.01797e-08
x2.x1.na                               1.30748
doutb2                                0.673586
dout2                                 0.673586
x2.x1.nb                               1.30748
ean2#branch                         2.2046e-13
eap2#branch                         2.2157e-13
ean1#branch                         2.2157e-13
eap1#branch                         2.2046e-13
ean0#branch                        2.21036e-13
eap0#branch                        2.21036e-13
vclk#branch                        2.70227e-10
vd2#branch                                   0
vd1#branch                                   0
vd0#branch                                   0
vcm#branch                         1.32613e-12
vsup#branch                       -0.000218308

 Reference value :  0.00000e+00
 Reference value :  6.81176e-10
 Reference value :  1.30118e-09
 Reference value :  2.12353e-09
 Reference value :  3.06353e-09
 Reference value :  3.82000e-09
 Reference value :  4.80353e-09
No. of Data Rows : 1345
vsup_v              =  1.32000e+00
d0now               =  -3.58786e-07
d1now               =  1.32000e+00
d2now               =  -5.08509e-07
Reset re-loads circuit * comparator-transient-noise @ ss_-40c_1.32v -- generated by sim/harness, do not edit

Circuit: * comparator-transient-noise @ ss_-40c_1.32v -- generated by sim/harness, do not edit

Doing analysis at TEMP = -40.000000 and TNOM = 27.000000

Using SPARSE 1.3 as Direct Linear Solver

Initial Transient Solution
--------------------------

Node                                   Voltage
----                                   -------
vdd                                       1.32
cm                                         0.6
vd0                                          0
ap0                                        0.6
an0                                        0.6
ibn0                                  0.390914
x0.x1.tmid                         1.45879e-09
x0.x1.tail                            0.585725
clk                                          0
x0.x1.np                                  1.32
x0.x1.nn                                  1.32
x0.x1.ln                                  1.32
x0.x1.lp                                  1.32
x0.x1.lnb                          1.01797e-08
x0.x1.lpb                          1.01797e-08
x0.x1.na                               1.30748
doutb0                                0.673586
dout0                                 0.673586
x0.x1.nb                               1.30748
vd1                                      0.001
ap1                                     0.6005
an1                                     0.5995
ibn1                                  0.390914
x1.x1.tmid                          1.4588e-09
x1.x1.tail                            0.585729
x1.x1.np                                  1.32
x1.x1.nn                                  1.32
x1.x1.ln                                  1.32
x1.x1.lp                                  1.32
x1.x1.lnb                          1.01797e-08
x1.x1.lpb                          1.01797e-08
x1.x1.na                               1.30748
doutb1                                0.673586
dout1                                 0.673586
x1.x1.nb                               1.30748
vd2                                     -0.001
ap2                                     0.5995
an2                                     0.6005
ibn2                                  0.390914
x2.x1.tmid                          1.4588e-09
x2.x1.tail                            0.585729
x2.x1.np                                  1.32
x2.x1.nn                                  1.32
x2.x1.ln                                  1.32
x2.x1.lp                                  1.32
x2.x1.lnb                          1.01797e-08
x2.x1.lpb                          1.01797e-08
x2.x1.na                               1.30748
doutb2                                0.673586
dout2                                 0.673586
x2.x1.nb                               1.30748
ean2#branch                         2.2046e-13
eap2#branch                         2.2157e-13
ean1#branch                         2.2157e-13
eap1#branch                         2.2046e-13
ean0#branch                        2.21036e-13
eap0#branch                        2.21036e-13
vclk#branch                        2.70227e-10
vd2#branch                                   0
vd1#branch                                   0
vd0#branch                                   0
vcm#branch                         1.32613e-12
vsup#branch                       -0.000218308

 Reference value :  0.00000e+00
 Reference value :  6.94118e-10
 Reference value :  1.28000e-09
 Reference value :  2.20118e-09
 Reference value :  3.20353e-09
 Reference value :  4.01412e-09
 Reference value :  4.81412e-09
No. of Data Rows : 1345
vsup_v              =  1.32000e+00
d0now               =  1.32000e+00
d1now               =  1.91328e-06
d2now               =  -9.64193e-07
Reset re-loads circuit * comparator-transient-noise @ ss_-40c_1.32v -- generated by sim/harness, do not edit

Circuit: * comparator-transient-noise @ ss_-40c_1.32v -- generated by sim/harness, do not edit

Doing analysis at TEMP = -40.000000 and TNOM = 27.000000

Using SPARSE 1.3 as Direct Linear Solver

Initial Transient Solution
--------------------------

Node                                   Voltage
----                                   -------
vdd                                       1.32
cm                                         0.6
vd0                                          0
ap0                                        0.6
an0                                        0.6
ibn0                                  0.390914
x0.x1.tmid                         1.45879e-09
x0.x1.tail                            0.585725
clk                                          0
x0.x1.np                                  1.32
x0.x1.nn                                  1.32
x0.x1.ln                                  1.32
x0.x1.lp                                  1.32
x0.x1.lnb                          1.01797e-08
x0.x1.lpb                          1.01797e-08
x0.x1.na                               1.30748
doutb0                                0.673586
dout0                                 0.673586
x0.x1.nb                               1.30748
vd1                                      0.001
ap1                                     0.6005
an1                                     0.5995
ibn1                                  0.390914
x1.x1.tmid                          1.4588e-09
x1.x1.tail                            0.585729
x1.x1.np                                  1.32
x1.x1.nn                                  1.32
x1.x1.ln                                  1.32
x1.x1.lp                                  1.32
x1.x1.lnb                          1.01797e-08
x1.x1.lpb                          1.01797e-08
x1.x1.na                               1.30748
doutb1                                0.673586
dout1                                 0.673586
x1.x1.nb                               1.30748
vd2                                     -0.001
ap2                                     0.5995
an2                                     0.6005
ibn2                                  0.390914
x2.x1.tmid                          1.4588e-09
x2.x1.tail                            0.585729
x2.x1.np                                  1.32
x2.x1.nn                                  1.32
x2.x1.ln                                  1.32
x2.x1.lp                                  1.32
x2.x1.lnb                          1.01797e-08
x2.x1.lpb                          1.01797e-08
x2.x1.na                               1.30748
doutb2                                0.673586
dout2                                 0.673586
x2.x1.nb                               1.30748
ean2#branch                         2.2046e-13
eap2#branch                         2.2157e-13
ean1#branch                         2.2157e-13
eap1#branch                         2.2046e-13
ean0#branch                        2.21036e-13
eap0#branch                        2.21036e-13
vclk#branch                        2.70227e-10
vd2#branch                                   0
vd1#branch                                   0
vd0#branch                                   0
vcm#branch                         1.32613e-12
vsup#branch                       -0.000218308

 Reference value :  0.00000e+00
 Reference value :  7.14118e-10
 Reference value :  1.28000e-09
 Reference value :  2.15412e-09
 Reference value :  3.12353e-09
 Reference value :  3.94000e-09
 Reference value :  4.66118e-09
No. of Data Rows : 1345
vsup_v              =  1.32000e+00
d0now               =  -2.23555e-07
d1now               =  1.32000e+00
d2now               =  9.69742e-07
Reset re-loads circuit * comparator-transient-noise @ ss_-40c_1.32v -- generated by sim/harness, do not edit

Circuit: * comparator-transient-noise @ ss_-40c_1.32v -- generated by sim/harness, do not edit

Doing analysis at TEMP = -40.000000 and TNOM = 27.000000

Using SPARSE 1.3 as Direct Linear Solver

Initial Transient Solution
--------------------------

Node                                   Voltage
----                                   -------
vdd                                       1.32
cm                                         0.6
vd0                                          0
ap0                                        0.6
an0                                        0.6
ibn0                                  0.390914
x0.x1.tmid                         1.45879e-09
x0.x1.tail                            0.585725
clk                                          0
x0.x1.np                                  1.32
x0.x1.nn                                  1.32
x0.x1.ln                                  1.32
x0.x1.lp                                  1.32
x0.x1.lnb                          1.01797e-08
x0.x1.lpb                          1.01797e-08
x0.x1.na                               1.30748
doutb0                                0.673586
dout0                                 0.673586
x0.x1.nb                               1.30748
vd1                                      0.001
ap1                                     0.6005
an1                                     0.5995
ibn1                                  0.390914
x1.x1.tmid                          1.4588e-09
x1.x1.tail                            0.585729
x1.x1.np                                  1.32
x1.x1.nn                                  1.32
x1.x1.ln                                  1.32
x1.x1.lp                                  1.32
x1.x1.lnb                          1.01797e-08
x1.x1.lpb                          1.01797e-08
x1.x1.na                               1.30748
doutb1                                0.673586
dout1                                 0.673586
x1.x1.nb                               1.30748
vd2                                     -0.001
ap2                                     0.5995
an2                                     0.6005
ibn2                                  0.390914
x2.x1.tmid                          1.4588e-09
x2.x1.tail                            0.585729
x2.x1.np                                  1.32
x2.x1.nn                                  1.32
x2.x1.ln                                  1.32
x2.x1.lp                                  1.32
x2.x1.lnb                          1.01797e-08
x2.x1.lpb                          1.01797e-08
x2.x1.na                               1.30748
doutb2                                0.673586
dout2                                 0.673586
x2.x1.nb                               1.30748
ean2#branch                         2.2046e-13
eap2#branch                         2.2157e-13
ean1#branch                         2.2157e-13
eap1#branch                         2.2046e-13
ean0#branch                        2.21036e-13
eap0#branch                        2.21036e-13
vclk#branch                        2.70227e-10
vd2#branch                                   0
vd1#branch                                   0
vd0#branch                                   0
vcm#branch                         1.32613e-12
vsup#branch                       -0.000218308

 Reference value :  0.00000e+00
 Reference value :  7.20000e-10
 Reference value :  1.35412e-09
 Reference value :  2.18824e-09
 Reference value :  3.27412e-09
 Reference value :  4.05412e-09
 Reference value :  4.84118e-09
No. of Data Rows : 1345
vsup_v              =  1.32000e+00
d0now               =  1.32000e+00
d1now               =  1.32000e+00
d2now               =  -1.90662e-07
Reset re-loads circuit * comparator-transient-noise @ ss_-40c_1.32v -- generated by sim/harness, do not edit

Circuit: * comparator-transient-noise @ ss_-40c_1.32v -- generated by sim/harness, do not edit

Doing analysis at TEMP = -40.000000 and TNOM = 27.000000

Using SPARSE 1.3 as Direct Linear Solver

Initial Transient Solution
--------------------------

Node                                   Voltage
----                                   -------
vdd                                       1.32
cm                                         0.6
vd0                                          0
ap0                                        0.6
an0                                        0.6
ibn0                                  0.390914
x0.x1.tmid                         1.45879e-09
x0.x1.tail                            0.585725
clk                                          0
x0.x1.np                                  1.32
x0.x1.nn                                  1.32
x0.x1.ln                                  1.32
x0.x1.lp                                  1.32
x0.x1.lnb                          1.01797e-08
x0.x1.lpb                          1.01797e-08
x0.x1.na                               1.30748
doutb0                                0.673586
dout0                                 0.673586
x0.x1.nb                               1.30748
vd1                                      0.001
ap1                                     0.6005
an1                                     0.5995
ibn1                                  0.390914
x1.x1.tmid                          1.4588e-09
x1.x1.tail                            0.585729
x1.x1.np                                  1.32
x1.x1.nn                                  1.32
x1.x1.ln                                  1.32
x1.x1.lp                                  1.32
x1.x1.lnb                          1.01797e-08
x1.x1.lpb                          1.01797e-08
x1.x1.na                               1.30748
doutb1                                0.673586
dout1                                 0.673586
x1.x1.nb                               1.30748
vd2                                     -0.001
ap2                                     0.5995
an2                                     0.6005
ibn2                                  0.390914
x2.x1.tmid                          1.4588e-09
x2.x1.tail                            0.585729
x2.x1.np                                  1.32
x2.x1.nn                                  1.32
x2.x1.ln                                  1.32
x2.x1.lp                                  1.32
x2.x1.lnb                          1.01797e-08
x2.x1.lpb                          1.01797e-08
x2.x1.na                               1.30748
doutb2                                0.673586
dout2                                 0.673586
x2.x1.nb                               1.30748
ean2#branch                         2.2046e-13
eap2#branch                         2.2157e-13
ean1#branch                         2.2157e-13
eap1#branch                         2.2046e-13
ean0#branch                        2.21036e-13
eap0#branch                        2.21036e-13
vclk#branch                        2.70227e-10
vd2#branch                                   0
vd1#branch                                   0
vd0#branch                                   0
vcm#branch                         1.32613e-12
vsup#branch                       -0.000218308

 Reference value :  0.00000e+00
 Reference value :  8.01176e-10
 Reference value :  1.44353e-09
 Reference value :  2.48000e-09
 Reference value :  3.46118e-09
 Reference value :  4.28824e-09
 Reference value :  4.96000e-09
No. of Data Rows : 1345
vsup_v              =  1.32000e+00
d0now               =  2.72980e-07
d1now               =  1.32000e+00
d2now               =  6.59884e-09
Reset re-loads circuit * comparator-transient-noise @ ss_-40c_1.32v -- generated by sim/harness, do not edit

Circuit: * comparator-transient-noise @ ss_-40c_1.32v -- generated by sim/harness, do not edit

Doing analysis at TEMP = -40.000000 and TNOM = 27.000000

Using SPARSE 1.3 as Direct Linear Solver

Initial Transient Solution
--------------------------

Node                                   Voltage
----                                   -------
vdd                                       1.32
cm                                         0.6
vd0                                          0
ap0                                        0.6
an0                                        0.6
ibn0                                  0.390914
x0.x1.tmid                         1.45879e-09
x0.x1.tail                            0.585725
clk                                          0
x0.x1.np                                  1.32
x0.x1.nn                                  1.32
x0.x1.ln                                  1.32
x0.x1.lp                                  1.32
x0.x1.lnb                          1.01797e-08
x0.x1.lpb                          1.01797e-08
x0.x1.na                               1.30748
doutb0                                0.673586
dout0                                 0.673586
x0.x1.nb                               1.30748
vd1                                      0.001
ap1                                     0.6005
an1                                     0.5995
ibn1                                  0.390914
x1.x1.tmid                          1.4588e-09
x1.x1.tail                            0.585729
x1.x1.np                                  1.32
x1.x1.nn                                  1.32
x1.x1.ln                                  1.32
x1.x1.lp                                  1.32
x1.x1.lnb                          1.01797e-08
x1.x1.lpb                          1.01797e-08
x1.x1.na                               1.30748
doutb1                                0.673586
dout1                                 0.673586
x1.x1.nb                               1.30748
vd2                                     -0.001
ap2                                     0.5995
an2                                     0.6005
ibn2                                  0.390914
x2.x1.tmid                          1.4588e-09
x2.x1.tail                            0.585729
x2.x1.np                                  1.32
x2.x1.nn                                  1.32
x2.x1.ln                                  1.32
x2.x1.lp                                  1.32
x2.x1.lnb                          1.01797e-08
x2.x1.lpb                          1.01797e-08
x2.x1.na                               1.30748
doutb2                                0.673586
dout2                                 0.673586
x2.x1.nb                               1.30748
ean2#branch                         2.2046e-13
eap2#branch                         2.2157e-13
ean1#branch                         2.2157e-13
eap1#branch                         2.2046e-13
ean0#branch                        2.21036e-13
eap0#branch                        2.21036e-13
vclk#branch                        2.70227e-10
vd2#branch                                   0
vd1#branch                                   0
vd0#branch                                   0
vcm#branch                         1.32613e-12
vsup#branch                       -0.000218308

 Reference value :  0.00000e+00
 Reference value :  6.28235e-10
 Reference value :  1.16118e-09
 Reference value :  2.07412e-09
 Reference value :  2.93412e-09
 Reference value :  3.70118e-09
 Reference value :  4.42353e-09
No. of Data Rows : 1345
vsup_v              =  1.32000e+00
d0now               =  1.32000e+00
d1now               =  1.32000e+00
d2now               =  1.40897e-06
Reset re-loads circuit * comparator-transient-noise @ ss_-40c_1.32v -- generated by sim/harness, do not edit

Circuit: * comparator-transient-noise @ ss_-40c_1.32v -- generated by sim/harness, do not edit

Doing analysis at TEMP = -40.000000 and TNOM = 27.000000

Using SPARSE 1.3 as Direct Linear Solver

Initial Transient Solution
--------------------------

Node                                   Voltage
----                                   -------
vdd                                       1.32
cm                                         0.6
vd0                                          0
ap0                                        0.6
an0                                        0.6
ibn0                                  0.390914
x0.x1.tmid                         1.45879e-09
x0.x1.tail                            0.585725
clk                                          0
x0.x1.np                                  1.32
x0.x1.nn                                  1.32
x0.x1.ln                                  1.32
x0.x1.lp                                  1.32
x0.x1.lnb                          1.01797e-08
x0.x1.lpb                          1.01797e-08
x0.x1.na                               1.30748
doutb0                                0.673586
dout0                                 0.673586
x0.x1.nb                               1.30748
vd1                                      0.001
ap1                                     0.6005
an1                                     0.5995
ibn1                                  0.390914
x1.x1.tmid                          1.4588e-09
x1.x1.tail                            0.585729
x1.x1.np                                  1.32
x1.x1.nn                                  1.32
x1.x1.ln                                  1.32
x1.x1.lp                                  1.32
x1.x1.lnb                          1.01797e-08
x1.x1.lpb                          1.01797e-08
x1.x1.na                               1.30748
doutb1                                0.673586
dout1                                 0.673586
x1.x1.nb                               1.30748
vd2                                     -0.001
ap2                                     0.5995
an2                                     0.6005
ibn2                                  0.390914
x2.x1.tmid                          1.4588e-09
x2.x1.tail                            0.585729
x2.x1.np                                  1.32
x2.x1.nn                                  1.32
x2.x1.ln                                  1.32
x2.x1.lp                                  1.32
x2.x1.lnb                          1.01797e-08
x2.x1.lpb                          1.01797e-08
x2.x1.na                               1.30748
doutb2                                0.673586
dout2                                 0.673586
x2.x1.nb                               1.30748
ean2#branch                         2.2046e-13
eap2#branch                         2.2157e-13
ean1#branch                         2.2157e-13
eap1#branch                         2.2046e-13
ean0#branch                        2.21036e-13
eap0#branch                        2.21036e-13
vclk#branch                        2.70227e-10
vd2#branch                                   0
vd1#branch                                   0
vd0#branch                                   0
vcm#branch                         1.32613e-12
vsup#branch                       -0.000218308

 Reference value :  0.00000e+00
 Reference value :  6.41176e-10
 Reference value :  1.14350e-09
 Reference value :  1.96000e-09
 Reference value :  2.78824e-09
 Reference value :  3.56824e-09
 Reference value :  4.30000e-09
 Reference value :  5.10000e-09
No. of Data Rows : 1345
vsup_v              =  1.32000e+00
d0now               =  1.11833e-06
d1now               =  1.32000e+00
d2now               =  1.32000e+00
Reset re-loads circuit * comparator-transient-noise @ ss_-40c_1.32v -- generated by sim/harness, do not edit

Circuit: * comparator-transient-noise @ ss_-40c_1.32v -- generated by sim/harness, do not edit

Doing analysis at TEMP = -40.000000 and TNOM = 27.000000

Using SPARSE 1.3 as Direct Linear Solver

Initial Transient Solution
--------------------------

Node                                   Voltage
----                                   -------
vdd                                       1.32
cm                                         0.6
vd0                                          0
ap0                                        0.6
an0                                        0.6
ibn0                                  0.390914
x0.x1.tmid                         1.45879e-09
x0.x1.tail                            0.585725
clk                                          0
x0.x1.np                                  1.32
x0.x1.nn                                  1.32
x0.x1.ln                                  1.32
x0.x1.lp                                  1.32
x0.x1.lnb                          1.01797e-08
x0.x1.lpb                          1.01797e-08
x0.x1.na                               1.30748
doutb0                                0.673586
dout0                                 0.673586
x0.x1.nb                               1.30748
vd1                                      0.001
ap1                                     0.6005
an1                                     0.5995
ibn1                                  0.390914
x1.x1.tmid                          1.4588e-09
x1.x1.tail                            0.585729
x1.x1.np                                  1.32
x1.x1.nn                                  1.32
x1.x1.ln                                  1.32
x1.x1.lp                                  1.32
x1.x1.lnb                          1.01797e-08
x1.x1.lpb                          1.01797e-08
x1.x1.na                               1.30748
doutb1                                0.673586
dout1                                 0.673586
x1.x1.nb                               1.30748
vd2                                     -0.001
ap2                                     0.5995
an2                                     0.6005
ibn2                                  0.390914
x2.x1.tmid                          1.4588e-09
x2.x1.tail                            0.585729
x2.x1.np                                  1.32
x2.x1.nn                                  1.32
x2.x1.ln                                  1.32
x2.x1.lp                                  1.32
x2.x1.lnb                          1.01797e-08
x2.x1.lpb                          1.01797e-08
x2.x1.na                               1.30748
doutb2                                0.673586
dout2                                 0.673586
x2.x1.nb                               1.30748
ean2#branch                         2.2046e-13
eap2#branch                         2.2157e-13
ean1#branch                         2.2157e-13
eap1#branch                         2.2046e-13
ean0#branch                        2.21036e-13
eap0#branch                        2.21036e-13
vclk#branch                        2.70227e-10
vd2#branch                                   0
vd1#branch                                   0
vd0#branch                                   0
vcm#branch                         1.32613e-12
vsup#branch                       -0.000218308

 Reference value :  0.00000e+00
 Reference value :  6.54118e-10
 Reference value :  1.20354e-09
 Reference value :  2.06824e-09
 Reference value :  2.86118e-09
 Reference value :  3.64824e-09
 Reference value :  4.34824e-09
 Reference value :  5.06353e-09
No. of Data Rows : 1345
vsup_v              =  1.32000e+00
d0now               =  -5.88517e-07
d1now               =  1.32000e+00
d2now               =  1.32000e+00
Reset re-loads circuit * comparator-transient-noise @ ss_-40c_1.32v -- generated by sim/harness, do not edit

Circuit: * comparator-transient-noise @ ss_-40c_1.32v -- generated by sim/harness, do not edit

Doing analysis at TEMP = -40.000000 and TNOM = 27.000000

Using SPARSE 1.3 as Direct Linear Solver

Initial Transient Solution
--------------------------

Node                                   Voltage
----                                   -------
vdd                                       1.32
cm                                         0.6
vd0                                          0
ap0                                        0.6
an0                                        0.6
ibn0                                  0.390914
x0.x1.tmid                         1.45879e-09
x0.x1.tail                            0.585725
clk                                          0
x0.x1.np                                  1.32
x0.x1.nn                                  1.32
x0.x1.ln                                  1.32
x0.x1.lp                                  1.32
x0.x1.lnb                          1.01797e-08
x0.x1.lpb                          1.01797e-08
x0.x1.na                               1.30748
doutb0                                0.673586
dout0                                 0.673586
x0.x1.nb                               1.30748
vd1                                      0.001
ap1                                     0.6005
an1                                     0.5995
ibn1                                  0.390914
x1.x1.tmid                          1.4588e-09
x1.x1.tail                            0.585729
x1.x1.np                                  1.32
x1.x1.nn                                  1.32
x1.x1.ln                                  1.32
x1.x1.lp                                  1.32
x1.x1.lnb                          1.01797e-08
x1.x1.lpb                          1.01797e-08
x1.x1.na                               1.30748
doutb1                                0.673586
dout1                                 0.673586
x1.x1.nb                               1.30748
vd2                                     -0.001
ap2                                     0.5995
an2                                     0.6005
ibn2                                  0.390914
x2.x1.tmid                          1.4588e-09
x2.x1.tail                            0.585729
x2.x1.np                                  1.32
x2.x1.nn                                  1.32
x2.x1.ln                                  1.32
x2.x1.lp                                  1.32
x2.x1.lnb                          1.01797e-08
x2.x1.lpb                          1.01797e-08
x2.x1.na                               1.30748
doutb2                                0.673586
dout2                                 0.673586
x2.x1.nb                               1.30748
ean2#branch                         2.2046e-13
eap2#branch                         2.2157e-13
ean1#branch                         2.2157e-13
eap1#branch                         2.2046e-13
ean0#branch                        2.21036e-13
eap0#branch                        2.21036e-13
vclk#branch                        2.70227e-10
vd2#branch                                   0
vd1#branch                                   0
vd0#branch                                   0
vcm#branch                         1.32613e-12
vsup#branch                       -0.000218308

 Reference value :  0.00000e+00
 Reference value :  6.40000e-10
 Reference value :  1.14000e-09
 Reference value :  2.00353e-09
 Reference value :  2.82000e-09
 Reference value :  3.61412e-09
 Reference value :  4.38000e-09
 Reference value :  5.05412e-09
No. of Data Rows : 1345
vsup_v              =  1.32000e+00
d0now               =  -1.83437e-06
d1now               =  1.32000e+00
d2now               =  2.04429e-06
Reset re-loads circuit * comparator-transient-noise @ ss_-40c_1.32v -- generated by sim/harness, do not edit

Circuit: * comparator-transient-noise @ ss_-40c_1.32v -- generated by sim/harness, do not edit

Doing analysis at TEMP = -40.000000 and TNOM = 27.000000

Using SPARSE 1.3 as Direct Linear Solver

Initial Transient Solution
--------------------------

Node                                   Voltage
----                                   -------
vdd                                       1.32
cm                                         0.6
vd0                                          0
ap0                                        0.6
an0                                        0.6
ibn0                                  0.390914
x0.x1.tmid                         1.45879e-09
x0.x1.tail                            0.585725
clk                                          0
x0.x1.np                                  1.32
x0.x1.nn                                  1.32
x0.x1.ln                                  1.32
x0.x1.lp                                  1.32
x0.x1.lnb                          1.01797e-08
x0.x1.lpb                          1.01797e-08
x0.x1.na                               1.30748
doutb0                                0.673586
dout0                                 0.673586
x0.x1.nb                               1.30748
vd1                                      0.001
ap1                                     0.6005
an1                                     0.5995
ibn1                                  0.390914
x1.x1.tmid                          1.4588e-09
x1.x1.tail                            0.585729
x1.x1.np                                  1.32
x1.x1.nn                                  1.32
x1.x1.ln                                  1.32
x1.x1.lp                                  1.32
x1.x1.lnb                          1.01797e-08
x1.x1.lpb                          1.01797e-08
x1.x1.na                               1.30748
doutb1                                0.673586
dout1                                 0.673586
x1.x1.nb                               1.30748
vd2                                     -0.001
ap2                                     0.5995
an2                                     0.6005
ibn2                                  0.390914
x2.x1.tmid                          1.4588e-09
x2.x1.tail                            0.585729
x2.x1.np                                  1.32
x2.x1.nn                                  1.32
x2.x1.ln                                  1.32
x2.x1.lp                                  1.32
x2.x1.lnb                          1.01797e-08
x2.x1.lpb                          1.01797e-08
x2.x1.na                               1.30748
doutb2                                0.673586
dout2                                 0.673586
x2.x1.nb                               1.30748
ean2#branch                         2.2046e-13
eap2#branch                         2.2157e-13
ean1#branch                         2.2157e-13
eap1#branch                         2.2046e-13
ean0#branch                        2.21036e-13
eap0#branch                        2.21036e-13
vclk#branch                        2.70227e-10
vd2#branch                                   0
vd1#branch                                   0
vd0#branch                                   0
vcm#branch                         1.32613e-12
vsup#branch                       -0.000218308

 Reference value :  0.00000e+00
 Reference value :  6.21176e-10
 Reference value :  1.12356e-09
 Reference value :  1.96000e-09
 Reference value :  2.80000e-09
 Reference value :  3.54824e-09
 Reference value :  4.24000e-09
 Reference value :  4.94353e-09
No. of Data Rows : 1345
vsup_v              =  1.32000e+00
d0now               =  2.67814e-07
d1now               =  1.32000e+00
d2now               =  1.56422e-06
Reset re-loads circuit * comparator-transient-noise @ ss_-40c_1.32v -- generated by sim/harness, do not edit

Circuit: * comparator-transient-noise @ ss_-40c_1.32v -- generated by sim/harness, do not edit

Doing analysis at TEMP = -40.000000 and TNOM = 27.000000

Using SPARSE 1.3 as Direct Linear Solver

Initial Transient Solution
--------------------------

Node                                   Voltage
----                                   -------
vdd                                       1.32
cm                                         0.6
vd0                                          0
ap0                                        0.6
an0                                        0.6
ibn0                                  0.390914
x0.x1.tmid                         1.45879e-09
x0.x1.tail                            0.585725
clk                                          0
x0.x1.np                                  1.32
x0.x1.nn                                  1.32
x0.x1.ln                                  1.32
x0.x1.lp                                  1.32
x0.x1.lnb                          1.01797e-08
x0.x1.lpb                          1.01797e-08
x0.x1.na                               1.30748
doutb0                                0.673586
dout0                                 0.673586
x0.x1.nb                               1.30748
vd1                                      0.001
ap1                                     0.6005
an1                                     0.5995
ibn1                                  0.390914
x1.x1.tmid                          1.4588e-09
x1.x1.tail                            0.585729
x1.x1.np                                  1.32
x1.x1.nn                                  1.32
x1.x1.ln                                  1.32
x1.x1.lp                                  1.32
x1.x1.lnb                          1.01797e-08
x1.x1.lpb                          1.01797e-08
x1.x1.na                               1.30748
doutb1                                0.673586
dout1                                 0.673586
x1.x1.nb                               1.30748
vd2                                     -0.001
ap2                                     0.5995
an2                                     0.6005
ibn2                                  0.390914
x2.x1.tmid                          1.4588e-09
x2.x1.tail                            0.585729
x2.x1.np                                  1.32
x2.x1.nn                                  1.32
x2.x1.ln                                  1.32
x2.x1.lp                                  1.32
x2.x1.lnb                          1.01797e-08
x2.x1.lpb                          1.01797e-08
x2.x1.na                               1.30748
doutb2                                0.673586
dout2                                 0.673586
x2.x1.nb                               1.30748
ean2#branch                         2.2046e-13
eap2#branch                         2.2157e-13
ean1#branch                         2.2157e-13
eap1#branch                         2.2046e-13
ean0#branch                        2.21036e-13
eap0#branch                        2.21036e-13
vclk#branch                        2.70227e-10
vd2#branch                                   0
vd1#branch                                   0
vd0#branch                                   0
vcm#branch                         1.32613e-12
vsup#branch                       -0.000218308

 Reference value :  0.00000e+00
 Reference value :  6.21176e-10
 Reference value :  1.10000e-09
 Reference value :  1.88000e-09
 Reference value :  2.60000e-09
 Reference value :  3.42118e-09
 Reference value :  4.19412e-09
 Reference value :  4.84824e-09
No. of Data Rows : 1345
vsup_v              =  1.32000e+00
d0now               =  2.14574e-06
d1now               =  1.32000e+00
d2now               =  1.32000e+00
Reset re-loads circuit * comparator-transient-noise @ ss_-40c_1.32v -- generated by sim/harness, do not edit

Circuit: * comparator-transient-noise @ ss_-40c_1.32v -- generated by sim/harness, do not edit

Doing analysis at TEMP = -40.000000 and TNOM = 27.000000

Using SPARSE 1.3 as Direct Linear Solver

Initial Transient Solution
--------------------------

Node                                   Voltage
----                                   -------
vdd                                       1.32
cm                                         0.6
vd0                                          0
ap0                                        0.6
an0                                        0.6
ibn0                                  0.390914
x0.x1.tmid                         1.45879e-09
x0.x1.tail                            0.585725
clk                                          0
x0.x1.np                                  1.32
x0.x1.nn                                  1.32
x0.x1.ln                                  1.32
x0.x1.lp                                  1.32
x0.x1.lnb                          1.01797e-08
x0.x1.lpb                          1.01797e-08
x0.x1.na                               1.30748
doutb0                                0.673586
dout0                                 0.673586
x0.x1.nb                               1.30748
vd1                                      0.001
ap1                                     0.6005
an1                                     0.5995
ibn1                                  0.390914
x1.x1.tmid                          1.4588e-09
x1.x1.tail                            0.585729
x1.x1.np                                  1.32
x1.x1.nn                                  1.32
x1.x1.ln                                  1.32
x1.x1.lp                                  1.32
x1.x1.lnb                          1.01797e-08
x1.x1.lpb                          1.01797e-08
x1.x1.na                               1.30748
doutb1                                0.673586
dout1                                 0.673586
x1.x1.nb                               1.30748
vd2                                     -0.001
ap2                                     0.5995
an2                                     0.6005
ibn2                                  0.390914
x2.x1.tmid                          1.4588e-09
x2.x1.tail                            0.585729
x2.x1.np                                  1.32
x2.x1.nn                                  1.32
x2.x1.ln                                  1.32
x2.x1.lp                                  1.32
x2.x1.lnb                          1.01797e-08
x2.x1.lpb                          1.01797e-08
x2.x1.na                               1.30748
doutb2                                0.673586
dout2                                 0.673586
x2.x1.nb                               1.30748
ean2#branch                         2.2046e-13
eap2#branch                         2.2157e-13
ean1#branch                         2.2157e-13
eap1#branch                         2.2046e-13
ean0#branch                        2.21036e-13
eap0#branch                        2.21036e-13
vclk#branch                        2.70227e-10
vd2#branch                                   0
vd1#branch                                   0
vd0#branch                                   0
vcm#branch                         1.32613e-12
vsup#branch                       -0.000218308

 Reference value :  0.00000e+00
 Reference value :  6.00000e-10
 Reference value :  1.10000e-09
 Reference value :  1.88000e-09
 Reference value :  2.62118e-09
 Reference value :  3.44000e-09
 Reference value :  4.13412e-09
 Reference value :  4.80824e-09
No. of Data Rows : 1345
vsup_v              =  1.32000e+00
d0now               =  -6.39159e-07
d1now               =  2.16211e-06
d2now               =  -9.87515e-07
Reset re-loads circuit * comparator-transient-noise @ ss_-40c_1.32v -- generated by sim/harness, do not edit

Circuit: * comparator-transient-noise @ ss_-40c_1.32v -- generated by sim/harness, do not edit

Doing analysis at TEMP = -40.000000 and TNOM = 27.000000

Using SPARSE 1.3 as Direct Linear Solver

Initial Transient Solution
--------------------------

Node                                   Voltage
----                                   -------
vdd                                       1.32
cm                                         0.6
vd0                                          0
ap0                                        0.6
an0                                        0.6
ibn0                                  0.390914
x0.x1.tmid                         1.45879e-09
x0.x1.tail                            0.585725
clk                                          0
x0.x1.np                                  1.32
x0.x1.nn                                  1.32
x0.x1.ln                                  1.32
x0.x1.lp                                  1.32
x0.x1.lnb                          1.01797e-08
x0.x1.lpb                          1.01797e-08
x0.x1.na                               1.30748
doutb0                                0.673586
dout0                                 0.673586
x0.x1.nb                               1.30748
vd1                                      0.001
ap1                                     0.6005
an1                                     0.5995
ibn1                                  0.390914
x1.x1.tmid                          1.4588e-09
x1.x1.tail                            0.585729
x1.x1.np                                  1.32
x1.x1.nn                                  1.32
x1.x1.ln                                  1.32
x1.x1.lp                                  1.32
x1.x1.lnb                          1.01797e-08
x1.x1.lpb                          1.01797e-08
x1.x1.na                               1.30748
doutb1                                0.673586
dout1                                 0.673586
x1.x1.nb                               1.30748
vd2                                     -0.001
ap2                                     0.5995
an2                                     0.6005
ibn2                                  0.390914
x2.x1.tmid                          1.4588e-09
x2.x1.tail                            0.585729
x2.x1.np                                  1.32
x2.x1.nn                                  1.32
x2.x1.ln                                  1.32
x2.x1.lp                                  1.32
x2.x1.lnb                          1.01797e-08
x2.x1.lpb                          1.01797e-08
x2.x1.na                               1.30748
doutb2                                0.673586
dout2                                 0.673586
x2.x1.nb                               1.30748
ean2#branch                         2.2046e-13
eap2#branch                         2.2157e-13
ean1#branch                         2.2157e-13
eap1#branch                         2.2046e-13
ean0#branch                        2.21036e-13
eap0#branch                        2.21036e-13
vclk#branch                        2.70227e-10
vd2#branch                                   0
vd1#branch                                   0
vd0#branch                                   0
vcm#branch                         1.32613e-12
vsup#branch                       -0.000218308

 Reference value :  0.00000e+00
 Reference value :  6.41176e-10
 Reference value :  1.13416e-09
 Reference value :  1.97412e-09
 Reference value :  2.74000e-09
 Reference value :  3.52824e-09
 Reference value :  4.24000e-09
 Reference value :  4.94353e-09
No. of Data Rows : 1345
vsup_v              =  1.32000e+00
d0now               =  1.32000e+00
d1now               =  1.32000e+00
d2now               =  1.32000e+00
Reset re-loads circuit * comparator-transient-noise @ ss_-40c_1.32v -- generated by sim/harness, do not edit

Circuit: * comparator-transient-noise @ ss_-40c_1.32v -- generated by sim/harness, do not edit

Doing analysis at TEMP = -40.000000 and TNOM = 27.000000

Using SPARSE 1.3 as Direct Linear Solver

Initial Transient Solution
--------------------------

Node                                   Voltage
----                                   -------
vdd                                       1.32
cm                                         0.6
vd0                                          0
ap0                                        0.6
an0                                        0.6
ibn0                                  0.390914
x0.x1.tmid                         1.45879e-09
x0.x1.tail                            0.585725
clk                                          0
x0.x1.np                                  1.32
x0.x1.nn                                  1.32
x0.x1.ln                                  1.32
x0.x1.lp                                  1.32
x0.x1.lnb                          1.01797e-08
x0.x1.lpb                          1.01797e-08
x0.x1.na                               1.30748
doutb0                                0.673586
dout0                                 0.673586
x0.x1.nb                               1.30748
vd1                                      0.001
ap1                                     0.6005
an1                                     0.5995
ibn1                                  0.390914
x1.x1.tmid                          1.4588e-09
x1.x1.tail                            0.585729
x1.x1.np                                  1.32
x1.x1.nn                                  1.32
x1.x1.ln                                  1.32
x1.x1.lp                                  1.32
x1.x1.lnb                          1.01797e-08
x1.x1.lpb                          1.01797e-08
x1.x1.na                               1.30748
doutb1                                0.673586
dout1                                 0.673586
x1.x1.nb                               1.30748
vd2                                     -0.001
ap2                                     0.5995
an2                                     0.6005
ibn2                                  0.390914
x2.x1.tmid                          1.4588e-09
x2.x1.tail                            0.585729
x2.x1.np                                  1.32
x2.x1.nn                                  1.32
x2.x1.ln                                  1.32
x2.x1.lp                                  1.32
x2.x1.lnb                          1.01797e-08
x2.x1.lpb                          1.01797e-08
x2.x1.na                               1.30748
doutb2                                0.673586
dout2                                 0.673586
x2.x1.nb                               1.30748
ean2#branch                         2.2046e-13
eap2#branch                         2.2157e-13
ean1#branch                         2.2157e-13
eap1#branch                         2.2046e-13
ean0#branch                        2.21036e-13
eap0#branch                        2.21036e-13
vclk#branch                        2.70227e-10
vd2#branch                                   0
vd1#branch                                   0
vd0#branch                                   0
vcm#branch                         1.32613e-12
vsup#branch                       -0.000218308

 Reference value :  0.00000e+00
 Reference value :  6.23529e-10
 Reference value :  1.12356e-09
 Reference value :  1.94118e-09
 Reference value :  2.68353e-09
 Reference value :  3.46000e-09
 Reference value :  4.18000e-09
 Reference value :  4.89412e-09
No. of Data Rows : 1345
vsup_v              =  1.32000e+00
d0now               =  1.32000e+00
d1now               =  1.32000e+00
d2now               =  7.49794e-07
Reset re-loads circuit * comparator-transient-noise @ ss_-40c_1.32v -- generated by sim/harness, do not edit

Circuit: * comparator-transient-noise @ ss_-40c_1.32v -- generated by sim/harness, do not edit

Doing analysis at TEMP = -40.000000 and TNOM = 27.000000

Using SPARSE 1.3 as Direct Linear Solver

Initial Transient Solution
--------------------------

Node                                   Voltage
----                                   -------
vdd                                       1.32
cm                                         0.6
vd0                                          0
ap0                                        0.6
an0                                        0.6
ibn0                                  0.390914
x0.x1.tmid                         1.45879e-09
x0.x1.tail                            0.585725
clk                                          0
x0.x1.np                                  1.32
x0.x1.nn                                  1.32
x0.x1.ln                                  1.32
x0.x1.lp                                  1.32
x0.x1.lnb                          1.01797e-08
x0.x1.lpb                          1.01797e-08
x0.x1.na                               1.30748
doutb0                                0.673586
dout0                                 0.673586
x0.x1.nb                               1.30748
vd1                                      0.001
ap1                                     0.6005
an1                                     0.5995
ibn1                                  0.390914
x1.x1.tmid                          1.4588e-09
x1.x1.tail                            0.585729
x1.x1.np                                  1.32
x1.x1.nn                                  1.32
x1.x1.ln                                  1.32
x1.x1.lp                                  1.32
x1.x1.lnb                          1.01797e-08
x1.x1.lpb                          1.01797e-08
x1.x1.na                               1.30748
doutb1                                0.673586
dout1                                 0.673586
x1.x1.nb                               1.30748
vd2                                     -0.001
ap2                                     0.5995
an2                                     0.6005
ibn2                                  0.390914
x2.x1.tmid                          1.4588e-09
x2.x1.tail                            0.585729
x2.x1.np                                  1.32
x2.x1.nn                                  1.32
x2.x1.ln                                  1.32
x2.x1.lp                                  1.32
x2.x1.lnb                          1.01797e-08
x2.x1.lpb                          1.01797e-08
x2.x1.na                               1.30748
doutb2                                0.673586
dout2                                 0.673586
x2.x1.nb                               1.30748
ean2#branch                         2.2046e-13
eap2#branch                         2.2157e-13
ean1#branch                         2.2157e-13
eap1#branch                         2.2046e-13
ean0#branch                        2.21036e-13
eap0#branch                        2.21036e-13
vclk#branch                        2.70227e-10
vd2#branch                                   0
vd1#branch                                   0
vd0#branch                                   0
vcm#branch                         1.32613e-12
vsup#branch                       -0.000218308

 Reference value :  0.00000e+00
 Reference value :  6.81176e-10
 Reference value :  1.24000e-09
 Reference value :  2.02824e-09
 Reference value :  2.86000e-09
 Reference value :  3.62353e-09
 Reference value :  4.33412e-09
 Reference value :  5.04353e-09
No. of Data Rows : 1345
vsup_v              =  1.32000e+00
d0now               =  1.32000e+00
d1now               =  1.32000e+00
d2now               =  -1.15073e-06
Reset re-loads circuit * comparator-transient-noise @ ss_-40c_1.32v -- generated by sim/harness, do not edit

Circuit: * comparator-transient-noise @ ss_-40c_1.32v -- generated by sim/harness, do not edit

Doing analysis at TEMP = -40.000000 and TNOM = 27.000000

Using SPARSE 1.3 as Direct Linear Solver

Initial Transient Solution
--------------------------

Node                                   Voltage
----                                   -------
vdd                                       1.32
cm                                         0.6
vd0                                          0
ap0                                        0.6
an0                                        0.6
ibn0                                  0.390914
x0.x1.tmid                         1.45879e-09
x0.x1.tail                            0.585725
clk                                          0
x0.x1.np                                  1.32
x0.x1.nn                                  1.32
x0.x1.ln                                  1.32
x0.x1.lp                                  1.32
x0.x1.lnb                          1.01797e-08
x0.x1.lpb                          1.01797e-08
x0.x1.na                               1.30748
doutb0                                0.673586
dout0                                 0.673586
x0.x1.nb                               1.30748
vd1                                      0.001
ap1                                     0.6005
an1                                     0.5995
ibn1                                  0.390914
x1.x1.tmid                          1.4588e-09
x1.x1.tail                            0.585729
x1.x1.np                                  1.32
x1.x1.nn                                  1.32
x1.x1.ln                                  1.32
x1.x1.lp                                  1.32
x1.x1.lnb                          1.01797e-08
x1.x1.lpb                          1.01797e-08
x1.x1.na                               1.30748
doutb1                                0.673586
dout1                                 0.673586
x1.x1.nb                               1.30748
vd2                                     -0.001
ap2                                     0.5995
an2                                     0.6005
ibn2                                  0.390914
x2.x1.tmid                          1.4588e-09
x2.x1.tail                            0.585729
x2.x1.np                                  1.32
x2.x1.nn                                  1.32
x2.x1.ln                                  1.32
x2.x1.lp                                  1.32
x2.x1.lnb                          1.01797e-08
x2.x1.lpb                          1.01797e-08
x2.x1.na                               1.30748
doutb2                                0.673586
dout2                                 0.673586
x2.x1.nb                               1.30748
ean2#branch                         2.2046e-13
eap2#branch                         2.2157e-13
ean1#branch                         2.2157e-13
eap1#branch                         2.2046e-13
ean0#branch                        2.21036e-13
eap0#branch                        2.21036e-13
vclk#branch                        2.70227e-10
vd2#branch                                   0
vd1#branch                                   0
vd0#branch                                   0
vcm#branch                         1.32613e-12
vsup#branch                       -0.000218308

 Reference value :  0.00000e+00
 Reference value :  6.23529e-10
 Reference value :  1.11406e-09
 Reference value :  1.92000e-09
 Reference value :  2.71412e-09
 Reference value :  3.48000e-09
 Reference value :  4.19412e-09
 Reference value :  4.90118e-09
No. of Data Rows : 1345
vsup_v              =  1.32000e+00
d0now               =  -6.19056e-07
d1now               =  1.32000e+00
d2now               =  3.36879e-06
Reset re-loads circuit * comparator-transient-noise @ ss_-40c_1.32v -- generated by sim/harness, do not edit

Circuit: * comparator-transient-noise @ ss_-40c_1.32v -- generated by sim/harness, do not edit

Doing analysis at TEMP = -40.000000 and TNOM = 27.000000

Using SPARSE 1.3 as Direct Linear Solver

Initial Transient Solution
--------------------------

Node                                   Voltage
----                                   -------
vdd                                       1.32
cm                                         0.6
vd0                                          0
ap0                                        0.6
an0                                        0.6
ibn0                                  0.390914
x0.x1.tmid                         1.45879e-09
x0.x1.tail                            0.585725
clk                                          0
x0.x1.np                                  1.32
x0.x1.nn                                  1.32
x0.x1.ln                                  1.32
x0.x1.lp                                  1.32
x0.x1.lnb                          1.01797e-08
x0.x1.lpb                          1.01797e-08
x0.x1.na                               1.30748
doutb0                                0.673586
dout0                                 0.673586
x0.x1.nb                               1.30748
vd1                                      0.001
ap1                                     0.6005
an1                                     0.5995
ibn1                                  0.390914
x1.x1.tmid                          1.4588e-09
x1.x1.tail                            0.585729
x1.x1.np                                  1.32
x1.x1.nn                                  1.32
x1.x1.ln                                  1.32
x1.x1.lp                                  1.32
x1.x1.lnb                          1.01797e-08
x1.x1.lpb                          1.01797e-08
x1.x1.na                               1.30748
doutb1                                0.673586
dout1                                 0.673586
x1.x1.nb                               1.30748
vd2                                     -0.001
ap2                                     0.5995
an2                                     0.6005
ibn2                                  0.390914
x2.x1.tmid                          1.4588e-09
x2.x1.tail                            0.585729
x2.x1.np                                  1.32
x2.x1.nn                                  1.32
x2.x1.ln                                  1.32
x2.x1.lp                                  1.32
x2.x1.lnb                          1.01797e-08
x2.x1.lpb                          1.01797e-08
x2.x1.na                               1.30748
doutb2                                0.673586
dout2                                 0.673586
x2.x1.nb                               1.30748
ean2#branch                         2.2046e-13
eap2#branch                         2.2157e-13
ean1#branch                         2.2157e-13
eap1#branch                         2.2046e-13
ean0#branch                        2.21036e-13
eap0#branch                        2.21036e-13
vclk#branch                        2.70227e-10
vd2#branch                                   0
vd1#branch                                   0
vd0#branch                                   0
vcm#branch                         1.32613e-12
vsup#branch                       -0.000218308

 Reference value :  0.00000e+00
 Reference value :  6.40000e-10
 Reference value :  1.11406e-09
 Reference value :  1.92824e-09
 Reference value :  2.70000e-09
 Reference value :  3.44353e-09
 Reference value :  4.20353e-09
 Reference value :  4.93412e-09
No. of Data Rows : 1345
vsup_v              =  1.32000e+00
d0now               =  1.32000e+00
d1now               =  1.32000e+00
d2now               =  -2.45858e-06
Reset re-loads circuit * comparator-transient-noise @ ss_-40c_1.32v -- generated by sim/harness, do not edit

Circuit: * comparator-transient-noise @ ss_-40c_1.32v -- generated by sim/harness, do not edit

Doing analysis at TEMP = -40.000000 and TNOM = 27.000000

Using SPARSE 1.3 as Direct Linear Solver

Initial Transient Solution
--------------------------

Node                                   Voltage
----                                   -------
vdd                                       1.32
cm                                         0.6
vd0                                          0
ap0                                        0.6
an0                                        0.6
ibn0                                  0.390914
x0.x1.tmid                         1.45879e-09
x0.x1.tail                            0.585725
clk                                          0
x0.x1.np                                  1.32
x0.x1.nn                                  1.32
x0.x1.ln                                  1.32
x0.x1.lp                                  1.32
x0.x1.lnb                          1.01797e-08
x0.x1.lpb                          1.01797e-08
x0.x1.na                               1.30748
doutb0                                0.673586
dout0                                 0.673586
x0.x1.nb                               1.30748
vd1                                      0.001
ap1                                     0.6005
an1                                     0.5995
ibn1                                  0.390914
x1.x1.tmid                          1.4588e-09
x1.x1.tail                            0.585729
x1.x1.np                                  1.32
x1.x1.nn                                  1.32
x1.x1.ln                                  1.32
x1.x1.lp                                  1.32
x1.x1.lnb                          1.01797e-08
x1.x1.lpb                          1.01797e-08
x1.x1.na                               1.30748
doutb1                                0.673586
dout1                                 0.673586
x1.x1.nb                               1.30748
vd2                                     -0.001
ap2                                     0.5995
an2                                     0.6005
ibn2                                  0.390914
x2.x1.tmid                          1.4588e-09
x2.x1.tail                            0.585729
x2.x1.np                                  1.32
x2.x1.nn                                  1.32
x2.x1.ln                                  1.32
x2.x1.lp                                  1.32
x2.x1.lnb                          1.01797e-08
x2.x1.lpb                          1.01797e-08
x2.x1.na                               1.30748
doutb2                                0.673586
dout2                                 0.673586
x2.x1.nb                               1.30748
ean2#branch                         2.2046e-13
eap2#branch                         2.2157e-13
ean1#branch                         2.2157e-13
eap1#branch                         2.2046e-13
ean0#branch                        2.21036e-13
eap0#branch                        2.21036e-13
vclk#branch                        2.70227e-10
vd2#branch                                   0
vd1#branch                                   0
vd0#branch                                   0
vcm#branch                         1.32613e-12
vsup#branch                       -0.000218308

 Reference value :  0.00000e+00
 Reference value :  6.40000e-10
 Reference value :  1.13416e-09
 Reference value :  1.94824e-09
 Reference value :  2.75412e-09
 Reference value :  3.56824e-09
 Reference value :  4.28353e-09
 Reference value :  4.98118e-09
No. of Data Rows : 1345
vsup_v              =  1.32000e+00
d0now               =  1.32000e+00
d1now               =  1.32000e+00
d2now               =  -5.42439e-07
Reset re-loads circuit * comparator-transient-noise @ ss_-40c_1.32v -- generated by sim/harness, do not edit

Circuit: * comparator-transient-noise @ ss_-40c_1.32v -- generated by sim/harness, do not edit

Doing analysis at TEMP = -40.000000 and TNOM = 27.000000

Using SPARSE 1.3 as Direct Linear Solver

Initial Transient Solution
--------------------------

Node                                   Voltage
----                                   -------
vdd                                       1.32
cm                                         0.6
vd0                                          0
ap0                                        0.6
an0                                        0.6
ibn0                                  0.390914
x0.x1.tmid                         1.45879e-09
x0.x1.tail                            0.585725
clk                                          0
x0.x1.np                                  1.32
x0.x1.nn                                  1.32
x0.x1.ln                                  1.32
x0.x1.lp                                  1.32
x0.x1.lnb                          1.01797e-08
x0.x1.lpb                          1.01797e-08
x0.x1.na                               1.30748
doutb0                                0.673586
dout0                                 0.673586
x0.x1.nb                               1.30748
vd1                                      0.001
ap1                                     0.6005
an1                                     0.5995
ibn1                                  0.390914
x1.x1.tmid                          1.4588e-09
x1.x1.tail                            0.585729
x1.x1.np                                  1.32
x1.x1.nn                                  1.32
x1.x1.ln                                  1.32
x1.x1.lp                                  1.32
x1.x1.lnb                          1.01797e-08
x1.x1.lpb                          1.01797e-08
x1.x1.na                               1.30748
doutb1                                0.673586
dout1                                 0.673586
x1.x1.nb                               1.30748
vd2                                     -0.001
ap2                                     0.5995
an2                                     0.6005
ibn2                                  0.390914
x2.x1.tmid                          1.4588e-09
x2.x1.tail                            0.585729
x2.x1.np                                  1.32
x2.x1.nn                                  1.32
x2.x1.ln                                  1.32
x2.x1.lp                                  1.32
x2.x1.lnb                          1.01797e-08
x2.x1.lpb                          1.01797e-08
x2.x1.na                               1.30748
doutb2                                0.673586
dout2                                 0.673586
x2.x1.nb                               1.30748
ean2#branch                         2.2046e-13
eap2#branch                         2.2157e-13
ean1#branch                         2.2157e-13
eap1#branch                         2.2046e-13
ean0#branch                        2.21036e-13
eap0#branch                        2.21036e-13
vclk#branch                        2.70227e-10
vd2#branch                                   0
vd1#branch                                   0
vd0#branch                                   0
vcm#branch                         1.32613e-12
vsup#branch                       -0.000218308

 Reference value :  0.00000e+00
 Reference value :  6.28235e-10
 Reference value :  1.12000e-09
 Reference value :  1.98000e-09
 Reference value :  2.78353e-09
 Reference value :  3.56118e-09
 Reference value :  4.27412e-09
 Reference value :  5.00824e-09
No. of Data Rows : 1345
vsup_v              =  1.32000e+00
d0now               =  -2.73789e-07
d1now               =  1.32000e+00
d2now               =  1.32000e+00
Reset re-loads circuit * comparator-transient-noise @ ss_-40c_1.32v -- generated by sim/harness, do not edit

Circuit: * comparator-transient-noise @ ss_-40c_1.32v -- generated by sim/harness, do not edit

Doing analysis at TEMP = -40.000000 and TNOM = 27.000000

Using SPARSE 1.3 as Direct Linear Solver

Initial Transient Solution
--------------------------

Node                                   Voltage
----                                   -------
vdd                                       1.32
cm                                         0.6
vd0                                          0
ap0                                        0.6
an0                                        0.6
ibn0                                  0.390914
x0.x1.tmid                         1.45879e-09
x0.x1.tail                            0.585725
clk                                          0
x0.x1.np                                  1.32
x0.x1.nn                                  1.32
x0.x1.ln                                  1.32
x0.x1.lp                                  1.32
x0.x1.lnb                          1.01797e-08
x0.x1.lpb                          1.01797e-08
x0.x1.na                               1.30748
doutb0                                0.673586
dout0                                 0.673586
x0.x1.nb                               1.30748
vd1                                      0.001
ap1                                     0.6005
an1                                     0.5995
ibn1                                  0.390914
x1.x1.tmid                          1.4588e-09
x1.x1.tail                            0.585729
x1.x1.np                                  1.32
x1.x1.nn                                  1.32
x1.x1.ln                                  1.32
x1.x1.lp                                  1.32
x1.x1.lnb                          1.01797e-08
x1.x1.lpb                          1.01797e-08
x1.x1.na                               1.30748
doutb1                                0.673586
dout1                                 0.673586
x1.x1.nb                               1.30748
vd2                                     -0.001
ap2                                     0.5995
an2                                     0.6005
ibn2                                  0.390914
x2.x1.tmid                          1.4588e-09
x2.x1.tail                            0.585729
x2.x1.np                                  1.32
x2.x1.nn                                  1.32
x2.x1.ln                                  1.32
x2.x1.lp                                  1.32
x2.x1.lnb                          1.01797e-08
x2.x1.lpb                          1.01797e-08
x2.x1.na                               1.30748
doutb2                                0.673586
dout2                                 0.673586
x2.x1.nb                               1.30748
ean2#branch                         2.2046e-13
eap2#branch                         2.2157e-13
ean1#branch                         2.2157e-13
eap1#branch                         2.2046e-13
ean0#branch                        2.21036e-13
eap0#branch                        2.21036e-13
vclk#branch                        2.70227e-10
vd2#branch                                   0
vd1#branch                                   0
vd0#branch                                   0
vcm#branch                         1.32613e-12
vsup#branch                       -0.000218308

 Reference value :  0.00000e+00
 Reference value :  6.54118e-10
 Reference value :  1.16828e-09
 Reference value :  2.00824e-09
 Reference value :  2.86824e-09
 Reference value :  3.64000e-09
 Reference value :  4.35412e-09
 Reference value :  5.06000e-09
No. of Data Rows : 1345
vsup_v              =  1.32000e+00
d0now               =  1.32000e+00
d1now               =  1.32000e+00
d2now               =  -8.77918e-07
Reset re-loads circuit * comparator-transient-noise @ ss_-40c_1.32v -- generated by sim/harness, do not edit

Circuit: * comparator-transient-noise @ ss_-40c_1.32v -- generated by sim/harness, do not edit

Doing analysis at TEMP = -40.000000 and TNOM = 27.000000

Using SPARSE 1.3 as Direct Linear Solver

Initial Transient Solution
--------------------------

Node                                   Voltage
----                                   -------
vdd                                       1.32
cm                                         0.6
vd0                                          0
ap0                                        0.6
an0                                        0.6
ibn0                                  0.390914
x0.x1.tmid                         1.45879e-09
x0.x1.tail                            0.585725
clk                                          0
x0.x1.np                                  1.32
x0.x1.nn                                  1.32
x0.x1.ln                                  1.32
x0.x1.lp                                  1.32
x0.x1.lnb                          1.01797e-08
x0.x1.lpb                          1.01797e-08
x0.x1.na                               1.30748
doutb0                                0.673586
dout0                                 0.673586
x0.x1.nb                               1.30748
vd1                                      0.001
ap1                                     0.6005
an1                                     0.5995
ibn1                                  0.390914
x1.x1.tmid                          1.4588e-09
x1.x1.tail                            0.585729
x1.x1.np                                  1.32
x1.x1.nn                                  1.32
x1.x1.ln                                  1.32
x1.x1.lp                                  1.32
x1.x1.lnb                          1.01797e-08
x1.x1.lpb                          1.01797e-08
x1.x1.na                               1.30748
doutb1                                0.673586
dout1                                 0.673586
x1.x1.nb                               1.30748
vd2                                     -0.001
ap2                                     0.5995
an2                                     0.6005
ibn2                                  0.390914
x2.x1.tmid                          1.4588e-09
x2.x1.tail                            0.585729
x2.x1.np                                  1.32
x2.x1.nn                                  1.32
x2.x1.ln                                  1.32
x2.x1.lp                                  1.32
x2.x1.lnb                          1.01797e-08
x2.x1.lpb                          1.01797e-08
x2.x1.na                               1.30748
doutb2                                0.673586
dout2                                 0.673586
x2.x1.nb                               1.30748
ean2#branch                         2.2046e-13
eap2#branch                         2.2157e-13
ean1#branch                         2.2157e-13
eap1#branch                         2.2046e-13
ean0#branch                        2.21036e-13
eap0#branch                        2.21036e-13
vclk#branch                        2.70227e-10
vd2#branch                                   0
vd1#branch                                   0
vd0#branch                                   0
vcm#branch                         1.32613e-12
vsup#branch                       -0.000218308

 Reference value :  0.00000e+00
 Reference value :  6.48235e-10
 Reference value :  1.16000e-09
 Reference value :  1.98000e-09
 Reference value :  2.78353e-09
 Reference value :  3.58824e-09
 Reference value :  4.30353e-09
 Reference value :  5.01412e-09
No. of Data Rows : 1345
vsup_v              =  1.32000e+00
d0now               =  1.50787e-06
d1now               =  1.32000e+00
d2now               =  -5.06821e-07
Reset re-loads circuit * comparator-transient-noise @ ss_-40c_1.32v -- generated by sim/harness, do not edit

Circuit: * comparator-transient-noise @ ss_-40c_1.32v -- generated by sim/harness, do not edit

Doing analysis at TEMP = -40.000000 and TNOM = 27.000000

Using SPARSE 1.3 as Direct Linear Solver

Initial Transient Solution
--------------------------

Node                                   Voltage
----                                   -------
vdd                                       1.32
cm                                         0.6
vd0                                          0
ap0                                        0.6
an0                                        0.6
ibn0                                  0.390914
x0.x1.tmid                         1.45879e-09
x0.x1.tail                            0.585725
clk                                          0
x0.x1.np                                  1.32
x0.x1.nn                                  1.32
x0.x1.ln                                  1.32
x0.x1.lp                                  1.32
x0.x1.lnb                          1.01797e-08
x0.x1.lpb                          1.01797e-08
x0.x1.na                               1.30748
doutb0                                0.673586
dout0                                 0.673586
x0.x1.nb                               1.30748
vd1                                      0.001
ap1                                     0.6005
an1                                     0.5995
ibn1                                  0.390914
x1.x1.tmid                          1.4588e-09
x1.x1.tail                            0.585729
x1.x1.np                                  1.32
x1.x1.nn                                  1.32
x1.x1.ln                                  1.32
x1.x1.lp                                  1.32
x1.x1.lnb                          1.01797e-08
x1.x1.lpb                          1.01797e-08
x1.x1.na                               1.30748
doutb1                                0.673586
dout1                                 0.673586
x1.x1.nb                               1.30748
vd2                                     -0.001
ap2                                     0.5995
an2                                     0.6005
ibn2                                  0.390914
x2.x1.tmid                          1.4588e-09
x2.x1.tail                            0.585729
x2.x1.np                                  1.32
x2.x1.nn                                  1.32
x2.x1.ln                                  1.32
x2.x1.lp                                  1.32
x2.x1.lnb                          1.01797e-08
x2.x1.lpb                          1.01797e-08
x2.x1.na                               1.30748
doutb2                                0.673586
dout2                                 0.673586
x2.x1.nb                               1.30748
ean2#branch                         2.2046e-13
eap2#branch                         2.2157e-13
ean1#branch                         2.2157e-13
eap1#branch                         2.2046e-13
ean0#branch                        2.21036e-13
eap0#branch                        2.21036e-13
vclk#branch                        2.70227e-10
vd2#branch                                   0
vd1#branch                                   0
vd0#branch                                   0
vcm#branch                         1.32613e-12
vsup#branch                       -0.000218308

 Reference value :  0.00000e+00
 Reference value :  6.54118e-10
 Reference value :  1.22822e-09
 Reference value :  2.06000e-09
 Reference value :  2.93412e-09
 Reference value :  3.72353e-09
 Reference value :  4.48000e-09
No. of Data Rows : 1345
vsup_v              =  1.32000e+00
d0now               =  1.32000e+00
d1now               =  1.32000e+00
d2now               =  -1.91567e-06
Reset re-loads circuit * comparator-transient-noise @ ss_-40c_1.32v -- generated by sim/harness, do not edit

Circuit: * comparator-transient-noise @ ss_-40c_1.32v -- generated by sim/harness, do not edit

Doing analysis at TEMP = -40.000000 and TNOM = 27.000000

Using SPARSE 1.3 as Direct Linear Solver

Initial Transient Solution
--------------------------

Node                                   Voltage
----                                   -------
vdd                                       1.32
cm                                         0.6
vd0                                          0
ap0                                        0.6
an0                                        0.6
ibn0                                  0.390914
x0.x1.tmid                         1.45879e-09
x0.x1.tail                            0.585725
clk                                          0
x0.x1.np                                  1.32
x0.x1.nn                                  1.32
x0.x1.ln                                  1.32
x0.x1.lp                                  1.32
x0.x1.lnb                          1.01797e-08
x0.x1.lpb                          1.01797e-08
x0.x1.na                               1.30748
doutb0                                0.673586
dout0                                 0.673586
x0.x1.nb                               1.30748
vd1                                      0.001
ap1                                     0.6005
an1                                     0.5995
ibn1                                  0.390914
x1.x1.tmid                          1.4588e-09
x1.x1.tail                            0.585729
x1.x1.np                                  1.32
x1.x1.nn                                  1.32
x1.x1.ln                                  1.32
x1.x1.lp                                  1.32
x1.x1.lnb                          1.01797e-08
x1.x1.lpb                          1.01797e-08
x1.x1.na                               1.30748
doutb1                                0.673586
dout1                                 0.673586
x1.x1.nb                               1.30748
vd2                                     -0.001
ap2                                     0.5995
an2                                     0.6005
ibn2                                  0.390914
x2.x1.tmid                          1.4588e-09
x2.x1.tail                            0.585729
x2.x1.np                                  1.32
x2.x1.nn                                  1.32
x2.x1.ln                                  1.32
x2.x1.lp                                  1.32
x2.x1.lnb                          1.01797e-08
x2.x1.lpb                          1.01797e-08
x2.x1.na                               1.30748
doutb2                                0.673586
dout2                                 0.673586
x2.x1.nb                               1.30748
ean2#branch                         2.2046e-13
eap2#branch                         2.2157e-13
ean1#branch                         2.2157e-13
eap1#branch                         2.2046e-13
ean0#branch                        2.21036e-13
eap0#branch                        2.21036e-13
vclk#branch                        2.70227e-10
vd2#branch                                   0
vd1#branch                                   0
vd0#branch                                   0
vcm#branch                         1.32613e-12
vsup#branch                       -0.000218308

 Reference value :  0.00000e+00
 Reference value :  6.60000e-10
 Reference value :  1.22352e-09
 Reference value :  2.06000e-09
 Reference value :  2.91412e-09
 Reference value :  3.72000e-09
 Reference value :  4.46353e-09
No. of Data Rows : 1345
vsup_v              =  1.32000e+00
d0now               =  1.32000e+00
d1now               =  1.32000e+00
d2now               =  6.93200e-07
Reset re-loads circuit * comparator-transient-noise @ ss_-40c_1.32v -- generated by sim/harness, do not edit

Circuit: * comparator-transient-noise @ ss_-40c_1.32v -- generated by sim/harness, do not edit

Doing analysis at TEMP = -40.000000 and TNOM = 27.000000

Using SPARSE 1.3 as Direct Linear Solver

Initial Transient Solution
--------------------------

Node                                   Voltage
----                                   -------
vdd                                       1.32
cm                                         0.6
vd0                                          0
ap0                                        0.6
an0                                        0.6
ibn0                                  0.390914
x0.x1.tmid                         1.45879e-09
x0.x1.tail                            0.585725
clk                                          0
x0.x1.np                                  1.32
x0.x1.nn                                  1.32
x0.x1.ln                                  1.32
x0.x1.lp                                  1.32
x0.x1.lnb                          1.01797e-08
x0.x1.lpb                          1.01797e-08
x0.x1.na                               1.30748
doutb0                                0.673586
dout0                                 0.673586
x0.x1.nb                               1.30748
vd1                                      0.001
ap1                                     0.6005
an1                                     0.5995
ibn1                                  0.390914
x1.x1.tmid                          1.4588e-09
x1.x1.tail                            0.585729
x1.x1.np                                  1.32
x1.x1.nn                                  1.32
x1.x1.ln                                  1.32
x1.x1.lp                                  1.32
x1.x1.lnb                          1.01797e-08
x1.x1.lpb                          1.01797e-08
x1.x1.na                               1.30748
doutb1                                0.673586
dout1                                 0.673586
x1.x1.nb                               1.30748
vd2                                     -0.001
ap2                                     0.5995
an2                                     0.6005
ibn2                                  0.390914
x2.x1.tmid                          1.4588e-09
x2.x1.tail                            0.585729
x2.x1.np                                  1.32
x2.x1.nn                                  1.32
x2.x1.ln                                  1.32
x2.x1.lp                                  1.32
x2.x1.lnb                          1.01797e-08
x2.x1.lpb                          1.01797e-08
x2.x1.na                               1.30748
doutb2                                0.673586
dout2                                 0.673586
x2.x1.nb                               1.30748
ean2#branch                         2.2046e-13
eap2#branch                         2.2157e-13
ean1#branch                         2.2157e-13
eap1#branch                         2.2046e-13
ean0#branch                        2.21036e-13
eap0#branch                        2.21036e-13
vclk#branch                        2.70227e-10
vd2#branch                                   0
vd1#branch                                   0
vd0#branch                                   0
vcm#branch                         1.32613e-12
vsup#branch                       -0.000218308

 Reference value :  0.00000e+00
 Reference value :  6.54118e-10
 Reference value :  1.22000e-09
 Reference value :  2.07412e-09
 Reference value :  2.92118e-09
 Reference value :  3.72353e-09
 Reference value :  4.48000e-09
No. of Data Rows : 1345
vsup_v              =  1.32000e+00
d0now               =  1.32000e+00
d1now               =  1.32000e+00
d2now               =  -2.10864e-07
Reset re-loads circuit * comparator-transient-noise @ ss_-40c_1.32v -- generated by sim/harness, do not edit

Circuit: * comparator-transient-noise @ ss_-40c_1.32v -- generated by sim/harness, do not edit

Doing analysis at TEMP = -40.000000 and TNOM = 27.000000

Using SPARSE 1.3 as Direct Linear Solver

Initial Transient Solution
--------------------------

Node                                   Voltage
----                                   -------
vdd                                       1.32
cm                                         0.6
vd0                                          0
ap0                                        0.6
an0                                        0.6
ibn0                                  0.390914
x0.x1.tmid                         1.45879e-09
x0.x1.tail                            0.585725
clk                                          0
x0.x1.np                                  1.32
x0.x1.nn                                  1.32
x0.x1.ln                                  1.32
x0.x1.lp                                  1.32
x0.x1.lnb                          1.01797e-08
x0.x1.lpb                          1.01797e-08
x0.x1.na                               1.30748
doutb0                                0.673586
dout0                                 0.673586
x0.x1.nb                               1.30748
vd1                                      0.001
ap1                                     0.6005
an1                                     0.5995
ibn1                                  0.390914
x1.x1.tmid                          1.4588e-09
x1.x1.tail                            0.585729
x1.x1.np                                  1.32
x1.x1.nn                                  1.32
x1.x1.ln                                  1.32
x1.x1.lp                                  1.32
x1.x1.lnb                          1.01797e-08
x1.x1.lpb                          1.01797e-08
x1.x1.na                               1.30748
doutb1                                0.673586
dout1                                 0.673586
x1.x1.nb                               1.30748
vd2                                     -0.001
ap2                                     0.5995
an2                                     0.6005
ibn2                                  0.390914
x2.x1.tmid                          1.4588e-09
x2.x1.tail                            0.585729
x2.x1.np                                  1.32
x2.x1.nn                                  1.32
x2.x1.ln                                  1.32
x2.x1.lp                                  1.32
x2.x1.lnb                          1.01797e-08
x2.x1.lpb                          1.01797e-08
x2.x1.na                               1.30748
doutb2                                0.673586
dout2                                 0.673586
x2.x1.nb                               1.30748
ean2#branch                         2.2046e-13
eap2#branch                         2.2157e-13
ean1#branch                         2.2157e-13
eap1#branch                         2.2046e-13
ean0#branch                        2.21036e-13
eap0#branch                        2.21036e-13
vclk#branch                        2.70227e-10
vd2#branch                                   0
vd1#branch                                   0
vd0#branch                                   0
vcm#branch                         1.32613e-12
vsup#branch                       -0.000218308

 Reference value :  0.00000e+00
 Reference value :  6.61176e-10
 Reference value :  1.22000e-09
 Reference value :  2.14000e-09
 Reference value :  3.04353e-09
 Reference value :  3.80353e-09
 Reference value :  4.54353e-09
No. of Data Rows : 1345
vsup_v              =  1.32000e+00
d0now               =  1.51996e-06
d1now               =  1.32000e+00
d2now               =  1.32000e+00
Reset re-loads circuit * comparator-transient-noise @ ss_-40c_1.32v -- generated by sim/harness, do not edit

Circuit: * comparator-transient-noise @ ss_-40c_1.32v -- generated by sim/harness, do not edit

Doing analysis at TEMP = -40.000000 and TNOM = 27.000000

Using SPARSE 1.3 as Direct Linear Solver

Initial Transient Solution
--------------------------

Node                                   Voltage
----                                   -------
vdd                                       1.32
cm                                         0.6
vd0                                          0
ap0                                        0.6
an0                                        0.6
ibn0                                  0.390914
x0.x1.tmid                         1.45879e-09
x0.x1.tail                            0.585725
clk                                          0
x0.x1.np                                  1.32
x0.x1.nn                                  1.32
x0.x1.ln                                  1.32
x0.x1.lp                                  1.32
x0.x1.lnb                          1.01797e-08
x0.x1.lpb                          1.01797e-08
x0.x1.na                               1.30748
doutb0                                0.673586
dout0                                 0.673586
x0.x1.nb                               1.30748
vd1                                      0.001
ap1                                     0.6005
an1                                     0.5995
ibn1                                  0.390914
x1.x1.tmid                          1.4588e-09
x1.x1.tail                            0.585729
x1.x1.np                                  1.32
x1.x1.nn                                  1.32
x1.x1.ln                                  1.32
x1.x1.lp                                  1.32
x1.x1.lnb                          1.01797e-08
x1.x1.lpb                          1.01797e-08
x1.x1.na                               1.30748
doutb1                                0.673586
dout1                                 0.673586
x1.x1.nb                               1.30748
vd2                                     -0.001
ap2                                     0.5995
an2                                     0.6005
ibn2                                  0.390914
x2.x1.tmid                          1.4588e-09
x2.x1.tail                            0.585729
x2.x1.np                                  1.32
x2.x1.nn                                  1.32
x2.x1.ln                                  1.32
x2.x1.lp                                  1.32
x2.x1.lnb                          1.01797e-08
x2.x1.lpb                          1.01797e-08
x2.x1.na                               1.30748
doutb2                                0.673586
dout2                                 0.673586
x2.x1.nb                               1.30748
ean2#branch                         2.2046e-13
eap2#branch                         2.2157e-13
ean1#branch                         2.2157e-13
eap1#branch                         2.2046e-13
ean0#branch                        2.21036e-13
eap0#branch                        2.21036e-13
vclk#branch                        2.70227e-10
vd2#branch                                   0
vd1#branch                                   0
vd0#branch                                   0
vcm#branch                         1.32613e-12
vsup#branch                       -0.000218308

 Reference value :  0.00000e+00
 Reference value :  6.80000e-10
 Reference value :  1.22822e-09
 Reference value :  2.08118e-09
 Reference value :  3.01412e-09
 Reference value :  3.78000e-09
 Reference value :  4.50000e-09
No. of Data Rows : 1345
vsup_v              =  1.32000e+00
d0now               =  1.32000e+00
d1now               =  1.32000e+00
d2now               =  -7.82018e-07
Reset re-loads circuit * comparator-transient-noise @ ss_-40c_1.32v -- generated by sim/harness, do not edit

Circuit: * comparator-transient-noise @ ss_-40c_1.32v -- generated by sim/harness, do not edit

Doing analysis at TEMP = -40.000000 and TNOM = 27.000000

Using SPARSE 1.3 as Direct Linear Solver

Initial Transient Solution
--------------------------

Node                                   Voltage
----                                   -------
vdd                                       1.32
cm                                         0.6
vd0                                          0
ap0                                        0.6
an0                                        0.6
ibn0                                  0.390914
x0.x1.tmid                         1.45879e-09
x0.x1.tail                            0.585725
clk                                          0
x0.x1.np                                  1.32
x0.x1.nn                                  1.32
x0.x1.ln                                  1.32
x0.x1.lp                                  1.32
x0.x1.lnb                          1.01797e-08
x0.x1.lpb                          1.01797e-08
x0.x1.na                               1.30748
doutb0                                0.673586
dout0                                 0.673586
x0.x1.nb                               1.30748
vd1                                      0.001
ap1                                     0.6005
an1                                     0.5995
ibn1                                  0.390914
x1.x1.tmid                          1.4588e-09
x1.x1.tail                            0.585729
x1.x1.np                                  1.32
x1.x1.nn                                  1.32
x1.x1.ln                                  1.32
x1.x1.lp                                  1.32
x1.x1.lnb                          1.01797e-08
x1.x1.lpb                          1.01797e-08
x1.x1.na                               1.30748
doutb1                                0.673586
dout1                                 0.673586
x1.x1.nb                               1.30748
vd2                                     -0.001
ap2                                     0.5995
an2                                     0.6005
ibn2                                  0.390914
x2.x1.tmid                          1.4588e-09
x2.x1.tail                            0.585729
x2.x1.np                                  1.32
x2.x1.nn                                  1.32
x2.x1.ln                                  1.32
x2.x1.lp                                  1.32
x2.x1.lnb                          1.01797e-08
x2.x1.lpb                          1.01797e-08
x2.x1.na                               1.30748
doutb2                                0.673586
dout2                                 0.673586
x2.x1.nb                               1.30748
ean2#branch                         2.2046e-13
eap2#branch                         2.2157e-13
ean1#branch                         2.2157e-13
eap1#branch                         2.2046e-13
ean0#branch                        2.21036e-13
eap0#branch                        2.21036e-13
vclk#branch                        2.70227e-10
vd2#branch                                   0
vd1#branch                                   0
vd0#branch                                   0
vcm#branch                         1.32613e-12
vsup#branch                       -0.000218308

 Reference value :  0.00000e+00
 Reference value :  7.20000e-10
 Reference value :  1.37412e-09
 Reference value :  2.18118e-09
 Reference value :  3.14118e-09
 Reference value :  3.88118e-09
 Reference value :  4.64118e-09
No. of Data Rows : 1345
vsup_v              =  1.32000e+00
d0now               =  1.32000e+00
d1now               =  1.32000e+00
d2now               =  -2.70553e-06
Reset re-loads circuit * comparator-transient-noise @ ss_-40c_1.32v -- generated by sim/harness, do not edit

Circuit: * comparator-transient-noise @ ss_-40c_1.32v -- generated by sim/harness, do not edit

Doing analysis at TEMP = -40.000000 and TNOM = 27.000000

Using SPARSE 1.3 as Direct Linear Solver

Initial Transient Solution
--------------------------

Node                                   Voltage
----                                   -------
vdd                                       1.32
cm                                         0.6
vd0                                          0
ap0                                        0.6
an0                                        0.6
ibn0                                  0.390914
x0.x1.tmid                         1.45879e-09
x0.x1.tail                            0.585725
clk                                          0
x0.x1.np                                  1.32
x0.x1.nn                                  1.32
x0.x1.ln                                  1.32
x0.x1.lp                                  1.32
x0.x1.lnb                          1.01797e-08
x0.x1.lpb                          1.01797e-08
x0.x1.na                               1.30748
doutb0                                0.673586
dout0                                 0.673586
x0.x1.nb                               1.30748
vd1                                      0.001
ap1                                     0.6005
an1                                     0.5995
ibn1                                  0.390914
x1.x1.tmid                          1.4588e-09
x1.x1.tail                            0.585729
x1.x1.np                                  1.32
x1.x1.nn                                  1.32
x1.x1.ln                                  1.32
x1.x1.lp                                  1.32
x1.x1.lnb                          1.01797e-08
x1.x1.lpb                          1.01797e-08
x1.x1.na                               1.30748
doutb1                                0.673586
dout1                                 0.673586
x1.x1.nb                               1.30748
vd2                                     -0.001
ap2                                     0.5995
an2                                     0.6005
ibn2                                  0.390914
x2.x1.tmid                          1.4588e-09
x2.x1.tail                            0.585729
x2.x1.np                                  1.32
x2.x1.nn                                  1.32
x2.x1.ln                                  1.32
x2.x1.lp                                  1.32
x2.x1.lnb                          1.01797e-08
x2.x1.lpb                          1.01797e-08
x2.x1.na                               1.30748
doutb2                                0.673586
dout2                                 0.673586
x2.x1.nb                               1.30748
ean2#branch                         2.2046e-13
eap2#branch                         2.2157e-13
ean1#branch                         2.2157e-13
eap1#branch                         2.2046e-13
ean0#branch                        2.21036e-13
eap0#branch                        2.21036e-13
vclk#branch                        2.70227e-10
vd2#branch                                   0
vd1#branch                                   0
vd0#branch                                   0
vcm#branch                         1.32613e-12
vsup#branch                       -0.000218308

 Reference value :  0.00000e+00
 Reference value :  6.61176e-10
 Reference value :  1.22000e-09
 Reference value :  2.08353e-09
 Reference value :  2.97412e-09
 Reference value :  3.75412e-09
 Reference value :  4.51412e-09
No. of Data Rows : 1345
vsup_v              =  1.32000e+00
d0now               =  1.32000e+00
d1now               =  1.32000e+00
d2now               =  -3.94373e-08
Reset re-loads circuit * comparator-transient-noise @ ss_-40c_1.32v -- generated by sim/harness, do not edit

Circuit: * comparator-transient-noise @ ss_-40c_1.32v -- generated by sim/harness, do not edit

Doing analysis at TEMP = -40.000000 and TNOM = 27.000000

Using SPARSE 1.3 as Direct Linear Solver

Initial Transient Solution
--------------------------

Node                                   Voltage
----                                   -------
vdd                                       1.32
cm                                         0.6
vd0                                          0
ap0                                        0.6
an0                                        0.6
ibn0                                  0.390914
x0.x1.tmid                         1.45879e-09
x0.x1.tail                            0.585725
clk                                          0
x0.x1.np                                  1.32
x0.x1.nn                                  1.32
x0.x1.ln                                  1.32
x0.x1.lp                                  1.32
x0.x1.lnb                          1.01797e-08
x0.x1.lpb                          1.01797e-08
x0.x1.na                               1.30748
doutb0                                0.673586
dout0                                 0.673586
x0.x1.nb                               1.30748
vd1                                      0.001
ap1                                     0.6005
an1                                     0.5995
ibn1                                  0.390914
x1.x1.tmid                          1.4588e-09
x1.x1.tail                            0.585729
x1.x1.np                                  1.32
x1.x1.nn                                  1.32
x1.x1.ln                                  1.32
x1.x1.lp                                  1.32
x1.x1.lnb                          1.01797e-08
x1.x1.lpb                          1.01797e-08
x1.x1.na                               1.30748
doutb1                                0.673586
dout1                                 0.673586
x1.x1.nb                               1.30748
vd2                                     -0.001
ap2                                     0.5995
an2                                     0.6005
ibn2                                  0.390914
x2.x1.tmid                          1.4588e-09
x2.x1.tail                            0.585729
x2.x1.np                                  1.32
x2.x1.nn                                  1.32
x2.x1.ln                                  1.32
x2.x1.lp                                  1.32
x2.x1.lnb                          1.01797e-08
x2.x1.lpb                          1.01797e-08
x2.x1.na                               1.30748
doutb2                                0.673586
dout2                                 0.673586
x2.x1.nb                               1.30748
ean2#branch                         2.2046e-13
eap2#branch                         2.2157e-13
ean1#branch                         2.2157e-13
eap1#branch                         2.2046e-13
ean0#branch                        2.21036e-13
eap0#branch                        2.21036e-13
vclk#branch                        2.70227e-10
vd2#branch                                   0
vd1#branch                                   0
vd0#branch                                   0
vcm#branch                         1.32613e-12
vsup#branch                       -0.000218308

 Reference value :  0.00000e+00
 Reference value :  6.74118e-10
 Reference value :  1.22000e-09
 Reference value :  2.04824e-09
 Reference value :  2.86000e-09
 Reference value :  3.63412e-09
 Reference value :  4.36824e-09
 Reference value :  5.09412e-09
No. of Data Rows : 1345
vsup_v              =  1.32000e+00
d0now               =  1.32000e+00
d1now               =  1.32000e+00
d2now               =  9.53583e-07
Reset re-loads circuit * comparator-transient-noise @ ss_-40c_1.32v -- generated by sim/harness, do not edit

Circuit: * comparator-transient-noise @ ss_-40c_1.32v -- generated by sim/harness, do not edit

Doing analysis at TEMP = -40.000000 and TNOM = 27.000000

Using SPARSE 1.3 as Direct Linear Solver

Initial Transient Solution
--------------------------

Node                                   Voltage
----                                   -------
vdd                                       1.32
cm                                         0.6
vd0                                          0
ap0                                        0.6
an0                                        0.6
ibn0                                  0.390914
x0.x1.tmid                         1.45879e-09
x0.x1.tail                            0.585725
clk                                          0
x0.x1.np                                  1.32
x0.x1.nn                                  1.32
x0.x1.ln                                  1.32
x0.x1.lp                                  1.32
x0.x1.lnb                          1.01797e-08
x0.x1.lpb                          1.01797e-08
x0.x1.na                               1.30748
doutb0                                0.673586
dout0                                 0.673586
x0.x1.nb                               1.30748
vd1                                      0.001
ap1                                     0.6005
an1                                     0.5995
ibn1                                  0.390914
x1.x1.tmid                          1.4588e-09
x1.x1.tail                            0.585729
x1.x1.np                                  1.32
x1.x1.nn                                  1.32
x1.x1.ln                                  1.32
x1.x1.lp                                  1.32
x1.x1.lnb                          1.01797e-08
x1.x1.lpb                          1.01797e-08
x1.x1.na                               1.30748
doutb1                                0.673586
dout1                                 0.673586
x1.x1.nb                               1.30748
vd2                                     -0.001
ap2                                     0.5995
an2                                     0.6005
ibn2                                  0.390914
x2.x1.tmid                          1.4588e-09
x2.x1.tail                            0.585729
x2.x1.np                                  1.32
x2.x1.nn                                  1.32
x2.x1.ln                                  1.32
x2.x1.lp                                  1.32
x2.x1.lnb                          1.01797e-08
x2.x1.lpb                          1.01797e-08
x2.x1.na                               1.30748
doutb2                                0.673586
dout2                                 0.673586
x2.x1.nb                               1.30748
ean2#branch                         2.2046e-13
eap2#branch                         2.2157e-13
ean1#branch                         2.2157e-13
eap1#branch                         2.2046e-13
ean0#branch                        2.21036e-13
eap0#branch                        2.21036e-13
vclk#branch                        2.70227e-10
vd2#branch                                   0
vd1#branch                                   0
vd0#branch                                   0
vcm#branch                         1.32613e-12
vsup#branch                       -0.000218308

 Reference value :  0.00000e+00
 Reference value :  6.60000e-10
 Reference value :  1.18352e-09
 Reference value :  2.03412e-09
 Reference value :  2.82353e-09
 Reference value :  3.61412e-09
 Reference value :  4.33412e-09
 Reference value :  5.06118e-09
No. of Data Rows : 1345
vsup_v              =  1.32000e+00
d0now               =  1.32000e+00
d1now               =  1.32000e+00
d2now               =  -7.08303e-07
m_frac_high_zero = 5.7499992439e-01
m_frac_high_plus = 8.3749995199e-01
m_frac_high_minus = 2.1249998242e-01
Note: Simulation executed from .control section 

Warning: m=xx on .subckt line will override multiplier m hierarchy!

Note: Starting dynamic gmin stepping
Note: Dynamic gmin stepping completed
Note: Starting dynamic gmin stepping
Note: Dynamic gmin stepping completed
Note: Starting dynamic gmin stepping
Note: Dynamic gmin stepping completed
Note: Starting dynamic gmin stepping
Note: Dynamic gmin stepping completed
Note: Starting dynamic gmin stepping
Note: Dynamic gmin stepping completed
Note: Starting dynamic gmin stepping
Note: Dynamic gmin stepping completed
Note: Starting dynamic gmin stepping
Note: Dynamic gmin stepping completed
Note: Starting dynamic gmin stepping
Note: Dynamic gmin stepping completed
Note: Starting dynamic gmin stepping
Note: Dynamic gmin stepping completed
Note: Starting dynamic gmin stepping
Note: Dynamic gmin stepping completed
Note: Starting dynamic gmin stepping
Note: Dynamic gmin stepping completed
Note: Starting dynamic gmin stepping
Note: Dynamic gmin stepping completed
Note: Starting dynamic gmin stepping
Note: Dynamic gmin stepping completed
Note: Starting dynamic gmin stepping
Note: Dynamic gmin stepping completed
Note: Starting dynamic gmin stepping
Note: Dynamic gmin stepping completed
Note: Starting dynamic gmin stepping
Note: Dynamic gmin stepping completed
Note: Starting dynamic gmin stepping
Note: Dynamic gmin stepping completed
Note: Starting dynamic gmin stepping
Note: Dynamic gmin stepping completed
Note: Starting dynamic gmin stepping
Note: Dynamic gmin stepping completed
Note: Starting dynamic gmin stepping
Note: Dynamic gmin stepping completed
Note: Starting dynamic gmin stepping
Note: Dynamic gmin stepping completed
Note: Starting dynamic gmin stepping
Note: Dynamic gmin stepping completed
Note: Starting dynamic gmin stepping
Note: Dynamic gmin stepping completed
Note: Starting dynamic gmin stepping
Note: Dynamic gmin stepping completed
Note: Starting dynamic gmin stepping
Note: Dynamic gmin stepping completed
Note: Starting dynamic gmin stepping
Note: Dynamic gmin stepping completed
Note: Starting dynamic gmin stepping
Note: Dynamic gmin stepping completed
Note: Starting dynamic gmin stepping
Note: Dynamic gmin stepping completed
Note: Starting dynamic gmin stepping
Note: Dynamic gmin stepping completed
Note: Starting dynamic gmin stepping
Note: Dynamic gmin stepping completed
Note: Starting dynamic gmin stepping
Note: Dynamic gmin stepping completed
Note: Starting dynamic gmin stepping
Note: Dynamic gmin stepping completed
Note: Starting dynamic gmin stepping
Note: Dynamic gmin stepping completed
Note: Starting dynamic gmin stepping
Note: Dynamic gmin stepping completed
Note: Starting dynamic gmin stepping
Note: Dynamic gmin stepping completed
Note: Starting dynamic gmin stepping
Note: Dynamic gmin stepping completed
Note: Starting dynamic gmin stepping
Note: Dynamic gmin stepping completed
Note: Starting dynamic gmin stepping
Note: Dynamic gmin stepping completed
Note: Starting dynamic gmin stepping
Note: Dynamic gmin stepping completed
Note: Starting dynamic gmin stepping
Note: Dynamic gmin stepping completed
Note: Starting dynamic gmin stepping
Note: Dynamic gmin stepping completed
Note: Starting dynamic gmin stepping
Note: Dynamic gmin stepping completed
Note: Starting dynamic gmin stepping
Note: Dynamic gmin stepping completed
Note: Starting dynamic gmin stepping
Note: Dynamic gmin stepping completed
Note: Starting dynamic gmin stepping
Note: Dynamic gmin stepping completed
Note: Starting dynamic gmin stepping
Note: Dynamic gmin stepping completed
Note: Starting dynamic gmin stepping
Note: Dynamic gmin stepping completed
Note: Starting dynamic gmin stepping
Note: Dynamic gmin stepping completed
Note: Starting dynamic gmin stepping
Note: Dynamic gmin stepping completed
Note: Starting dynamic gmin stepping
Note: Dynamic gmin stepping completed
Note: Starting dynamic gmin stepping
Note: Dynamic gmin stepping completed
Note: Starting dynamic gmin stepping
Note: Dynamic gmin stepping completed
Note: Starting dynamic gmin stepping
Note: Dynamic gmin stepping completed
Note: Starting dynamic gmin stepping
Note: Dynamic gmin stepping completed
Note: Starting dynamic gmin stepping
Note: Dynamic gmin stepping completed
Note: Starting dynamic gmin stepping
Note: Dynamic gmin stepping completed
Note: Starting dynamic gmin stepping
Note: Dynamic gmin stepping completed
Note: Starting dynamic gmin stepping
Note: Dynamic gmin stepping completed
Note: Starting dynamic gmin stepping
Note: Dynamic gmin stepping completed
Note: Starting dynamic gmin stepping
Note: Dynamic gmin stepping completed
Note: Starting dynamic gmin stepping
Note: Dynamic gmin stepping completed
Note: Starting dynamic gmin stepping
Note: Dynamic gmin stepping completed
Note: Starting dynamic gmin stepping
Note: Dynamic gmin stepping completed
Note: Starting dynamic gmin stepping
Note: Dynamic gmin stepping completed
Note: Starting dynamic gmin stepping
Note: Dynamic gmin stepping completed
Note: Starting dynamic gmin stepping
Note: Dynamic gmin stepping completed
Note: Starting dynamic gmin stepping
Note: Dynamic gmin stepping completed
Note: Starting dynamic gmin stepping
Note: Dynamic gmin stepping completed
Note: Starting dynamic gmin stepping
Note: Dynamic gmin stepping completed
Note: Starting dynamic gmin stepping
Note: Dynamic gmin stepping completed
Note: Starting dynamic gmin stepping
Note: Dynamic gmin stepping completed
Note: Starting dynamic gmin stepping
Note: Dynamic gmin stepping completed
Note: Starting dynamic gmin stepping
Note: Dynamic gmin stepping completed
Note: Starting dynamic gmin stepping
Note: Dynamic gmin stepping completed
Note: Starting dynamic gmin stepping
Note: Dynamic gmin stepping completed
Note: Starting dynamic gmin stepping
Note: Dynamic gmin stepping completed
Note: Starting dynamic gmin stepping
Note: Dynamic gmin stepping completed
Note: Starting dynamic gmin stepping
Note: Dynamic gmin stepping completed
Note: Starting dynamic gmin stepping
Note: Dynamic gmin stepping completed
Note: Starting dynamic gmin stepping
Note: Dynamic gmin stepping completed
