
Note: Compatibility modes selected: hs a


Circuit: * comparator-transient-noise @ ss_27c_1.08v -- generated by sim/harness, do not edit

Reset re-loads circuit * comparator-transient-noise @ ss_27c_1.08v -- generated by sim/harness, do not edit

Circuit: * comparator-transient-noise @ ss_27c_1.08v -- generated by sim/harness, do not edit

Doing analysis at TEMP = 27.000000 and TNOM = 27.000000

Using SPARSE 1.3 as Direct Linear Solver

Initial Transient Solution
--------------------------

Node                                   Voltage
----                                   -------
vdd                                       1.08
cm                                         0.6
vd0                                          0
ap0                                        0.6
an0                                        0.6
ibn0                                  0.355227
x0.x1.tmid                         8.90737e-08
x0.x1.tail                            0.589081
clk                                          0
x0.x1.np                                  1.08
x0.x1.nn                                  1.08
x0.x1.ln                                  1.08
x0.x1.lp                                  1.08
x0.x1.lnb                          1.39278e-08
x0.x1.lpb                          1.39278e-08
x0.x1.na                               1.07503
doutb0                                0.550763
dout0                                 0.550763
x0.x1.nb                               1.07503
vd1                                      0.001
ap1                                     0.6005
an1                                     0.5995
ibn1                                  0.355227
x1.x1.tmid                         8.90741e-08
x1.x1.tail                            0.589085
x1.x1.np                                  1.08
x1.x1.nn                                  1.08
x1.x1.ln                                  1.08
x1.x1.lp                                  1.08
x1.x1.lnb                          1.39278e-08
x1.x1.lpb                          1.39278e-08
x1.x1.na                               1.07503
doutb1                                0.550763
dout1                                 0.550763
x1.x1.nb                               1.07503
vd2                                     -0.001
ap2                                     0.5995
an2                                     0.6005
ibn2                                  0.355227
x2.x1.tmid                         8.90741e-08
x2.x1.tail                            0.589085
x2.x1.np                                  1.08
x2.x1.nn                                  1.08
x2.x1.ln                                  1.08
x2.x1.lp                                  1.08
x2.x1.lnb                          1.39278e-08
x2.x1.lpb                          1.39278e-08
x2.x1.na                               1.07503
doutb2                                0.550763
dout2                                 0.550763
x2.x1.nb                               1.07503
ean2#branch                        1.26639e-13
eap2#branch                        1.27429e-13
ean1#branch                        1.27429e-13
eap1#branch                        1.26639e-13
ean0#branch                        1.26999e-13
eap0#branch                        1.26999e-13
vclk#branch                        1.96894e-10
vd2#branch                                   0
vd1#branch                                   0
vd0#branch                                   0
vcm#branch                         7.62132e-13
vsup#branch                       -0.000103797

 Reference value :  0.00000e+00
 Reference value :  6.61176e-10
 Reference value :  1.20118e-09
 Reference value :  2.05412e-09
 Reference value :  2.88824e-09
 Reference value :  3.72000e-09
 Reference value :  4.47412e-09
No. of Data Rows : 1345
vsup_v              =  1.08000e+00
d0now               =  1.07999e+00
d1now               =  1.08000e+00
d2now               =  1.14765e-06
Reset re-loads circuit * comparator-transient-noise @ ss_27c_1.08v -- generated by sim/harness, do not edit

Circuit: * comparator-transient-noise @ ss_27c_1.08v -- generated by sim/harness, do not edit

Doing analysis at TEMP = 27.000000 and TNOM = 27.000000

Using SPARSE 1.3 as Direct Linear Solver

Initial Transient Solution
--------------------------

Node                                   Voltage
----                                   -------
vdd                                       1.08
cm                                         0.6
vd0                                          0
ap0                                        0.6
an0                                        0.6
ibn0                                  0.355227
x0.x1.tmid                         8.90737e-08
x0.x1.tail                            0.589081
clk                                          0
x0.x1.np                                  1.08
x0.x1.nn                                  1.08
x0.x1.ln                                  1.08
x0.x1.lp                                  1.08
x0.x1.lnb                          1.39278e-08
x0.x1.lpb                          1.39278e-08
x0.x1.na                               1.07503
doutb0                                0.550763
dout0                                 0.550763
x0.x1.nb                               1.07503
vd1                                      0.001
ap1                                     0.6005
an1                                     0.5995
ibn1                                  0.355227
x1.x1.tmid                         8.90741e-08
x1.x1.tail                            0.589085
x1.x1.np                                  1.08
x1.x1.nn                                  1.08
x1.x1.ln                                  1.08
x1.x1.lp                                  1.08
x1.x1.lnb                          1.39278e-08
x1.x1.lpb                          1.39278e-08
x1.x1.na                               1.07503
doutb1                                0.550763
dout1                                 0.550763
x1.x1.nb                               1.07503
vd2                                     -0.001
ap2                                     0.5995
an2                                     0.6005
ibn2                                  0.355227
x2.x1.tmid                         8.90741e-08
x2.x1.tail                            0.589085
x2.x1.np                                  1.08
x2.x1.nn                                  1.08
x2.x1.ln                                  1.08
x2.x1.lp                                  1.08
x2.x1.lnb                          1.39278e-08
x2.x1.lpb                          1.39278e-08
x2.x1.na                               1.07503
doutb2                                0.550763
dout2                                 0.550763
x2.x1.nb                               1.07503
ean2#branch                        1.26639e-13
eap2#branch                        1.27429e-13
ean1#branch                        1.27429e-13
eap1#branch                        1.26639e-13
ean0#branch                        1.26999e-13
eap0#branch                        1.26999e-13
vclk#branch                        1.96894e-10
vd2#branch                                   0
vd1#branch                                   0
vd0#branch                                   0
vcm#branch                         7.62132e-13
vsup#branch                       -0.000103797

 Reference value :  0.00000e+00
 Reference value :  7.01176e-10
 Reference value :  1.29412e-09
 Reference value :  2.14353e-09
 Reference value :  2.94000e-09
 Reference value :  3.70824e-09
 Reference value :  4.44118e-09
No. of Data Rows : 1345
vsup_v              =  1.08000e+00
d0now               =  1.38070e-06
d1now               =  1.08000e+00
d2now               =  1.08000e+00
Reset re-loads circuit * comparator-transient-noise @ ss_27c_1.08v -- generated by sim/harness, do not edit

Circuit: * comparator-transient-noise @ ss_27c_1.08v -- generated by sim/harness, do not edit

Doing analysis at TEMP = 27.000000 and TNOM = 27.000000

Using SPARSE 1.3 as Direct Linear Solver

Initial Transient Solution
--------------------------

Node                                   Voltage
----                                   -------
vdd                                       1.08
cm                                         0.6
vd0                                          0
ap0                                        0.6
an0                                        0.6
ibn0                                  0.355227
x0.x1.tmid                         8.90737e-08
x0.x1.tail                            0.589081
clk                                          0
x0.x1.np                                  1.08
x0.x1.nn                                  1.08
x0.x1.ln                                  1.08
x0.x1.lp                                  1.08
x0.x1.lnb                          1.39278e-08
x0.x1.lpb                          1.39278e-08
x0.x1.na                               1.07503
doutb0                                0.550763
dout0                                 0.550763
x0.x1.nb                               1.07503
vd1                                      0.001
ap1                                     0.6005
an1                                     0.5995
ibn1                                  0.355227
x1.x1.tmid                         8.90741e-08
x1.x1.tail                            0.589085
x1.x1.np                                  1.08
x1.x1.nn                                  1.08
x1.x1.ln                                  1.08
x1.x1.lp                                  1.08
x1.x1.lnb                          1.39278e-08
x1.x1.lpb                          1.39278e-08
x1.x1.na                               1.07503
doutb1                                0.550763
dout1                                 0.550763
x1.x1.nb                               1.07503
vd2                                     -0.001
ap2                                     0.5995
an2                                     0.6005
ibn2                                  0.355227
x2.x1.tmid                         8.90741e-08
x2.x1.tail                            0.589085
x2.x1.np                                  1.08
x2.x1.nn                                  1.08
x2.x1.ln                                  1.08
x2.x1.lp                                  1.08
x2.x1.lnb                          1.39278e-08
x2.x1.lpb                          1.39278e-08
x2.x1.na                               1.07503
doutb2                                0.550763
dout2                                 0.550763
x2.x1.nb                               1.07503
ean2#branch                        1.26639e-13
eap2#branch                        1.27429e-13
ean1#branch                        1.27429e-13
eap1#branch                        1.26639e-13
ean0#branch                        1.26999e-13
eap0#branch                        1.26999e-13
vclk#branch                        1.96894e-10
vd2#branch                                   0
vd1#branch                                   0
vd0#branch                                   0
vcm#branch                         7.62132e-13
vsup#branch                       -0.000103797

 Reference value :  0.00000e+00
 Reference value :  6.54118e-10
 Reference value :  1.18000e-09
 Reference value :  2.00118e-09
 Reference value :  2.96824e-09
 Reference value :  3.75412e-09
 Reference value :  4.50118e-09
No. of Data Rows : 1345
vsup_v              =  1.08000e+00
d0now               =  1.08000e+00
d1now               =  1.08000e+00
d2now               =  1.98121e-06
Reset re-loads circuit * comparator-transient-noise @ ss_27c_1.08v -- generated by sim/harness, do not edit

Circuit: * comparator-transient-noise @ ss_27c_1.08v -- generated by sim/harness, do not edit

Doing analysis at TEMP = 27.000000 and TNOM = 27.000000

Using SPARSE 1.3 as Direct Linear Solver

Initial Transient Solution
--------------------------

Node                                   Voltage
----                                   -------
vdd                                       1.08
cm                                         0.6
vd0                                          0
ap0                                        0.6
an0                                        0.6
ibn0                                  0.355227
x0.x1.tmid                         8.90737e-08
x0.x1.tail                            0.589081
clk                                          0
x0.x1.np                                  1.08
x0.x1.nn                                  1.08
x0.x1.ln                                  1.08
x0.x1.lp                                  1.08
x0.x1.lnb                          1.39278e-08
x0.x1.lpb                          1.39278e-08
x0.x1.na                               1.07503
doutb0                                0.550763
dout0                                 0.550763
x0.x1.nb                               1.07503
vd1                                      0.001
ap1                                     0.6005
an1                                     0.5995
ibn1                                  0.355227
x1.x1.tmid                         8.90741e-08
x1.x1.tail                            0.589085
x1.x1.np                                  1.08
x1.x1.nn                                  1.08
x1.x1.ln                                  1.08
x1.x1.lp                                  1.08
x1.x1.lnb                          1.39278e-08
x1.x1.lpb                          1.39278e-08
x1.x1.na                               1.07503
doutb1                                0.550763
dout1                                 0.550763
x1.x1.nb                               1.07503
vd2                                     -0.001
ap2                                     0.5995
an2                                     0.6005
ibn2                                  0.355227
x2.x1.tmid                         8.90741e-08
x2.x1.tail                            0.589085
x2.x1.np                                  1.08
x2.x1.nn                                  1.08
x2.x1.ln                                  1.08
x2.x1.lp                                  1.08
x2.x1.lnb                          1.39278e-08
x2.x1.lpb                          1.39278e-08
x2.x1.na                               1.07503
doutb2                                0.550763
dout2                                 0.550763
x2.x1.nb                               1.07503
ean2#branch                        1.26639e-13
eap2#branch                        1.27429e-13
ean1#branch                        1.27429e-13
eap1#branch                        1.26639e-13
ean0#branch                        1.26999e-13
eap0#branch                        1.26999e-13
vclk#branch                        1.96894e-10
vd2#branch                                   0
vd1#branch                                   0
vd0#branch                                   0
vcm#branch                         7.62132e-13
vsup#branch                       -0.000103797

 Reference value :  0.00000e+00
 Reference value :  6.63529e-10
 Reference value :  1.20826e-09
 Reference value :  2.09412e-09
 Reference value :  3.00824e-09
 Reference value :  3.78353e-09
 Reference value :  4.53412e-09
No. of Data Rows : 1345
vsup_v              =  1.08000e+00
d0now               =  1.08000e+00
d1now               =  1.08000e+00
d2now               =  7.42043e-08
Reset re-loads circuit * comparator-transient-noise @ ss_27c_1.08v -- generated by sim/harness, do not edit

Circuit: * comparator-transient-noise @ ss_27c_1.08v -- generated by sim/harness, do not edit

Doing analysis at TEMP = 27.000000 and TNOM = 27.000000

Using SPARSE 1.3 as Direct Linear Solver

Initial Transient Solution
--------------------------

Node                                   Voltage
----                                   -------
vdd                                       1.08
cm                                         0.6
vd0                                          0
ap0                                        0.6
an0                                        0.6
ibn0                                  0.355227
x0.x1.tmid                         8.90737e-08
x0.x1.tail                            0.589081
clk                                          0
x0.x1.np                                  1.08
x0.x1.nn                                  1.08
x0.x1.ln                                  1.08
x0.x1.lp                                  1.08
x0.x1.lnb                          1.39278e-08
x0.x1.lpb                          1.39278e-08
x0.x1.na                               1.07503
doutb0                                0.550763
dout0                                 0.550763
x0.x1.nb                               1.07503
vd1                                      0.001
ap1                                     0.6005
an1                                     0.5995
ibn1                                  0.355227
x1.x1.tmid                         8.90741e-08
x1.x1.tail                            0.589085
x1.x1.np                                  1.08
x1.x1.nn                                  1.08
x1.x1.ln                                  1.08
x1.x1.lp                                  1.08
x1.x1.lnb                          1.39278e-08
x1.x1.lpb                          1.39278e-08
x1.x1.na                               1.07503
doutb1                                0.550763
dout1                                 0.550763
x1.x1.nb                               1.07503
vd2                                     -0.001
ap2                                     0.5995
an2                                     0.6005
ibn2                                  0.355227
x2.x1.tmid                         8.90741e-08
x2.x1.tail                            0.589085
x2.x1.np                                  1.08
x2.x1.nn                                  1.08
x2.x1.ln                                  1.08
x2.x1.lp                                  1.08
x2.x1.lnb                          1.39278e-08
x2.x1.lpb                          1.39278e-08
x2.x1.na                               1.07503
doutb2                                0.550763
dout2                                 0.550763
x2.x1.nb                               1.07503
ean2#branch                        1.26639e-13
eap2#branch                        1.27429e-13
ean1#branch                        1.27429e-13
eap1#branch                        1.26639e-13
ean0#branch                        1.26999e-13
eap0#branch                        1.26999e-13
vclk#branch                        1.96894e-10
vd2#branch                                   0
vd1#branch                                   0
vd0#branch                                   0
vcm#branch                         7.62132e-13
vsup#branch                       -0.000103797

 Reference value :  0.00000e+00
 Reference value :  6.74118e-10
 Reference value :  1.20826e-09
 Reference value :  2.07412e-09
 Reference value :  2.94118e-09
 Reference value :  3.80000e-09
 Reference value :  4.50353e-09
No. of Data Rows : 1345
vsup_v              =  1.08000e+00
d0now               =  -1.84472e-07
d1now               =  -9.78928e-07
d2now               =  1.08000e+00
Reset re-loads circuit * comparator-transient-noise @ ss_27c_1.08v -- generated by sim/harness, do not edit

Circuit: * comparator-transient-noise @ ss_27c_1.08v -- generated by sim/harness, do not edit

Doing analysis at TEMP = 27.000000 and TNOM = 27.000000

Using SPARSE 1.3 as Direct Linear Solver

Initial Transient Solution
--------------------------

Node                                   Voltage
----                                   -------
vdd                                       1.08
cm                                         0.6
vd0                                          0
ap0                                        0.6
an0                                        0.6
ibn0                                  0.355227
x0.x1.tmid                         8.90737e-08
x0.x1.tail                            0.589081
clk                                          0
x0.x1.np                                  1.08
x0.x1.nn                                  1.08
x0.x1.ln                                  1.08
x0.x1.lp                                  1.08
x0.x1.lnb                          1.39278e-08
x0.x1.lpb                          1.39278e-08
x0.x1.na                               1.07503
doutb0                                0.550763
dout0                                 0.550763
x0.x1.nb                               1.07503
vd1                                      0.001
ap1                                     0.6005
an1                                     0.5995
ibn1                                  0.355227
x1.x1.tmid                         8.90741e-08
x1.x1.tail                            0.589085
x1.x1.np                                  1.08
x1.x1.nn                                  1.08
x1.x1.ln                                  1.08
x1.x1.lp                                  1.08
x1.x1.lnb                          1.39278e-08
x1.x1.lpb                          1.39278e-08
x1.x1.na                               1.07503
doutb1                                0.550763
dout1                                 0.550763
x1.x1.nb                               1.07503
vd2                                     -0.001
ap2                                     0.5995
an2                                     0.6005
ibn2                                  0.355227
x2.x1.tmid                         8.90741e-08
x2.x1.tail                            0.589085
x2.x1.np                                  1.08
x2.x1.nn                                  1.08
x2.x1.ln                                  1.08
x2.x1.lp                                  1.08
x2.x1.lnb                          1.39278e-08
x2.x1.lpb                          1.39278e-08
x2.x1.na                               1.07503
doutb2                                0.550763
dout2                                 0.550763
x2.x1.nb                               1.07503
ean2#branch                        1.26639e-13
eap2#branch                        1.27429e-13
ean1#branch                        1.27429e-13
eap1#branch                        1.26639e-13
ean0#branch                        1.26999e-13
eap0#branch                        1.26999e-13
vclk#branch                        1.96894e-10
vd2#branch                                   0
vd1#branch                                   0
vd0#branch                                   0
vcm#branch                         7.62132e-13
vsup#branch                       -0.000103797

 Reference value :  0.00000e+00
 Reference value :  6.83529e-10
 Reference value :  1.22000e-09
 Reference value :  2.10118e-09
 Reference value :  2.96353e-09
 Reference value :  3.74353e-09
 Reference value :  4.51412e-09
No. of Data Rows : 1345
vsup_v              =  1.08000e+00
d0now               =  1.08000e+00
d1now               =  1.08000e+00
d2now               =  1.49415e-07
Reset re-loads circuit * comparator-transient-noise @ ss_27c_1.08v -- generated by sim/harness, do not edit

Circuit: * comparator-transient-noise @ ss_27c_1.08v -- generated by sim/harness, do not edit

Doing analysis at TEMP = 27.000000 and TNOM = 27.000000

Using SPARSE 1.3 as Direct Linear Solver

Initial Transient Solution
--------------------------

Node                                   Voltage
----                                   -------
vdd                                       1.08
cm                                         0.6
vd0                                          0
ap0                                        0.6
an0                                        0.6
ibn0                                  0.355227
x0.x1.tmid                         8.90737e-08
x0.x1.tail                            0.589081
clk                                          0
x0.x1.np                                  1.08
x0.x1.nn                                  1.08
x0.x1.ln                                  1.08
x0.x1.lp                                  1.08
x0.x1.lnb                          1.39278e-08
x0.x1.lpb                          1.39278e-08
x0.x1.na                               1.07503
doutb0                                0.550763
dout0                                 0.550763
x0.x1.nb                               1.07503
vd1                                      0.001
ap1                                     0.6005
an1                                     0.5995
ibn1                                  0.355227
x1.x1.tmid                         8.90741e-08
x1.x1.tail                            0.589085
x1.x1.np                                  1.08
x1.x1.nn                                  1.08
x1.x1.ln                                  1.08
x1.x1.lp                                  1.08
x1.x1.lnb                          1.39278e-08
x1.x1.lpb                          1.39278e-08
x1.x1.na                               1.07503
doutb1                                0.550763
dout1                                 0.550763
x1.x1.nb                               1.07503
vd2                                     -0.001
ap2                                     0.5995
an2                                     0.6005
ibn2                                  0.355227
x2.x1.tmid                         8.90741e-08
x2.x1.tail                            0.589085
x2.x1.np                                  1.08
x2.x1.nn                                  1.08
x2.x1.ln                                  1.08
x2.x1.lp                                  1.08
x2.x1.lnb                          1.39278e-08
x2.x1.lpb                          1.39278e-08
x2.x1.na                               1.07503
doutb2                                0.550763
dout2                                 0.550763
x2.x1.nb                               1.07503
ean2#branch                        1.26639e-13
eap2#branch                        1.27429e-13
ean1#branch                        1.27429e-13
eap1#branch                        1.26639e-13
ean0#branch                        1.26999e-13
eap0#branch                        1.26999e-13
vclk#branch                        1.96894e-10
vd2#branch                                   0
vd1#branch                                   0
vd0#branch                                   0
vcm#branch                         7.62132e-13
vsup#branch                       -0.000103797

 Reference value :  0.00000e+00
 Reference value :  6.41176e-10
 Reference value :  1.18000e-09
 Reference value :  2.08824e-09
 Reference value :  2.97412e-09
 Reference value :  3.74353e-09
 Reference value :  4.48000e-09
No. of Data Rows : 1345
vsup_v              =  1.08000e+00
d0now               =  -9.59539e-07
d1now               =  1.08001e+00
d2now               =  -6.74433e-07
Reset re-loads circuit * comparator-transient-noise @ ss_27c_1.08v -- generated by sim/harness, do not edit

Circuit: * comparator-transient-noise @ ss_27c_1.08v -- generated by sim/harness, do not edit

Doing analysis at TEMP = 27.000000 and TNOM = 27.000000

Using SPARSE 1.3 as Direct Linear Solver

Initial Transient Solution
--------------------------

Node                                   Voltage
----                                   -------
vdd                                       1.08
cm                                         0.6
vd0                                          0
ap0                                        0.6
an0                                        0.6
ibn0                                  0.355227
x0.x1.tmid                         8.90737e-08
x0.x1.tail                            0.589081
clk                                          0
x0.x1.np                                  1.08
x0.x1.nn                                  1.08
x0.x1.ln                                  1.08
x0.x1.lp                                  1.08
x0.x1.lnb                          1.39278e-08
x0.x1.lpb                          1.39278e-08
x0.x1.na                               1.07503
doutb0                                0.550763
dout0                                 0.550763
x0.x1.nb                               1.07503
vd1                                      0.001
ap1                                     0.6005
an1                                     0.5995
ibn1                                  0.355227
x1.x1.tmid                         8.90741e-08
x1.x1.tail                            0.589085
x1.x1.np                                  1.08
x1.x1.nn                                  1.08
x1.x1.ln                                  1.08
x1.x1.lp                                  1.08
x1.x1.lnb                          1.39278e-08
x1.x1.lpb                          1.39278e-08
x1.x1.na                               1.07503
doutb1                                0.550763
dout1                                 0.550763
x1.x1.nb                               1.07503
vd2                                     -0.001
ap2                                     0.5995
an2                                     0.6005
ibn2                                  0.355227
x2.x1.tmid                         8.90741e-08
x2.x1.tail                            0.589085
x2.x1.np                                  1.08
x2.x1.nn                                  1.08
x2.x1.ln                                  1.08
x2.x1.lp                                  1.08
x2.x1.lnb                          1.39278e-08
x2.x1.lpb                          1.39278e-08
x2.x1.na                               1.07503
doutb2                                0.550763
dout2                                 0.550763
x2.x1.nb                               1.07503
ean2#branch                        1.26639e-13
eap2#branch                        1.27429e-13
ean1#branch                        1.27429e-13
eap1#branch                        1.26639e-13
ean0#branch                        1.26999e-13
eap0#branch                        1.26999e-13
vclk#branch                        1.96894e-10
vd2#branch                                   0
vd1#branch                                   0
vd0#branch                                   0
vcm#branch                         7.62132e-13
vsup#branch                       -0.000103797

 Reference value :  0.00000e+00
 Reference value :  6.80000e-10
 Reference value :  1.20354e-09
 Reference value :  2.10000e-09
 Reference value :  2.96824e-09
 Reference value :  3.76824e-09
 Reference value :  4.50353e-09
No. of Data Rows : 1345
vsup_v              =  1.08000e+00
d0now               =  1.52190e-06
d1now               =  1.08001e+00
d2now               =  1.08000e+00
Reset re-loads circuit * comparator-transient-noise @ ss_27c_1.08v -- generated by sim/harness, do not edit

Circuit: * comparator-transient-noise @ ss_27c_1.08v -- generated by sim/harness, do not edit

Doing analysis at TEMP = 27.000000 and TNOM = 27.000000

Using SPARSE 1.3 as Direct Linear Solver

Initial Transient Solution
--------------------------

Node                                   Voltage
----                                   -------
vdd                                       1.08
cm                                         0.6
vd0                                          0
ap0                                        0.6
an0                                        0.6
ibn0                                  0.355227
x0.x1.tmid                         8.90737e-08
x0.x1.tail                            0.589081
clk                                          0
x0.x1.np                                  1.08
x0.x1.nn                                  1.08
x0.x1.ln                                  1.08
x0.x1.lp                                  1.08
x0.x1.lnb                          1.39278e-08
x0.x1.lpb                          1.39278e-08
x0.x1.na                               1.07503
doutb0                                0.550763
dout0                                 0.550763
x0.x1.nb                               1.07503
vd1                                      0.001
ap1                                     0.6005
an1                                     0.5995
ibn1                                  0.355227
x1.x1.tmid                         8.90741e-08
x1.x1.tail                            0.589085
x1.x1.np                                  1.08
x1.x1.nn                                  1.08
x1.x1.ln                                  1.08
x1.x1.lp                                  1.08
x1.x1.lnb                          1.39278e-08
x1.x1.lpb                          1.39278e-08
x1.x1.na                               1.07503
doutb1                                0.550763
dout1                                 0.550763
x1.x1.nb                               1.07503
vd2                                     -0.001
ap2                                     0.5995
an2                                     0.6005
ibn2                                  0.355227
x2.x1.tmid                         8.90741e-08
x2.x1.tail                            0.589085
x2.x1.np                                  1.08
x2.x1.nn                                  1.08
x2.x1.ln                                  1.08
x2.x1.lp                                  1.08
x2.x1.lnb                          1.39278e-08
x2.x1.lpb                          1.39278e-08
x2.x1.na                               1.07503
doutb2                                0.550763
dout2                                 0.550763
x2.x1.nb                               1.07503
ean2#branch                        1.26639e-13
eap2#branch                        1.27429e-13
ean1#branch                        1.27429e-13
eap1#branch                        1.26639e-13
ean0#branch                        1.26999e-13
eap0#branch                        1.26999e-13
vclk#branch                        1.96894e-10
vd2#branch                                   0
vd1#branch                                   0
vd0#branch                                   0
vcm#branch                         7.62132e-13
vsup#branch                       -0.000103797

 Reference value :  0.00000e+00
 Reference value :  6.60000e-10
 Reference value :  1.20000e-09
 Reference value :  2.02824e-09
 Reference value :  2.85412e-09
 Reference value :  3.64824e-09
 Reference value :  4.42000e-09
No. of Data Rows : 1345
vsup_v              =  1.08000e+00
d0now               =  1.07999e+00
d1now               =  1.22836e-06
d2now               =  -1.33346e-06
Reset re-loads circuit * comparator-transient-noise @ ss_27c_1.08v -- generated by sim/harness, do not edit

Circuit: * comparator-transient-noise @ ss_27c_1.08v -- generated by sim/harness, do not edit

Doing analysis at TEMP = 27.000000 and TNOM = 27.000000

Using SPARSE 1.3 as Direct Linear Solver

Initial Transient Solution
--------------------------

Node                                   Voltage
----                                   -------
vdd                                       1.08
cm                                         0.6
vd0                                          0
ap0                                        0.6
an0                                        0.6
ibn0                                  0.355227
x0.x1.tmid                         8.90737e-08
x0.x1.tail                            0.589081
clk                                          0
x0.x1.np                                  1.08
x0.x1.nn                                  1.08
x0.x1.ln                                  1.08
x0.x1.lp                                  1.08
x0.x1.lnb                          1.39278e-08
x0.x1.lpb                          1.39278e-08
x0.x1.na                               1.07503
doutb0                                0.550763
dout0                                 0.550763
x0.x1.nb                               1.07503
vd1                                      0.001
ap1                                     0.6005
an1                                     0.5995
ibn1                                  0.355227
x1.x1.tmid                         8.90741e-08
x1.x1.tail                            0.589085
x1.x1.np                                  1.08
x1.x1.nn                                  1.08
x1.x1.ln                                  1.08
x1.x1.lp                                  1.08
x1.x1.lnb                          1.39278e-08
x1.x1.lpb                          1.39278e-08
x1.x1.na                               1.07503
doutb1                                0.550763
dout1                                 0.550763
x1.x1.nb                               1.07503
vd2                                     -0.001
ap2                                     0.5995
an2                                     0.6005
ibn2                                  0.355227
x2.x1.tmid                         8.90741e-08
x2.x1.tail                            0.589085
x2.x1.np                                  1.08
x2.x1.nn                                  1.08
x2.x1.ln                                  1.08
x2.x1.lp                                  1.08
x2.x1.lnb                          1.39278e-08
x2.x1.lpb                          1.39278e-08
x2.x1.na                               1.07503
doutb2                                0.550763
dout2                                 0.550763
x2.x1.nb                               1.07503
ean2#branch                        1.26639e-13
eap2#branch                        1.27429e-13
ean1#branch                        1.27429e-13
eap1#branch                        1.26639e-13
ean0#branch                        1.26999e-13
eap0#branch                        1.26999e-13
vclk#branch                        1.96894e-10
vd2#branch                                   0
vd1#branch                                   0
vd0#branch                                   0
vcm#branch                         7.62132e-13
vsup#branch                       -0.000103797

 Reference value :  0.00000e+00
 Reference value :  6.80000e-10
 Reference value :  1.18117e-09
 Reference value :  2.02118e-09
 Reference value :  2.90000e-09
 Reference value :  3.72000e-09
 Reference value :  4.48000e-09
No. of Data Rows : 1345
vsup_v              =  1.08000e+00
d0now               =  1.08000e+00
d1now               =  1.07999e+00
d2now               =  2.50064e-06
Reset re-loads circuit * comparator-transient-noise @ ss_27c_1.08v -- generated by sim/harness, do not edit

Circuit: * comparator-transient-noise @ ss_27c_1.08v -- generated by sim/harness, do not edit

Doing analysis at TEMP = 27.000000 and TNOM = 27.000000

Using SPARSE 1.3 as Direct Linear Solver

Initial Transient Solution
--------------------------

Node                                   Voltage
----                                   -------
vdd                                       1.08
cm                                         0.6
vd0                                          0
ap0                                        0.6
an0                                        0.6
ibn0                                  0.355227
x0.x1.tmid                         8.90737e-08
x0.x1.tail                            0.589081
clk                                          0
x0.x1.np                                  1.08
x0.x1.nn                                  1.08
x0.x1.ln                                  1.08
x0.x1.lp                                  1.08
x0.x1.lnb                          1.39278e-08
x0.x1.lpb                          1.39278e-08
x0.x1.na                               1.07503
doutb0                                0.550763
dout0                                 0.550763
x0.x1.nb                               1.07503
vd1                                      0.001
ap1                                     0.6005
an1                                     0.5995
ibn1                                  0.355227
x1.x1.tmid                         8.90741e-08
x1.x1.tail                            0.589085
x1.x1.np                                  1.08
x1.x1.nn                                  1.08
x1.x1.ln                                  1.08
x1.x1.lp                                  1.08
x1.x1.lnb                          1.39278e-08
x1.x1.lpb                          1.39278e-08
x1.x1.na                               1.07503
doutb1                                0.550763
dout1                                 0.550763
x1.x1.nb                               1.07503
vd2                                     -0.001
ap2                                     0.5995
an2                                     0.6005
ibn2                                  0.355227
x2.x1.tmid                         8.90741e-08
x2.x1.tail                            0.589085
x2.x1.np                                  1.08
x2.x1.nn                                  1.08
x2.x1.ln                                  1.08
x2.x1.lp                                  1.08
x2.x1.lnb                          1.39278e-08
x2.x1.lpb                          1.39278e-08
x2.x1.na                               1.07503
doutb2                                0.550763
dout2                                 0.550763
x2.x1.nb                               1.07503
ean2#branch                        1.26639e-13
eap2#branch                        1.27429e-13
ean1#branch                        1.27429e-13
eap1#branch                        1.26639e-13
ean0#branch                        1.26999e-13
eap0#branch                        1.26999e-13
vclk#branch                        1.96894e-10
vd2#branch                                   0
vd1#branch                                   0
vd0#branch                                   0
vcm#branch                         7.62132e-13
vsup#branch                       -0.000103797

 Reference value :  0.00000e+00
 Reference value :  6.63529e-10
 Reference value :  1.19410e-09
 Reference value :  2.06353e-09
 Reference value :  2.88824e-09
 Reference value :  3.72353e-09
 Reference value :  4.46353e-09
No. of Data Rows : 1345
vsup_v              =  1.08000e+00
d0now               =  2.73962e-07
d1now               =  1.08001e+00
d2now               =  1.08000e+00
Reset re-loads circuit * comparator-transient-noise @ ss_27c_1.08v -- generated by sim/harness, do not edit

Circuit: * comparator-transient-noise @ ss_27c_1.08v -- generated by sim/harness, do not edit

Doing analysis at TEMP = 27.000000 and TNOM = 27.000000

Using SPARSE 1.3 as Direct Linear Solver

Initial Transient Solution
--------------------------

Node                                   Voltage
----                                   -------
vdd                                       1.08
cm                                         0.6
vd0                                          0
ap0                                        0.6
an0                                        0.6
ibn0                                  0.355227
x0.x1.tmid                         8.90737e-08
x0.x1.tail                            0.589081
clk                                          0
x0.x1.np                                  1.08
x0.x1.nn                                  1.08
x0.x1.ln                                  1.08
x0.x1.lp                                  1.08
x0.x1.lnb                          1.39278e-08
x0.x1.lpb                          1.39278e-08
x0.x1.na                               1.07503
doutb0                                0.550763
dout0                                 0.550763
x0.x1.nb                               1.07503
vd1                                      0.001
ap1                                     0.6005
an1                                     0.5995
ibn1                                  0.355227
x1.x1.tmid                         8.90741e-08
x1.x1.tail                            0.589085
x1.x1.np                                  1.08
x1.x1.nn                                  1.08
x1.x1.ln                                  1.08
x1.x1.lp                                  1.08
x1.x1.lnb                          1.39278e-08
x1.x1.lpb                          1.39278e-08
x1.x1.na                               1.07503
doutb1                                0.550763
dout1                                 0.550763
x1.x1.nb                               1.07503
vd2                                     -0.001
ap2                                     0.5995
an2                                     0.6005
ibn2                                  0.355227
x2.x1.tmid                         8.90741e-08
x2.x1.tail                            0.589085
x2.x1.np                                  1.08
x2.x1.nn                                  1.08
x2.x1.ln                                  1.08
x2.x1.lp                                  1.08
x2.x1.lnb                          1.39278e-08
x2.x1.lpb                          1.39278e-08
x2.x1.na                               1.07503
doutb2                                0.550763
dout2                                 0.550763
x2.x1.nb                               1.07503
ean2#branch                        1.26639e-13
eap2#branch                        1.27429e-13
ean1#branch                        1.27429e-13
eap1#branch                        1.26639e-13
ean0#branch                        1.26999e-13
eap0#branch                        1.26999e-13
vclk#branch                        1.96894e-10
vd2#branch                                   0
vd1#branch                                   0
vd0#branch                                   0
vcm#branch                         7.62132e-13
vsup#branch                       -0.000103797

 Reference value :  0.00000e+00
 Reference value :  6.61176e-10
 Reference value :  1.18117e-09
 Reference value :  2.04353e-09
 Reference value :  2.88353e-09
 Reference value :  3.71412e-09
 Reference value :  4.46118e-09
No. of Data Rows : 1345
vsup_v              =  1.08000e+00
d0now               =  1.08000e+00
d1now               =  1.07999e+00
d2now               =  7.71054e-07
Reset re-loads circuit * comparator-transient-noise @ ss_27c_1.08v -- generated by sim/harness, do not edit

Circuit: * comparator-transient-noise @ ss_27c_1.08v -- generated by sim/harness, do not edit

Doing analysis at TEMP = 27.000000 and TNOM = 27.000000

Using SPARSE 1.3 as Direct Linear Solver

Initial Transient Solution
--------------------------

Node                                   Voltage
----                                   -------
vdd                                       1.08
cm                                         0.6
vd0                                          0
ap0                                        0.6
an0                                        0.6
ibn0                                  0.355227
x0.x1.tmid                         8.90737e-08
x0.x1.tail                            0.589081
clk                                          0
x0.x1.np                                  1.08
x0.x1.nn                                  1.08
x0.x1.ln                                  1.08
x0.x1.lp                                  1.08
x0.x1.lnb                          1.39278e-08
x0.x1.lpb                          1.39278e-08
x0.x1.na                               1.07503
doutb0                                0.550763
dout0                                 0.550763
x0.x1.nb                               1.07503
vd1                                      0.001
ap1                                     0.6005
an1                                     0.5995
ibn1                                  0.355227
x1.x1.tmid                         8.90741e-08
x1.x1.tail                            0.589085
x1.x1.np                                  1.08
x1.x1.nn                                  1.08
x1.x1.ln                                  1.08
x1.x1.lp                                  1.08
x1.x1.lnb                          1.39278e-08
x1.x1.lpb                          1.39278e-08
x1.x1.na                               1.07503
doutb1                                0.550763
dout1                                 0.550763
x1.x1.nb                               1.07503
vd2                                     -0.001
ap2                                     0.5995
an2                                     0.6005
ibn2                                  0.355227
x2.x1.tmid                         8.90741e-08
x2.x1.tail                            0.589085
x2.x1.np                                  1.08
x2.x1.nn                                  1.08
x2.x1.ln                                  1.08
x2.x1.lp                                  1.08
x2.x1.lnb                          1.39278e-08
x2.x1.lpb                          1.39278e-08
x2.x1.na                               1.07503
doutb2                                0.550763
dout2                                 0.550763
x2.x1.nb                               1.07503
ean2#branch                        1.26639e-13
eap2#branch                        1.27429e-13
ean1#branch                        1.27429e-13
eap1#branch                        1.26639e-13
ean0#branch                        1.26999e-13
eap0#branch                        1.26999e-13
vclk#branch                        1.96894e-10
vd2#branch                                   0
vd1#branch                                   0
vd0#branch                                   0
vcm#branch                         7.62132e-13
vsup#branch                       -0.000103797

 Reference value :  0.00000e+00
 Reference value :  6.81176e-10
 Reference value :  1.21413e-09
 Reference value :  2.14824e-09
 Reference value :  3.07412e-09
 Reference value :  3.86118e-09
 Reference value :  4.60000e-09
No. of Data Rows : 1345
vsup_v              =  1.08000e+00
d0now               =  2.31994e-07
d1now               =  1.07999e+00
d2now               =  4.55210e-07
Reset re-loads circuit * comparator-transient-noise @ ss_27c_1.08v -- generated by sim/harness, do not edit

Circuit: * comparator-transient-noise @ ss_27c_1.08v -- generated by sim/harness, do not edit

Doing analysis at TEMP = 27.000000 and TNOM = 27.000000

Using SPARSE 1.3 as Direct Linear Solver

Initial Transient Solution
--------------------------

Node                                   Voltage
----                                   -------
vdd                                       1.08
cm                                         0.6
vd0                                          0
ap0                                        0.6
an0                                        0.6
ibn0                                  0.355227
x0.x1.tmid                         8.90737e-08
x0.x1.tail                            0.589081
clk                                          0
x0.x1.np                                  1.08
x0.x1.nn                                  1.08
x0.x1.ln                                  1.08
x0.x1.lp                                  1.08
x0.x1.lnb                          1.39278e-08
x0.x1.lpb                          1.39278e-08
x0.x1.na                               1.07503
doutb0                                0.550763
dout0                                 0.550763
x0.x1.nb                               1.07503
vd1                                      0.001
ap1                                     0.6005
an1                                     0.5995
ibn1                                  0.355227
x1.x1.tmid                         8.90741e-08
x1.x1.tail                            0.589085
x1.x1.np                                  1.08
x1.x1.nn                                  1.08
x1.x1.ln                                  1.08
x1.x1.lp                                  1.08
x1.x1.lnb                          1.39278e-08
x1.x1.lpb                          1.39278e-08
x1.x1.na                               1.07503
doutb1                                0.550763
dout1                                 0.550763
x1.x1.nb                               1.07503
vd2                                     -0.001
ap2                                     0.5995
an2                                     0.6005
ibn2                                  0.355227
x2.x1.tmid                         8.90741e-08
x2.x1.tail                            0.589085
x2.x1.np                                  1.08
x2.x1.nn                                  1.08
x2.x1.ln                                  1.08
x2.x1.lp                                  1.08
x2.x1.lnb                          1.39278e-08
x2.x1.lpb                          1.39278e-08
x2.x1.na                               1.07503
doutb2                                0.550763
dout2                                 0.550763
x2.x1.nb                               1.07503
ean2#branch                        1.26639e-13
eap2#branch                        1.27429e-13
ean1#branch                        1.27429e-13
eap1#branch                        1.26639e-13
ean0#branch                        1.26999e-13
eap0#branch                        1.26999e-13
vclk#branch                        1.96894e-10
vd2#branch                                   0
vd1#branch                                   0
vd0#branch                                   0
vcm#branch                         7.62132e-13
vsup#branch                       -0.000103797

 Reference value :  0.00000e+00
 Reference value :  6.68235e-10
 Reference value :  1.20826e-09
 Reference value :  2.08118e-09
 Reference value :  2.94000e-09
 Reference value :  3.74353e-09
 Reference value :  4.49412e-09
No. of Data Rows : 1345
vsup_v              =  1.08000e+00
d0now               =  1.07999e+00
d1now               =  1.08000e+00
d2now               =  5.63642e-07
Reset re-loads circuit * comparator-transient-noise @ ss_27c_1.08v -- generated by sim/harness, do not edit

Circuit: * comparator-transient-noise @ ss_27c_1.08v -- generated by sim/harness, do not edit

Doing analysis at TEMP = 27.000000 and TNOM = 27.000000

Using SPARSE 1.3 as Direct Linear Solver

Initial Transient Solution
--------------------------

Node                                   Voltage
----                                   -------
vdd                                       1.08
cm                                         0.6
vd0                                          0
ap0                                        0.6
an0                                        0.6
ibn0                                  0.355227
x0.x1.tmid                         8.90737e-08
x0.x1.tail                            0.589081
clk                                          0
x0.x1.np                                  1.08
x0.x1.nn                                  1.08
x0.x1.ln                                  1.08
x0.x1.lp                                  1.08
x0.x1.lnb                          1.39278e-08
x0.x1.lpb                          1.39278e-08
x0.x1.na                               1.07503
doutb0                                0.550763
dout0                                 0.550763
x0.x1.nb                               1.07503
vd1                                      0.001
ap1                                     0.6005
an1                                     0.5995
ibn1                                  0.355227
x1.x1.tmid                         8.90741e-08
x1.x1.tail                            0.589085
x1.x1.np                                  1.08
x1.x1.nn                                  1.08
x1.x1.ln                                  1.08
x1.x1.lp                                  1.08
x1.x1.lnb                          1.39278e-08
x1.x1.lpb                          1.39278e-08
x1.x1.na                               1.07503
doutb1                                0.550763
dout1                                 0.550763
x1.x1.nb                               1.07503
vd2                                     -0.001
ap2                                     0.5995
an2                                     0.6005
ibn2                                  0.355227
x2.x1.tmid                         8.90741e-08
x2.x1.tail                            0.589085
x2.x1.np                                  1.08
x2.x1.nn                                  1.08
x2.x1.ln                                  1.08
x2.x1.lp                                  1.08
x2.x1.lnb                          1.39278e-08
x2.x1.lpb                          1.39278e-08
x2.x1.na                               1.07503
doutb2                                0.550763
dout2                                 0.550763
x2.x1.nb                               1.07503
ean2#branch                        1.26639e-13
eap2#branch                        1.27429e-13
ean1#branch                        1.27429e-13
eap1#branch                        1.26639e-13
ean0#branch                        1.26999e-13
eap0#branch                        1.26999e-13
vclk#branch                        1.96894e-10
vd2#branch                                   0
vd1#branch                                   0
vd0#branch                                   0
vcm#branch                         7.62132e-13
vsup#branch                       -0.000103797

 Reference value :  0.00000e+00
 Reference value :  6.61176e-10
 Reference value :  1.20118e-09
 Reference value :  2.04824e-09
 Reference value :  2.86353e-09
 Reference value :  3.68353e-09
 Reference value :  4.40824e-09
No. of Data Rows : 1345
vsup_v              =  1.08000e+00
d0now               =  2.21122e-06
d1now               =  -9.87299e-07
d2now               =  1.08000e+00
Reset re-loads circuit * comparator-transient-noise @ ss_27c_1.08v -- generated by sim/harness, do not edit

Circuit: * comparator-transient-noise @ ss_27c_1.08v -- generated by sim/harness, do not edit

Doing analysis at TEMP = 27.000000 and TNOM = 27.000000

Using SPARSE 1.3 as Direct Linear Solver

Initial Transient Solution
--------------------------

Node                                   Voltage
----                                   -------
vdd                                       1.08
cm                                         0.6
vd0                                          0
ap0                                        0.6
an0                                        0.6
ibn0                                  0.355227
x0.x1.tmid                         8.90737e-08
x0.x1.tail                            0.589081
clk                                          0
x0.x1.np                                  1.08
x0.x1.nn                                  1.08
x0.x1.ln                                  1.08
x0.x1.lp                                  1.08
x0.x1.lnb                          1.39278e-08
x0.x1.lpb                          1.39278e-08
x0.x1.na                               1.07503
doutb0                                0.550763
dout0                                 0.550763
x0.x1.nb                               1.07503
vd1                                      0.001
ap1                                     0.6005
an1                                     0.5995
ibn1                                  0.355227
x1.x1.tmid                         8.90741e-08
x1.x1.tail                            0.589085
x1.x1.np                                  1.08
x1.x1.nn                                  1.08
x1.x1.ln                                  1.08
x1.x1.lp                                  1.08
x1.x1.lnb                          1.39278e-08
x1.x1.lpb                          1.39278e-08
x1.x1.na                               1.07503
doutb1                                0.550763
dout1                                 0.550763
x1.x1.nb                               1.07503
vd2                                     -0.001
ap2                                     0.5995
an2                                     0.6005
ibn2                                  0.355227
x2.x1.tmid                         8.90741e-08
x2.x1.tail                            0.589085
x2.x1.np                                  1.08
x2.x1.nn                                  1.08
x2.x1.ln                                  1.08
x2.x1.lp                                  1.08
x2.x1.lnb                          1.39278e-08
x2.x1.lpb                          1.39278e-08
x2.x1.na                               1.07503
doutb2                                0.550763
dout2                                 0.550763
x2.x1.nb                               1.07503
ean2#branch                        1.26639e-13
eap2#branch                        1.27429e-13
ean1#branch                        1.27429e-13
eap1#branch                        1.26639e-13
ean0#branch                        1.26999e-13
eap0#branch                        1.26999e-13
vclk#branch                        1.96894e-10
vd2#branch                                   0
vd1#branch                                   0
vd0#branch                                   0
vcm#branch                         7.62132e-13
vsup#branch                       -0.000103797

 Reference value :  0.00000e+00
 Reference value :  6.34118e-10
 Reference value :  1.16118e-09
 Reference value :  2.02000e-09
 Reference value :  2.87412e-09
 Reference value :  3.70118e-09
 Reference value :  4.43412e-09
No. of Data Rows : 1345
vsup_v              =  1.08000e+00
d0now               =  -3.03318e-07
d1now               =  1.08000e+00
d2now               =  1.56582e-06
Reset re-loads circuit * comparator-transient-noise @ ss_27c_1.08v -- generated by sim/harness, do not edit

Circuit: * comparator-transient-noise @ ss_27c_1.08v -- generated by sim/harness, do not edit

Doing analysis at TEMP = 27.000000 and TNOM = 27.000000

Using SPARSE 1.3 as Direct Linear Solver

Initial Transient Solution
--------------------------

Node                                   Voltage
----                                   -------
vdd                                       1.08
cm                                         0.6
vd0                                          0
ap0                                        0.6
an0                                        0.6
ibn0                                  0.355227
x0.x1.tmid                         8.90737e-08
x0.x1.tail                            0.589081
clk                                          0
x0.x1.np                                  1.08
x0.x1.nn                                  1.08
x0.x1.ln                                  1.08
x0.x1.lp                                  1.08
x0.x1.lnb                          1.39278e-08
x0.x1.lpb                          1.39278e-08
x0.x1.na                               1.07503
doutb0                                0.550763
dout0                                 0.550763
x0.x1.nb                               1.07503
vd1                                      0.001
ap1                                     0.6005
an1                                     0.5995
ibn1                                  0.355227
x1.x1.tmid                         8.90741e-08
x1.x1.tail                            0.589085
x1.x1.np                                  1.08
x1.x1.nn                                  1.08
x1.x1.ln                                  1.08
x1.x1.lp                                  1.08
x1.x1.lnb                          1.39278e-08
x1.x1.lpb                          1.39278e-08
x1.x1.na                               1.07503
doutb1                                0.550763
dout1                                 0.550763
x1.x1.nb                               1.07503
vd2                                     -0.001
ap2                                     0.5995
an2                                     0.6005
ibn2                                  0.355227
x2.x1.tmid                         8.90741e-08
x2.x1.tail                            0.589085
x2.x1.np                                  1.08
x2.x1.nn                                  1.08
x2.x1.ln                                  1.08
x2.x1.lp                                  1.08
x2.x1.lnb                          1.39278e-08
x2.x1.lpb                          1.39278e-08
x2.x1.na                               1.07503
doutb2                                0.550763
dout2                                 0.550763
x2.x1.nb                               1.07503
ean2#branch                        1.26639e-13
eap2#branch                        1.27429e-13
ean1#branch                        1.27429e-13
eap1#branch                        1.26639e-13
ean0#branch                        1.26999e-13
eap0#branch                        1.26999e-13
vclk#branch                        1.96894e-10
vd2#branch                                   0
vd1#branch                                   0
vd0#branch                                   0
vcm#branch                         7.62132e-13
vsup#branch                       -0.000103797

 Reference value :  0.00000e+00
 Reference value :  6.28235e-10
 Reference value :  1.12832e-09
 Reference value :  1.94000e-09
 Reference value :  2.73412e-09
 Reference value :  3.62353e-09
 Reference value :  4.38000e-09
No. of Data Rows : 1345
vsup_v              =  1.08000e+00
d0now               =  1.08000e+00
d1now               =  1.08000e+00
d2now               =  8.03516e-07
Reset re-loads circuit * comparator-transient-noise @ ss_27c_1.08v -- generated by sim/harness, do not edit

Circuit: * comparator-transient-noise @ ss_27c_1.08v -- generated by sim/harness, do not edit

Doing analysis at TEMP = 27.000000 and TNOM = 27.000000

Using SPARSE 1.3 as Direct Linear Solver

Initial Transient Solution
--------------------------

Node                                   Voltage
----                                   -------
vdd                                       1.08
cm                                         0.6
vd0                                          0
ap0                                        0.6
an0                                        0.6
ibn0                                  0.355227
x0.x1.tmid                         8.90737e-08
x0.x1.tail                            0.589081
clk                                          0
x0.x1.np                                  1.08
x0.x1.nn                                  1.08
x0.x1.ln                                  1.08
x0.x1.lp                                  1.08
x0.x1.lnb                          1.39278e-08
x0.x1.lpb                          1.39278e-08
x0.x1.na                               1.07503
doutb0                                0.550763
dout0                                 0.550763
x0.x1.nb                               1.07503
vd1                                      0.001
ap1                                     0.6005
an1                                     0.5995
ibn1                                  0.355227
x1.x1.tmid                         8.90741e-08
x1.x1.tail                            0.589085
x1.x1.np                                  1.08
x1.x1.nn                                  1.08
x1.x1.ln                                  1.08
x1.x1.lp                                  1.08
x1.x1.lnb                          1.39278e-08
x1.x1.lpb                          1.39278e-08
x1.x1.na                               1.07503
doutb1                                0.550763
dout1                                 0.550763
x1.x1.nb                               1.07503
vd2                                     -0.001
ap2                                     0.5995
an2                                     0.6005
ibn2                                  0.355227
x2.x1.tmid                         8.90741e-08
x2.x1.tail                            0.589085
x2.x1.np                                  1.08
x2.x1.nn                                  1.08
x2.x1.ln                                  1.08
x2.x1.lp                                  1.08
x2.x1.lnb                          1.39278e-08
x2.x1.lpb                          1.39278e-08
x2.x1.na                               1.07503
doutb2                                0.550763
dout2                                 0.550763
x2.x1.nb                               1.07503
ean2#branch                        1.26639e-13
eap2#branch                        1.27429e-13
ean1#branch                        1.27429e-13
eap1#branch                        1.26639e-13
ean0#branch                        1.26999e-13
eap0#branch                        1.26999e-13
vclk#branch                        1.96894e-10
vd2#branch                                   0
vd1#branch                                   0
vd0#branch                                   0
vcm#branch                         7.62132e-13
vsup#branch                       -0.000103797

 Reference value :  0.00000e+00
 Reference value :  6.40000e-10
 Reference value :  1.14117e-09
 Reference value :  2.00353e-09
 Reference value :  2.86353e-09
 Reference value :  3.60824e-09
 Reference value :  4.32000e-09
 Reference value :  5.04000e-09
No. of Data Rows : 1345
vsup_v              =  1.08000e+00
d0now               =  8.01492e-07
d1now               =  1.08000e+00
d2now               =  -3.59883e-07
Reset re-loads circuit * comparator-transient-noise @ ss_27c_1.08v -- generated by sim/harness, do not edit

Circuit: * comparator-transient-noise @ ss_27c_1.08v -- generated by sim/harness, do not edit

Doing analysis at TEMP = 27.000000 and TNOM = 27.000000

Using SPARSE 1.3 as Direct Linear Solver

Initial Transient Solution
--------------------------

Node                                   Voltage
----                                   -------
vdd                                       1.08
cm                                         0.6
vd0                                          0
ap0                                        0.6
an0                                        0.6
ibn0                                  0.355227
x0.x1.tmid                         8.90737e-08
x0.x1.tail                            0.589081
clk                                          0
x0.x1.np                                  1.08
x0.x1.nn                                  1.08
x0.x1.ln                                  1.08
x0.x1.lp                                  1.08
x0.x1.lnb                          1.39278e-08
x0.x1.lpb                          1.39278e-08
x0.x1.na                               1.07503
doutb0                                0.550763
dout0                                 0.550763
x0.x1.nb                               1.07503
vd1                                      0.001
ap1                                     0.6005
an1                                     0.5995
ibn1                                  0.355227
x1.x1.tmid                         8.90741e-08
x1.x1.tail                            0.589085
x1.x1.np                                  1.08
x1.x1.nn                                  1.08
x1.x1.ln                                  1.08
x1.x1.lp                                  1.08
x1.x1.lnb                          1.39278e-08
x1.x1.lpb                          1.39278e-08
x1.x1.na                               1.07503
doutb1                                0.550763
dout1                                 0.550763
x1.x1.nb                               1.07503
vd2                                     -0.001
ap2                                     0.5995
an2                                     0.6005
ibn2                                  0.355227
x2.x1.tmid                         8.90741e-08
x2.x1.tail                            0.589085
x2.x1.np                                  1.08
x2.x1.nn                                  1.08
x2.x1.ln                                  1.08
x2.x1.lp                                  1.08
x2.x1.lnb                          1.39278e-08
x2.x1.lpb                          1.39278e-08
x2.x1.na                               1.07503
doutb2                                0.550763
dout2                                 0.550763
x2.x1.nb                               1.07503
ean2#branch                        1.26639e-13
eap2#branch                        1.27429e-13
ean1#branch                        1.27429e-13
eap1#branch                        1.26639e-13
ean0#branch                        1.26999e-13
eap0#branch                        1.26999e-13
vclk#branch                        1.96894e-10
vd2#branch                                   0
vd1#branch                                   0
vd0#branch                                   0
vcm#branch                         7.62132e-13
vsup#branch                       -0.000103797

 Reference value :  0.00000e+00
 Reference value :  6.48235e-10
 Reference value :  1.20118e-09
 Reference value :  2.09412e-09
 Reference value :  2.92118e-09
 Reference value :  3.76353e-09
 Reference value :  4.52353e-09
No. of Data Rows : 1345
vsup_v              =  1.08000e+00
d0now               =  3.21287e-08
d1now               =  1.08000e+00
d2now               =  1.08000e+00
Reset re-loads circuit * comparator-transient-noise @ ss_27c_1.08v -- generated by sim/harness, do not edit

Circuit: * comparator-transient-noise @ ss_27c_1.08v -- generated by sim/harness, do not edit

Doing analysis at TEMP = 27.000000 and TNOM = 27.000000

Using SPARSE 1.3 as Direct Linear Solver

Initial Transient Solution
--------------------------

Node                                   Voltage
----                                   -------
vdd                                       1.08
cm                                         0.6
vd0                                          0
ap0                                        0.6
an0                                        0.6
ibn0                                  0.355227
x0.x1.tmid                         8.90737e-08
x0.x1.tail                            0.589081
clk                                          0
x0.x1.np                                  1.08
x0.x1.nn                                  1.08
x0.x1.ln                                  1.08
x0.x1.lp                                  1.08
x0.x1.lnb                          1.39278e-08
x0.x1.lpb                          1.39278e-08
x0.x1.na                               1.07503
doutb0                                0.550763
dout0                                 0.550763
x0.x1.nb                               1.07503
vd1                                      0.001
ap1                                     0.6005
an1                                     0.5995
ibn1                                  0.355227
x1.x1.tmid                         8.90741e-08
x1.x1.tail                            0.589085
x1.x1.np                                  1.08
x1.x1.nn                                  1.08
x1.x1.ln                                  1.08
x1.x1.lp                                  1.08
x1.x1.lnb                          1.39278e-08
x1.x1.lpb                          1.39278e-08
x1.x1.na                               1.07503
doutb1                                0.550763
dout1                                 0.550763
x1.x1.nb                               1.07503
vd2                                     -0.001
ap2                                     0.5995
an2                                     0.6005
ibn2                                  0.355227
x2.x1.tmid                         8.90741e-08
x2.x1.tail                            0.589085
x2.x1.np                                  1.08
x2.x1.nn                                  1.08
x2.x1.ln                                  1.08
x2.x1.lp                                  1.08
x2.x1.lnb                          1.39278e-08
x2.x1.lpb                          1.39278e-08
x2.x1.na                               1.07503
doutb2                                0.550763
dout2                                 0.550763
x2.x1.nb                               1.07503
ean2#branch                        1.26639e-13
eap2#branch                        1.27429e-13
ean1#branch                        1.27429e-13
eap1#branch                        1.26639e-13
ean0#branch                        1.26999e-13
eap0#branch                        1.26999e-13
vclk#branch                        1.96894e-10
vd2#branch                                   0
vd1#branch                                   0
vd0#branch                                   0
vcm#branch                         7.62132e-13
vsup#branch                       -0.000103797

 Reference value :  0.00000e+00
 Reference value :  6.34118e-10
 Reference value :  1.14000e-09
 Reference value :  1.98353e-09
 Reference value :  2.86824e-09
 Reference value :  3.70118e-09
 Reference value :  4.40000e-09
 Reference value :  5.08824e-09
No. of Data Rows : 1345
vsup_v              =  1.08000e+00
d0now               =  1.08000e+00
d1now               =  1.08001e+00
d2now               =  1.28525e-06
Reset re-loads circuit * comparator-transient-noise @ ss_27c_1.08v -- generated by sim/harness, do not edit

Circuit: * comparator-transient-noise @ ss_27c_1.08v -- generated by sim/harness, do not edit

Doing analysis at TEMP = 27.000000 and TNOM = 27.000000

Using SPARSE 1.3 as Direct Linear Solver

Initial Transient Solution
--------------------------

Node                                   Voltage
----                                   -------
vdd                                       1.08
cm                                         0.6
vd0                                          0
ap0                                        0.6
an0                                        0.6
ibn0                                  0.355227
x0.x1.tmid                         8.90737e-08
x0.x1.tail                            0.589081
clk                                          0
x0.x1.np                                  1.08
x0.x1.nn                                  1.08
x0.x1.ln                                  1.08
x0.x1.lp                                  1.08
x0.x1.lnb                          1.39278e-08
x0.x1.lpb                          1.39278e-08
x0.x1.na                               1.07503
doutb0                                0.550763
dout0                                 0.550763
x0.x1.nb                               1.07503
vd1                                      0.001
ap1                                     0.6005
an1                                     0.5995
ibn1                                  0.355227
x1.x1.tmid                         8.90741e-08
x1.x1.tail                            0.589085
x1.x1.np                                  1.08
x1.x1.nn                                  1.08
x1.x1.ln                                  1.08
x1.x1.lp                                  1.08
x1.x1.lnb                          1.39278e-08
x1.x1.lpb                          1.39278e-08
x1.x1.na                               1.07503
doutb1                                0.550763
dout1                                 0.550763
x1.x1.nb                               1.07503
vd2                                     -0.001
ap2                                     0.5995
an2                                     0.6005
ibn2                                  0.355227
x2.x1.tmid                         8.90741e-08
x2.x1.tail                            0.589085
x2.x1.np                                  1.08
x2.x1.nn                                  1.08
x2.x1.ln                                  1.08
x2.x1.lp                                  1.08
x2.x1.lnb                          1.39278e-08
x2.x1.lpb                          1.39278e-08
x2.x1.na                               1.07503
doutb2                                0.550763
dout2                                 0.550763
x2.x1.nb                               1.07503
ean2#branch                        1.26639e-13
eap2#branch                        1.27429e-13
ean1#branch                        1.27429e-13
eap1#branch                        1.26639e-13
ean0#branch                        1.26999e-13
eap0#branch                        1.26999e-13
vclk#branch                        1.96894e-10
vd2#branch                                   0
vd1#branch                                   0
vd0#branch                                   0
vcm#branch                         7.62132e-13
vsup#branch                       -0.000103797

 Reference value :  3.20000e-12
 Reference value :  7.08235e-10
 Reference value :  1.22352e-09
 Reference value :  2.08118e-09
 Reference value :  2.94118e-09
 Reference value :  3.74353e-09
 Reference value :  4.48353e-09
No. of Data Rows : 1345
vsup_v              =  1.08000e+00
d0now               =  1.08000e+00
d1now               =  1.08000e+00
d2now               =  -3.41020e-07
Reset re-loads circuit * comparator-transient-noise @ ss_27c_1.08v -- generated by sim/harness, do not edit

Circuit: * comparator-transient-noise @ ss_27c_1.08v -- generated by sim/harness, do not edit

Doing analysis at TEMP = 27.000000 and TNOM = 27.000000

Using SPARSE 1.3 as Direct Linear Solver

Initial Transient Solution
--------------------------

Node                                   Voltage
----                                   -------
vdd                                       1.08
cm                                         0.6
vd0                                          0
ap0                                        0.6
an0                                        0.6
ibn0                                  0.355227
x0.x1.tmid                         8.90737e-08
x0.x1.tail                            0.589081
clk                                          0
x0.x1.np                                  1.08
x0.x1.nn                                  1.08
x0.x1.ln                                  1.08
x0.x1.lp                                  1.08
x0.x1.lnb                          1.39278e-08
x0.x1.lpb                          1.39278e-08
x0.x1.na                               1.07503
doutb0                                0.550763
dout0                                 0.550763
x0.x1.nb                               1.07503
vd1                                      0.001
ap1                                     0.6005
an1                                     0.5995
ibn1                                  0.355227
x1.x1.tmid                         8.90741e-08
x1.x1.tail                            0.589085
x1.x1.np                                  1.08
x1.x1.nn                                  1.08
x1.x1.ln                                  1.08
x1.x1.lp                                  1.08
x1.x1.lnb                          1.39278e-08
x1.x1.lpb                          1.39278e-08
x1.x1.na                               1.07503
doutb1                                0.550763
dout1                                 0.550763
x1.x1.nb                               1.07503
vd2                                     -0.001
ap2                                     0.5995
an2                                     0.6005
ibn2                                  0.355227
x2.x1.tmid                         8.90741e-08
x2.x1.tail                            0.589085
x2.x1.np                                  1.08
x2.x1.nn                                  1.08
x2.x1.ln                                  1.08
x2.x1.lp                                  1.08
x2.x1.lnb                          1.39278e-08
x2.x1.lpb                          1.39278e-08
x2.x1.na                               1.07503
doutb2                                0.550763
dout2                                 0.550763
x2.x1.nb                               1.07503
ean2#branch                        1.26639e-13
eap2#branch                        1.27429e-13
ean1#branch                        1.27429e-13
eap1#branch                        1.26639e-13
ean0#branch                        1.26999e-13
eap0#branch                        1.26999e-13
vclk#branch                        1.96894e-10
vd2#branch                                   0
vd1#branch                                   0
vd0#branch                                   0
vcm#branch                         7.62132e-13
vsup#branch                       -0.000103797

 Reference value :  0.00000e+00
 Reference value :  7.01176e-10
 Reference value :  1.22117e-09
 Reference value :  2.10000e-09
 Reference value :  2.96824e-09
 Reference value :  3.82118e-09
 Reference value :  4.58353e-09
No. of Data Rows : 1345
vsup_v              =  1.08000e+00
d0now               =  -1.10625e-06
d1now               =  1.08000e+00
d2now               =  -1.12781e-06
Reset re-loads circuit * comparator-transient-noise @ ss_27c_1.08v -- generated by sim/harness, do not edit

Circuit: * comparator-transient-noise @ ss_27c_1.08v -- generated by sim/harness, do not edit

Doing analysis at TEMP = 27.000000 and TNOM = 27.000000

Using SPARSE 1.3 as Direct Linear Solver

Initial Transient Solution
--------------------------

Node                                   Voltage
----                                   -------
vdd                                       1.08
cm                                         0.6
vd0                                          0
ap0                                        0.6
an0                                        0.6
ibn0                                  0.355227
x0.x1.tmid                         8.90737e-08
x0.x1.tail                            0.589081
clk                                          0
x0.x1.np                                  1.08
x0.x1.nn                                  1.08
x0.x1.ln                                  1.08
x0.x1.lp                                  1.08
x0.x1.lnb                          1.39278e-08
x0.x1.lpb                          1.39278e-08
x0.x1.na                               1.07503
doutb0                                0.550763
dout0                                 0.550763
x0.x1.nb                               1.07503
vd1                                      0.001
ap1                                     0.6005
an1                                     0.5995
ibn1                                  0.355227
x1.x1.tmid                         8.90741e-08
x1.x1.tail                            0.589085
x1.x1.np                                  1.08
x1.x1.nn                                  1.08
x1.x1.ln                                  1.08
x1.x1.lp                                  1.08
x1.x1.lnb                          1.39278e-08
x1.x1.lpb                          1.39278e-08
x1.x1.na                               1.07503
doutb1                                0.550763
dout1                                 0.550763
x1.x1.nb                               1.07503
vd2                                     -0.001
ap2                                     0.5995
an2                                     0.6005
ibn2                                  0.355227
x2.x1.tmid                         8.90741e-08
x2.x1.tail                            0.589085
x2.x1.np                                  1.08
x2.x1.nn                                  1.08
x2.x1.ln                                  1.08
x2.x1.lp                                  1.08
x2.x1.lnb                          1.39278e-08
x2.x1.lpb                          1.39278e-08
x2.x1.na                               1.07503
doutb2                                0.550763
dout2                                 0.550763
x2.x1.nb                               1.07503
ean2#branch                        1.26639e-13
eap2#branch                        1.27429e-13
ean1#branch                        1.27429e-13
eap1#branch                        1.26639e-13
ean0#branch                        1.26999e-13
eap0#branch                        1.26999e-13
vclk#branch                        1.96894e-10
vd2#branch                                   0
vd1#branch                                   0
vd0#branch                                   0
vcm#branch                         7.62132e-13
vsup#branch                       -0.000103797

 Reference value :  0.00000e+00
 Reference value :  6.43529e-10
 Reference value :  1.10812e-09
 Reference value :  2.13412e-09
 Reference value :  2.97412e-09
 Reference value :  3.78824e-09
 Reference value :  4.52000e-09
No. of Data Rows : 1345
vsup_v              =  1.08000e+00
d0now               =  1.19103e-06
d1now               =  1.08000e+00
d2now               =  -6.36810e-08
Reset re-loads circuit * comparator-transient-noise @ ss_27c_1.08v -- generated by sim/harness, do not edit

Circuit: * comparator-transient-noise @ ss_27c_1.08v -- generated by sim/harness, do not edit

Doing analysis at TEMP = 27.000000 and TNOM = 27.000000

Using SPARSE 1.3 as Direct Linear Solver

Initial Transient Solution
--------------------------

Node                                   Voltage
----                                   -------
vdd                                       1.08
cm                                         0.6
vd0                                          0
ap0                                        0.6
an0                                        0.6
ibn0                                  0.355227
x0.x1.tmid                         8.90737e-08
x0.x1.tail                            0.589081
clk                                          0
x0.x1.np                                  1.08
x0.x1.nn                                  1.08
x0.x1.ln                                  1.08
x0.x1.lp                                  1.08
x0.x1.lnb                          1.39278e-08
x0.x1.lpb                          1.39278e-08
x0.x1.na                               1.07503
doutb0                                0.550763
dout0                                 0.550763
x0.x1.nb                               1.07503
vd1                                      0.001
ap1                                     0.6005
an1                                     0.5995
ibn1                                  0.355227
x1.x1.tmid                         8.90741e-08
x1.x1.tail                            0.589085
x1.x1.np                                  1.08
x1.x1.nn                                  1.08
x1.x1.ln                                  1.08
x1.x1.lp                                  1.08
x1.x1.lnb                          1.39278e-08
x1.x1.lpb                          1.39278e-08
x1.x1.na                               1.07503
doutb1                                0.550763
dout1                                 0.550763
x1.x1.nb                               1.07503
vd2                                     -0.001
ap2                                     0.5995
an2                                     0.6005
ibn2                                  0.355227
x2.x1.tmid                         8.90741e-08
x2.x1.tail                            0.589085
x2.x1.np                                  1.08
x2.x1.nn                                  1.08
x2.x1.ln                                  1.08
x2.x1.lp                                  1.08
x2.x1.lnb                          1.39278e-08
x2.x1.lpb                          1.39278e-08
x2.x1.na                               1.07503
doutb2                                0.550763
dout2                                 0.550763
x2.x1.nb                               1.07503
ean2#branch                        1.26639e-13
eap2#branch                        1.27429e-13
ean1#branch                        1.27429e-13
eap1#branch                        1.26639e-13
ean0#branch                        1.26999e-13
eap0#branch                        1.26999e-13
vclk#branch                        1.96894e-10
vd2#branch                                   0
vd1#branch                                   0
vd0#branch                                   0
vcm#branch                         7.62132e-13
vsup#branch                       -0.000103797

 Reference value :  0.00000e+00
 Reference value :  6.48235e-10
 Reference value :  1.16828e-09
 Reference value :  2.02118e-09
 Reference value :  2.80118e-09
 Reference value :  3.64118e-09
 Reference value :  4.41412e-09
No. of Data Rows : 1345
vsup_v              =  1.08000e+00
d0now               =  -6.02726e-07
d1now               =  2.99783e-07
d2now               =  1.60314e-06
Reset re-loads circuit * comparator-transient-noise @ ss_27c_1.08v -- generated by sim/harness, do not edit

Circuit: * comparator-transient-noise @ ss_27c_1.08v -- generated by sim/harness, do not edit

Doing analysis at TEMP = 27.000000 and TNOM = 27.000000

Using SPARSE 1.3 as Direct Linear Solver

Initial Transient Solution
--------------------------

Node                                   Voltage
----                                   -------
vdd                                       1.08
cm                                         0.6
vd0                                          0
ap0                                        0.6
an0                                        0.6
ibn0                                  0.355227
x0.x1.tmid                         8.90737e-08
x0.x1.tail                            0.589081
clk                                          0
x0.x1.np                                  1.08
x0.x1.nn                                  1.08
x0.x1.ln                                  1.08
x0.x1.lp                                  1.08
x0.x1.lnb                          1.39278e-08
x0.x1.lpb                          1.39278e-08
x0.x1.na                               1.07503
doutb0                                0.550763
dout0                                 0.550763
x0.x1.nb                               1.07503
vd1                                      0.001
ap1                                     0.6005
an1                                     0.5995
ibn1                                  0.355227
x1.x1.tmid                         8.90741e-08
x1.x1.tail                            0.589085
x1.x1.np                                  1.08
x1.x1.nn                                  1.08
x1.x1.ln                                  1.08
x1.x1.lp                                  1.08
x1.x1.lnb                          1.39278e-08
x1.x1.lpb                          1.39278e-08
x1.x1.na                               1.07503
doutb1                                0.550763
dout1                                 0.550763
x1.x1.nb                               1.07503
vd2                                     -0.001
ap2                                     0.5995
an2                                     0.6005
ibn2                                  0.355227
x2.x1.tmid                         8.90741e-08
x2.x1.tail                            0.589085
x2.x1.np                                  1.08
x2.x1.nn                                  1.08
x2.x1.ln                                  1.08
x2.x1.lp                                  1.08
x2.x1.lnb                          1.39278e-08
x2.x1.lpb                          1.39278e-08
x2.x1.na                               1.07503
doutb2                                0.550763
dout2                                 0.550763
x2.x1.nb                               1.07503
ean2#branch                        1.26639e-13
eap2#branch                        1.27429e-13
ean1#branch                        1.27429e-13
eap1#branch                        1.26639e-13
ean0#branch                        1.26999e-13
eap0#branch                        1.26999e-13
vclk#branch                        1.96894e-10
vd2#branch                                   0
vd1#branch                                   0
vd0#branch                                   0
vcm#branch                         7.62132e-13
vsup#branch                       -0.000103797

 Reference value :  0.00000e+00
 Reference value :  6.60000e-10
 Reference value :  1.18000e-09
 Reference value :  2.02353e-09
 Reference value :  2.86353e-09
 Reference value :  3.65412e-09
 Reference value :  4.43412e-09
No. of Data Rows : 1345
vsup_v              =  1.08000e+00
d0now               =  1.08001e+00
d1now               =  1.08000e+00
d2now               =  1.08000e+00
Reset re-loads circuit * comparator-transient-noise @ ss_27c_1.08v -- generated by sim/harness, do not edit

Circuit: * comparator-transient-noise @ ss_27c_1.08v -- generated by sim/harness, do not edit

Doing analysis at TEMP = 27.000000 and TNOM = 27.000000

Using SPARSE 1.3 as Direct Linear Solver

Initial Transient Solution
--------------------------

Node                                   Voltage
----                                   -------
vdd                                       1.08
cm                                         0.6
vd0                                          0
ap0                                        0.6
an0                                        0.6
ibn0                                  0.355227
x0.x1.tmid                         8.90737e-08
x0.x1.tail                            0.589081
clk                                          0
x0.x1.np                                  1.08
x0.x1.nn                                  1.08
x0.x1.ln                                  1.08
x0.x1.lp                                  1.08
x0.x1.lnb                          1.39278e-08
x0.x1.lpb                          1.39278e-08
x0.x1.na                               1.07503
doutb0                                0.550763
dout0                                 0.550763
x0.x1.nb                               1.07503
vd1                                      0.001
ap1                                     0.6005
an1                                     0.5995
ibn1                                  0.355227
x1.x1.tmid                         8.90741e-08
x1.x1.tail                            0.589085
x1.x1.np                                  1.08
x1.x1.nn                                  1.08
x1.x1.ln                                  1.08
x1.x1.lp                                  1.08
x1.x1.lnb                          1.39278e-08
x1.x1.lpb                          1.39278e-08
x1.x1.na                               1.07503
doutb1                                0.550763
dout1                                 0.550763
x1.x1.nb                               1.07503
vd2                                     -0.001
ap2                                     0.5995
an2                                     0.6005
ibn2                                  0.355227
x2.x1.tmid                         8.90741e-08
x2.x1.tail                            0.589085
x2.x1.np                                  1.08
x2.x1.nn                                  1.08
x2.x1.ln                                  1.08
x2.x1.lp                                  1.08
x2.x1.lnb                          1.39278e-08
x2.x1.lpb                          1.39278e-08
x2.x1.na                               1.07503
doutb2                                0.550763
dout2                                 0.550763
x2.x1.nb                               1.07503
ean2#branch                        1.26639e-13
eap2#branch                        1.27429e-13
ean1#branch                        1.27429e-13
eap1#branch                        1.26639e-13
ean0#branch                        1.26999e-13
eap0#branch                        1.26999e-13
vclk#branch                        1.96894e-10
vd2#branch                                   0
vd1#branch                                   0
vd0#branch                                   0
vcm#branch                         7.62132e-13
vsup#branch                       -0.000103797

 Reference value :  0.00000e+00
 Reference value :  6.68235e-10
 Reference value :  1.20826e-09
 Reference value :  2.05412e-09
 Reference value :  2.89412e-09
 Reference value :  3.66353e-09
 Reference value :  4.42118e-09
No. of Data Rows : 1345
vsup_v              =  1.08000e+00
d0now               =  2.80474e-06
d1now               =  1.07999e+00
d2now               =  1.13949e-06
Reset re-loads circuit * comparator-transient-noise @ ss_27c_1.08v -- generated by sim/harness, do not edit

Circuit: * comparator-transient-noise @ ss_27c_1.08v -- generated by sim/harness, do not edit

Doing analysis at TEMP = 27.000000 and TNOM = 27.000000

Using SPARSE 1.3 as Direct Linear Solver

Initial Transient Solution
--------------------------

Node                                   Voltage
----                                   -------
vdd                                       1.08
cm                                         0.6
vd0                                          0
ap0                                        0.6
an0                                        0.6
ibn0                                  0.355227
x0.x1.tmid                         8.90737e-08
x0.x1.tail                            0.589081
clk                                          0
x0.x1.np                                  1.08
x0.x1.nn                                  1.08
x0.x1.ln                                  1.08
x0.x1.lp                                  1.08
x0.x1.lnb                          1.39278e-08
x0.x1.lpb                          1.39278e-08
x0.x1.na                               1.07503
doutb0                                0.550763
dout0                                 0.550763
x0.x1.nb                               1.07503
vd1                                      0.001
ap1                                     0.6005
an1                                     0.5995
ibn1                                  0.355227
x1.x1.tmid                         8.90741e-08
x1.x1.tail                            0.589085
x1.x1.np                                  1.08
x1.x1.nn                                  1.08
x1.x1.ln                                  1.08
x1.x1.lp                                  1.08
x1.x1.lnb                          1.39278e-08
x1.x1.lpb                          1.39278e-08
x1.x1.na                               1.07503
doutb1                                0.550763
dout1                                 0.550763
x1.x1.nb                               1.07503
vd2                                     -0.001
ap2                                     0.5995
an2                                     0.6005
ibn2                                  0.355227
x2.x1.tmid                         8.90741e-08
x2.x1.tail                            0.589085
x2.x1.np                                  1.08
x2.x1.nn                                  1.08
x2.x1.ln                                  1.08
x2.x1.lp                                  1.08
x2.x1.lnb                          1.39278e-08
x2.x1.lpb                          1.39278e-08
x2.x1.na                               1.07503
doutb2                                0.550763
dout2                                 0.550763
x2.x1.nb                               1.07503
ean2#branch                        1.26639e-13
eap2#branch                        1.27429e-13
ean1#branch                        1.27429e-13
eap1#branch                        1.26639e-13
ean0#branch                        1.26999e-13
eap0#branch                        1.26999e-13
vclk#branch                        1.96894e-10
vd2#branch                                   0
vd1#branch                                   0
vd0#branch                                   0
vcm#branch                         7.62132e-13
vsup#branch                       -0.000103797

 Reference value :  0.00000e+00
 Reference value :  6.63529e-10
 Reference value :  1.20000e-09
 Reference value :  2.08824e-09
 Reference value :  2.95412e-09
 Reference value :  3.76824e-09
 Reference value :  4.52000e-09
No. of Data Rows : 1345
vsup_v              =  1.08000e+00
d0now               =  1.08000e+00
d1now               =  1.63665e-06
d2now               =  1.62059e-06
Reset re-loads circuit * comparator-transient-noise @ ss_27c_1.08v -- generated by sim/harness, do not edit

Circuit: * comparator-transient-noise @ ss_27c_1.08v -- generated by sim/harness, do not edit

Doing analysis at TEMP = 27.000000 and TNOM = 27.000000

Using SPARSE 1.3 as Direct Linear Solver

Initial Transient Solution
--------------------------

Node                                   Voltage
----                                   -------
vdd                                       1.08
cm                                         0.6
vd0                                          0
ap0                                        0.6
an0                                        0.6
ibn0                                  0.355227
x0.x1.tmid                         8.90737e-08
x0.x1.tail                            0.589081
clk                                          0
x0.x1.np                                  1.08
x0.x1.nn                                  1.08
x0.x1.ln                                  1.08
x0.x1.lp                                  1.08
x0.x1.lnb                          1.39278e-08
x0.x1.lpb                          1.39278e-08
x0.x1.na                               1.07503
doutb0                                0.550763
dout0                                 0.550763
x0.x1.nb                               1.07503
vd1                                      0.001
ap1                                     0.6005
an1                                     0.5995
ibn1                                  0.355227
x1.x1.tmid                         8.90741e-08
x1.x1.tail                            0.589085
x1.x1.np                                  1.08
x1.x1.nn                                  1.08
x1.x1.ln                                  1.08
x1.x1.lp                                  1.08
x1.x1.lnb                          1.39278e-08
x1.x1.lpb                          1.39278e-08
x1.x1.na                               1.07503
doutb1                                0.550763
dout1                                 0.550763
x1.x1.nb                               1.07503
vd2                                     -0.001
ap2                                     0.5995
an2                                     0.6005
ibn2                                  0.355227
x2.x1.tmid                         8.90741e-08
x2.x1.tail                            0.589085
x2.x1.np                                  1.08
x2.x1.nn                                  1.08
x2.x1.ln                                  1.08
x2.x1.lp                                  1.08
x2.x1.lnb                          1.39278e-08
x2.x1.lpb                          1.39278e-08
x2.x1.na                               1.07503
doutb2                                0.550763
dout2                                 0.550763
x2.x1.nb                               1.07503
ean2#branch                        1.26639e-13
eap2#branch                        1.27429e-13
ean1#branch                        1.27429e-13
eap1#branch                        1.26639e-13
ean0#branch                        1.26999e-13
eap0#branch                        1.26999e-13
vclk#branch                        1.96894e-10
vd2#branch                                   0
vd1#branch                                   0
vd0#branch                                   0
vcm#branch                         7.62132e-13
vsup#branch                       -0.000103797

 Reference value :  0.00000e+00
 Reference value :  6.43529e-10
 Reference value :  1.16000e-09
 Reference value :  2.02118e-09
 Reference value :  2.80118e-09
 Reference value :  3.64118e-09
 Reference value :  4.39412e-09
No. of Data Rows : 1345
vsup_v              =  1.08000e+00
d0now               =  1.08000e+00
d1now               =  9.18503e-07
d2now               =  1.86274e-06
Reset re-loads circuit * comparator-transient-noise @ ss_27c_1.08v -- generated by sim/harness, do not edit

Circuit: * comparator-transient-noise @ ss_27c_1.08v -- generated by sim/harness, do not edit

Doing analysis at TEMP = 27.000000 and TNOM = 27.000000

Using SPARSE 1.3 as Direct Linear Solver

Initial Transient Solution
--------------------------

Node                                   Voltage
----                                   -------
vdd                                       1.08
cm                                         0.6
vd0                                          0
ap0                                        0.6
an0                                        0.6
ibn0                                  0.355227
x0.x1.tmid                         8.90737e-08
x0.x1.tail                            0.589081
clk                                          0
x0.x1.np                                  1.08
x0.x1.nn                                  1.08
x0.x1.ln                                  1.08
x0.x1.lp                                  1.08
x0.x1.lnb                          1.39278e-08
x0.x1.lpb                          1.39278e-08
x0.x1.na                               1.07503
doutb0                                0.550763
dout0                                 0.550763
x0.x1.nb                               1.07503
vd1                                      0.001
ap1                                     0.6005
an1                                     0.5995
ibn1                                  0.355227
x1.x1.tmid                         8.90741e-08
x1.x1.tail                            0.589085
x1.x1.np                                  1.08
x1.x1.nn                                  1.08
x1.x1.ln                                  1.08
x1.x1.lp                                  1.08
x1.x1.lnb                          1.39278e-08
x1.x1.lpb                          1.39278e-08
x1.x1.na                               1.07503
doutb1                                0.550763
dout1                                 0.550763
x1.x1.nb                               1.07503
vd2                                     -0.001
ap2                                     0.5995
an2                                     0.6005
ibn2                                  0.355227
x2.x1.tmid                         8.90741e-08
x2.x1.tail                            0.589085
x2.x1.np                                  1.08
x2.x1.nn                                  1.08
x2.x1.ln                                  1.08
x2.x1.lp                                  1.08
x2.x1.lnb                          1.39278e-08
x2.x1.lpb                          1.39278e-08
x2.x1.na                               1.07503
doutb2                                0.550763
dout2                                 0.550763
x2.x1.nb                               1.07503
ean2#branch                        1.26639e-13
eap2#branch                        1.27429e-13
ean1#branch                        1.27429e-13
eap1#branch                        1.26639e-13
ean0#branch                        1.26999e-13
eap0#branch                        1.26999e-13
vclk#branch                        1.96894e-10
vd2#branch                                   0
vd1#branch                                   0
vd0#branch                                   0
vcm#branch                         7.62132e-13
vsup#branch                       -0.000103797

 Reference value :  0.00000e+00
 Reference value :  6.61176e-10
 Reference value :  1.18821e-09
 Reference value :  2.04353e-09
 Reference value :  2.92353e-09
 Reference value :  3.80118e-09
 Reference value :  4.54824e-09
No. of Data Rows : 1345
vsup_v              =  1.08000e+00
d0now               =  1.07999e+00
d1now               =  1.07999e+00
d2now               =  2.40952e-07
Reset re-loads circuit * comparator-transient-noise @ ss_27c_1.08v -- generated by sim/harness, do not edit

Circuit: * comparator-transient-noise @ ss_27c_1.08v -- generated by sim/harness, do not edit

Doing analysis at TEMP = 27.000000 and TNOM = 27.000000

Using SPARSE 1.3 as Direct Linear Solver

Initial Transient Solution
--------------------------

Node                                   Voltage
----                                   -------
vdd                                       1.08
cm                                         0.6
vd0                                          0
ap0                                        0.6
an0                                        0.6
ibn0                                  0.355227
x0.x1.tmid                         8.90737e-08
x0.x1.tail                            0.589081
clk                                          0
x0.x1.np                                  1.08
x0.x1.nn                                  1.08
x0.x1.ln                                  1.08
x0.x1.lp                                  1.08
x0.x1.lnb                          1.39278e-08
x0.x1.lpb                          1.39278e-08
x0.x1.na                               1.07503
doutb0                                0.550763
dout0                                 0.550763
x0.x1.nb                               1.07503
vd1                                      0.001
ap1                                     0.6005
an1                                     0.5995
ibn1                                  0.355227
x1.x1.tmid                         8.90741e-08
x1.x1.tail                            0.589085
x1.x1.np                                  1.08
x1.x1.nn                                  1.08
x1.x1.ln                                  1.08
x1.x1.lp                                  1.08
x1.x1.lnb                          1.39278e-08
x1.x1.lpb                          1.39278e-08
x1.x1.na                               1.07503
doutb1                                0.550763
dout1                                 0.550763
x1.x1.nb                               1.07503
vd2                                     -0.001
ap2                                     0.5995
an2                                     0.6005
ibn2                                  0.355227
x2.x1.tmid                         8.90741e-08
x2.x1.tail                            0.589085
x2.x1.np                                  1.08
x2.x1.nn                                  1.08
x2.x1.ln                                  1.08
x2.x1.lp                                  1.08
x2.x1.lnb                          1.39278e-08
x2.x1.lpb                          1.39278e-08
x2.x1.na                               1.07503
doutb2                                0.550763
dout2                                 0.550763
x2.x1.nb                               1.07503
ean2#branch                        1.26639e-13
eap2#branch                        1.27429e-13
ean1#branch                        1.27429e-13
eap1#branch                        1.26639e-13
ean0#branch                        1.26999e-13
eap0#branch                        1.26999e-13
vclk#branch                        1.96894e-10
vd2#branch                                   0
vd1#branch                                   0
vd0#branch                                   0
vcm#branch                         7.62132e-13
vsup#branch                       -0.000103797

 Reference value :  0.00000e+00
 Reference value :  6.68235e-10
 Reference value :  1.16828e-09
 Reference value :  2.06824e-09
 Reference value :  2.92824e-09
 Reference value :  3.70824e-09
 Reference value :  4.42118e-09
No. of Data Rows : 1345
vsup_v              =  1.08000e+00
d0now               =  1.08000e+00
d1now               =  1.08000e+00
d2now               =  5.65114e-07
Reset re-loads circuit * comparator-transient-noise @ ss_27c_1.08v -- generated by sim/harness, do not edit

Circuit: * comparator-transient-noise @ ss_27c_1.08v -- generated by sim/harness, do not edit

Doing analysis at TEMP = 27.000000 and TNOM = 27.000000

Using SPARSE 1.3 as Direct Linear Solver

Initial Transient Solution
--------------------------

Node                                   Voltage
----                                   -------
vdd                                       1.08
cm                                         0.6
vd0                                          0
ap0                                        0.6
an0                                        0.6
ibn0                                  0.355227
x0.x1.tmid                         8.90737e-08
x0.x1.tail                            0.589081
clk                                          0
x0.x1.np                                  1.08
x0.x1.nn                                  1.08
x0.x1.ln                                  1.08
x0.x1.lp                                  1.08
x0.x1.lnb                          1.39278e-08
x0.x1.lpb                          1.39278e-08
x0.x1.na                               1.07503
doutb0                                0.550763
dout0                                 0.550763
x0.x1.nb                               1.07503
vd1                                      0.001
ap1                                     0.6005
an1                                     0.5995
ibn1                                  0.355227
x1.x1.tmid                         8.90741e-08
x1.x1.tail                            0.589085
x1.x1.np                                  1.08
x1.x1.nn                                  1.08
x1.x1.ln                                  1.08
x1.x1.lp                                  1.08
x1.x1.lnb                          1.39278e-08
x1.x1.lpb                          1.39278e-08
x1.x1.na                               1.07503
doutb1                                0.550763
dout1                                 0.550763
x1.x1.nb                               1.07503
vd2                                     -0.001
ap2                                     0.5995
an2                                     0.6005
ibn2                                  0.355227
x2.x1.tmid                         8.90741e-08
x2.x1.tail                            0.589085
x2.x1.np                                  1.08
x2.x1.nn                                  1.08
x2.x1.ln                                  1.08
x2.x1.lp                                  1.08
x2.x1.lnb                          1.39278e-08
x2.x1.lpb                          1.39278e-08
x2.x1.na                               1.07503
doutb2                                0.550763
dout2                                 0.550763
x2.x1.nb                               1.07503
ean2#branch                        1.26639e-13
eap2#branch                        1.27429e-13
ean1#branch                        1.27429e-13
eap1#branch                        1.26639e-13
ean0#branch                        1.26999e-13
eap0#branch                        1.26999e-13
vclk#branch                        1.96894e-10
vd2#branch                                   0
vd1#branch                                   0
vd0#branch                                   0
vcm#branch                         7.62132e-13
vsup#branch                       -0.000103797

 Reference value :  0.00000e+00
 Reference value :  6.54118e-10
 Reference value :  1.16118e-09
 Reference value :  2.00000e-09
 Reference value :  2.84353e-09
 Reference value :  3.64353e-09
 Reference value :  4.39412e-09
No. of Data Rows : 1345
vsup_v              =  1.08000e+00
d0now               =  1.08000e+00
d1now               =  1.08000e+00
d2now               =  1.70701e-06
Reset re-loads circuit * comparator-transient-noise @ ss_27c_1.08v -- generated by sim/harness, do not edit

Circuit: * comparator-transient-noise @ ss_27c_1.08v -- generated by sim/harness, do not edit

Doing analysis at TEMP = 27.000000 and TNOM = 27.000000

Using SPARSE 1.3 as Direct Linear Solver

Initial Transient Solution
--------------------------

Node                                   Voltage
----                                   -------
vdd                                       1.08
cm                                         0.6
vd0                                          0
ap0                                        0.6
an0                                        0.6
ibn0                                  0.355227
x0.x1.tmid                         8.90737e-08
x0.x1.tail                            0.589081
clk                                          0
x0.x1.np                                  1.08
x0.x1.nn                                  1.08
x0.x1.ln                                  1.08
x0.x1.lp                                  1.08
x0.x1.lnb                          1.39278e-08
x0.x1.lpb                          1.39278e-08
x0.x1.na                               1.07503
doutb0                                0.550763
dout0                                 0.550763
x0.x1.nb                               1.07503
vd1                                      0.001
ap1                                     0.6005
an1                                     0.5995
ibn1                                  0.355227
x1.x1.tmid                         8.90741e-08
x1.x1.tail                            0.589085
x1.x1.np                                  1.08
x1.x1.nn                                  1.08
x1.x1.ln                                  1.08
x1.x1.lp                                  1.08
x1.x1.lnb                          1.39278e-08
x1.x1.lpb                          1.39278e-08
x1.x1.na                               1.07503
doutb1                                0.550763
dout1                                 0.550763
x1.x1.nb                               1.07503
vd2                                     -0.001
ap2                                     0.5995
an2                                     0.6005
ibn2                                  0.355227
x2.x1.tmid                         8.90741e-08
x2.x1.tail                            0.589085
x2.x1.np                                  1.08
x2.x1.nn                                  1.08
x2.x1.ln                                  1.08
x2.x1.lp                                  1.08
x2.x1.lnb                          1.39278e-08
x2.x1.lpb                          1.39278e-08
x2.x1.na                               1.07503
doutb2                                0.550763
dout2                                 0.550763
x2.x1.nb                               1.07503
ean2#branch                        1.26639e-13
eap2#branch                        1.27429e-13
ean1#branch                        1.27429e-13
eap1#branch                        1.26639e-13
ean0#branch                        1.26999e-13
eap0#branch                        1.26999e-13
vclk#branch                        1.96894e-10
vd2#branch                                   0
vd1#branch                                   0
vd0#branch                                   0
vcm#branch                         7.62132e-13
vsup#branch                       -0.000103797

 Reference value :  0.00000e+00
 Reference value :  6.60000e-10
 Reference value :  1.18117e-09
 Reference value :  2.00353e-09
 Reference value :  2.86000e-09
 Reference value :  3.66118e-09
 Reference value :  4.40118e-09
No. of Data Rows : 1345
vsup_v              =  1.08000e+00
d0now               =  -4.11855e-07
d1now               =  1.08000e+00
d2now               =  -9.07585e-08
Reset re-loads circuit * comparator-transient-noise @ ss_27c_1.08v -- generated by sim/harness, do not edit

Circuit: * comparator-transient-noise @ ss_27c_1.08v -- generated by sim/harness, do not edit

Doing analysis at TEMP = 27.000000 and TNOM = 27.000000

Using SPARSE 1.3 as Direct Linear Solver

Initial Transient Solution
--------------------------

Node                                   Voltage
----                                   -------
vdd                                       1.08
cm                                         0.6
vd0                                          0
ap0                                        0.6
an0                                        0.6
ibn0                                  0.355227
x0.x1.tmid                         8.90737e-08
x0.x1.tail                            0.589081
clk                                          0
x0.x1.np                                  1.08
x0.x1.nn                                  1.08
x0.x1.ln                                  1.08
x0.x1.lp                                  1.08
x0.x1.lnb                          1.39278e-08
x0.x1.lpb                          1.39278e-08
x0.x1.na                               1.07503
doutb0                                0.550763
dout0                                 0.550763
x0.x1.nb                               1.07503
vd1                                      0.001
ap1                                     0.6005
an1                                     0.5995
ibn1                                  0.355227
x1.x1.tmid                         8.90741e-08
x1.x1.tail                            0.589085
x1.x1.np                                  1.08
x1.x1.nn                                  1.08
x1.x1.ln                                  1.08
x1.x1.lp                                  1.08
x1.x1.lnb                          1.39278e-08
x1.x1.lpb                          1.39278e-08
x1.x1.na                               1.07503
doutb1                                0.550763
dout1                                 0.550763
x1.x1.nb                               1.07503
vd2                                     -0.001
ap2                                     0.5995
an2                                     0.6005
ibn2                                  0.355227
x2.x1.tmid                         8.90741e-08
x2.x1.tail                            0.589085
x2.x1.np                                  1.08
x2.x1.nn                                  1.08
x2.x1.ln                                  1.08
x2.x1.lp                                  1.08
x2.x1.lnb                          1.39278e-08
x2.x1.lpb                          1.39278e-08
x2.x1.na                               1.07503
doutb2                                0.550763
dout2                                 0.550763
x2.x1.nb                               1.07503
ean2#branch                        1.26639e-13
eap2#branch                        1.27429e-13
ean1#branch                        1.27429e-13
eap1#branch                        1.26639e-13
ean0#branch                        1.26999e-13
eap0#branch                        1.26999e-13
vclk#branch                        1.96894e-10
vd2#branch                                   0
vd1#branch                                   0
vd0#branch                                   0
vcm#branch                         7.62132e-13
vsup#branch                       -0.000103797

 Reference value :  0.00000e+00
 Reference value :  6.61176e-10
 Reference value :  1.19410e-09
 Reference value :  2.04118e-09
 Reference value :  2.90000e-09
 Reference value :  3.65412e-09
 Reference value :  4.37412e-09
 Reference value :  5.10000e-09
No. of Data Rows : 1345
vsup_v              =  1.08000e+00
d0now               =  1.08000e+00
d1now               =  1.08000e+00
d2now               =  -1.26375e-06
Reset re-loads circuit * comparator-transient-noise @ ss_27c_1.08v -- generated by sim/harness, do not edit

Circuit: * comparator-transient-noise @ ss_27c_1.08v -- generated by sim/harness, do not edit

Doing analysis at TEMP = 27.000000 and TNOM = 27.000000

Using SPARSE 1.3 as Direct Linear Solver

Initial Transient Solution
--------------------------

Node                                   Voltage
----                                   -------
vdd                                       1.08
cm                                         0.6
vd0                                          0
ap0                                        0.6
an0                                        0.6
ibn0                                  0.355227
x0.x1.tmid                         8.90737e-08
x0.x1.tail                            0.589081
clk                                          0
x0.x1.np                                  1.08
x0.x1.nn                                  1.08
x0.x1.ln                                  1.08
x0.x1.lp                                  1.08
x0.x1.lnb                          1.39278e-08
x0.x1.lpb                          1.39278e-08
x0.x1.na                               1.07503
doutb0                                0.550763
dout0                                 0.550763
x0.x1.nb                               1.07503
vd1                                      0.001
ap1                                     0.6005
an1                                     0.5995
ibn1                                  0.355227
x1.x1.tmid                         8.90741e-08
x1.x1.tail                            0.589085
x1.x1.np                                  1.08
x1.x1.nn                                  1.08
x1.x1.ln                                  1.08
x1.x1.lp                                  1.08
x1.x1.lnb                          1.39278e-08
x1.x1.lpb                          1.39278e-08
x1.x1.na                               1.07503
doutb1                                0.550763
dout1                                 0.550763
x1.x1.nb                               1.07503
vd2                                     -0.001
ap2                                     0.5995
an2                                     0.6005
ibn2                                  0.355227
x2.x1.tmid                         8.90741e-08
x2.x1.tail                            0.589085
x2.x1.np                                  1.08
x2.x1.nn                                  1.08
x2.x1.ln                                  1.08
x2.x1.lp                                  1.08
x2.x1.lnb                          1.39278e-08
x2.x1.lpb                          1.39278e-08
x2.x1.na                               1.07503
doutb2                                0.550763
dout2                                 0.550763
x2.x1.nb                               1.07503
ean2#branch                        1.26639e-13
eap2#branch                        1.27429e-13
ean1#branch                        1.27429e-13
eap1#branch                        1.26639e-13
ean0#branch                        1.26999e-13
eap0#branch                        1.26999e-13
vclk#branch                        1.96894e-10
vd2#branch                                   0
vd1#branch                                   0
vd0#branch                                   0
vcm#branch                         7.62132e-13
vsup#branch                       -0.000103797

 Reference value :  1.28000e-11
 Reference value :  6.68235e-10
 Reference value :  1.19410e-09
 Reference value :  2.02118e-09
 Reference value :  2.84824e-09
 Reference value :  3.69412e-09
 Reference value :  4.44824e-09
No. of Data Rows : 1345
vsup_v              =  1.08000e+00
d0now               =  -6.38841e-07
d1now               =  1.08000e+00
d2now               =  2.94803e-06
Reset re-loads circuit * comparator-transient-noise @ ss_27c_1.08v -- generated by sim/harness, do not edit

Circuit: * comparator-transient-noise @ ss_27c_1.08v -- generated by sim/harness, do not edit

Doing analysis at TEMP = 27.000000 and TNOM = 27.000000

Using SPARSE 1.3 as Direct Linear Solver

Initial Transient Solution
--------------------------

Node                                   Voltage
----                                   -------
vdd                                       1.08
cm                                         0.6
vd0                                          0
ap0                                        0.6
an0                                        0.6
ibn0                                  0.355227
x0.x1.tmid                         8.90737e-08
x0.x1.tail                            0.589081
clk                                          0
x0.x1.np                                  1.08
x0.x1.nn                                  1.08
x0.x1.ln                                  1.08
x0.x1.lp                                  1.08
x0.x1.lnb                          1.39278e-08
x0.x1.lpb                          1.39278e-08
x0.x1.na                               1.07503
doutb0                                0.550763
dout0                                 0.550763
x0.x1.nb                               1.07503
vd1                                      0.001
ap1                                     0.6005
an1                                     0.5995
ibn1                                  0.355227
x1.x1.tmid                         8.90741e-08
x1.x1.tail                            0.589085
x1.x1.np                                  1.08
x1.x1.nn                                  1.08
x1.x1.ln                                  1.08
x1.x1.lp                                  1.08
x1.x1.lnb                          1.39278e-08
x1.x1.lpb                          1.39278e-08
x1.x1.na                               1.07503
doutb1                                0.550763
dout1                                 0.550763
x1.x1.nb                               1.07503
vd2                                     -0.001
ap2                                     0.5995
an2                                     0.6005
ibn2                                  0.355227
x2.x1.tmid                         8.90741e-08
x2.x1.tail                            0.589085
x2.x1.np                                  1.08
x2.x1.nn                                  1.08
x2.x1.ln                                  1.08
x2.x1.lp                                  1.08
x2.x1.lnb                          1.39278e-08
x2.x1.lpb                          1.39278e-08
x2.x1.na                               1.07503
doutb2                                0.550763
dout2                                 0.550763
x2.x1.nb                               1.07503
ean2#branch                        1.26639e-13
eap2#branch                        1.27429e-13
ean1#branch                        1.27429e-13
eap1#branch                        1.26639e-13
ean0#branch                        1.26999e-13
eap0#branch                        1.26999e-13
vclk#branch                        1.96894e-10
vd2#branch                                   0
vd1#branch                                   0
vd0#branch                                   0
vcm#branch                         7.62132e-13
vsup#branch                       -0.000103797

 Reference value :  0.00000e+00
 Reference value :  6.88235e-10
 Reference value :  1.20826e-09
 Reference value :  2.06353e-09
 Reference value :  2.92824e-09
 Reference value :  3.70118e-09
 Reference value :  4.48000e-09
No. of Data Rows : 1345
vsup_v              =  1.08000e+00
d0now               =  1.08000e+00
d1now               =  1.08001e+00
d2now               =  -8.04357e-07
Reset re-loads circuit * comparator-transient-noise @ ss_27c_1.08v -- generated by sim/harness, do not edit

Circuit: * comparator-transient-noise @ ss_27c_1.08v -- generated by sim/harness, do not edit

Doing analysis at TEMP = 27.000000 and TNOM = 27.000000

Using SPARSE 1.3 as Direct Linear Solver

Initial Transient Solution
--------------------------

Node                                   Voltage
----                                   -------
vdd                                       1.08
cm                                         0.6
vd0                                          0
ap0                                        0.6
an0                                        0.6
ibn0                                  0.355227
x0.x1.tmid                         8.90737e-08
x0.x1.tail                            0.589081
clk                                          0
x0.x1.np                                  1.08
x0.x1.nn                                  1.08
x0.x1.ln                                  1.08
x0.x1.lp                                  1.08
x0.x1.lnb                          1.39278e-08
x0.x1.lpb                          1.39278e-08
x0.x1.na                               1.07503
doutb0                                0.550763
dout0                                 0.550763
x0.x1.nb                               1.07503
vd1                                      0.001
ap1                                     0.6005
an1                                     0.5995
ibn1                                  0.355227
x1.x1.tmid                         8.90741e-08
x1.x1.tail                            0.589085
x1.x1.np                                  1.08
x1.x1.nn                                  1.08
x1.x1.ln                                  1.08
x1.x1.lp                                  1.08
x1.x1.lnb                          1.39278e-08
x1.x1.lpb                          1.39278e-08
x1.x1.na                               1.07503
doutb1                                0.550763
dout1                                 0.550763
x1.x1.nb                               1.07503
vd2                                     -0.001
ap2                                     0.5995
an2                                     0.6005
ibn2                                  0.355227
x2.x1.tmid                         8.90741e-08
x2.x1.tail                            0.589085
x2.x1.np                                  1.08
x2.x1.nn                                  1.08
x2.x1.ln                                  1.08
x2.x1.lp                                  1.08
x2.x1.lnb                          1.39278e-08
x2.x1.lpb                          1.39278e-08
x2.x1.na                               1.07503
doutb2                                0.550763
dout2                                 0.550763
x2.x1.nb                               1.07503
ean2#branch                        1.26639e-13
eap2#branch                        1.27429e-13
ean1#branch                        1.27429e-13
eap1#branch                        1.26639e-13
ean0#branch                        1.26999e-13
eap0#branch                        1.26999e-13
vclk#branch                        1.96894e-10
vd2#branch                                   0
vd1#branch                                   0
vd0#branch                                   0
vcm#branch                         7.62132e-13
vsup#branch                       -0.000103797

 Reference value :  0.00000e+00
 Reference value :  6.68235e-10
 Reference value :  1.18821e-09
 Reference value :  2.08000e-09
 Reference value :  2.86824e-09
 Reference value :  3.72118e-09
 Reference value :  4.49412e-09
No. of Data Rows : 1345
vsup_v              =  1.08000e+00
d0now               =  1.08000e+00
d1now               =  -1.45941e-06
d2now               =  -1.26108e-06
Reset re-loads circuit * comparator-transient-noise @ ss_27c_1.08v -- generated by sim/harness, do not edit

Circuit: * comparator-transient-noise @ ss_27c_1.08v -- generated by sim/harness, do not edit

Doing analysis at TEMP = 27.000000 and TNOM = 27.000000

Using SPARSE 1.3 as Direct Linear Solver

Initial Transient Solution
--------------------------

Node                                   Voltage
----                                   -------
vdd                                       1.08
cm                                         0.6
vd0                                          0
ap0                                        0.6
an0                                        0.6
ibn0                                  0.355227
x0.x1.tmid                         8.90737e-08
x0.x1.tail                            0.589081
clk                                          0
x0.x1.np                                  1.08
x0.x1.nn                                  1.08
x0.x1.ln                                  1.08
x0.x1.lp                                  1.08
x0.x1.lnb                          1.39278e-08
x0.x1.lpb                          1.39278e-08
x0.x1.na                               1.07503
doutb0                                0.550763
dout0                                 0.550763
x0.x1.nb                               1.07503
vd1                                      0.001
ap1                                     0.6005
an1                                     0.5995
ibn1                                  0.355227
x1.x1.tmid                         8.90741e-08
x1.x1.tail                            0.589085
x1.x1.np                                  1.08
x1.x1.nn                                  1.08
x1.x1.ln                                  1.08
x1.x1.lp                                  1.08
x1.x1.lnb                          1.39278e-08
x1.x1.lpb                          1.39278e-08
x1.x1.na                               1.07503
doutb1                                0.550763
dout1                                 0.550763
x1.x1.nb                               1.07503
vd2                                     -0.001
ap2                                     0.5995
an2                                     0.6005
ibn2                                  0.355227
x2.x1.tmid                         8.90741e-08
x2.x1.tail                            0.589085
x2.x1.np                                  1.08
x2.x1.nn                                  1.08
x2.x1.ln                                  1.08
x2.x1.lp                                  1.08
x2.x1.lnb                          1.39278e-08
x2.x1.lpb                          1.39278e-08
x2.x1.na                               1.07503
doutb2                                0.550763
dout2                                 0.550763
x2.x1.nb                               1.07503
ean2#branch                        1.26639e-13
eap2#branch                        1.27429e-13
ean1#branch                        1.27429e-13
eap1#branch                        1.26639e-13
ean0#branch                        1.26999e-13
eap0#branch                        1.26999e-13
vclk#branch                        1.96894e-10
vd2#branch                                   0
vd1#branch                                   0
vd0#branch                                   0
vcm#branch                         7.62132e-13
vsup#branch                       -0.000103797

 Reference value :  0.00000e+00
 Reference value :  6.68235e-10
 Reference value :  1.18821e-09
 Reference value :  2.00824e-09
 Reference value :  2.88824e-09
 Reference value :  3.69412e-09
 Reference value :  4.44353e-09
No. of Data Rows : 1345
vsup_v              =  1.08000e+00
d0now               =  1.08000e+00
d1now               =  1.08000e+00
d2now               =  1.08001e+00
Reset re-loads circuit * comparator-transient-noise @ ss_27c_1.08v -- generated by sim/harness, do not edit

Circuit: * comparator-transient-noise @ ss_27c_1.08v -- generated by sim/harness, do not edit

Doing analysis at TEMP = 27.000000 and TNOM = 27.000000

Using SPARSE 1.3 as Direct Linear Solver

Initial Transient Solution
--------------------------

Node                                   Voltage
----                                   -------
vdd                                       1.08
cm                                         0.6
vd0                                          0
ap0                                        0.6
an0                                        0.6
ibn0                                  0.355227
x0.x1.tmid                         8.90737e-08
x0.x1.tail                            0.589081
clk                                          0
x0.x1.np                                  1.08
x0.x1.nn                                  1.08
x0.x1.ln                                  1.08
x0.x1.lp                                  1.08
x0.x1.lnb                          1.39278e-08
x0.x1.lpb                          1.39278e-08
x0.x1.na                               1.07503
doutb0                                0.550763
dout0                                 0.550763
x0.x1.nb                               1.07503
vd1                                      0.001
ap1                                     0.6005
an1                                     0.5995
ibn1                                  0.355227
x1.x1.tmid                         8.90741e-08
x1.x1.tail                            0.589085
x1.x1.np                                  1.08
x1.x1.nn                                  1.08
x1.x1.ln                                  1.08
x1.x1.lp                                  1.08
x1.x1.lnb                          1.39278e-08
x1.x1.lpb                          1.39278e-08
x1.x1.na                               1.07503
doutb1                                0.550763
dout1                                 0.550763
x1.x1.nb                               1.07503
vd2                                     -0.001
ap2                                     0.5995
an2                                     0.6005
ibn2                                  0.355227
x2.x1.tmid                         8.90741e-08
x2.x1.tail                            0.589085
x2.x1.np                                  1.08
x2.x1.nn                                  1.08
x2.x1.ln                                  1.08
x2.x1.lp                                  1.08
x2.x1.lnb                          1.39278e-08
x2.x1.lpb                          1.39278e-08
x2.x1.na                               1.07503
doutb2                                0.550763
dout2                                 0.550763
x2.x1.nb                               1.07503
ean2#branch                        1.26639e-13
eap2#branch                        1.27429e-13
ean1#branch                        1.27429e-13
eap1#branch                        1.26639e-13
ean0#branch                        1.26999e-13
eap0#branch                        1.26999e-13
vclk#branch                        1.96894e-10
vd2#branch                                   0
vd1#branch                                   0
vd0#branch                                   0
vcm#branch                         7.62132e-13
vsup#branch                       -0.000103797

 Reference value :  0.00000e+00
 Reference value :  6.60000e-10
 Reference value :  1.18821e-09
 Reference value :  2.04353e-09
 Reference value :  2.88000e-09
 Reference value :  3.70000e-09
 Reference value :  4.42824e-09
No. of Data Rows : 1345
vsup_v              =  1.08000e+00
d0now               =  2.09724e-07
d1now               =  1.08000e+00
d2now               =  1.07999e+00
Reset re-loads circuit * comparator-transient-noise @ ss_27c_1.08v -- generated by sim/harness, do not edit

Circuit: * comparator-transient-noise @ ss_27c_1.08v -- generated by sim/harness, do not edit

Doing analysis at TEMP = 27.000000 and TNOM = 27.000000

Using SPARSE 1.3 as Direct Linear Solver

Initial Transient Solution
--------------------------

Node                                   Voltage
----                                   -------
vdd                                       1.08
cm                                         0.6
vd0                                          0
ap0                                        0.6
an0                                        0.6
ibn0                                  0.355227
x0.x1.tmid                         8.90737e-08
x0.x1.tail                            0.589081
clk                                          0
x0.x1.np                                  1.08
x0.x1.nn                                  1.08
x0.x1.ln                                  1.08
x0.x1.lp                                  1.08
x0.x1.lnb                          1.39278e-08
x0.x1.lpb                          1.39278e-08
x0.x1.na                               1.07503
doutb0                                0.550763
dout0                                 0.550763
x0.x1.nb                               1.07503
vd1                                      0.001
ap1                                     0.6005
an1                                     0.5995
ibn1                                  0.355227
x1.x1.tmid                         8.90741e-08
x1.x1.tail                            0.589085
x1.x1.np                                  1.08
x1.x1.nn                                  1.08
x1.x1.ln                                  1.08
x1.x1.lp                                  1.08
x1.x1.lnb                          1.39278e-08
x1.x1.lpb                          1.39278e-08
x1.x1.na                               1.07503
doutb1                                0.550763
dout1                                 0.550763
x1.x1.nb                               1.07503
vd2                                     -0.001
ap2                                     0.5995
an2                                     0.6005
ibn2                                  0.355227
x2.x1.tmid                         8.90741e-08
x2.x1.tail                            0.589085
x2.x1.np                                  1.08
x2.x1.nn                                  1.08
x2.x1.ln                                  1.08
x2.x1.lp                                  1.08
x2.x1.lnb                          1.39278e-08
x2.x1.lpb                          1.39278e-08
x2.x1.na                               1.07503
doutb2                                0.550763
dout2                                 0.550763
x2.x1.nb                               1.07503
ean2#branch                        1.26639e-13
eap2#branch                        1.27429e-13
ean1#branch                        1.27429e-13
eap1#branch                        1.26639e-13
ean0#branch                        1.26999e-13
eap0#branch                        1.26999e-13
vclk#branch                        1.96894e-10
vd2#branch                                   0
vd1#branch                                   0
vd0#branch                                   0
vcm#branch                         7.62132e-13
vsup#branch                       -0.000103797

 Reference value :  0.00000e+00
 Reference value :  6.54118e-10
 Reference value :  1.19410e-09
 Reference value :  2.06118e-09
 Reference value :  2.92824e-09
 Reference value :  3.84000e-09
 Reference value :  4.58000e-09
No. of Data Rows : 1345
vsup_v              =  1.08000e+00
d0now               =  1.88532e-06
d1now               =  -4.78521e-07
d2now               =  -1.97648e-07
Reset re-loads circuit * comparator-transient-noise @ ss_27c_1.08v -- generated by sim/harness, do not edit

Circuit: * comparator-transient-noise @ ss_27c_1.08v -- generated by sim/harness, do not edit

Doing analysis at TEMP = 27.000000 and TNOM = 27.000000

Using SPARSE 1.3 as Direct Linear Solver

Initial Transient Solution
--------------------------

Node                                   Voltage
----                                   -------
vdd                                       1.08
cm                                         0.6
vd0                                          0
ap0                                        0.6
an0                                        0.6
ibn0                                  0.355227
x0.x1.tmid                         8.90737e-08
x0.x1.tail                            0.589081
clk                                          0
x0.x1.np                                  1.08
x0.x1.nn                                  1.08
x0.x1.ln                                  1.08
x0.x1.lp                                  1.08
x0.x1.lnb                          1.39278e-08
x0.x1.lpb                          1.39278e-08
x0.x1.na                               1.07503
doutb0                                0.550763
dout0                                 0.550763
x0.x1.nb                               1.07503
vd1                                      0.001
ap1                                     0.6005
an1                                     0.5995
ibn1                                  0.355227
x1.x1.tmid                         8.90741e-08
x1.x1.tail                            0.589085
x1.x1.np                                  1.08
x1.x1.nn                                  1.08
x1.x1.ln                                  1.08
x1.x1.lp                                  1.08
x1.x1.lnb                          1.39278e-08
x1.x1.lpb                          1.39278e-08
x1.x1.na                               1.07503
doutb1                                0.550763
dout1                                 0.550763
x1.x1.nb                               1.07503
vd2                                     -0.001
ap2                                     0.5995
an2                                     0.6005
ibn2                                  0.355227
x2.x1.tmid                         8.90741e-08
x2.x1.tail                            0.589085
x2.x1.np                                  1.08
x2.x1.nn                                  1.08
x2.x1.ln                                  1.08
x2.x1.lp                                  1.08
x2.x1.lnb                          1.39278e-08
x2.x1.lpb                          1.39278e-08
x2.x1.na                               1.07503
doutb2                                0.550763
dout2                                 0.550763
x2.x1.nb                               1.07503
ean2#branch                        1.26639e-13
eap2#branch                        1.27429e-13
ean1#branch                        1.27429e-13
eap1#branch                        1.26639e-13
ean0#branch                        1.26999e-13
eap0#branch                        1.26999e-13
vclk#branch                        1.96894e-10
vd2#branch                                   0
vd1#branch                                   0
vd0#branch                                   0
vcm#branch                         7.62132e-13
vsup#branch                       -0.000103797

 Reference value :  0.00000e+00
 Reference value :  6.63529e-10
 Reference value :  1.20118e-09
 Reference value :  2.06118e-09
 Reference value :  2.88353e-09
 Reference value :  3.70353e-09
 Reference value :  4.47412e-09
No. of Data Rows : 1345
vsup_v              =  1.08000e+00
d0now               =  1.08000e+00
d1now               =  1.08000e+00
d2now               =  1.08000e+00
Reset re-loads circuit * comparator-transient-noise @ ss_27c_1.08v -- generated by sim/harness, do not edit

Circuit: * comparator-transient-noise @ ss_27c_1.08v -- generated by sim/harness, do not edit

Doing analysis at TEMP = 27.000000 and TNOM = 27.000000

Using SPARSE 1.3 as Direct Linear Solver

Initial Transient Solution
--------------------------

Node                                   Voltage
----                                   -------
vdd                                       1.08
cm                                         0.6
vd0                                          0
ap0                                        0.6
an0                                        0.6
ibn0                                  0.355227
x0.x1.tmid                         8.90737e-08
x0.x1.tail                            0.589081
clk                                          0
x0.x1.np                                  1.08
x0.x1.nn                                  1.08
x0.x1.ln                                  1.08
x0.x1.lp                                  1.08
x0.x1.lnb                          1.39278e-08
x0.x1.lpb                          1.39278e-08
x0.x1.na                               1.07503
doutb0                                0.550763
dout0                                 0.550763
x0.x1.nb                               1.07503
vd1                                      0.001
ap1                                     0.6005
an1                                     0.5995
ibn1                                  0.355227
x1.x1.tmid                         8.90741e-08
x1.x1.tail                            0.589085
x1.x1.np                                  1.08
x1.x1.nn                                  1.08
x1.x1.ln                                  1.08
x1.x1.lp                                  1.08
x1.x1.lnb                          1.39278e-08
x1.x1.lpb                          1.39278e-08
x1.x1.na                               1.07503
doutb1                                0.550763
dout1                                 0.550763
x1.x1.nb                               1.07503
vd2                                     -0.001
ap2                                     0.5995
an2                                     0.6005
ibn2                                  0.355227
x2.x1.tmid                         8.90741e-08
x2.x1.tail                            0.589085
x2.x1.np                                  1.08
x2.x1.nn                                  1.08
x2.x1.ln                                  1.08
x2.x1.lp                                  1.08
x2.x1.lnb                          1.39278e-08
x2.x1.lpb                          1.39278e-08
x2.x1.na                               1.07503
doutb2                                0.550763
dout2                                 0.550763
x2.x1.nb                               1.07503
ean2#branch                        1.26639e-13
eap2#branch                        1.27429e-13
ean1#branch                        1.27429e-13
eap1#branch                        1.26639e-13
ean0#branch                        1.26999e-13
eap0#branch                        1.26999e-13
vclk#branch                        1.96894e-10
vd2#branch                                   0
vd1#branch                                   0
vd0#branch                                   0
vcm#branch                         7.62132e-13
vsup#branch                       -0.000103797

 Reference value :  0.00000e+00
 Reference value :  6.54118e-10
 Reference value :  1.20000e-09
 Reference value :  2.08118e-09
 Reference value :  3.02000e-09
 Reference value :  3.80824e-09
 Reference value :  4.54000e-09
No. of Data Rows : 1345
vsup_v              =  1.08000e+00
d0now               =  1.07999e+00
d1now               =  1.08000e+00
d2now               =  -3.94978e-07
Reset re-loads circuit * comparator-transient-noise @ ss_27c_1.08v -- generated by sim/harness, do not edit

Circuit: * comparator-transient-noise @ ss_27c_1.08v -- generated by sim/harness, do not edit

Doing analysis at TEMP = 27.000000 and TNOM = 27.000000

Using SPARSE 1.3 as Direct Linear Solver

Initial Transient Solution
--------------------------

Node                                   Voltage
----                                   -------
vdd                                       1.08
cm                                         0.6
vd0                                          0
ap0                                        0.6
an0                                        0.6
ibn0                                  0.355227
x0.x1.tmid                         8.90737e-08
x0.x1.tail                            0.589081
clk                                          0
x0.x1.np                                  1.08
x0.x1.nn                                  1.08
x0.x1.ln                                  1.08
x0.x1.lp                                  1.08
x0.x1.lnb                          1.39278e-08
x0.x1.lpb                          1.39278e-08
x0.x1.na                               1.07503
doutb0                                0.550763
dout0                                 0.550763
x0.x1.nb                               1.07503
vd1                                      0.001
ap1                                     0.6005
an1                                     0.5995
ibn1                                  0.355227
x1.x1.tmid                         8.90741e-08
x1.x1.tail                            0.589085
x1.x1.np                                  1.08
x1.x1.nn                                  1.08
x1.x1.ln                                  1.08
x1.x1.lp                                  1.08
x1.x1.lnb                          1.39278e-08
x1.x1.lpb                          1.39278e-08
x1.x1.na                               1.07503
doutb1                                0.550763
dout1                                 0.550763
x1.x1.nb                               1.07503
vd2                                     -0.001
ap2                                     0.5995
an2                                     0.6005
ibn2                                  0.355227
x2.x1.tmid                         8.90741e-08
x2.x1.tail                            0.589085
x2.x1.np                                  1.08
x2.x1.nn                                  1.08
x2.x1.ln                                  1.08
x2.x1.lp                                  1.08
x2.x1.lnb                          1.39278e-08
x2.x1.lpb                          1.39278e-08
x2.x1.na                               1.07503
doutb2                                0.550763
dout2                                 0.550763
x2.x1.nb                               1.07503
ean2#branch                        1.26639e-13
eap2#branch                        1.27429e-13
ean1#branch                        1.27429e-13
eap1#branch                        1.26639e-13
ean0#branch                        1.26999e-13
eap0#branch                        1.26999e-13
vclk#branch                        1.96894e-10
vd2#branch                                   0
vd1#branch                                   0
vd0#branch                                   0
vcm#branch                         7.62132e-13
vsup#branch                       -0.000103797

 Reference value :  0.00000e+00
 Reference value :  6.41176e-10
 Reference value :  1.16000e-09
 Reference value :  2.02000e-09
 Reference value :  2.84118e-09
 Reference value :  3.68824e-09
 Reference value :  4.44118e-09
No. of Data Rows : 1345
vsup_v              =  1.08000e+00
d0now               =  1.08001e+00
d1now               =  1.07999e+00
d2now               =  1.16487e-06
Reset re-loads circuit * comparator-transient-noise @ ss_27c_1.08v -- generated by sim/harness, do not edit

Circuit: * comparator-transient-noise @ ss_27c_1.08v -- generated by sim/harness, do not edit

Doing analysis at TEMP = 27.000000 and TNOM = 27.000000

Using SPARSE 1.3 as Direct Linear Solver

Initial Transient Solution
--------------------------

Node                                   Voltage
----                                   -------
vdd                                       1.08
cm                                         0.6
vd0                                          0
ap0                                        0.6
an0                                        0.6
ibn0                                  0.355227
x0.x1.tmid                         8.90737e-08
x0.x1.tail                            0.589081
clk                                          0
x0.x1.np                                  1.08
x0.x1.nn                                  1.08
x0.x1.ln                                  1.08
x0.x1.lp                                  1.08
x0.x1.lnb                          1.39278e-08
x0.x1.lpb                          1.39278e-08
x0.x1.na                               1.07503
doutb0                                0.550763
dout0                                 0.550763
x0.x1.nb                               1.07503
vd1                                      0.001
ap1                                     0.6005
an1                                     0.5995
ibn1                                  0.355227
x1.x1.tmid                         8.90741e-08
x1.x1.tail                            0.589085
x1.x1.np                                  1.08
x1.x1.nn                                  1.08
x1.x1.ln                                  1.08
x1.x1.lp                                  1.08
x1.x1.lnb                          1.39278e-08
x1.x1.lpb                          1.39278e-08
x1.x1.na                               1.07503
doutb1                                0.550763
dout1                                 0.550763
x1.x1.nb                               1.07503
vd2                                     -0.001
ap2                                     0.5995
an2                                     0.6005
ibn2                                  0.355227
x2.x1.tmid                         8.90741e-08
x2.x1.tail                            0.589085
x2.x1.np                                  1.08
x2.x1.nn                                  1.08
x2.x1.ln                                  1.08
x2.x1.lp                                  1.08
x2.x1.lnb                          1.39278e-08
x2.x1.lpb                          1.39278e-08
x2.x1.na                               1.07503
doutb2                                0.550763
dout2                                 0.550763
x2.x1.nb                               1.07503
ean2#branch                        1.26639e-13
eap2#branch                        1.27429e-13
ean1#branch                        1.27429e-13
eap1#branch                        1.26639e-13
ean0#branch                        1.26999e-13
eap0#branch                        1.26999e-13
vclk#branch                        1.96894e-10
vd2#branch                                   0
vd1#branch                                   0
vd0#branch                                   0
vcm#branch                         7.62132e-13
vsup#branch                       -0.000103797

 Reference value :  0.00000e+00
 Reference value :  6.48235e-10
 Reference value :  1.16118e-09
 Reference value :  2.03412e-09
 Reference value :  2.88824e-09
 Reference value :  3.70353e-09
 Reference value :  4.42353e-09
No. of Data Rows : 1345
vsup_v              =  1.08000e+00
d0now               =  1.67787e-06
d1now               =  1.08000e+00
d2now               =  1.08001e+00
Reset re-loads circuit * comparator-transient-noise @ ss_27c_1.08v -- generated by sim/harness, do not edit

Circuit: * comparator-transient-noise @ ss_27c_1.08v -- generated by sim/harness, do not edit

Doing analysis at TEMP = 27.000000 and TNOM = 27.000000

Using SPARSE 1.3 as Direct Linear Solver

Initial Transient Solution
--------------------------

Node                                   Voltage
----                                   -------
vdd                                       1.08
cm                                         0.6
vd0                                          0
ap0                                        0.6
an0                                        0.6
ibn0                                  0.355227
x0.x1.tmid                         8.90737e-08
x0.x1.tail                            0.589081
clk                                          0
x0.x1.np                                  1.08
x0.x1.nn                                  1.08
x0.x1.ln                                  1.08
x0.x1.lp                                  1.08
x0.x1.lnb                          1.39278e-08
x0.x1.lpb                          1.39278e-08
x0.x1.na                               1.07503
doutb0                                0.550763
dout0                                 0.550763
x0.x1.nb                               1.07503
vd1                                      0.001
ap1                                     0.6005
an1                                     0.5995
ibn1                                  0.355227
x1.x1.tmid                         8.90741e-08
x1.x1.tail                            0.589085
x1.x1.np                                  1.08
x1.x1.nn                                  1.08
x1.x1.ln                                  1.08
x1.x1.lp                                  1.08
x1.x1.lnb                          1.39278e-08
x1.x1.lpb                          1.39278e-08
x1.x1.na                               1.07503
doutb1                                0.550763
dout1                                 0.550763
x1.x1.nb                               1.07503
vd2                                     -0.001
ap2                                     0.5995
an2                                     0.6005
ibn2                                  0.355227
x2.x1.tmid                         8.90741e-08
x2.x1.tail                            0.589085
x2.x1.np                                  1.08
x2.x1.nn                                  1.08
x2.x1.ln                                  1.08
x2.x1.lp                                  1.08
x2.x1.lnb                          1.39278e-08
x2.x1.lpb                          1.39278e-08
x2.x1.na                               1.07503
doutb2                                0.550763
dout2                                 0.550763
x2.x1.nb                               1.07503
ean2#branch                        1.26639e-13
eap2#branch                        1.27429e-13
ean1#branch                        1.27429e-13
eap1#branch                        1.26639e-13
ean0#branch                        1.26999e-13
eap0#branch                        1.26999e-13
vclk#branch                        1.96894e-10
vd2#branch                                   0
vd1#branch                                   0
vd0#branch                                   0
vcm#branch                         7.62132e-13
vsup#branch                       -0.000103797

 Reference value :  0.00000e+00
 Reference value :  6.41176e-10
 Reference value :  1.14350e-09
 Reference value :  1.96353e-09
 Reference value :  2.80118e-09
 Reference value :  3.62000e-09
 Reference value :  4.36824e-09
 Reference value :  5.10000e-09
No. of Data Rows : 1345
vsup_v              =  1.08000e+00
d0now               =  -4.81923e-07
d1now               =  1.08000e+00
d2now               =  -4.26165e-08
Reset re-loads circuit * comparator-transient-noise @ ss_27c_1.08v -- generated by sim/harness, do not edit

Circuit: * comparator-transient-noise @ ss_27c_1.08v -- generated by sim/harness, do not edit

Doing analysis at TEMP = 27.000000 and TNOM = 27.000000

Using SPARSE 1.3 as Direct Linear Solver

Initial Transient Solution
--------------------------

Node                                   Voltage
----                                   -------
vdd                                       1.08
cm                                         0.6
vd0                                          0
ap0                                        0.6
an0                                        0.6
ibn0                                  0.355227
x0.x1.tmid                         8.90737e-08
x0.x1.tail                            0.589081
clk                                          0
x0.x1.np                                  1.08
x0.x1.nn                                  1.08
x0.x1.ln                                  1.08
x0.x1.lp                                  1.08
x0.x1.lnb                          1.39278e-08
x0.x1.lpb                          1.39278e-08
x0.x1.na                               1.07503
doutb0                                0.550763
dout0                                 0.550763
x0.x1.nb                               1.07503
vd1                                      0.001
ap1                                     0.6005
an1                                     0.5995
ibn1                                  0.355227
x1.x1.tmid                         8.90741e-08
x1.x1.tail                            0.589085
x1.x1.np                                  1.08
x1.x1.nn                                  1.08
x1.x1.ln                                  1.08
x1.x1.lp                                  1.08
x1.x1.lnb                          1.39278e-08
x1.x1.lpb                          1.39278e-08
x1.x1.na                               1.07503
doutb1                                0.550763
dout1                                 0.550763
x1.x1.nb                               1.07503
vd2                                     -0.001
ap2                                     0.5995
an2                                     0.6005
ibn2                                  0.355227
x2.x1.tmid                         8.90741e-08
x2.x1.tail                            0.589085
x2.x1.np                                  1.08
x2.x1.nn                                  1.08
x2.x1.ln                                  1.08
x2.x1.lp                                  1.08
x2.x1.lnb                          1.39278e-08
x2.x1.lpb                          1.39278e-08
x2.x1.na                               1.07503
doutb2                                0.550763
dout2                                 0.550763
x2.x1.nb                               1.07503
ean2#branch                        1.26639e-13
eap2#branch                        1.27429e-13
ean1#branch                        1.27429e-13
eap1#branch                        1.26639e-13
ean0#branch                        1.26999e-13
eap0#branch                        1.26999e-13
vclk#branch                        1.96894e-10
vd2#branch                                   0
vd1#branch                                   0
vd0#branch                                   0
vcm#branch                         7.62132e-13
vsup#branch                       -0.000103797

 Reference value :  0.00000e+00
 Reference value :  6.68235e-10
 Reference value :  1.17414e-09
 Reference value :  2.00353e-09
 Reference value :  2.90000e-09
 Reference value :  3.67412e-09
 Reference value :  4.44000e-09
No. of Data Rows : 1345
vsup_v              =  1.08000e+00
d0now               =  1.20363e-06
d1now               =  3.17562e-06
d2now               =  -2.11174e-06
Reset re-loads circuit * comparator-transient-noise @ ss_27c_1.08v -- generated by sim/harness, do not edit

Circuit: * comparator-transient-noise @ ss_27c_1.08v -- generated by sim/harness, do not edit

Doing analysis at TEMP = 27.000000 and TNOM = 27.000000

Using SPARSE 1.3 as Direct Linear Solver

Initial Transient Solution
--------------------------

Node                                   Voltage
----                                   -------
vdd                                       1.08
cm                                         0.6
vd0                                          0
ap0                                        0.6
an0                                        0.6
ibn0                                  0.355227
x0.x1.tmid                         8.90737e-08
x0.x1.tail                            0.589081
clk                                          0
x0.x1.np                                  1.08
x0.x1.nn                                  1.08
x0.x1.ln                                  1.08
x0.x1.lp                                  1.08
x0.x1.lnb                          1.39278e-08
x0.x1.lpb                          1.39278e-08
x0.x1.na                               1.07503
doutb0                                0.550763
dout0                                 0.550763
x0.x1.nb                               1.07503
vd1                                      0.001
ap1                                     0.6005
an1                                     0.5995
ibn1                                  0.355227
x1.x1.tmid                         8.90741e-08
x1.x1.tail                            0.589085
x1.x1.np                                  1.08
x1.x1.nn                                  1.08
x1.x1.ln                                  1.08
x1.x1.lp                                  1.08
x1.x1.lnb                          1.39278e-08
x1.x1.lpb                          1.39278e-08
x1.x1.na                               1.07503
doutb1                                0.550763
dout1                                 0.550763
x1.x1.nb                               1.07503
vd2                                     -0.001
ap2                                     0.5995
an2                                     0.6005
ibn2                                  0.355227
x2.x1.tmid                         8.90741e-08
x2.x1.tail                            0.589085
x2.x1.np                                  1.08
x2.x1.nn                                  1.08
x2.x1.ln                                  1.08
x2.x1.lp                                  1.08
x2.x1.lnb                          1.39278e-08
x2.x1.lpb                          1.39278e-08
x2.x1.na                               1.07503
doutb2                                0.550763
dout2                                 0.550763
x2.x1.nb                               1.07503
ean2#branch                        1.26639e-13
eap2#branch                        1.27429e-13
ean1#branch                        1.27429e-13
eap1#branch                        1.26639e-13
ean0#branch                        1.26999e-13
eap0#branch                        1.26999e-13
vclk#branch                        1.96894e-10
vd2#branch                                   0
vd1#branch                                   0
vd0#branch                                   0
vcm#branch                         7.62132e-13
vsup#branch                       -0.000103797

 Reference value :  0.00000e+00
 Reference value :  6.48235e-10
 Reference value :  1.18117e-09
 Reference value :  2.04000e-09
 Reference value :  2.84000e-09
 Reference value :  3.68353e-09
 Reference value :  4.40353e-09
No. of Data Rows : 1345
vsup_v              =  1.08000e+00
d0now               =  1.07999e+00
d1now               =  1.08000e+00
d2now               =  -9.09450e-07
Reset re-loads circuit * comparator-transient-noise @ ss_27c_1.08v -- generated by sim/harness, do not edit

Circuit: * comparator-transient-noise @ ss_27c_1.08v -- generated by sim/harness, do not edit

Doing analysis at TEMP = 27.000000 and TNOM = 27.000000

Using SPARSE 1.3 as Direct Linear Solver

Initial Transient Solution
--------------------------

Node                                   Voltage
----                                   -------
vdd                                       1.08
cm                                         0.6
vd0                                          0
ap0                                        0.6
an0                                        0.6
ibn0                                  0.355227
x0.x1.tmid                         8.90737e-08
x0.x1.tail                            0.589081
clk                                          0
x0.x1.np                                  1.08
x0.x1.nn                                  1.08
x0.x1.ln                                  1.08
x0.x1.lp                                  1.08
x0.x1.lnb                          1.39278e-08
x0.x1.lpb                          1.39278e-08
x0.x1.na                               1.07503
doutb0                                0.550763
dout0                                 0.550763
x0.x1.nb                               1.07503
vd1                                      0.001
ap1                                     0.6005
an1                                     0.5995
ibn1                                  0.355227
x1.x1.tmid                         8.90741e-08
x1.x1.tail                            0.589085
x1.x1.np                                  1.08
x1.x1.nn                                  1.08
x1.x1.ln                                  1.08
x1.x1.lp                                  1.08
x1.x1.lnb                          1.39278e-08
x1.x1.lpb                          1.39278e-08
x1.x1.na                               1.07503
doutb1                                0.550763
dout1                                 0.550763
x1.x1.nb                               1.07503
vd2                                     -0.001
ap2                                     0.5995
an2                                     0.6005
ibn2                                  0.355227
x2.x1.tmid                         8.90741e-08
x2.x1.tail                            0.589085
x2.x1.np                                  1.08
x2.x1.nn                                  1.08
x2.x1.ln                                  1.08
x2.x1.lp                                  1.08
x2.x1.lnb                          1.39278e-08
x2.x1.lpb                          1.39278e-08
x2.x1.na                               1.07503
doutb2                                0.550763
dout2                                 0.550763
x2.x1.nb                               1.07503
ean2#branch                        1.26639e-13
eap2#branch                        1.27429e-13
ean1#branch                        1.27429e-13
eap1#branch                        1.26639e-13
ean0#branch                        1.26999e-13
eap0#branch                        1.26999e-13
vclk#branch                        1.96894e-10
vd2#branch                                   0
vd1#branch                                   0
vd0#branch                                   0
vcm#branch                         7.62132e-13
vsup#branch                       -0.000103797

 Reference value :  0.00000e+00
 Reference value :  6.81176e-10
 Reference value :  1.31412e-09
 Reference value :  2.16353e-09
 Reference value :  3.10000e-09
 Reference value :  3.94000e-09
 Reference value :  4.92000e-09
No. of Data Rows : 1345
vsup_v              =  1.08000e+00
d0now               =  8.02780e-07
d1now               =  1.08000e+00
d2now               =  2.03070e-06
Reset re-loads circuit * comparator-transient-noise @ ss_27c_1.08v -- generated by sim/harness, do not edit

Circuit: * comparator-transient-noise @ ss_27c_1.08v -- generated by sim/harness, do not edit

Doing analysis at TEMP = 27.000000 and TNOM = 27.000000

Using SPARSE 1.3 as Direct Linear Solver

Initial Transient Solution
--------------------------

Node                                   Voltage
----                                   -------
vdd                                       1.08
cm                                         0.6
vd0                                          0
ap0                                        0.6
an0                                        0.6
ibn0                                  0.355227
x0.x1.tmid                         8.90737e-08
x0.x1.tail                            0.589081
clk                                          0
x0.x1.np                                  1.08
x0.x1.nn                                  1.08
x0.x1.ln                                  1.08
x0.x1.lp                                  1.08
x0.x1.lnb                          1.39278e-08
x0.x1.lpb                          1.39278e-08
x0.x1.na                               1.07503
doutb0                                0.550763
dout0                                 0.550763
x0.x1.nb                               1.07503
vd1                                      0.001
ap1                                     0.6005
an1                                     0.5995
ibn1                                  0.355227
x1.x1.tmid                         8.90741e-08
x1.x1.tail                            0.589085
x1.x1.np                                  1.08
x1.x1.nn                                  1.08
x1.x1.ln                                  1.08
x1.x1.lp                                  1.08
x1.x1.lnb                          1.39278e-08
x1.x1.lpb                          1.39278e-08
x1.x1.na                               1.07503
doutb1                                0.550763
dout1                                 0.550763
x1.x1.nb                               1.07503
vd2                                     -0.001
ap2                                     0.5995
an2                                     0.6005
ibn2                                  0.355227
x2.x1.tmid                         8.90741e-08
x2.x1.tail                            0.589085
x2.x1.np                                  1.08
x2.x1.nn                                  1.08
x2.x1.ln                                  1.08
x2.x1.lp                                  1.08
x2.x1.lnb                          1.39278e-08
x2.x1.lpb                          1.39278e-08
x2.x1.na                               1.07503
doutb2                                0.550763
dout2                                 0.550763
x2.x1.nb                               1.07503
ean2#branch                        1.26639e-13
eap2#branch                        1.27429e-13
ean1#branch                        1.27429e-13
eap1#branch                        1.26639e-13
ean0#branch                        1.26999e-13
eap0#branch                        1.26999e-13
vclk#branch                        1.96894e-10
vd2#branch                                   0
vd1#branch                                   0
vd0#branch                                   0
vcm#branch                         7.62132e-13
vsup#branch                       -0.000103797

 Reference value :  0.00000e+00
 Reference value :  6.48235e-10
 Reference value :  1.19410e-09
 Reference value :  2.10353e-09
 Reference value :  2.98000e-09
 Reference value :  3.87412e-09
 Reference value :  4.68000e-09
No. of Data Rows : 1345
vsup_v              =  1.08000e+00
d0now               =  -9.17047e-07
d1now               =  1.08000e+00
d2now               =  1.11591e-06
Reset re-loads circuit * comparator-transient-noise @ ss_27c_1.08v -- generated by sim/harness, do not edit

Circuit: * comparator-transient-noise @ ss_27c_1.08v -- generated by sim/harness, do not edit

Doing analysis at TEMP = 27.000000 and TNOM = 27.000000

Using SPARSE 1.3 as Direct Linear Solver

Initial Transient Solution
--------------------------

Node                                   Voltage
----                                   -------
vdd                                       1.08
cm                                         0.6
vd0                                          0
ap0                                        0.6
an0                                        0.6
ibn0                                  0.355227
x0.x1.tmid                         8.90737e-08
x0.x1.tail                            0.589081
clk                                          0
x0.x1.np                                  1.08
x0.x1.nn                                  1.08
x0.x1.ln                                  1.08
x0.x1.lp                                  1.08
x0.x1.lnb                          1.39278e-08
x0.x1.lpb                          1.39278e-08
x0.x1.na                               1.07503
doutb0                                0.550763
dout0                                 0.550763
x0.x1.nb                               1.07503
vd1                                      0.001
ap1                                     0.6005
an1                                     0.5995
ibn1                                  0.355227
x1.x1.tmid                         8.90741e-08
x1.x1.tail                            0.589085
x1.x1.np                                  1.08
x1.x1.nn                                  1.08
x1.x1.ln                                  1.08
x1.x1.lp                                  1.08
x1.x1.lnb                          1.39278e-08
x1.x1.lpb                          1.39278e-08
x1.x1.na                               1.07503
doutb1                                0.550763
dout1                                 0.550763
x1.x1.nb                               1.07503
vd2                                     -0.001
ap2                                     0.5995
an2                                     0.6005
ibn2                                  0.355227
x2.x1.tmid                         8.90741e-08
x2.x1.tail                            0.589085
x2.x1.np                                  1.08
x2.x1.nn                                  1.08
x2.x1.ln                                  1.08
x2.x1.lp                                  1.08
x2.x1.lnb                          1.39278e-08
x2.x1.lpb                          1.39278e-08
x2.x1.na                               1.07503
doutb2                                0.550763
dout2                                 0.550763
x2.x1.nb                               1.07503
ean2#branch                        1.26639e-13
eap2#branch                        1.27429e-13
ean1#branch                        1.27429e-13
eap1#branch                        1.26639e-13
ean0#branch                        1.26999e-13
eap0#branch                        1.26999e-13
vclk#branch                        1.96894e-10
vd2#branch                                   0
vd1#branch                                   0
vd0#branch                                   0
vcm#branch                         7.62132e-13
vsup#branch                       -0.000103797

 Reference value :  0.00000e+00
 Reference value :  7.21176e-10
 Reference value :  1.36000e-09
 Reference value :  2.18353e-09
 Reference value :  3.22118e-09
 Reference value :  3.95412e-09
 Reference value :  4.86353e-09
No. of Data Rows : 1345
vsup_v              =  1.08000e+00
d0now               =  -1.21195e-06
d1now               =  1.08000e+00
d2now               =  3.36745e-06
Reset re-loads circuit * comparator-transient-noise @ ss_27c_1.08v -- generated by sim/harness, do not edit

Circuit: * comparator-transient-noise @ ss_27c_1.08v -- generated by sim/harness, do not edit

Doing analysis at TEMP = 27.000000 and TNOM = 27.000000

Using SPARSE 1.3 as Direct Linear Solver

Initial Transient Solution
--------------------------

Node                                   Voltage
----                                   -------
vdd                                       1.08
cm                                         0.6
vd0                                          0
ap0                                        0.6
an0                                        0.6
ibn0                                  0.355227
x0.x1.tmid                         8.90737e-08
x0.x1.tail                            0.589081
clk                                          0
x0.x1.np                                  1.08
x0.x1.nn                                  1.08
x0.x1.ln                                  1.08
x0.x1.lp                                  1.08
x0.x1.lnb                          1.39278e-08
x0.x1.lpb                          1.39278e-08
x0.x1.na                               1.07503
doutb0                                0.550763
dout0                                 0.550763
x0.x1.nb                               1.07503
vd1                                      0.001
ap1                                     0.6005
an1                                     0.5995
ibn1                                  0.355227
x1.x1.tmid                         8.90741e-08
x1.x1.tail                            0.589085
x1.x1.np                                  1.08
x1.x1.nn                                  1.08
x1.x1.ln                                  1.08
x1.x1.lp                                  1.08
x1.x1.lnb                          1.39278e-08
x1.x1.lpb                          1.39278e-08
x1.x1.na                               1.07503
doutb1                                0.550763
dout1                                 0.550763
x1.x1.nb                               1.07503
vd2                                     -0.001
ap2                                     0.5995
an2                                     0.6005
ibn2                                  0.355227
x2.x1.tmid                         8.90741e-08
x2.x1.tail                            0.589085
x2.x1.np                                  1.08
x2.x1.nn                                  1.08
x2.x1.ln                                  1.08
x2.x1.lp                                  1.08
x2.x1.lnb                          1.39278e-08
x2.x1.lpb                          1.39278e-08
x2.x1.na                               1.07503
doutb2                                0.550763
dout2                                 0.550763
x2.x1.nb                               1.07503
ean2#branch                        1.26639e-13
eap2#branch                        1.27429e-13
ean1#branch                        1.27429e-13
eap1#branch                        1.26639e-13
ean0#branch                        1.26999e-13
eap0#branch                        1.26999e-13
vclk#branch                        1.96894e-10
vd2#branch                                   0
vd1#branch                                   0
vd0#branch                                   0
vcm#branch                         7.62132e-13
vsup#branch                       -0.000103797

 Reference value :  0.00000e+00
 Reference value :  7.80000e-10
 Reference value :  1.45412e-09
 Reference value :  2.34353e-09
 Reference value :  3.32000e-09
 Reference value :  4.12118e-09
 Reference value :  4.86353e-09
No. of Data Rows : 1345
vsup_v              =  1.08000e+00
d0now               =  1.08000e+00
d1now               =  1.08000e+00
d2now               =  8.23044e-07
Reset re-loads circuit * comparator-transient-noise @ ss_27c_1.08v -- generated by sim/harness, do not edit

Circuit: * comparator-transient-noise @ ss_27c_1.08v -- generated by sim/harness, do not edit

Doing analysis at TEMP = 27.000000 and TNOM = 27.000000

Using SPARSE 1.3 as Direct Linear Solver

Initial Transient Solution
--------------------------

Node                                   Voltage
----                                   -------
vdd                                       1.08
cm                                         0.6
vd0                                          0
ap0                                        0.6
an0                                        0.6
ibn0                                  0.355227
x0.x1.tmid                         8.90737e-08
x0.x1.tail                            0.589081
clk                                          0
x0.x1.np                                  1.08
x0.x1.nn                                  1.08
x0.x1.ln                                  1.08
x0.x1.lp                                  1.08
x0.x1.lnb                          1.39278e-08
x0.x1.lpb                          1.39278e-08
x0.x1.na                               1.07503
doutb0                                0.550763
dout0                                 0.550763
x0.x1.nb                               1.07503
vd1                                      0.001
ap1                                     0.6005
an1                                     0.5995
ibn1                                  0.355227
x1.x1.tmid                         8.90741e-08
x1.x1.tail                            0.589085
x1.x1.np                                  1.08
x1.x1.nn                                  1.08
x1.x1.ln                                  1.08
x1.x1.lp                                  1.08
x1.x1.lnb                          1.39278e-08
x1.x1.lpb                          1.39278e-08
x1.x1.na                               1.07503
doutb1                                0.550763
dout1                                 0.550763
x1.x1.nb                               1.07503
vd2                                     -0.001
ap2                                     0.5995
an2                                     0.6005
ibn2                                  0.355227
x2.x1.tmid                         8.90741e-08
x2.x1.tail                            0.589085
x2.x1.np                                  1.08
x2.x1.nn                                  1.08
x2.x1.ln                                  1.08
x2.x1.lp                                  1.08
x2.x1.lnb                          1.39278e-08
x2.x1.lpb                          1.39278e-08
x2.x1.na                               1.07503
doutb2                                0.550763
dout2                                 0.550763
x2.x1.nb                               1.07503
ean2#branch                        1.26639e-13
eap2#branch                        1.27429e-13
ean1#branch                        1.27429e-13
eap1#branch                        1.26639e-13
ean0#branch                        1.26999e-13
eap0#branch                        1.26999e-13
vclk#branch                        1.96894e-10
vd2#branch                                   0
vd1#branch                                   0
vd0#branch                                   0
vcm#branch                         7.62132e-13
vsup#branch                       -0.000103797

 Reference value :  0.00000e+00
 Reference value :  7.34118e-10
 Reference value :  1.28118e-09
 Reference value :  2.20353e-09
 Reference value :  3.16353e-09
 Reference value :  4.02000e-09
 Reference value :  4.94353e-09
No. of Data Rows : 1345
vsup_v              =  1.08000e+00
d0now               =  -6.86145e-07
d1now               =  1.08000e+00
d2now               =  -1.24348e-06
Reset re-loads circuit * comparator-transient-noise @ ss_27c_1.08v -- generated by sim/harness, do not edit

Circuit: * comparator-transient-noise @ ss_27c_1.08v -- generated by sim/harness, do not edit

Doing analysis at TEMP = 27.000000 and TNOM = 27.000000

Using SPARSE 1.3 as Direct Linear Solver

Initial Transient Solution
--------------------------

Node                                   Voltage
----                                   -------
vdd                                       1.08
cm                                         0.6
vd0                                          0
ap0                                        0.6
an0                                        0.6
ibn0                                  0.355227
x0.x1.tmid                         8.90737e-08
x0.x1.tail                            0.589081
clk                                          0
x0.x1.np                                  1.08
x0.x1.nn                                  1.08
x0.x1.ln                                  1.08
x0.x1.lp                                  1.08
x0.x1.lnb                          1.39278e-08
x0.x1.lpb                          1.39278e-08
x0.x1.na                               1.07503
doutb0                                0.550763
dout0                                 0.550763
x0.x1.nb                               1.07503
vd1                                      0.001
ap1                                     0.6005
an1                                     0.5995
ibn1                                  0.355227
x1.x1.tmid                         8.90741e-08
x1.x1.tail                            0.589085
x1.x1.np                                  1.08
x1.x1.nn                                  1.08
x1.x1.ln                                  1.08
x1.x1.lp                                  1.08
x1.x1.lnb                          1.39278e-08
x1.x1.lpb                          1.39278e-08
x1.x1.na                               1.07503
doutb1                                0.550763
dout1                                 0.550763
x1.x1.nb                               1.07503
vd2                                     -0.001
ap2                                     0.5995
an2                                     0.6005
ibn2                                  0.355227
x2.x1.tmid                         8.90741e-08
x2.x1.tail                            0.589085
x2.x1.np                                  1.08
x2.x1.nn                                  1.08
x2.x1.ln                                  1.08
x2.x1.lp                                  1.08
x2.x1.lnb                          1.39278e-08
x2.x1.lpb                          1.39278e-08
x2.x1.na                               1.07503
doutb2                                0.550763
dout2                                 0.550763
x2.x1.nb                               1.07503
ean2#branch                        1.26639e-13
eap2#branch                        1.27429e-13
ean1#branch                        1.27429e-13
eap1#branch                        1.26639e-13
ean0#branch                        1.26999e-13
eap0#branch                        1.26999e-13
vclk#branch                        1.96894e-10
vd2#branch                                   0
vd1#branch                                   0
vd0#branch                                   0
vcm#branch                         7.62132e-13
vsup#branch                       -0.000103797

 Reference value :  0.00000e+00
 Reference value :  7.20000e-10
 Reference value :  1.24824e-09
 Reference value :  2.18353e-09
 Reference value :  3.19412e-09
 Reference value :  3.93412e-09
 Reference value :  4.74000e-09
No. of Data Rows : 1345
vsup_v              =  1.08000e+00
d0now               =  -1.43594e-06
d1now               =  1.08000e+00
d2now               =  1.08000e+00
Reset re-loads circuit * comparator-transient-noise @ ss_27c_1.08v -- generated by sim/harness, do not edit

Circuit: * comparator-transient-noise @ ss_27c_1.08v -- generated by sim/harness, do not edit

Doing analysis at TEMP = 27.000000 and TNOM = 27.000000

Using SPARSE 1.3 as Direct Linear Solver

Initial Transient Solution
--------------------------

Node                                   Voltage
----                                   -------
vdd                                       1.08
cm                                         0.6
vd0                                          0
ap0                                        0.6
an0                                        0.6
ibn0                                  0.355227
x0.x1.tmid                         8.90737e-08
x0.x1.tail                            0.589081
clk                                          0
x0.x1.np                                  1.08
x0.x1.nn                                  1.08
x0.x1.ln                                  1.08
x0.x1.lp                                  1.08
x0.x1.lnb                          1.39278e-08
x0.x1.lpb                          1.39278e-08
x0.x1.na                               1.07503
doutb0                                0.550763
dout0                                 0.550763
x0.x1.nb                               1.07503
vd1                                      0.001
ap1                                     0.6005
an1                                     0.5995
ibn1                                  0.355227
x1.x1.tmid                         8.90741e-08
x1.x1.tail                            0.589085
x1.x1.np                                  1.08
x1.x1.nn                                  1.08
x1.x1.ln                                  1.08
x1.x1.lp                                  1.08
x1.x1.lnb                          1.39278e-08
x1.x1.lpb                          1.39278e-08
x1.x1.na                               1.07503
doutb1                                0.550763
dout1                                 0.550763
x1.x1.nb                               1.07503
vd2                                     -0.001
ap2                                     0.5995
an2                                     0.6005
ibn2                                  0.355227
x2.x1.tmid                         8.90741e-08
x2.x1.tail                            0.589085
x2.x1.np                                  1.08
x2.x1.nn                                  1.08
x2.x1.ln                                  1.08
x2.x1.lp                                  1.08
x2.x1.lnb                          1.39278e-08
x2.x1.lpb                          1.39278e-08
x2.x1.na                               1.07503
doutb2                                0.550763
dout2                                 0.550763
x2.x1.nb                               1.07503
ean2#branch                        1.26639e-13
eap2#branch                        1.27429e-13
ean1#branch                        1.27429e-13
eap1#branch                        1.26639e-13
ean0#branch                        1.26999e-13
eap0#branch                        1.26999e-13
vclk#branch                        1.96894e-10
vd2#branch                                   0
vd1#branch                                   0
vd0#branch                                   0
vcm#branch                         7.62132e-13
vsup#branch                       -0.000103797

 Reference value :  0.00000e+00
 Reference value :  7.23529e-10
 Reference value :  1.28000e-09
 Reference value :  2.16824e-09
 Reference value :  3.13412e-09
 Reference value :  3.94824e-09
 Reference value :  4.72000e-09
No. of Data Rows : 1345
vsup_v              =  1.08000e+00
d0now               =  2.33330e-06
d1now               =  2.46600e-06
d2now               =  1.08001e+00
Reset re-loads circuit * comparator-transient-noise @ ss_27c_1.08v -- generated by sim/harness, do not edit

Circuit: * comparator-transient-noise @ ss_27c_1.08v -- generated by sim/harness, do not edit

Doing analysis at TEMP = 27.000000 and TNOM = 27.000000

Using SPARSE 1.3 as Direct Linear Solver

Initial Transient Solution
--------------------------

Node                                   Voltage
----                                   -------
vdd                                       1.08
cm                                         0.6
vd0                                          0
ap0                                        0.6
an0                                        0.6
ibn0                                  0.355227
x0.x1.tmid                         8.90737e-08
x0.x1.tail                            0.589081
clk                                          0
x0.x1.np                                  1.08
x0.x1.nn                                  1.08
x0.x1.ln                                  1.08
x0.x1.lp                                  1.08
x0.x1.lnb                          1.39278e-08
x0.x1.lpb                          1.39278e-08
x0.x1.na                               1.07503
doutb0                                0.550763
dout0                                 0.550763
x0.x1.nb                               1.07503
vd1                                      0.001
ap1                                     0.6005
an1                                     0.5995
ibn1                                  0.355227
x1.x1.tmid                         8.90741e-08
x1.x1.tail                            0.589085
x1.x1.np                                  1.08
x1.x1.nn                                  1.08
x1.x1.ln                                  1.08
x1.x1.lp                                  1.08
x1.x1.lnb                          1.39278e-08
x1.x1.lpb                          1.39278e-08
x1.x1.na                               1.07503
doutb1                                0.550763
dout1                                 0.550763
x1.x1.nb                               1.07503
vd2                                     -0.001
ap2                                     0.5995
an2                                     0.6005
ibn2                                  0.355227
x2.x1.tmid                         8.90741e-08
x2.x1.tail                            0.589085
x2.x1.np                                  1.08
x2.x1.nn                                  1.08
x2.x1.ln                                  1.08
x2.x1.lp                                  1.08
x2.x1.lnb                          1.39278e-08
x2.x1.lpb                          1.39278e-08
x2.x1.na                               1.07503
doutb2                                0.550763
dout2                                 0.550763
x2.x1.nb                               1.07503
ean2#branch                        1.26639e-13
eap2#branch                        1.27429e-13
ean1#branch                        1.27429e-13
eap1#branch                        1.26639e-13
ean0#branch                        1.26999e-13
eap0#branch                        1.26999e-13
vclk#branch                        1.96894e-10
vd2#branch                                   0
vd1#branch                                   0
vd0#branch                                   0
vcm#branch                         7.62132e-13
vsup#branch                       -0.000103797

 Reference value :  0.00000e+00
 Reference value :  7.01176e-10
 Reference value :  1.30353e-09
 Reference value :  2.24000e-09
 Reference value :  3.23412e-09
 Reference value :  4.00118e-09
 Reference value :  4.82118e-09
No. of Data Rows : 1345
vsup_v              =  1.08000e+00
d0now               =  1.07999e+00
d1now               =  1.08001e+00
d2now               =  2.54913e-07
Reset re-loads circuit * comparator-transient-noise @ ss_27c_1.08v -- generated by sim/harness, do not edit

Circuit: * comparator-transient-noise @ ss_27c_1.08v -- generated by sim/harness, do not edit

Doing analysis at TEMP = 27.000000 and TNOM = 27.000000

Using SPARSE 1.3 as Direct Linear Solver

Initial Transient Solution
--------------------------

Node                                   Voltage
----                                   -------
vdd                                       1.08
cm                                         0.6
vd0                                          0
ap0                                        0.6
an0                                        0.6
ibn0                                  0.355227
x0.x1.tmid                         8.90737e-08
x0.x1.tail                            0.589081
clk                                          0
x0.x1.np                                  1.08
x0.x1.nn                                  1.08
x0.x1.ln                                  1.08
x0.x1.lp                                  1.08
x0.x1.lnb                          1.39278e-08
x0.x1.lpb                          1.39278e-08
x0.x1.na                               1.07503
doutb0                                0.550763
dout0                                 0.550763
x0.x1.nb                               1.07503
vd1                                      0.001
ap1                                     0.6005
an1                                     0.5995
ibn1                                  0.355227
x1.x1.tmid                         8.90741e-08
x1.x1.tail                            0.589085
x1.x1.np                                  1.08
x1.x1.nn                                  1.08
x1.x1.ln                                  1.08
x1.x1.lp                                  1.08
x1.x1.lnb                          1.39278e-08
x1.x1.lpb                          1.39278e-08
x1.x1.na                               1.07503
doutb1                                0.550763
dout1                                 0.550763
x1.x1.nb                               1.07503
vd2                                     -0.001
ap2                                     0.5995
an2                                     0.6005
ibn2                                  0.355227
x2.x1.tmid                         8.90741e-08
x2.x1.tail                            0.589085
x2.x1.np                                  1.08
x2.x1.nn                                  1.08
x2.x1.ln                                  1.08
x2.x1.lp                                  1.08
x2.x1.lnb                          1.39278e-08
x2.x1.lpb                          1.39278e-08
x2.x1.na                               1.07503
doutb2                                0.550763
dout2                                 0.550763
x2.x1.nb                               1.07503
ean2#branch                        1.26639e-13
eap2#branch                        1.27429e-13
ean1#branch                        1.27429e-13
eap1#branch                        1.26639e-13
ean0#branch                        1.26999e-13
eap0#branch                        1.26999e-13
vclk#branch                        1.96894e-10
vd2#branch                                   0
vd1#branch                                   0
vd0#branch                                   0
vcm#branch                         7.62132e-13
vsup#branch                       -0.000103797

 Reference value :  0.00000e+00
 Reference value :  8.41176e-10
 Reference value :  1.44353e-09
 Reference value :  2.52000e-09
 Reference value :  3.60118e-09
 Reference value :  4.30118e-09
 Reference value :  4.96118e-09
No. of Data Rows : 1345
vsup_v              =  1.08000e+00
d0now               =  1.08000e+00
d1now               =  -2.18507e-06
d2now               =  -1.82152e-07
Reset re-loads circuit * comparator-transient-noise @ ss_27c_1.08v -- generated by sim/harness, do not edit

Circuit: * comparator-transient-noise @ ss_27c_1.08v -- generated by sim/harness, do not edit

Doing analysis at TEMP = 27.000000 and TNOM = 27.000000

Using SPARSE 1.3 as Direct Linear Solver

Initial Transient Solution
--------------------------

Node                                   Voltage
----                                   -------
vdd                                       1.08
cm                                         0.6
vd0                                          0
ap0                                        0.6
an0                                        0.6
ibn0                                  0.355227
x0.x1.tmid                         8.90737e-08
x0.x1.tail                            0.589081
clk                                          0
x0.x1.np                                  1.08
x0.x1.nn                                  1.08
x0.x1.ln                                  1.08
x0.x1.lp                                  1.08
x0.x1.lnb                          1.39278e-08
x0.x1.lpb                          1.39278e-08
x0.x1.na                               1.07503
doutb0                                0.550763
dout0                                 0.550763
x0.x1.nb                               1.07503
vd1                                      0.001
ap1                                     0.6005
an1                                     0.5995
ibn1                                  0.355227
x1.x1.tmid                         8.90741e-08
x1.x1.tail                            0.589085
x1.x1.np                                  1.08
x1.x1.nn                                  1.08
x1.x1.ln                                  1.08
x1.x1.lp                                  1.08
x1.x1.lnb                          1.39278e-08
x1.x1.lpb                          1.39278e-08
x1.x1.na                               1.07503
doutb1                                0.550763
dout1                                 0.550763
x1.x1.nb                               1.07503
vd2                                     -0.001
ap2                                     0.5995
an2                                     0.6005
ibn2                                  0.355227
x2.x1.tmid                         8.90741e-08
x2.x1.tail                            0.589085
x2.x1.np                                  1.08
x2.x1.nn                                  1.08
x2.x1.ln                                  1.08
x2.x1.lp                                  1.08
x2.x1.lnb                          1.39278e-08
x2.x1.lpb                          1.39278e-08
x2.x1.na                               1.07503
doutb2                                0.550763
dout2                                 0.550763
x2.x1.nb                               1.07503
ean2#branch                        1.26639e-13
eap2#branch                        1.27429e-13
ean1#branch                        1.27429e-13
eap1#branch                        1.26639e-13
ean0#branch                        1.26999e-13
eap0#branch                        1.26999e-13
vclk#branch                        1.96894e-10
vd2#branch                                   0
vd1#branch                                   0
vd0#branch                                   0
vcm#branch                         7.62132e-13
vsup#branch                       -0.000103797

 Reference value :  0.00000e+00
 Reference value :  6.40000e-10
 Reference value :  1.22000e-09
 Reference value :  2.06118e-09
 Reference value :  2.92824e-09
 Reference value :  3.69412e-09
 Reference value :  4.42353e-09
No. of Data Rows : 1345
vsup_v              =  1.08000e+00
d0now               =  8.66418e-07
d1now               =  1.08000e+00
d2now               =  1.79325e-06
Reset re-loads circuit * comparator-transient-noise @ ss_27c_1.08v -- generated by sim/harness, do not edit

Circuit: * comparator-transient-noise @ ss_27c_1.08v -- generated by sim/harness, do not edit

Doing analysis at TEMP = 27.000000 and TNOM = 27.000000

Using SPARSE 1.3 as Direct Linear Solver

Initial Transient Solution
--------------------------

Node                                   Voltage
----                                   -------
vdd                                       1.08
cm                                         0.6
vd0                                          0
ap0                                        0.6
an0                                        0.6
ibn0                                  0.355227
x0.x1.tmid                         8.90737e-08
x0.x1.tail                            0.589081
clk                                          0
x0.x1.np                                  1.08
x0.x1.nn                                  1.08
x0.x1.ln                                  1.08
x0.x1.lp                                  1.08
x0.x1.lnb                          1.39278e-08
x0.x1.lpb                          1.39278e-08
x0.x1.na                               1.07503
doutb0                                0.550763
dout0                                 0.550763
x0.x1.nb                               1.07503
vd1                                      0.001
ap1                                     0.6005
an1                                     0.5995
ibn1                                  0.355227
x1.x1.tmid                         8.90741e-08
x1.x1.tail                            0.589085
x1.x1.np                                  1.08
x1.x1.nn                                  1.08
x1.x1.ln                                  1.08
x1.x1.lp                                  1.08
x1.x1.lnb                          1.39278e-08
x1.x1.lpb                          1.39278e-08
x1.x1.na                               1.07503
doutb1                                0.550763
dout1                                 0.550763
x1.x1.nb                               1.07503
vd2                                     -0.001
ap2                                     0.5995
an2                                     0.6005
ibn2                                  0.355227
x2.x1.tmid                         8.90741e-08
x2.x1.tail                            0.589085
x2.x1.np                                  1.08
x2.x1.nn                                  1.08
x2.x1.ln                                  1.08
x2.x1.lp                                  1.08
x2.x1.lnb                          1.39278e-08
x2.x1.lpb                          1.39278e-08
x2.x1.na                               1.07503
doutb2                                0.550763
dout2                                 0.550763
x2.x1.nb                               1.07503
ean2#branch                        1.26639e-13
eap2#branch                        1.27429e-13
ean1#branch                        1.27429e-13
eap1#branch                        1.26639e-13
ean0#branch                        1.26999e-13
eap0#branch                        1.26999e-13
vclk#branch                        1.96894e-10
vd2#branch                                   0
vd1#branch                                   0
vd0#branch                                   0
vcm#branch                         7.62132e-13
vsup#branch                       -0.000103797

 Reference value :  0.00000e+00
 Reference value :  6.48235e-10
 Reference value :  1.13416e-09
 Reference value :  1.94824e-09
 Reference value :  2.76000e-09
 Reference value :  3.60000e-09
 Reference value :  4.32824e-09
No. of Data Rows : 1345
vsup_v              =  1.08000e+00
d0now               =  1.08001e+00
d1now               =  -1.95239e-06
d2now               =  2.18518e-06
Reset re-loads circuit * comparator-transient-noise @ ss_27c_1.08v -- generated by sim/harness, do not edit

Circuit: * comparator-transient-noise @ ss_27c_1.08v -- generated by sim/harness, do not edit

Doing analysis at TEMP = 27.000000 and TNOM = 27.000000

Using SPARSE 1.3 as Direct Linear Solver

Initial Transient Solution
--------------------------

Node                                   Voltage
----                                   -------
vdd                                       1.08
cm                                         0.6
vd0                                          0
ap0                                        0.6
an0                                        0.6
ibn0                                  0.355227
x0.x1.tmid                         8.90737e-08
x0.x1.tail                            0.589081
clk                                          0
x0.x1.np                                  1.08
x0.x1.nn                                  1.08
x0.x1.ln                                  1.08
x0.x1.lp                                  1.08
x0.x1.lnb                          1.39278e-08
x0.x1.lpb                          1.39278e-08
x0.x1.na                               1.07503
doutb0                                0.550763
dout0                                 0.550763
x0.x1.nb                               1.07503
vd1                                      0.001
ap1                                     0.6005
an1                                     0.5995
ibn1                                  0.355227
x1.x1.tmid                         8.90741e-08
x1.x1.tail                            0.589085
x1.x1.np                                  1.08
x1.x1.nn                                  1.08
x1.x1.ln                                  1.08
x1.x1.lp                                  1.08
x1.x1.lnb                          1.39278e-08
x1.x1.lpb                          1.39278e-08
x1.x1.na                               1.07503
doutb1                                0.550763
dout1                                 0.550763
x1.x1.nb                               1.07503
vd2                                     -0.001
ap2                                     0.5995
an2                                     0.6005
ibn2                                  0.355227
x2.x1.tmid                         8.90741e-08
x2.x1.tail                            0.589085
x2.x1.np                                  1.08
x2.x1.nn                                  1.08
x2.x1.ln                                  1.08
x2.x1.lp                                  1.08
x2.x1.lnb                          1.39278e-08
x2.x1.lpb                          1.39278e-08
x2.x1.na                               1.07503
doutb2                                0.550763
dout2                                 0.550763
x2.x1.nb                               1.07503
ean2#branch                        1.26639e-13
eap2#branch                        1.27429e-13
ean1#branch                        1.27429e-13
eap1#branch                        1.26639e-13
ean0#branch                        1.26999e-13
eap0#branch                        1.26999e-13
vclk#branch                        1.96894e-10
vd2#branch                                   0
vd1#branch                                   0
vd0#branch                                   0
vcm#branch                         7.62132e-13
vsup#branch                       -0.000103797

 Reference value :  0.00000e+00
 Reference value :  6.61176e-10
 Reference value :  1.18821e-09
 Reference value :  2.04353e-09
 Reference value :  2.87412e-09
 Reference value :  3.68824e-09
 Reference value :  4.44353e-09
No. of Data Rows : 1345
vsup_v              =  1.08000e+00
d0now               =  -1.83639e-06
d1now               =  1.07999e+00
d2now               =  1.66385e-06
Reset re-loads circuit * comparator-transient-noise @ ss_27c_1.08v -- generated by sim/harness, do not edit

Circuit: * comparator-transient-noise @ ss_27c_1.08v -- generated by sim/harness, do not edit

Doing analysis at TEMP = 27.000000 and TNOM = 27.000000

Using SPARSE 1.3 as Direct Linear Solver

Initial Transient Solution
--------------------------

Node                                   Voltage
----                                   -------
vdd                                       1.08
cm                                         0.6
vd0                                          0
ap0                                        0.6
an0                                        0.6
ibn0                                  0.355227
x0.x1.tmid                         8.90737e-08
x0.x1.tail                            0.589081
clk                                          0
x0.x1.np                                  1.08
x0.x1.nn                                  1.08
x0.x1.ln                                  1.08
x0.x1.lp                                  1.08
x0.x1.lnb                          1.39278e-08
x0.x1.lpb                          1.39278e-08
x0.x1.na                               1.07503
doutb0                                0.550763
dout0                                 0.550763
x0.x1.nb                               1.07503
vd1                                      0.001
ap1                                     0.6005
an1                                     0.5995
ibn1                                  0.355227
x1.x1.tmid                         8.90741e-08
x1.x1.tail                            0.589085
x1.x1.np                                  1.08
x1.x1.nn                                  1.08
x1.x1.ln                                  1.08
x1.x1.lp                                  1.08
x1.x1.lnb                          1.39278e-08
x1.x1.lpb                          1.39278e-08
x1.x1.na                               1.07503
doutb1                                0.550763
dout1                                 0.550763
x1.x1.nb                               1.07503
vd2                                     -0.001
ap2                                     0.5995
an2                                     0.6005
ibn2                                  0.355227
x2.x1.tmid                         8.90741e-08
x2.x1.tail                            0.589085
x2.x1.np                                  1.08
x2.x1.nn                                  1.08
x2.x1.ln                                  1.08
x2.x1.lp                                  1.08
x2.x1.lnb                          1.39278e-08
x2.x1.lpb                          1.39278e-08
x2.x1.na                               1.07503
doutb2                                0.550763
dout2                                 0.550763
x2.x1.nb                               1.07503
ean2#branch                        1.26639e-13
eap2#branch                        1.27429e-13
ean1#branch                        1.27429e-13
eap1#branch                        1.26639e-13
ean0#branch                        1.26999e-13
eap0#branch                        1.26999e-13
vclk#branch                        1.96894e-10
vd2#branch                                   0
vd1#branch                                   0
vd0#branch                                   0
vcm#branch                         7.62132e-13
vsup#branch                       -0.000103797

 Reference value :  0.00000e+00
 Reference value :  6.43529e-10
 Reference value :  1.14117e-09
 Reference value :  1.96118e-09
 Reference value :  2.82000e-09
 Reference value :  3.60824e-09
 Reference value :  4.35412e-09
 Reference value :  5.08118e-09
No. of Data Rows : 1345
vsup_v              =  1.08000e+00
d0now               =  1.08000e+00
d1now               =  1.08000e+00
d2now               =  2.41562e-06
Reset re-loads circuit * comparator-transient-noise @ ss_27c_1.08v -- generated by sim/harness, do not edit

Circuit: * comparator-transient-noise @ ss_27c_1.08v -- generated by sim/harness, do not edit

Doing analysis at TEMP = 27.000000 and TNOM = 27.000000

Using SPARSE 1.3 as Direct Linear Solver

Initial Transient Solution
--------------------------

Node                                   Voltage
----                                   -------
vdd                                       1.08
cm                                         0.6
vd0                                          0
ap0                                        0.6
an0                                        0.6
ibn0                                  0.355227
x0.x1.tmid                         8.90737e-08
x0.x1.tail                            0.589081
clk                                          0
x0.x1.np                                  1.08
x0.x1.nn                                  1.08
x0.x1.ln                                  1.08
x0.x1.lp                                  1.08
x0.x1.lnb                          1.39278e-08
x0.x1.lpb                          1.39278e-08
x0.x1.na                               1.07503
doutb0                                0.550763
dout0                                 0.550763
x0.x1.nb                               1.07503
vd1                                      0.001
ap1                                     0.6005
an1                                     0.5995
ibn1                                  0.355227
x1.x1.tmid                         8.90741e-08
x1.x1.tail                            0.589085
x1.x1.np                                  1.08
x1.x1.nn                                  1.08
x1.x1.ln                                  1.08
x1.x1.lp                                  1.08
x1.x1.lnb                          1.39278e-08
x1.x1.lpb                          1.39278e-08
x1.x1.na                               1.07503
doutb1                                0.550763
dout1                                 0.550763
x1.x1.nb                               1.07503
vd2                                     -0.001
ap2                                     0.5995
an2                                     0.6005
ibn2                                  0.355227
x2.x1.tmid                         8.90741e-08
x2.x1.tail                            0.589085
x2.x1.np                                  1.08
x2.x1.nn                                  1.08
x2.x1.ln                                  1.08
x2.x1.lp                                  1.08
x2.x1.lnb                          1.39278e-08
x2.x1.lpb                          1.39278e-08
x2.x1.na                               1.07503
doutb2                                0.550763
dout2                                 0.550763
x2.x1.nb                               1.07503
ean2#branch                        1.26639e-13
eap2#branch                        1.27429e-13
ean1#branch                        1.27429e-13
eap1#branch                        1.26639e-13
ean0#branch                        1.26999e-13
eap0#branch                        1.26999e-13
vclk#branch                        1.96894e-10
vd2#branch                                   0
vd1#branch                                   0
vd0#branch                                   0
vcm#branch                         7.62132e-13
vsup#branch                       -0.000103797

 Reference value :  0.00000e+00
 Reference value :  6.08235e-10
 Reference value :  1.10002e-09
 Reference value :  1.90000e-09
 Reference value :  2.68824e-09
 Reference value :  3.54353e-09
 Reference value :  4.24824e-09
 Reference value :  4.94000e-09
No. of Data Rows : 1345
vsup_v              =  1.08000e+00
d0now               =  1.08000e+00
d1now               =  2.10969e-06
d2now               =  -1.53059e-06
Reset re-loads circuit * comparator-transient-noise @ ss_27c_1.08v -- generated by sim/harness, do not edit

Circuit: * comparator-transient-noise @ ss_27c_1.08v -- generated by sim/harness, do not edit

Doing analysis at TEMP = 27.000000 and TNOM = 27.000000

Using SPARSE 1.3 as Direct Linear Solver

Initial Transient Solution
--------------------------

Node                                   Voltage
----                                   -------
vdd                                       1.08
cm                                         0.6
vd0                                          0
ap0                                        0.6
an0                                        0.6
ibn0                                  0.355227
x0.x1.tmid                         8.90737e-08
x0.x1.tail                            0.589081
clk                                          0
x0.x1.np                                  1.08
x0.x1.nn                                  1.08
x0.x1.ln                                  1.08
x0.x1.lp                                  1.08
x0.x1.lnb                          1.39278e-08
x0.x1.lpb                          1.39278e-08
x0.x1.na                               1.07503
doutb0                                0.550763
dout0                                 0.550763
x0.x1.nb                               1.07503
vd1                                      0.001
ap1                                     0.6005
an1                                     0.5995
ibn1                                  0.355227
x1.x1.tmid                         8.90741e-08
x1.x1.tail                            0.589085
x1.x1.np                                  1.08
x1.x1.nn                                  1.08
x1.x1.ln                                  1.08
x1.x1.lp                                  1.08
x1.x1.lnb                          1.39278e-08
x1.x1.lpb                          1.39278e-08
x1.x1.na                               1.07503
doutb1                                0.550763
dout1                                 0.550763
x1.x1.nb                               1.07503
vd2                                     -0.001
ap2                                     0.5995
an2                                     0.6005
ibn2                                  0.355227
x2.x1.tmid                         8.90741e-08
x2.x1.tail                            0.589085
x2.x1.np                                  1.08
x2.x1.nn                                  1.08
x2.x1.ln                                  1.08
x2.x1.lp                                  1.08
x2.x1.lnb                          1.39278e-08
x2.x1.lpb                          1.39278e-08
x2.x1.na                               1.07503
doutb2                                0.550763
dout2                                 0.550763
x2.x1.nb                               1.07503
ean2#branch                        1.26639e-13
eap2#branch                        1.27429e-13
ean1#branch                        1.27429e-13
eap1#branch                        1.26639e-13
ean0#branch                        1.26999e-13
eap0#branch                        1.26999e-13
vclk#branch                        1.96894e-10
vd2#branch                                   0
vd1#branch                                   0
vd0#branch                                   0
vcm#branch                         7.62132e-13
vsup#branch                       -0.000103797

 Reference value :  0.00000e+00
 Reference value :  6.54118e-10
 Reference value :  1.14818e-09
 Reference value :  1.94000e-09
 Reference value :  2.68353e-09
 Reference value :  3.50000e-09
 Reference value :  4.16353e-09
 Reference value :  4.90824e-09
No. of Data Rows : 1345
vsup_v              =  1.08000e+00
d0now               =  2.53902e-07
d1now               =  1.08000e+00
d2now               =  1.08000e+00
Reset re-loads circuit * comparator-transient-noise @ ss_27c_1.08v -- generated by sim/harness, do not edit

Circuit: * comparator-transient-noise @ ss_27c_1.08v -- generated by sim/harness, do not edit

Doing analysis at TEMP = 27.000000 and TNOM = 27.000000

Using SPARSE 1.3 as Direct Linear Solver

Initial Transient Solution
--------------------------

Node                                   Voltage
----                                   -------
vdd                                       1.08
cm                                         0.6
vd0                                          0
ap0                                        0.6
an0                                        0.6
ibn0                                  0.355227
x0.x1.tmid                         8.90737e-08
x0.x1.tail                            0.589081
clk                                          0
x0.x1.np                                  1.08
x0.x1.nn                                  1.08
x0.x1.ln                                  1.08
x0.x1.lp                                  1.08
x0.x1.lnb                          1.39278e-08
x0.x1.lpb                          1.39278e-08
x0.x1.na                               1.07503
doutb0                                0.550763
dout0                                 0.550763
x0.x1.nb                               1.07503
vd1                                      0.001
ap1                                     0.6005
an1                                     0.5995
ibn1                                  0.355227
x1.x1.tmid                         8.90741e-08
x1.x1.tail                            0.589085
x1.x1.np                                  1.08
x1.x1.nn                                  1.08
x1.x1.ln                                  1.08
x1.x1.lp                                  1.08
x1.x1.lnb                          1.39278e-08
x1.x1.lpb                          1.39278e-08
x1.x1.na                               1.07503
doutb1                                0.550763
dout1                                 0.550763
x1.x1.nb                               1.07503
vd2                                     -0.001
ap2                                     0.5995
an2                                     0.6005
ibn2                                  0.355227
x2.x1.tmid                         8.90741e-08
x2.x1.tail                            0.589085
x2.x1.np                                  1.08
x2.x1.nn                                  1.08
x2.x1.ln                                  1.08
x2.x1.lp                                  1.08
x2.x1.lnb                          1.39278e-08
x2.x1.lpb                          1.39278e-08
x2.x1.na                               1.07503
doutb2                                0.550763
dout2                                 0.550763
x2.x1.nb                               1.07503
ean2#branch                        1.26639e-13
eap2#branch                        1.27429e-13
ean1#branch                        1.27429e-13
eap1#branch                        1.26639e-13
ean0#branch                        1.26999e-13
eap0#branch                        1.26999e-13
vclk#branch                        1.96894e-10
vd2#branch                                   0
vd1#branch                                   0
vd0#branch                                   0
vcm#branch                         7.62132e-13
vsup#branch                       -0.000103797

 Reference value :  0.00000e+00
 Reference value :  6.01176e-10
 Reference value :  1.10000e-09
 Reference value :  1.83412e-09
 Reference value :  2.58000e-09
 Reference value :  3.42353e-09
 Reference value :  4.16353e-09
 Reference value :  4.86000e-09
No. of Data Rows : 1345
vsup_v              =  1.08000e+00
d0now               =  8.47945e-07
d1now               =  7.67509e-07
d2now               =  5.69955e-07
Reset re-loads circuit * comparator-transient-noise @ ss_27c_1.08v -- generated by sim/harness, do not edit

Circuit: * comparator-transient-noise @ ss_27c_1.08v -- generated by sim/harness, do not edit

Doing analysis at TEMP = 27.000000 and TNOM = 27.000000

Using SPARSE 1.3 as Direct Linear Solver

Initial Transient Solution
--------------------------

Node                                   Voltage
----                                   -------
vdd                                       1.08
cm                                         0.6
vd0                                          0
ap0                                        0.6
an0                                        0.6
ibn0                                  0.355227
x0.x1.tmid                         8.90737e-08
x0.x1.tail                            0.589081
clk                                          0
x0.x1.np                                  1.08
x0.x1.nn                                  1.08
x0.x1.ln                                  1.08
x0.x1.lp                                  1.08
x0.x1.lnb                          1.39278e-08
x0.x1.lpb                          1.39278e-08
x0.x1.na                               1.07503
doutb0                                0.550763
dout0                                 0.550763
x0.x1.nb                               1.07503
vd1                                      0.001
ap1                                     0.6005
an1                                     0.5995
ibn1                                  0.355227
x1.x1.tmid                         8.90741e-08
x1.x1.tail                            0.589085
x1.x1.np                                  1.08
x1.x1.nn                                  1.08
x1.x1.ln                                  1.08
x1.x1.lp                                  1.08
x1.x1.lnb                          1.39278e-08
x1.x1.lpb                          1.39278e-08
x1.x1.na                               1.07503
doutb1                                0.550763
dout1                                 0.550763
x1.x1.nb                               1.07503
vd2                                     -0.001
ap2                                     0.5995
an2                                     0.6005
ibn2                                  0.355227
x2.x1.tmid                         8.90741e-08
x2.x1.tail                            0.589085
x2.x1.np                                  1.08
x2.x1.nn                                  1.08
x2.x1.ln                                  1.08
x2.x1.lp                                  1.08
x2.x1.lnb                          1.39278e-08
x2.x1.lpb                          1.39278e-08
x2.x1.na                               1.07503
doutb2                                0.550763
dout2                                 0.550763
x2.x1.nb                               1.07503
ean2#branch                        1.26639e-13
eap2#branch                        1.27429e-13
ean1#branch                        1.27429e-13
eap1#branch                        1.26639e-13
ean0#branch                        1.26999e-13
eap0#branch                        1.26999e-13
vclk#branch                        1.96894e-10
vd2#branch                                   0
vd1#branch                                   0
vd0#branch                                   0
vcm#branch                         7.62132e-13
vsup#branch                       -0.000103797

 Reference value :  0.00000e+00
 Reference value :  6.21176e-10
 Reference value :  1.10000e-09
 Reference value :  1.86824e-09
 Reference value :  2.63412e-09
 Reference value :  3.48824e-09
 Reference value :  4.20824e-09
 Reference value :  4.92824e-09
No. of Data Rows : 1345
vsup_v              =  1.08000e+00
d0now               =  1.08000e+00
d1now               =  1.08001e+00
d2now               =  6.95941e-07
Reset re-loads circuit * comparator-transient-noise @ ss_27c_1.08v -- generated by sim/harness, do not edit

Circuit: * comparator-transient-noise @ ss_27c_1.08v -- generated by sim/harness, do not edit

Doing analysis at TEMP = 27.000000 and TNOM = 27.000000

Using SPARSE 1.3 as Direct Linear Solver

Initial Transient Solution
--------------------------

Node                                   Voltage
----                                   -------
vdd                                       1.08
cm                                         0.6
vd0                                          0
ap0                                        0.6
an0                                        0.6
ibn0                                  0.355227
x0.x1.tmid                         8.90737e-08
x0.x1.tail                            0.589081
clk                                          0
x0.x1.np                                  1.08
x0.x1.nn                                  1.08
x0.x1.ln                                  1.08
x0.x1.lp                                  1.08
x0.x1.lnb                          1.39278e-08
x0.x1.lpb                          1.39278e-08
x0.x1.na                               1.07503
doutb0                                0.550763
dout0                                 0.550763
x0.x1.nb                               1.07503
vd1                                      0.001
ap1                                     0.6005
an1                                     0.5995
ibn1                                  0.355227
x1.x1.tmid                         8.90741e-08
x1.x1.tail                            0.589085
x1.x1.np                                  1.08
x1.x1.nn                                  1.08
x1.x1.ln                                  1.08
x1.x1.lp                                  1.08
x1.x1.lnb                          1.39278e-08
x1.x1.lpb                          1.39278e-08
x1.x1.na                               1.07503
doutb1                                0.550763
dout1                                 0.550763
x1.x1.nb                               1.07503
vd2                                     -0.001
ap2                                     0.5995
an2                                     0.6005
ibn2                                  0.355227
x2.x1.tmid                         8.90741e-08
x2.x1.tail                            0.589085
x2.x1.np                                  1.08
x2.x1.nn                                  1.08
x2.x1.ln                                  1.08
x2.x1.lp                                  1.08
x2.x1.lnb                          1.39278e-08
x2.x1.lpb                          1.39278e-08
x2.x1.na                               1.07503
doutb2                                0.550763
dout2                                 0.550763
x2.x1.nb                               1.07503
ean2#branch                        1.26639e-13
eap2#branch                        1.27429e-13
ean1#branch                        1.27429e-13
eap1#branch                        1.26639e-13
ean0#branch                        1.26999e-13
eap0#branch                        1.26999e-13
vclk#branch                        1.96894e-10
vd2#branch                                   0
vd1#branch                                   0
vd0#branch                                   0
vcm#branch                         7.62132e-13
vsup#branch                       -0.000103797

 Reference value :  0.00000e+00
 Reference value :  6.40000e-10
 Reference value :  1.14000e-09
 Reference value :  1.94824e-09
 Reference value :  2.76118e-09
 Reference value :  3.56353e-09
 Reference value :  4.24118e-09
 Reference value :  4.92824e-09
No. of Data Rows : 1345
vsup_v              =  1.08000e+00
d0now               =  1.08000e+00
d1now               =  1.08001e+00
d2now               =  -3.42198e-07
Reset re-loads circuit * comparator-transient-noise @ ss_27c_1.08v -- generated by sim/harness, do not edit

Circuit: * comparator-transient-noise @ ss_27c_1.08v -- generated by sim/harness, do not edit

Doing analysis at TEMP = 27.000000 and TNOM = 27.000000

Using SPARSE 1.3 as Direct Linear Solver

Initial Transient Solution
--------------------------

Node                                   Voltage
----                                   -------
vdd                                       1.08
cm                                         0.6
vd0                                          0
ap0                                        0.6
an0                                        0.6
ibn0                                  0.355227
x0.x1.tmid                         8.90737e-08
x0.x1.tail                            0.589081
clk                                          0
x0.x1.np                                  1.08
x0.x1.nn                                  1.08
x0.x1.ln                                  1.08
x0.x1.lp                                  1.08
x0.x1.lnb                          1.39278e-08
x0.x1.lpb                          1.39278e-08
x0.x1.na                               1.07503
doutb0                                0.550763
dout0                                 0.550763
x0.x1.nb                               1.07503
vd1                                      0.001
ap1                                     0.6005
an1                                     0.5995
ibn1                                  0.355227
x1.x1.tmid                         8.90741e-08
x1.x1.tail                            0.589085
x1.x1.np                                  1.08
x1.x1.nn                                  1.08
x1.x1.ln                                  1.08
x1.x1.lp                                  1.08
x1.x1.lnb                          1.39278e-08
x1.x1.lpb                          1.39278e-08
x1.x1.na                               1.07503
doutb1                                0.550763
dout1                                 0.550763
x1.x1.nb                               1.07503
vd2                                     -0.001
ap2                                     0.5995
an2                                     0.6005
ibn2                                  0.355227
x2.x1.tmid                         8.90741e-08
x2.x1.tail                            0.589085
x2.x1.np                                  1.08
x2.x1.nn                                  1.08
x2.x1.ln                                  1.08
x2.x1.lp                                  1.08
x2.x1.lnb                          1.39278e-08
x2.x1.lpb                          1.39278e-08
x2.x1.na                               1.07503
doutb2                                0.550763
dout2                                 0.550763
x2.x1.nb                               1.07503
ean2#branch                        1.26639e-13
eap2#branch                        1.27429e-13
ean1#branch                        1.27429e-13
eap1#branch                        1.26639e-13
ean0#branch                        1.26999e-13
eap0#branch                        1.26999e-13
vclk#branch                        1.96894e-10
vd2#branch                                   0
vd1#branch                                   0
vd0#branch                                   0
vcm#branch                         7.62132e-13
vsup#branch                       -0.000103797

 Reference value :  0.00000e+00
 Reference value :  6.40000e-10
 Reference value :  1.13416e-09
 Reference value :  2.00000e-09
 Reference value :  2.86000e-09
 Reference value :  3.68824e-09
 Reference value :  4.38000e-09
 Reference value :  5.08824e-09
No. of Data Rows : 1345
vsup_v              =  1.08000e+00
d0now               =  5.59538e-07
d1now               =  1.08000e+00
d2now               =  7.38983e-07
Reset re-loads circuit * comparator-transient-noise @ ss_27c_1.08v -- generated by sim/harness, do not edit

Circuit: * comparator-transient-noise @ ss_27c_1.08v -- generated by sim/harness, do not edit

Doing analysis at TEMP = 27.000000 and TNOM = 27.000000

Using SPARSE 1.3 as Direct Linear Solver

Initial Transient Solution
--------------------------

Node                                   Voltage
----                                   -------
vdd                                       1.08
cm                                         0.6
vd0                                          0
ap0                                        0.6
an0                                        0.6
ibn0                                  0.355227
x0.x1.tmid                         8.90737e-08
x0.x1.tail                            0.589081
clk                                          0
x0.x1.np                                  1.08
x0.x1.nn                                  1.08
x0.x1.ln                                  1.08
x0.x1.lp                                  1.08
x0.x1.lnb                          1.39278e-08
x0.x1.lpb                          1.39278e-08
x0.x1.na                               1.07503
doutb0                                0.550763
dout0                                 0.550763
x0.x1.nb                               1.07503
vd1                                      0.001
ap1                                     0.6005
an1                                     0.5995
ibn1                                  0.355227
x1.x1.tmid                         8.90741e-08
x1.x1.tail                            0.589085
x1.x1.np                                  1.08
x1.x1.nn                                  1.08
x1.x1.ln                                  1.08
x1.x1.lp                                  1.08
x1.x1.lnb                          1.39278e-08
x1.x1.lpb                          1.39278e-08
x1.x1.na                               1.07503
doutb1                                0.550763
dout1                                 0.550763
x1.x1.nb                               1.07503
vd2                                     -0.001
ap2                                     0.5995
an2                                     0.6005
ibn2                                  0.355227
x2.x1.tmid                         8.90741e-08
x2.x1.tail                            0.589085
x2.x1.np                                  1.08
x2.x1.nn                                  1.08
x2.x1.ln                                  1.08
x2.x1.lp                                  1.08
x2.x1.lnb                          1.39278e-08
x2.x1.lpb                          1.39278e-08
x2.x1.na                               1.07503
doutb2                                0.550763
dout2                                 0.550763
x2.x1.nb                               1.07503
ean2#branch                        1.26639e-13
eap2#branch                        1.27429e-13
ean1#branch                        1.27429e-13
eap1#branch                        1.26639e-13
ean0#branch                        1.26999e-13
eap0#branch                        1.26999e-13
vclk#branch                        1.96894e-10
vd2#branch                                   0
vd1#branch                                   0
vd0#branch                                   0
vcm#branch                         7.62132e-13
vsup#branch                       -0.000103797

 Reference value :  0.00000e+00
 Reference value :  6.40000e-10
 Reference value :  1.12119e-09
 Reference value :  1.94000e-09
 Reference value :  2.71412e-09
 Reference value :  3.51412e-09
 Reference value :  4.22824e-09
 Reference value :  4.93412e-09
No. of Data Rows : 1345
vsup_v              =  1.08000e+00
d0now               =  1.08000e+00
d1now               =  1.08000e+00
d2now               =  1.08001e+00
Reset re-loads circuit * comparator-transient-noise @ ss_27c_1.08v -- generated by sim/harness, do not edit

Circuit: * comparator-transient-noise @ ss_27c_1.08v -- generated by sim/harness, do not edit

Doing analysis at TEMP = 27.000000 and TNOM = 27.000000

Using SPARSE 1.3 as Direct Linear Solver

Initial Transient Solution
--------------------------

Node                                   Voltage
----                                   -------
vdd                                       1.08
cm                                         0.6
vd0                                          0
ap0                                        0.6
an0                                        0.6
ibn0                                  0.355227
x0.x1.tmid                         8.90737e-08
x0.x1.tail                            0.589081
clk                                          0
x0.x1.np                                  1.08
x0.x1.nn                                  1.08
x0.x1.ln                                  1.08
x0.x1.lp                                  1.08
x0.x1.lnb                          1.39278e-08
x0.x1.lpb                          1.39278e-08
x0.x1.na                               1.07503
doutb0                                0.550763
dout0                                 0.550763
x0.x1.nb                               1.07503
vd1                                      0.001
ap1                                     0.6005
an1                                     0.5995
ibn1                                  0.355227
x1.x1.tmid                         8.90741e-08
x1.x1.tail                            0.589085
x1.x1.np                                  1.08
x1.x1.nn                                  1.08
x1.x1.ln                                  1.08
x1.x1.lp                                  1.08
x1.x1.lnb                          1.39278e-08
x1.x1.lpb                          1.39278e-08
x1.x1.na                               1.07503
doutb1                                0.550763
dout1                                 0.550763
x1.x1.nb                               1.07503
vd2                                     -0.001
ap2                                     0.5995
an2                                     0.6005
ibn2                                  0.355227
x2.x1.tmid                         8.90741e-08
x2.x1.tail                            0.589085
x2.x1.np                                  1.08
x2.x1.nn                                  1.08
x2.x1.ln                                  1.08
x2.x1.lp                                  1.08
x2.x1.lnb                          1.39278e-08
x2.x1.lpb                          1.39278e-08
x2.x1.na                               1.07503
doutb2                                0.550763
dout2                                 0.550763
x2.x1.nb                               1.07503
ean2#branch                        1.26639e-13
eap2#branch                        1.27429e-13
ean1#branch                        1.27429e-13
eap1#branch                        1.26639e-13
ean0#branch                        1.26999e-13
eap0#branch                        1.26999e-13
vclk#branch                        1.96894e-10
vd2#branch                                   0
vd1#branch                                   0
vd0#branch                                   0
vcm#branch                         7.62132e-13
vsup#branch                       -0.000103797

 Reference value :  0.00000e+00
 Reference value :  6.34118e-10
 Reference value :  1.14000e-09
 Reference value :  1.94000e-09
 Reference value :  2.76000e-09
 Reference value :  3.56353e-09
 Reference value :  4.27412e-09
 Reference value :  5.00118e-09
No. of Data Rows : 1345
vsup_v              =  1.08000e+00
d0now               =  1.07999e+00
d1now               =  1.08000e+00
d2now               =  2.43744e-06
Reset re-loads circuit * comparator-transient-noise @ ss_27c_1.08v -- generated by sim/harness, do not edit

Circuit: * comparator-transient-noise @ ss_27c_1.08v -- generated by sim/harness, do not edit

Doing analysis at TEMP = 27.000000 and TNOM = 27.000000

Using SPARSE 1.3 as Direct Linear Solver

Initial Transient Solution
--------------------------

Node                                   Voltage
----                                   -------
vdd                                       1.08
cm                                         0.6
vd0                                          0
ap0                                        0.6
an0                                        0.6
ibn0                                  0.355227
x0.x1.tmid                         8.90737e-08
x0.x1.tail                            0.589081
clk                                          0
x0.x1.np                                  1.08
x0.x1.nn                                  1.08
x0.x1.ln                                  1.08
x0.x1.lp                                  1.08
x0.x1.lnb                          1.39278e-08
x0.x1.lpb                          1.39278e-08
x0.x1.na                               1.07503
doutb0                                0.550763
dout0                                 0.550763
x0.x1.nb                               1.07503
vd1                                      0.001
ap1                                     0.6005
an1                                     0.5995
ibn1                                  0.355227
x1.x1.tmid                         8.90741e-08
x1.x1.tail                            0.589085
x1.x1.np                                  1.08
x1.x1.nn                                  1.08
x1.x1.ln                                  1.08
x1.x1.lp                                  1.08
x1.x1.lnb                          1.39278e-08
x1.x1.lpb                          1.39278e-08
x1.x1.na                               1.07503
doutb1                                0.550763
dout1                                 0.550763
x1.x1.nb                               1.07503
vd2                                     -0.001
ap2                                     0.5995
an2                                     0.6005
ibn2                                  0.355227
x2.x1.tmid                         8.90741e-08
x2.x1.tail                            0.589085
x2.x1.np                                  1.08
x2.x1.nn                                  1.08
x2.x1.ln                                  1.08
x2.x1.lp                                  1.08
x2.x1.lnb                          1.39278e-08
x2.x1.lpb                          1.39278e-08
x2.x1.na                               1.07503
doutb2                                0.550763
dout2                                 0.550763
x2.x1.nb                               1.07503
ean2#branch                        1.26639e-13
eap2#branch                        1.27429e-13
ean1#branch                        1.27429e-13
eap1#branch                        1.26639e-13
ean0#branch                        1.26999e-13
eap0#branch                        1.26999e-13
vclk#branch                        1.96894e-10
vd2#branch                                   0
vd1#branch                                   0
vd0#branch                                   0
vcm#branch                         7.62132e-13
vsup#branch                       -0.000103797

 Reference value :  0.00000e+00
 Reference value :  6.80000e-10
 Reference value :  1.18000e-09
 Reference value :  1.98353e-09
 Reference value :  2.77412e-09
 Reference value :  3.57412e-09
 Reference value :  4.30353e-09
 Reference value :  5.00000e-09
No. of Data Rows : 1345
vsup_v              =  1.08000e+00
d0now               =  -2.19072e-06
d1now               =  2.81382e-06
d2now               =  -9.81282e-07
Reset re-loads circuit * comparator-transient-noise @ ss_27c_1.08v -- generated by sim/harness, do not edit

Circuit: * comparator-transient-noise @ ss_27c_1.08v -- generated by sim/harness, do not edit

Doing analysis at TEMP = 27.000000 and TNOM = 27.000000

Using SPARSE 1.3 as Direct Linear Solver

Initial Transient Solution
--------------------------

Node                                   Voltage
----                                   -------
vdd                                       1.08
cm                                         0.6
vd0                                          0
ap0                                        0.6
an0                                        0.6
ibn0                                  0.355227
x0.x1.tmid                         8.90737e-08
x0.x1.tail                            0.589081
clk                                          0
x0.x1.np                                  1.08
x0.x1.nn                                  1.08
x0.x1.ln                                  1.08
x0.x1.lp                                  1.08
x0.x1.lnb                          1.39278e-08
x0.x1.lpb                          1.39278e-08
x0.x1.na                               1.07503
doutb0                                0.550763
dout0                                 0.550763
x0.x1.nb                               1.07503
vd1                                      0.001
ap1                                     0.6005
an1                                     0.5995
ibn1                                  0.355227
x1.x1.tmid                         8.90741e-08
x1.x1.tail                            0.589085
x1.x1.np                                  1.08
x1.x1.nn                                  1.08
x1.x1.ln                                  1.08
x1.x1.lp                                  1.08
x1.x1.lnb                          1.39278e-08
x1.x1.lpb                          1.39278e-08
x1.x1.na                               1.07503
doutb1                                0.550763
dout1                                 0.550763
x1.x1.nb                               1.07503
vd2                                     -0.001
ap2                                     0.5995
an2                                     0.6005
ibn2                                  0.355227
x2.x1.tmid                         8.90741e-08
x2.x1.tail                            0.589085
x2.x1.np                                  1.08
x2.x1.nn                                  1.08
x2.x1.ln                                  1.08
x2.x1.lp                                  1.08
x2.x1.lnb                          1.39278e-08
x2.x1.lpb                          1.39278e-08
x2.x1.na                               1.07503
doutb2                                0.550763
dout2                                 0.550763
x2.x1.nb                               1.07503
ean2#branch                        1.26639e-13
eap2#branch                        1.27429e-13
ean1#branch                        1.27429e-13
eap1#branch                        1.26639e-13
ean0#branch                        1.26999e-13
eap0#branch                        1.26999e-13
vclk#branch                        1.96894e-10
vd2#branch                                   0
vd1#branch                                   0
vd0#branch                                   0
vcm#branch                         7.62132e-13
vsup#branch                       -0.000103797

 Reference value :  0.00000e+00
 Reference value :  6.48235e-10
 Reference value :  1.12000e-09
 Reference value :  1.98824e-09
 Reference value :  2.80353e-09
 Reference value :  3.62353e-09
 Reference value :  4.36824e-09
 Reference value :  5.10000e-09
No. of Data Rows : 1345
vsup_v              =  1.08000e+00
d0now               =  1.08000e+00
d1now               =  1.08000e+00
d2now               =  -1.38476e-06
Reset re-loads circuit * comparator-transient-noise @ ss_27c_1.08v -- generated by sim/harness, do not edit

Circuit: * comparator-transient-noise @ ss_27c_1.08v -- generated by sim/harness, do not edit

Doing analysis at TEMP = 27.000000 and TNOM = 27.000000

Using SPARSE 1.3 as Direct Linear Solver

Initial Transient Solution
--------------------------

Node                                   Voltage
----                                   -------
vdd                                       1.08
cm                                         0.6
vd0                                          0
ap0                                        0.6
an0                                        0.6
ibn0                                  0.355227
x0.x1.tmid                         8.90737e-08
x0.x1.tail                            0.589081
clk                                          0
x0.x1.np                                  1.08
x0.x1.nn                                  1.08
x0.x1.ln                                  1.08
x0.x1.lp                                  1.08
x0.x1.lnb                          1.39278e-08
x0.x1.lpb                          1.39278e-08
x0.x1.na                               1.07503
doutb0                                0.550763
dout0                                 0.550763
x0.x1.nb                               1.07503
vd1                                      0.001
ap1                                     0.6005
an1                                     0.5995
ibn1                                  0.355227
x1.x1.tmid                         8.90741e-08
x1.x1.tail                            0.589085
x1.x1.np                                  1.08
x1.x1.nn                                  1.08
x1.x1.ln                                  1.08
x1.x1.lp                                  1.08
x1.x1.lnb                          1.39278e-08
x1.x1.lpb                          1.39278e-08
x1.x1.na                               1.07503
doutb1                                0.550763
dout1                                 0.550763
x1.x1.nb                               1.07503
vd2                                     -0.001
ap2                                     0.5995
an2                                     0.6005
ibn2                                  0.355227
x2.x1.tmid                         8.90741e-08
x2.x1.tail                            0.589085
x2.x1.np                                  1.08
x2.x1.nn                                  1.08
x2.x1.ln                                  1.08
x2.x1.lp                                  1.08
x2.x1.lnb                          1.39278e-08
x2.x1.lpb                          1.39278e-08
x2.x1.na                               1.07503
doutb2                                0.550763
dout2                                 0.550763
x2.x1.nb                               1.07503
ean2#branch                        1.26639e-13
eap2#branch                        1.27429e-13
ean1#branch                        1.27429e-13
eap1#branch                        1.26639e-13
ean0#branch                        1.26999e-13
eap0#branch                        1.26999e-13
vclk#branch                        1.96894e-10
vd2#branch                                   0
vd1#branch                                   0
vd0#branch                                   0
vcm#branch                         7.62132e-13
vsup#branch                       -0.000103797

 Reference value :  0.00000e+00
 Reference value :  6.41176e-10
 Reference value :  1.16000e-09
 Reference value :  1.98353e-09
 Reference value :  2.77412e-09
 Reference value :  3.62353e-09
 Reference value :  4.36000e-09
 Reference value :  5.08118e-09
No. of Data Rows : 1345
vsup_v              =  1.08000e+00
d0now               =  -2.39735e-07
d1now               =  1.08000e+00
d2now               =  3.48628e-07
Reset re-loads circuit * comparator-transient-noise @ ss_27c_1.08v -- generated by sim/harness, do not edit

Circuit: * comparator-transient-noise @ ss_27c_1.08v -- generated by sim/harness, do not edit

Doing analysis at TEMP = 27.000000 and TNOM = 27.000000

Using SPARSE 1.3 as Direct Linear Solver

Initial Transient Solution
--------------------------

Node                                   Voltage
----                                   -------
vdd                                       1.08
cm                                         0.6
vd0                                          0
ap0                                        0.6
an0                                        0.6
ibn0                                  0.355227
x0.x1.tmid                         8.90737e-08
x0.x1.tail                            0.589081
clk                                          0
x0.x1.np                                  1.08
x0.x1.nn                                  1.08
x0.x1.ln                                  1.08
x0.x1.lp                                  1.08
x0.x1.lnb                          1.39278e-08
x0.x1.lpb                          1.39278e-08
x0.x1.na                               1.07503
doutb0                                0.550763
dout0                                 0.550763
x0.x1.nb                               1.07503
vd1                                      0.001
ap1                                     0.6005
an1                                     0.5995
ibn1                                  0.355227
x1.x1.tmid                         8.90741e-08
x1.x1.tail                            0.589085
x1.x1.np                                  1.08
x1.x1.nn                                  1.08
x1.x1.ln                                  1.08
x1.x1.lp                                  1.08
x1.x1.lnb                          1.39278e-08
x1.x1.lpb                          1.39278e-08
x1.x1.na                               1.07503
doutb1                                0.550763
dout1                                 0.550763
x1.x1.nb                               1.07503
vd2                                     -0.001
ap2                                     0.5995
an2                                     0.6005
ibn2                                  0.355227
x2.x1.tmid                         8.90741e-08
x2.x1.tail                            0.589085
x2.x1.np                                  1.08
x2.x1.nn                                  1.08
x2.x1.ln                                  1.08
x2.x1.lp                                  1.08
x2.x1.lnb                          1.39278e-08
x2.x1.lpb                          1.39278e-08
x2.x1.na                               1.07503
doutb2                                0.550763
dout2                                 0.550763
x2.x1.nb                               1.07503
ean2#branch                        1.26639e-13
eap2#branch                        1.27429e-13
ean1#branch                        1.27429e-13
eap1#branch                        1.26639e-13
ean0#branch                        1.26999e-13
eap0#branch                        1.26999e-13
vclk#branch                        1.96894e-10
vd2#branch                                   0
vd1#branch                                   0
vd0#branch                                   0
vcm#branch                         7.62132e-13
vsup#branch                       -0.000103797

 Reference value :  0.00000e+00
 Reference value :  6.41176e-10
 Reference value :  1.14000e-09
 Reference value :  1.98000e-09
 Reference value :  2.86000e-09
 Reference value :  3.66000e-09
 Reference value :  4.36353e-09
 Reference value :  5.08824e-09
No. of Data Rows : 1345
vsup_v              =  1.08000e+00
d0now               =  1.08000e+00
d1now               =  1.08000e+00
d2now               =  3.08213e-06
Reset re-loads circuit * comparator-transient-noise @ ss_27c_1.08v -- generated by sim/harness, do not edit

Circuit: * comparator-transient-noise @ ss_27c_1.08v -- generated by sim/harness, do not edit

Doing analysis at TEMP = 27.000000 and TNOM = 27.000000

Using SPARSE 1.3 as Direct Linear Solver

Initial Transient Solution
--------------------------

Node                                   Voltage
----                                   -------
vdd                                       1.08
cm                                         0.6
vd0                                          0
ap0                                        0.6
an0                                        0.6
ibn0                                  0.355227
x0.x1.tmid                         8.90737e-08
x0.x1.tail                            0.589081
clk                                          0
x0.x1.np                                  1.08
x0.x1.nn                                  1.08
x0.x1.ln                                  1.08
x0.x1.lp                                  1.08
x0.x1.lnb                          1.39278e-08
x0.x1.lpb                          1.39278e-08
x0.x1.na                               1.07503
doutb0                                0.550763
dout0                                 0.550763
x0.x1.nb                               1.07503
vd1                                      0.001
ap1                                     0.6005
an1                                     0.5995
ibn1                                  0.355227
x1.x1.tmid                         8.90741e-08
x1.x1.tail                            0.589085
x1.x1.np                                  1.08
x1.x1.nn                                  1.08
x1.x1.ln                                  1.08
x1.x1.lp                                  1.08
x1.x1.lnb                          1.39278e-08
x1.x1.lpb                          1.39278e-08
x1.x1.na                               1.07503
doutb1                                0.550763
dout1                                 0.550763
x1.x1.nb                               1.07503
vd2                                     -0.001
ap2                                     0.5995
an2                                     0.6005
ibn2                                  0.355227
x2.x1.tmid                         8.90741e-08
x2.x1.tail                            0.589085
x2.x1.np                                  1.08
x2.x1.nn                                  1.08
x2.x1.ln                                  1.08
x2.x1.lp                                  1.08
x2.x1.lnb                          1.39278e-08
x2.x1.lpb                          1.39278e-08
x2.x1.na                               1.07503
doutb2                                0.550763
dout2                                 0.550763
x2.x1.nb                               1.07503
ean2#branch                        1.26639e-13
eap2#branch                        1.27429e-13
ean1#branch                        1.27429e-13
eap1#branch                        1.26639e-13
ean0#branch                        1.26999e-13
eap0#branch                        1.26999e-13
vclk#branch                        1.96894e-10
vd2#branch                                   0
vd1#branch                                   0
vd0#branch                                   0
vcm#branch                         7.62132e-13
vsup#branch                       -0.000103797

 Reference value :  0.00000e+00
 Reference value :  6.48235e-10
 Reference value :  1.16355e-09
 Reference value :  1.99412e-09
 Reference value :  2.82824e-09
 Reference value :  3.63412e-09
 Reference value :  4.38000e-09
No. of Data Rows : 1345
vsup_v              =  1.08000e+00
d0now               =  1.08000e+00
d1now               =  1.07999e+00
d2now               =  7.96124e-08
Reset re-loads circuit * comparator-transient-noise @ ss_27c_1.08v -- generated by sim/harness, do not edit

Circuit: * comparator-transient-noise @ ss_27c_1.08v -- generated by sim/harness, do not edit

Doing analysis at TEMP = 27.000000 and TNOM = 27.000000

Using SPARSE 1.3 as Direct Linear Solver

Initial Transient Solution
--------------------------

Node                                   Voltage
----                                   -------
vdd                                       1.08
cm                                         0.6
vd0                                          0
ap0                                        0.6
an0                                        0.6
ibn0                                  0.355227
x0.x1.tmid                         8.90737e-08
x0.x1.tail                            0.589081
clk                                          0
x0.x1.np                                  1.08
x0.x1.nn                                  1.08
x0.x1.ln                                  1.08
x0.x1.lp                                  1.08
x0.x1.lnb                          1.39278e-08
x0.x1.lpb                          1.39278e-08
x0.x1.na                               1.07503
doutb0                                0.550763
dout0                                 0.550763
x0.x1.nb                               1.07503
vd1                                      0.001
ap1                                     0.6005
an1                                     0.5995
ibn1                                  0.355227
x1.x1.tmid                         8.90741e-08
x1.x1.tail                            0.589085
x1.x1.np                                  1.08
x1.x1.nn                                  1.08
x1.x1.ln                                  1.08
x1.x1.lp                                  1.08
x1.x1.lnb                          1.39278e-08
x1.x1.lpb                          1.39278e-08
x1.x1.na                               1.07503
doutb1                                0.550763
dout1                                 0.550763
x1.x1.nb                               1.07503
vd2                                     -0.001
ap2                                     0.5995
an2                                     0.6005
ibn2                                  0.355227
x2.x1.tmid                         8.90741e-08
x2.x1.tail                            0.589085
x2.x1.np                                  1.08
x2.x1.nn                                  1.08
x2.x1.ln                                  1.08
x2.x1.lp                                  1.08
x2.x1.lnb                          1.39278e-08
x2.x1.lpb                          1.39278e-08
x2.x1.na                               1.07503
doutb2                                0.550763
dout2                                 0.550763
x2.x1.nb                               1.07503
ean2#branch                        1.26639e-13
eap2#branch                        1.27429e-13
ean1#branch                        1.27429e-13
eap1#branch                        1.26639e-13
ean0#branch                        1.26999e-13
eap0#branch                        1.26999e-13
vclk#branch                        1.96894e-10
vd2#branch                                   0
vd1#branch                                   0
vd0#branch                                   0
vcm#branch                         7.62132e-13
vsup#branch                       -0.000103797

 Reference value :  0.00000e+00
 Reference value :  6.68235e-10
 Reference value :  1.20118e-09
 Reference value :  2.05412e-09
 Reference value :  2.98000e-09
 Reference value :  3.78118e-09
 Reference value :  4.52000e-09
No. of Data Rows : 1345
vsup_v              =  1.08000e+00
d0now               =  2.01047e-07
d1now               =  1.08000e+00
d2now               =  -9.63898e-07
Reset re-loads circuit * comparator-transient-noise @ ss_27c_1.08v -- generated by sim/harness, do not edit

Circuit: * comparator-transient-noise @ ss_27c_1.08v -- generated by sim/harness, do not edit

Doing analysis at TEMP = 27.000000 and TNOM = 27.000000

Using SPARSE 1.3 as Direct Linear Solver

Initial Transient Solution
--------------------------

Node                                   Voltage
----                                   -------
vdd                                       1.08
cm                                         0.6
vd0                                          0
ap0                                        0.6
an0                                        0.6
ibn0                                  0.355227
x0.x1.tmid                         8.90737e-08
x0.x1.tail                            0.589081
clk                                          0
x0.x1.np                                  1.08
x0.x1.nn                                  1.08
x0.x1.ln                                  1.08
x0.x1.lp                                  1.08
x0.x1.lnb                          1.39278e-08
x0.x1.lpb                          1.39278e-08
x0.x1.na                               1.07503
doutb0                                0.550763
dout0                                 0.550763
x0.x1.nb                               1.07503
vd1                                      0.001
ap1                                     0.6005
an1                                     0.5995
ibn1                                  0.355227
x1.x1.tmid                         8.90741e-08
x1.x1.tail                            0.589085
x1.x1.np                                  1.08
x1.x1.nn                                  1.08
x1.x1.ln                                  1.08
x1.x1.lp                                  1.08
x1.x1.lnb                          1.39278e-08
x1.x1.lpb                          1.39278e-08
x1.x1.na                               1.07503
doutb1                                0.550763
dout1                                 0.550763
x1.x1.nb                               1.07503
vd2                                     -0.001
ap2                                     0.5995
an2                                     0.6005
ibn2                                  0.355227
x2.x1.tmid                         8.90741e-08
x2.x1.tail                            0.589085
x2.x1.np                                  1.08
x2.x1.nn                                  1.08
x2.x1.ln                                  1.08
x2.x1.lp                                  1.08
x2.x1.lnb                          1.39278e-08
x2.x1.lpb                          1.39278e-08
x2.x1.na                               1.07503
doutb2                                0.550763
dout2                                 0.550763
x2.x1.nb                               1.07503
ean2#branch                        1.26639e-13
eap2#branch                        1.27429e-13
ean1#branch                        1.27429e-13
eap1#branch                        1.26639e-13
ean0#branch                        1.26999e-13
eap0#branch                        1.26999e-13
vclk#branch                        1.96894e-10
vd2#branch                                   0
vd1#branch                                   0
vd0#branch                                   0
vcm#branch                         7.62132e-13
vsup#branch                       -0.000103797

 Reference value :  0.00000e+00
 Reference value :  6.28235e-10
 Reference value :  1.18000e-09
 Reference value :  2.03412e-09
 Reference value :  2.90118e-09
 Reference value :  3.70118e-09
 Reference value :  4.45412e-09
No. of Data Rows : 1345
vsup_v              =  1.08000e+00
d0now               =  1.07999e+00
d1now               =  1.08000e+00
d2now               =  2.28476e-08
Reset re-loads circuit * comparator-transient-noise @ ss_27c_1.08v -- generated by sim/harness, do not edit

Circuit: * comparator-transient-noise @ ss_27c_1.08v -- generated by sim/harness, do not edit

Doing analysis at TEMP = 27.000000 and TNOM = 27.000000

Using SPARSE 1.3 as Direct Linear Solver

Initial Transient Solution
--------------------------

Node                                   Voltage
----                                   -------
vdd                                       1.08
cm                                         0.6
vd0                                          0
ap0                                        0.6
an0                                        0.6
ibn0                                  0.355227
x0.x1.tmid                         8.90737e-08
x0.x1.tail                            0.589081
clk                                          0
x0.x1.np                                  1.08
x0.x1.nn                                  1.08
x0.x1.ln                                  1.08
x0.x1.lp                                  1.08
x0.x1.lnb                          1.39278e-08
x0.x1.lpb                          1.39278e-08
x0.x1.na                               1.07503
doutb0                                0.550763
dout0                                 0.550763
x0.x1.nb                               1.07503
vd1                                      0.001
ap1                                     0.6005
an1                                     0.5995
ibn1                                  0.355227
x1.x1.tmid                         8.90741e-08
x1.x1.tail                            0.589085
x1.x1.np                                  1.08
x1.x1.nn                                  1.08
x1.x1.ln                                  1.08
x1.x1.lp                                  1.08
x1.x1.lnb                          1.39278e-08
x1.x1.lpb                          1.39278e-08
x1.x1.na                               1.07503
doutb1                                0.550763
dout1                                 0.550763
x1.x1.nb                               1.07503
vd2                                     -0.001
ap2                                     0.5995
an2                                     0.6005
ibn2                                  0.355227
x2.x1.tmid                         8.90741e-08
x2.x1.tail                            0.589085
x2.x1.np                                  1.08
x2.x1.nn                                  1.08
x2.x1.ln                                  1.08
x2.x1.lp                                  1.08
x2.x1.lnb                          1.39278e-08
x2.x1.lpb                          1.39278e-08
x2.x1.na                               1.07503
doutb2                                0.550763
dout2                                 0.550763
x2.x1.nb                               1.07503
ean2#branch                        1.26639e-13
eap2#branch                        1.27429e-13
ean1#branch                        1.27429e-13
eap1#branch                        1.26639e-13
ean0#branch                        1.26999e-13
eap0#branch                        1.26999e-13
vclk#branch                        1.96894e-10
vd2#branch                                   0
vd1#branch                                   0
vd0#branch                                   0
vcm#branch                         7.62132e-13
vsup#branch                       -0.000103797

 Reference value :  0.00000e+00
 Reference value :  6.80000e-10
 Reference value :  1.20118e-09
 Reference value :  2.05412e-09
 Reference value :  2.92353e-09
 Reference value :  3.70824e-09
 Reference value :  4.43412e-09
No. of Data Rows : 1345
vsup_v              =  1.08000e+00
d0now               =  1.08000e+00
d1now               =  1.08000e+00
d2now               =  -6.09915e-07
Reset re-loads circuit * comparator-transient-noise @ ss_27c_1.08v -- generated by sim/harness, do not edit

Circuit: * comparator-transient-noise @ ss_27c_1.08v -- generated by sim/harness, do not edit

Doing analysis at TEMP = 27.000000 and TNOM = 27.000000

Using SPARSE 1.3 as Direct Linear Solver

Initial Transient Solution
--------------------------

Node                                   Voltage
----                                   -------
vdd                                       1.08
cm                                         0.6
vd0                                          0
ap0                                        0.6
an0                                        0.6
ibn0                                  0.355227
x0.x1.tmid                         8.90737e-08
x0.x1.tail                            0.589081
clk                                          0
x0.x1.np                                  1.08
x0.x1.nn                                  1.08
x0.x1.ln                                  1.08
x0.x1.lp                                  1.08
x0.x1.lnb                          1.39278e-08
x0.x1.lpb                          1.39278e-08
x0.x1.na                               1.07503
doutb0                                0.550763
dout0                                 0.550763
x0.x1.nb                               1.07503
vd1                                      0.001
ap1                                     0.6005
an1                                     0.5995
ibn1                                  0.355227
x1.x1.tmid                         8.90741e-08
x1.x1.tail                            0.589085
x1.x1.np                                  1.08
x1.x1.nn                                  1.08
x1.x1.ln                                  1.08
x1.x1.lp                                  1.08
x1.x1.lnb                          1.39278e-08
x1.x1.lpb                          1.39278e-08
x1.x1.na                               1.07503
doutb1                                0.550763
dout1                                 0.550763
x1.x1.nb                               1.07503
vd2                                     -0.001
ap2                                     0.5995
an2                                     0.6005
ibn2                                  0.355227
x2.x1.tmid                         8.90741e-08
x2.x1.tail                            0.589085
x2.x1.np                                  1.08
x2.x1.nn                                  1.08
x2.x1.ln                                  1.08
x2.x1.lp                                  1.08
x2.x1.lnb                          1.39278e-08
x2.x1.lpb                          1.39278e-08
x2.x1.na                               1.07503
doutb2                                0.550763
dout2                                 0.550763
x2.x1.nb                               1.07503
ean2#branch                        1.26639e-13
eap2#branch                        1.27429e-13
ean1#branch                        1.27429e-13
eap1#branch                        1.26639e-13
ean0#branch                        1.26999e-13
eap0#branch                        1.26999e-13
vclk#branch                        1.96894e-10
vd2#branch                                   0
vd1#branch                                   0
vd0#branch                                   0
vcm#branch                         7.62132e-13
vsup#branch                       -0.000103797

 Reference value :  0.00000e+00
 Reference value :  6.48235e-10
 Reference value :  1.16118e-09
 Reference value :  2.03412e-09
 Reference value :  2.85412e-09
 Reference value :  3.69412e-09
 Reference value :  4.44000e-09
No. of Data Rows : 1345
vsup_v              =  1.08000e+00
d0now               =  -4.70949e-07
d1now               =  1.08000e+00
d2now               =  -6.84579e-09
Reset re-loads circuit * comparator-transient-noise @ ss_27c_1.08v -- generated by sim/harness, do not edit

Circuit: * comparator-transient-noise @ ss_27c_1.08v -- generated by sim/harness, do not edit

Doing analysis at TEMP = 27.000000 and TNOM = 27.000000

Using SPARSE 1.3 as Direct Linear Solver

Initial Transient Solution
--------------------------

Node                                   Voltage
----                                   -------
vdd                                       1.08
cm                                         0.6
vd0                                          0
ap0                                        0.6
an0                                        0.6
ibn0                                  0.355227
x0.x1.tmid                         8.90737e-08
x0.x1.tail                            0.589081
clk                                          0
x0.x1.np                                  1.08
x0.x1.nn                                  1.08
x0.x1.ln                                  1.08
x0.x1.lp                                  1.08
x0.x1.lnb                          1.39278e-08
x0.x1.lpb                          1.39278e-08
x0.x1.na                               1.07503
doutb0                                0.550763
dout0                                 0.550763
x0.x1.nb                               1.07503
vd1                                      0.001
ap1                                     0.6005
an1                                     0.5995
ibn1                                  0.355227
x1.x1.tmid                         8.90741e-08
x1.x1.tail                            0.589085
x1.x1.np                                  1.08
x1.x1.nn                                  1.08
x1.x1.ln                                  1.08
x1.x1.lp                                  1.08
x1.x1.lnb                          1.39278e-08
x1.x1.lpb                          1.39278e-08
x1.x1.na                               1.07503
doutb1                                0.550763
dout1                                 0.550763
x1.x1.nb                               1.07503
vd2                                     -0.001
ap2                                     0.5995
an2                                     0.6005
ibn2                                  0.355227
x2.x1.tmid                         8.90741e-08
x2.x1.tail                            0.589085
x2.x1.np                                  1.08
x2.x1.nn                                  1.08
x2.x1.ln                                  1.08
x2.x1.lp                                  1.08
x2.x1.lnb                          1.39278e-08
x2.x1.lpb                          1.39278e-08
x2.x1.na                               1.07503
doutb2                                0.550763
dout2                                 0.550763
x2.x1.nb                               1.07503
ean2#branch                        1.26639e-13
eap2#branch                        1.27429e-13
ean1#branch                        1.27429e-13
eap1#branch                        1.26639e-13
ean0#branch                        1.26999e-13
eap0#branch                        1.26999e-13
vclk#branch                        1.96894e-10
vd2#branch                                   0
vd1#branch                                   0
vd0#branch                                   0
vcm#branch                         7.62132e-13
vsup#branch                       -0.000103797

 Reference value :  0.00000e+00
 Reference value :  7.20000e-10
 Reference value :  1.24118e-09
 Reference value :  2.12353e-09
 Reference value :  2.96118e-09
 Reference value :  3.78118e-09
 Reference value :  4.60824e-09
No. of Data Rows : 1345
vsup_v              =  1.08000e+00
d0now               =  1.14342e-06
d1now               =  1.08000e+00
d2now               =  2.33774e-06
Reset re-loads circuit * comparator-transient-noise @ ss_27c_1.08v -- generated by sim/harness, do not edit

Circuit: * comparator-transient-noise @ ss_27c_1.08v -- generated by sim/harness, do not edit

Doing analysis at TEMP = 27.000000 and TNOM = 27.000000

Using SPARSE 1.3 as Direct Linear Solver

Initial Transient Solution
--------------------------

Node                                   Voltage
----                                   -------
vdd                                       1.08
cm                                         0.6
vd0                                          0
ap0                                        0.6
an0                                        0.6
ibn0                                  0.355227
x0.x1.tmid                         8.90737e-08
x0.x1.tail                            0.589081
clk                                          0
x0.x1.np                                  1.08
x0.x1.nn                                  1.08
x0.x1.ln                                  1.08
x0.x1.lp                                  1.08
x0.x1.lnb                          1.39278e-08
x0.x1.lpb                          1.39278e-08
x0.x1.na                               1.07503
doutb0                                0.550763
dout0                                 0.550763
x0.x1.nb                               1.07503
vd1                                      0.001
ap1                                     0.6005
an1                                     0.5995
ibn1                                  0.355227
x1.x1.tmid                         8.90741e-08
x1.x1.tail                            0.589085
x1.x1.np                                  1.08
x1.x1.nn                                  1.08
x1.x1.ln                                  1.08
x1.x1.lp                                  1.08
x1.x1.lnb                          1.39278e-08
x1.x1.lpb                          1.39278e-08
x1.x1.na                               1.07503
doutb1                                0.550763
dout1                                 0.550763
x1.x1.nb                               1.07503
vd2                                     -0.001
ap2                                     0.5995
an2                                     0.6005
ibn2                                  0.355227
x2.x1.tmid                         8.90741e-08
x2.x1.tail                            0.589085
x2.x1.np                                  1.08
x2.x1.nn                                  1.08
x2.x1.ln                                  1.08
x2.x1.lp                                  1.08
x2.x1.lnb                          1.39278e-08
x2.x1.lpb                          1.39278e-08
x2.x1.na                               1.07503
doutb2                                0.550763
dout2                                 0.550763
x2.x1.nb                               1.07503
ean2#branch                        1.26639e-13
eap2#branch                        1.27429e-13
ean1#branch                        1.27429e-13
eap1#branch                        1.26639e-13
ean0#branch                        1.26999e-13
eap0#branch                        1.26999e-13
vclk#branch                        1.96894e-10
vd2#branch                                   0
vd1#branch                                   0
vd0#branch                                   0
vcm#branch                         7.62132e-13
vsup#branch                       -0.000103797

 Reference value :  0.00000e+00
 Reference value :  6.81176e-10
 Reference value :  1.22000e-09
 Reference value :  2.10824e-09
 Reference value :  2.98118e-09
 Reference value :  3.76118e-09
 Reference value :  4.54824e-09
No. of Data Rows : 1345
vsup_v              =  1.08000e+00
d0now               =  1.07999e+00
d1now               =  1.08001e+00
d2now               =  1.08000e+00
Reset re-loads circuit * comparator-transient-noise @ ss_27c_1.08v -- generated by sim/harness, do not edit

Circuit: * comparator-transient-noise @ ss_27c_1.08v -- generated by sim/harness, do not edit

Doing analysis at TEMP = 27.000000 and TNOM = 27.000000

Using SPARSE 1.3 as Direct Linear Solver

Initial Transient Solution
--------------------------

Node                                   Voltage
----                                   -------
vdd                                       1.08
cm                                         0.6
vd0                                          0
ap0                                        0.6
an0                                        0.6
ibn0                                  0.355227
x0.x1.tmid                         8.90737e-08
x0.x1.tail                            0.589081
clk                                          0
x0.x1.np                                  1.08
x0.x1.nn                                  1.08
x0.x1.ln                                  1.08
x0.x1.lp                                  1.08
x0.x1.lnb                          1.39278e-08
x0.x1.lpb                          1.39278e-08
x0.x1.na                               1.07503
doutb0                                0.550763
dout0                                 0.550763
x0.x1.nb                               1.07503
vd1                                      0.001
ap1                                     0.6005
an1                                     0.5995
ibn1                                  0.355227
x1.x1.tmid                         8.90741e-08
x1.x1.tail                            0.589085
x1.x1.np                                  1.08
x1.x1.nn                                  1.08
x1.x1.ln                                  1.08
x1.x1.lp                                  1.08
x1.x1.lnb                          1.39278e-08
x1.x1.lpb                          1.39278e-08
x1.x1.na                               1.07503
doutb1                                0.550763
dout1                                 0.550763
x1.x1.nb                               1.07503
vd2                                     -0.001
ap2                                     0.5995
an2                                     0.6005
ibn2                                  0.355227
x2.x1.tmid                         8.90741e-08
x2.x1.tail                            0.589085
x2.x1.np                                  1.08
x2.x1.nn                                  1.08
x2.x1.ln                                  1.08
x2.x1.lp                                  1.08
x2.x1.lnb                          1.39278e-08
x2.x1.lpb                          1.39278e-08
x2.x1.na                               1.07503
doutb2                                0.550763
dout2                                 0.550763
x2.x1.nb                               1.07503
ean2#branch                        1.26639e-13
eap2#branch                        1.27429e-13
ean1#branch                        1.27429e-13
eap1#branch                        1.26639e-13
ean0#branch                        1.26999e-13
eap0#branch                        1.26999e-13
vclk#branch                        1.96894e-10
vd2#branch                                   0
vd1#branch                                   0
vd0#branch                                   0
vcm#branch                         7.62132e-13
vsup#branch                       -0.000103797

 Reference value :  0.00000e+00
 Reference value :  6.54118e-10
 Reference value :  1.17414e-09
 Reference value :  2.06118e-09
 Reference value :  2.90824e-09
 Reference value :  3.74824e-09
 Reference value :  4.50353e-09
No. of Data Rows : 1345
vsup_v              =  1.08000e+00
d0now               =  1.68883e-06
d1now               =  -2.19887e-06
d2now               =  8.60958e-07
Reset re-loads circuit * comparator-transient-noise @ ss_27c_1.08v -- generated by sim/harness, do not edit

Circuit: * comparator-transient-noise @ ss_27c_1.08v -- generated by sim/harness, do not edit

Doing analysis at TEMP = 27.000000 and TNOM = 27.000000

Using SPARSE 1.3 as Direct Linear Solver

Initial Transient Solution
--------------------------

Node                                   Voltage
----                                   -------
vdd                                       1.08
cm                                         0.6
vd0                                          0
ap0                                        0.6
an0                                        0.6
ibn0                                  0.355227
x0.x1.tmid                         8.90737e-08
x0.x1.tail                            0.589081
clk                                          0
x0.x1.np                                  1.08
x0.x1.nn                                  1.08
x0.x1.ln                                  1.08
x0.x1.lp                                  1.08
x0.x1.lnb                          1.39278e-08
x0.x1.lpb                          1.39278e-08
x0.x1.na                               1.07503
doutb0                                0.550763
dout0                                 0.550763
x0.x1.nb                               1.07503
vd1                                      0.001
ap1                                     0.6005
an1                                     0.5995
ibn1                                  0.355227
x1.x1.tmid                         8.90741e-08
x1.x1.tail                            0.589085
x1.x1.np                                  1.08
x1.x1.nn                                  1.08
x1.x1.ln                                  1.08
x1.x1.lp                                  1.08
x1.x1.lnb                          1.39278e-08
x1.x1.lpb                          1.39278e-08
x1.x1.na                               1.07503
doutb1                                0.550763
dout1                                 0.550763
x1.x1.nb                               1.07503
vd2                                     -0.001
ap2                                     0.5995
an2                                     0.6005
ibn2                                  0.355227
x2.x1.tmid                         8.90741e-08
x2.x1.tail                            0.589085
x2.x1.np                                  1.08
x2.x1.nn                                  1.08
x2.x1.ln                                  1.08
x2.x1.lp                                  1.08
x2.x1.lnb                          1.39278e-08
x2.x1.lpb                          1.39278e-08
x2.x1.na                               1.07503
doutb2                                0.550763
dout2                                 0.550763
x2.x1.nb                               1.07503
ean2#branch                        1.26639e-13
eap2#branch                        1.27429e-13
ean1#branch                        1.27429e-13
eap1#branch                        1.26639e-13
ean0#branch                        1.26999e-13
eap0#branch                        1.26999e-13
vclk#branch                        1.96894e-10
vd2#branch                                   0
vd1#branch                                   0
vd0#branch                                   0
vcm#branch                         7.62132e-13
vsup#branch                       -0.000103797

 Reference value :  0.00000e+00
 Reference value :  6.34118e-10
 Reference value :  1.14000e-09
 Reference value :  2.00000e-09
 Reference value :  2.84118e-09
 Reference value :  3.61412e-09
 Reference value :  4.35412e-09
 Reference value :  5.10000e-09
No. of Data Rows : 1345
vsup_v              =  1.08000e+00
d0now               =  -1.34625e-06
d1now               =  1.08001e+00
d2now               =  1.08000e+00
m_frac_high_zero = 5.1249922568e-01
m_frac_high_plus = 7.9999999046e-01
m_frac_high_minus = 2.1250056426e-01
Note: Simulation executed from .control section 

Warning: m=xx on .subckt line will override multiplier m hierarchy!

