
Note: Compatibility modes selected: hs a


Circuit: * comparator-transient-noise @ tt_27c_1.08v -- generated by sim/harness, do not edit

Reset re-loads circuit * comparator-transient-noise @ tt_27c_1.08v -- generated by sim/harness, do not edit

Circuit: * comparator-transient-noise @ tt_27c_1.08v -- generated by sim/harness, do not edit

Doing analysis at TEMP = 27.000000 and TNOM = 27.000000

Using SPARSE 1.3 as Direct Linear Solver

Initial Transient Solution
--------------------------

Node                                   Voltage
----                                   -------
vdd                                       1.08
cm                                         0.6
vd0                                          0
ap0                                        0.6
an0                                        0.6
ibn0                                  0.308665
x0.x1.tmid                         1.30481e-06
x0.x1.tail                            0.567131
clk                                          0
x0.x1.np                                  1.08
x0.x1.nn                                  1.08
x0.x1.ln                                  1.08
x0.x1.lp                                  1.08
x0.x1.lnb                          8.59789e-08
x0.x1.lpb                          8.59789e-08
x0.x1.na                               1.06942
doutb0                                 0.55819
dout0                                  0.55819
x0.x1.nb                               1.06942
vd1                                      0.001
ap1                                     0.6005
an1                                     0.5995
ibn1                                  0.308665
x1.x1.tmid                         1.30482e-06
x1.x1.tail                            0.567135
x1.x1.np                                  1.08
x1.x1.nn                                  1.08
x1.x1.ln                                  1.08
x1.x1.lp                                  1.08
x1.x1.lnb                          8.59789e-08
x1.x1.lpb                          8.59789e-08
x1.x1.na                               1.06942
doutb1                                 0.55819
dout1                                  0.55819
x1.x1.nb                               1.06942
vd2                                     -0.001
ap2                                     0.5995
an2                                     0.6005
ibn2                                  0.308665
x2.x1.tmid                         1.30482e-06
x2.x1.tail                            0.567135
x2.x1.np                                  1.08
x2.x1.nn                                  1.08
x2.x1.ln                                  1.08
x2.x1.lp                                  1.08
x2.x1.lnb                          8.59789e-08
x2.x1.lpb                          8.59789e-08
x2.x1.na                               1.06942
doutb2                                 0.55819
dout2                                  0.55819
x2.x1.nb                               1.06942
ean2#branch                        5.57909e-13
eap2#branch                        5.61203e-13
ean1#branch                        5.61203e-13
eap1#branch                        5.57909e-13
ean0#branch                        5.59583e-13
eap0#branch                        5.59583e-13
vclk#branch                        6.45704e-10
vd2#branch                                   0
vd1#branch                                   0
vd0#branch                                   0
vcm#branch                         3.35739e-12
vsup#branch                       -0.000170122

 Reference value :  0.00000e+00
 Reference value :  1.04781e-09
 Reference value :  2.38118e-09
 Reference value :  3.54118e-09
 Reference value :  4.78118e-09
No. of Data Rows : 1345
vsup_v              =  1.08000e+00
d0now               =  1.08000e+00
d1now               =  4.76066e-06
d2now               =  6.43798e-06
Reset re-loads circuit * comparator-transient-noise @ tt_27c_1.08v -- generated by sim/harness, do not edit

Circuit: * comparator-transient-noise @ tt_27c_1.08v -- generated by sim/harness, do not edit

Doing analysis at TEMP = 27.000000 and TNOM = 27.000000

Using SPARSE 1.3 as Direct Linear Solver

Initial Transient Solution
--------------------------

Node                                   Voltage
----                                   -------
vdd                                       1.08
cm                                         0.6
vd0                                          0
ap0                                        0.6
an0                                        0.6
ibn0                                  0.308665
x0.x1.tmid                         1.30481e-06
x0.x1.tail                            0.567131
clk                                          0
x0.x1.np                                  1.08
x0.x1.nn                                  1.08
x0.x1.ln                                  1.08
x0.x1.lp                                  1.08
x0.x1.lnb                          8.59789e-08
x0.x1.lpb                          8.59789e-08
x0.x1.na                               1.06942
doutb0                                 0.55819
dout0                                  0.55819
x0.x1.nb                               1.06942
vd1                                      0.001
ap1                                     0.6005
an1                                     0.5995
ibn1                                  0.308665
x1.x1.tmid                         1.30482e-06
x1.x1.tail                            0.567135
x1.x1.np                                  1.08
x1.x1.nn                                  1.08
x1.x1.ln                                  1.08
x1.x1.lp                                  1.08
x1.x1.lnb                          8.59789e-08
x1.x1.lpb                          8.59789e-08
x1.x1.na                               1.06942
doutb1                                 0.55819
dout1                                  0.55819
x1.x1.nb                               1.06942
vd2                                     -0.001
ap2                                     0.5995
an2                                     0.6005
ibn2                                  0.308665
x2.x1.tmid                         1.30482e-06
x2.x1.tail                            0.567135
x2.x1.np                                  1.08
x2.x1.nn                                  1.08
x2.x1.ln                                  1.08
x2.x1.lp                                  1.08
x2.x1.lnb                          8.59789e-08
x2.x1.lpb                          8.59789e-08
x2.x1.na                               1.06942
doutb2                                 0.55819
dout2                                  0.55819
x2.x1.nb                               1.06942
ean2#branch                        5.57909e-13
eap2#branch                        5.61203e-13
ean1#branch                        5.61203e-13
eap1#branch                        5.57909e-13
ean0#branch                        5.59583e-13
eap0#branch                        5.59583e-13
vclk#branch                        6.45704e-10
vd2#branch                                   0
vd1#branch                                   0
vd0#branch                                   0
vcm#branch                         3.35739e-12
vsup#branch                       -0.000170122

 Reference value :  0.00000e+00
 Reference value :  1.10000e-09
 Reference value :  2.58353e-09
 Reference value :  4.08353e-09
No. of Data Rows : 1345
vsup_v              =  1.08000e+00
d0now               =  1.33927e-06
d1now               =  1.07999e+00
d2now               =  1.08000e+00
Reset re-loads circuit * comparator-transient-noise @ tt_27c_1.08v -- generated by sim/harness, do not edit

Circuit: * comparator-transient-noise @ tt_27c_1.08v -- generated by sim/harness, do not edit

Doing analysis at TEMP = 27.000000 and TNOM = 27.000000

Using SPARSE 1.3 as Direct Linear Solver

Initial Transient Solution
--------------------------

Node                                   Voltage
----                                   -------
vdd                                       1.08
cm                                         0.6
vd0                                          0
ap0                                        0.6
an0                                        0.6
ibn0                                  0.308665
x0.x1.tmid                         1.30481e-06
x0.x1.tail                            0.567131
clk                                          0
x0.x1.np                                  1.08
x0.x1.nn                                  1.08
x0.x1.ln                                  1.08
x0.x1.lp                                  1.08
x0.x1.lnb                          8.59789e-08
x0.x1.lpb                          8.59789e-08
x0.x1.na                               1.06942
doutb0                                 0.55819
dout0                                  0.55819
x0.x1.nb                               1.06942
vd1                                      0.001
ap1                                     0.6005
an1                                     0.5995
ibn1                                  0.308665
x1.x1.tmid                         1.30482e-06
x1.x1.tail                            0.567135
x1.x1.np                                  1.08
x1.x1.nn                                  1.08
x1.x1.ln                                  1.08
x1.x1.lp                                  1.08
x1.x1.lnb                          8.59789e-08
x1.x1.lpb                          8.59789e-08
x1.x1.na                               1.06942
doutb1                                 0.55819
dout1                                  0.55819
x1.x1.nb                               1.06942
vd2                                     -0.001
ap2                                     0.5995
an2                                     0.6005
ibn2                                  0.308665
x2.x1.tmid                         1.30482e-06
x2.x1.tail                            0.567135
x2.x1.np                                  1.08
x2.x1.nn                                  1.08
x2.x1.ln                                  1.08
x2.x1.lp                                  1.08
x2.x1.lnb                          8.59789e-08
x2.x1.lpb                          8.59789e-08
x2.x1.na                               1.06942
doutb2                                 0.55819
dout2                                  0.55819
x2.x1.nb                               1.06942
ean2#branch                        5.57909e-13
eap2#branch                        5.61203e-13
ean1#branch                        5.61203e-13
eap1#branch                        5.57909e-13
ean0#branch                        5.59583e-13
eap0#branch                        5.59583e-13
vclk#branch                        6.45704e-10
vd2#branch                                   0
vd1#branch                                   0
vd0#branch                                   0
vcm#branch                         3.35739e-12
vsup#branch                       -0.000170122

 Reference value :  0.00000e+00
 Reference value :  1.08803e-09
 Reference value :  2.41412e-09
 Reference value :  3.90000e-09
No. of Data Rows : 1345
vsup_v              =  1.08000e+00
d0now               =  1.08000e+00
d1now               =  1.07999e+00
d2now               =  4.50334e-06
Reset re-loads circuit * comparator-transient-noise @ tt_27c_1.08v -- generated by sim/harness, do not edit

Circuit: * comparator-transient-noise @ tt_27c_1.08v -- generated by sim/harness, do not edit

Doing analysis at TEMP = 27.000000 and TNOM = 27.000000

Using SPARSE 1.3 as Direct Linear Solver

Initial Transient Solution
--------------------------

Node                                   Voltage
----                                   -------
vdd                                       1.08
cm                                         0.6
vd0                                          0
ap0                                        0.6
an0                                        0.6
ibn0                                  0.308665
x0.x1.tmid                         1.30481e-06
x0.x1.tail                            0.567131
clk                                          0
x0.x1.np                                  1.08
x0.x1.nn                                  1.08
x0.x1.ln                                  1.08
x0.x1.lp                                  1.08
x0.x1.lnb                          8.59789e-08
x0.x1.lpb                          8.59789e-08
x0.x1.na                               1.06942
doutb0                                 0.55819
dout0                                  0.55819
x0.x1.nb                               1.06942
vd1                                      0.001
ap1                                     0.6005
an1                                     0.5995
ibn1                                  0.308665
x1.x1.tmid                         1.30482e-06
x1.x1.tail                            0.567135
x1.x1.np                                  1.08
x1.x1.nn                                  1.08
x1.x1.ln                                  1.08
x1.x1.lp                                  1.08
x1.x1.lnb                          8.59789e-08
x1.x1.lpb                          8.59789e-08
x1.x1.na                               1.06942
doutb1                                 0.55819
dout1                                  0.55819
x1.x1.nb                               1.06942
vd2                                     -0.001
ap2                                     0.5995
an2                                     0.6005
ibn2                                  0.308665
x2.x1.tmid                         1.30482e-06
x2.x1.tail                            0.567135
x2.x1.np                                  1.08
x2.x1.nn                                  1.08
x2.x1.ln                                  1.08
x2.x1.lp                                  1.08
x2.x1.lnb                          8.59789e-08
x2.x1.lpb                          8.59789e-08
x2.x1.na                               1.06942
doutb2                                 0.55819
dout2                                  0.55819
x2.x1.nb                               1.06942
ean2#branch                        5.57909e-13
eap2#branch                        5.61203e-13
ean1#branch                        5.61203e-13
eap1#branch                        5.57909e-13
ean0#branch                        5.59583e-13
eap0#branch                        5.59583e-13
vclk#branch                        6.45704e-10
vd2#branch                                   0
vd1#branch                                   0
vd0#branch                                   0
vcm#branch                         3.35739e-12
vsup#branch                       -0.000170122

 Reference value :  0.00000e+00
 Reference value :  1.08115e-09
 Reference value :  2.38118e-09
 Reference value :  3.86824e-09
No. of Data Rows : 1345
vsup_v              =  1.08000e+00
d0now               =  1.08000e+00
d1now               =  1.08000e+00
d2now               =  -8.01032e-07
Reset re-loads circuit * comparator-transient-noise @ tt_27c_1.08v -- generated by sim/harness, do not edit

Circuit: * comparator-transient-noise @ tt_27c_1.08v -- generated by sim/harness, do not edit

Doing analysis at TEMP = 27.000000 and TNOM = 27.000000

Using SPARSE 1.3 as Direct Linear Solver

Initial Transient Solution
--------------------------

Node                                   Voltage
----                                   -------
vdd                                       1.08
cm                                         0.6
vd0                                          0
ap0                                        0.6
an0                                        0.6
ibn0                                  0.308665
x0.x1.tmid                         1.30481e-06
x0.x1.tail                            0.567131
clk                                          0
x0.x1.np                                  1.08
x0.x1.nn                                  1.08
x0.x1.ln                                  1.08
x0.x1.lp                                  1.08
x0.x1.lnb                          8.59789e-08
x0.x1.lpb                          8.59789e-08
x0.x1.na                               1.06942
doutb0                                 0.55819
dout0                                  0.55819
x0.x1.nb                               1.06942
vd1                                      0.001
ap1                                     0.6005
an1                                     0.5995
ibn1                                  0.308665
x1.x1.tmid                         1.30482e-06
x1.x1.tail                            0.567135
x1.x1.np                                  1.08
x1.x1.nn                                  1.08
x1.x1.ln                                  1.08
x1.x1.lp                                  1.08
x1.x1.lnb                          8.59789e-08
x1.x1.lpb                          8.59789e-08
x1.x1.na                               1.06942
doutb1                                 0.55819
dout1                                  0.55819
x1.x1.nb                               1.06942
vd2                                     -0.001
ap2                                     0.5995
an2                                     0.6005
ibn2                                  0.308665
x2.x1.tmid                         1.30482e-06
x2.x1.tail                            0.567135
x2.x1.np                                  1.08
x2.x1.nn                                  1.08
x2.x1.ln                                  1.08
x2.x1.lp                                  1.08
x2.x1.lnb                          8.59789e-08
x2.x1.lpb                          8.59789e-08
x2.x1.na                               1.06942
doutb2                                 0.55819
dout2                                  0.55819
x2.x1.nb                               1.06942
ean2#branch                        5.57909e-13
eap2#branch                        5.61203e-13
ean1#branch                        5.61203e-13
eap1#branch                        5.57909e-13
ean0#branch                        5.59583e-13
eap0#branch                        5.59583e-13
vclk#branch                        6.45704e-10
vd2#branch                                   0
vd1#branch                                   0
vd0#branch                                   0
vcm#branch                         3.35739e-12
vsup#branch                       -0.000170122

 Reference value :  0.00000e+00
 Reference value :  1.08000e-09
 Reference value :  2.42118e-09
 Reference value :  3.94118e-09
No. of Data Rows : 1345
vsup_v              =  1.08000e+00
d0now               =  1.07999e+00
d1now               =  4.83000e-06
d2now               =  1.08000e+00
Reset re-loads circuit * comparator-transient-noise @ tt_27c_1.08v -- generated by sim/harness, do not edit

Circuit: * comparator-transient-noise @ tt_27c_1.08v -- generated by sim/harness, do not edit

Doing analysis at TEMP = 27.000000 and TNOM = 27.000000

Using SPARSE 1.3 as Direct Linear Solver

Initial Transient Solution
--------------------------

Node                                   Voltage
----                                   -------
vdd                                       1.08
cm                                         0.6
vd0                                          0
ap0                                        0.6
an0                                        0.6
ibn0                                  0.308665
x0.x1.tmid                         1.30481e-06
x0.x1.tail                            0.567131
clk                                          0
x0.x1.np                                  1.08
x0.x1.nn                                  1.08
x0.x1.ln                                  1.08
x0.x1.lp                                  1.08
x0.x1.lnb                          8.59789e-08
x0.x1.lpb                          8.59789e-08
x0.x1.na                               1.06942
doutb0                                 0.55819
dout0                                  0.55819
x0.x1.nb                               1.06942
vd1                                      0.001
ap1                                     0.6005
an1                                     0.5995
ibn1                                  0.308665
x1.x1.tmid                         1.30482e-06
x1.x1.tail                            0.567135
x1.x1.np                                  1.08
x1.x1.nn                                  1.08
x1.x1.ln                                  1.08
x1.x1.lp                                  1.08
x1.x1.lnb                          8.59789e-08
x1.x1.lpb                          8.59789e-08
x1.x1.na                               1.06942
doutb1                                 0.55819
dout1                                  0.55819
x1.x1.nb                               1.06942
vd2                                     -0.001
ap2                                     0.5995
an2                                     0.6005
ibn2                                  0.308665
x2.x1.tmid                         1.30482e-06
x2.x1.tail                            0.567135
x2.x1.np                                  1.08
x2.x1.nn                                  1.08
x2.x1.ln                                  1.08
x2.x1.lp                                  1.08
x2.x1.lnb                          8.59789e-08
x2.x1.lpb                          8.59789e-08
x2.x1.na                               1.06942
doutb2                                 0.55819
dout2                                  0.55819
x2.x1.nb                               1.06942
ean2#branch                        5.57909e-13
eap2#branch                        5.61203e-13
ean1#branch                        5.61203e-13
eap1#branch                        5.57909e-13
ean0#branch                        5.59583e-13
eap0#branch                        5.59583e-13
vclk#branch                        6.45704e-10
vd2#branch                                   0
vd1#branch                                   0
vd0#branch                                   0
vcm#branch                         3.35739e-12
vsup#branch                       -0.000170122

 Reference value :  0.00000e+00
 Reference value :  1.10000e-09
 Reference value :  2.56118e-09
 Reference value :  3.96000e-09
No. of Data Rows : 1345
vsup_v              =  1.08000e+00
d0now               =  1.02507e-06
d1now               =  1.08000e+00
d2now               =  4.27845e-07
Reset re-loads circuit * comparator-transient-noise @ tt_27c_1.08v -- generated by sim/harness, do not edit

Circuit: * comparator-transient-noise @ tt_27c_1.08v -- generated by sim/harness, do not edit

Doing analysis at TEMP = 27.000000 and TNOM = 27.000000

Using SPARSE 1.3 as Direct Linear Solver

Initial Transient Solution
--------------------------

Node                                   Voltage
----                                   -------
vdd                                       1.08
cm                                         0.6
vd0                                          0
ap0                                        0.6
an0                                        0.6
ibn0                                  0.308665
x0.x1.tmid                         1.30481e-06
x0.x1.tail                            0.567131
clk                                          0
x0.x1.np                                  1.08
x0.x1.nn                                  1.08
x0.x1.ln                                  1.08
x0.x1.lp                                  1.08
x0.x1.lnb                          8.59789e-08
x0.x1.lpb                          8.59789e-08
x0.x1.na                               1.06942
doutb0                                 0.55819
dout0                                  0.55819
x0.x1.nb                               1.06942
vd1                                      0.001
ap1                                     0.6005
an1                                     0.5995
ibn1                                  0.308665
x1.x1.tmid                         1.30482e-06
x1.x1.tail                            0.567135
x1.x1.np                                  1.08
x1.x1.nn                                  1.08
x1.x1.ln                                  1.08
x1.x1.lp                                  1.08
x1.x1.lnb                          8.59789e-08
x1.x1.lpb                          8.59789e-08
x1.x1.na                               1.06942
doutb1                                 0.55819
dout1                                  0.55819
x1.x1.nb                               1.06942
vd2                                     -0.001
ap2                                     0.5995
an2                                     0.6005
ibn2                                  0.308665
x2.x1.tmid                         1.30482e-06
x2.x1.tail                            0.567135
x2.x1.np                                  1.08
x2.x1.nn                                  1.08
x2.x1.ln                                  1.08
x2.x1.lp                                  1.08
x2.x1.lnb                          8.59789e-08
x2.x1.lpb                          8.59789e-08
x2.x1.na                               1.06942
doutb2                                 0.55819
dout2                                  0.55819
x2.x1.nb                               1.06942
ean2#branch                        5.57909e-13
eap2#branch                        5.61203e-13
ean1#branch                        5.61203e-13
eap1#branch                        5.57909e-13
ean0#branch                        5.59583e-13
eap0#branch                        5.59583e-13
vclk#branch                        6.45704e-10
vd2#branch                                   0
vd1#branch                                   0
vd0#branch                                   0
vcm#branch                         3.35739e-12
vsup#branch                       -0.000170122

 Reference value :  0.00000e+00
 Reference value :  8.34118e-10
 Reference value :  1.66000e-09
 Reference value :  2.68000e-09
 Reference value :  3.76118e-09
 Reference value :  4.80000e-09
No. of Data Rows : 1345
vsup_v              =  1.08000e+00
d0now               =  2.84455e-07
d1now               =  1.07999e+00
d2now               =  -8.07307e-07
Reset re-loads circuit * comparator-transient-noise @ tt_27c_1.08v -- generated by sim/harness, do not edit

Circuit: * comparator-transient-noise @ tt_27c_1.08v -- generated by sim/harness, do not edit

Doing analysis at TEMP = 27.000000 and TNOM = 27.000000

Using SPARSE 1.3 as Direct Linear Solver

Initial Transient Solution
--------------------------

Node                                   Voltage
----                                   -------
vdd                                       1.08
cm                                         0.6
vd0                                          0
ap0                                        0.6
an0                                        0.6
ibn0                                  0.308665
x0.x1.tmid                         1.30481e-06
x0.x1.tail                            0.567131
clk                                          0
x0.x1.np                                  1.08
x0.x1.nn                                  1.08
x0.x1.ln                                  1.08
x0.x1.lp                                  1.08
x0.x1.lnb                          8.59789e-08
x0.x1.lpb                          8.59789e-08
x0.x1.na                               1.06942
doutb0                                 0.55819
dout0                                  0.55819
x0.x1.nb                               1.06942
vd1                                      0.001
ap1                                     0.6005
an1                                     0.5995
ibn1                                  0.308665
x1.x1.tmid                         1.30482e-06
x1.x1.tail                            0.567135
x1.x1.np                                  1.08
x1.x1.nn                                  1.08
x1.x1.ln                                  1.08
x1.x1.lp                                  1.08
x1.x1.lnb                          8.59789e-08
x1.x1.lpb                          8.59789e-08
x1.x1.na                               1.06942
doutb1                                 0.55819
dout1                                  0.55819
x1.x1.nb                               1.06942
vd2                                     -0.001
ap2                                     0.5995
an2                                     0.6005
ibn2                                  0.308665
x2.x1.tmid                         1.30482e-06
x2.x1.tail                            0.567135
x2.x1.np                                  1.08
x2.x1.nn                                  1.08
x2.x1.ln                                  1.08
x2.x1.lp                                  1.08
x2.x1.lnb                          8.59789e-08
x2.x1.lpb                          8.59789e-08
x2.x1.na                               1.06942
doutb2                                 0.55819
dout2                                  0.55819
x2.x1.nb                               1.06942
ean2#branch                        5.57909e-13
eap2#branch                        5.61203e-13
ean1#branch                        5.61203e-13
eap1#branch                        5.57909e-13
ean0#branch                        5.59583e-13
eap0#branch                        5.59583e-13
vclk#branch                        6.45704e-10
vd2#branch                                   0
vd1#branch                                   0
vd0#branch                                   0
vcm#branch                         3.35739e-12
vsup#branch                       -0.000170122

 Reference value :  0.00000e+00
 Reference value :  9.14118e-10
 Reference value :  1.76000e-09
 Reference value :  3.12118e-09
 Reference value :  4.40118e-09
No. of Data Rows : 1345
vsup_v              =  1.08000e+00
d0now               =  1.67177e-06
d1now               =  1.07999e+00
d2now               =  8.28645e-07
Reset re-loads circuit * comparator-transient-noise @ tt_27c_1.08v -- generated by sim/harness, do not edit

Circuit: * comparator-transient-noise @ tt_27c_1.08v -- generated by sim/harness, do not edit

Doing analysis at TEMP = 27.000000 and TNOM = 27.000000

Using SPARSE 1.3 as Direct Linear Solver

Initial Transient Solution
--------------------------

Node                                   Voltage
----                                   -------
vdd                                       1.08
cm                                         0.6
vd0                                          0
ap0                                        0.6
an0                                        0.6
ibn0                                  0.308665
x0.x1.tmid                         1.30481e-06
x0.x1.tail                            0.567131
clk                                          0
x0.x1.np                                  1.08
x0.x1.nn                                  1.08
x0.x1.ln                                  1.08
x0.x1.lp                                  1.08
x0.x1.lnb                          8.59789e-08
x0.x1.lpb                          8.59789e-08
x0.x1.na                               1.06942
doutb0                                 0.55819
dout0                                  0.55819
x0.x1.nb                               1.06942
vd1                                      0.001
ap1                                     0.6005
an1                                     0.5995
ibn1                                  0.308665
x1.x1.tmid                         1.30482e-06
x1.x1.tail                            0.567135
x1.x1.np                                  1.08
x1.x1.nn                                  1.08
x1.x1.ln                                  1.08
x1.x1.lp                                  1.08
x1.x1.lnb                          8.59789e-08
x1.x1.lpb                          8.59789e-08
x1.x1.na                               1.06942
doutb1                                 0.55819
dout1                                  0.55819
x1.x1.nb                               1.06942
vd2                                     -0.001
ap2                                     0.5995
an2                                     0.6005
ibn2                                  0.308665
x2.x1.tmid                         1.30482e-06
x2.x1.tail                            0.567135
x2.x1.np                                  1.08
x2.x1.nn                                  1.08
x2.x1.ln                                  1.08
x2.x1.lp                                  1.08
x2.x1.lnb                          8.59789e-08
x2.x1.lpb                          8.59789e-08
x2.x1.na                               1.06942
doutb2                                 0.55819
dout2                                  0.55819
x2.x1.nb                               1.06942
ean2#branch                        5.57909e-13
eap2#branch                        5.61203e-13
ean1#branch                        5.61203e-13
eap1#branch                        5.57909e-13
ean0#branch                        5.59583e-13
eap0#branch                        5.59583e-13
vclk#branch                        6.45704e-10
vd2#branch                                   0
vd1#branch                                   0
vd0#branch                                   0
vcm#branch                         3.35739e-12
vsup#branch                       -0.000170122

 Reference value :  0.00000e+00
 Reference value :  1.06000e-09
 Reference value :  2.36118e-09
 Reference value :  3.48824e-09
 Reference value :  4.66824e-09
No. of Data Rows : 1345
vsup_v              =  1.08000e+00
d0now               =  -7.88961e-08
d1now               =  1.07998e+00
d2now               =  1.07999e+00
Reset re-loads circuit * comparator-transient-noise @ tt_27c_1.08v -- generated by sim/harness, do not edit

Circuit: * comparator-transient-noise @ tt_27c_1.08v -- generated by sim/harness, do not edit

Doing analysis at TEMP = 27.000000 and TNOM = 27.000000

Using SPARSE 1.3 as Direct Linear Solver

Initial Transient Solution
--------------------------

Node                                   Voltage
----                                   -------
vdd                                       1.08
cm                                         0.6
vd0                                          0
ap0                                        0.6
an0                                        0.6
ibn0                                  0.308665
x0.x1.tmid                         1.30481e-06
x0.x1.tail                            0.567131
clk                                          0
x0.x1.np                                  1.08
x0.x1.nn                                  1.08
x0.x1.ln                                  1.08
x0.x1.lp                                  1.08
x0.x1.lnb                          8.59789e-08
x0.x1.lpb                          8.59789e-08
x0.x1.na                               1.06942
doutb0                                 0.55819
dout0                                  0.55819
x0.x1.nb                               1.06942
vd1                                      0.001
ap1                                     0.6005
an1                                     0.5995
ibn1                                  0.308665
x1.x1.tmid                         1.30482e-06
x1.x1.tail                            0.567135
x1.x1.np                                  1.08
x1.x1.nn                                  1.08
x1.x1.ln                                  1.08
x1.x1.lp                                  1.08
x1.x1.lnb                          8.59789e-08
x1.x1.lpb                          8.59789e-08
x1.x1.na                               1.06942
doutb1                                 0.55819
dout1                                  0.55819
x1.x1.nb                               1.06942
vd2                                     -0.001
ap2                                     0.5995
an2                                     0.6005
ibn2                                  0.308665
x2.x1.tmid                         1.30482e-06
x2.x1.tail                            0.567135
x2.x1.np                                  1.08
x2.x1.nn                                  1.08
x2.x1.ln                                  1.08
x2.x1.lp                                  1.08
x2.x1.lnb                          8.59789e-08
x2.x1.lpb                          8.59789e-08
x2.x1.na                               1.06942
doutb2                                 0.55819
dout2                                  0.55819
x2.x1.nb                               1.06942
ean2#branch                        5.57909e-13
eap2#branch                        5.61203e-13
ean1#branch                        5.61203e-13
eap1#branch                        5.57909e-13
ean0#branch                        5.59583e-13
eap0#branch                        5.59583e-13
vclk#branch                        6.45704e-10
vd2#branch                                   0
vd1#branch                                   0
vd0#branch                                   0
vcm#branch                         3.35739e-12
vsup#branch                       -0.000170122

 Reference value :  8.34229e-11
 Reference value :  1.10000e-09
 Reference value :  2.42824e-09
 Reference value :  3.88118e-09
 Reference value :  4.86118e-09
No. of Data Rows : 1345
vsup_v              =  1.08000e+00
d0now               =  1.08000e+00
d1now               =  1.07999e+00
d2now               =  1.07999e+00
Reset re-loads circuit * comparator-transient-noise @ tt_27c_1.08v -- generated by sim/harness, do not edit

Circuit: * comparator-transient-noise @ tt_27c_1.08v -- generated by sim/harness, do not edit

Doing analysis at TEMP = 27.000000 and TNOM = 27.000000

Using SPARSE 1.3 as Direct Linear Solver

Initial Transient Solution
--------------------------

Node                                   Voltage
----                                   -------
vdd                                       1.08
cm                                         0.6
vd0                                          0
ap0                                        0.6
an0                                        0.6
ibn0                                  0.308665
x0.x1.tmid                         1.30481e-06
x0.x1.tail                            0.567131
clk                                          0
x0.x1.np                                  1.08
x0.x1.nn                                  1.08
x0.x1.ln                                  1.08
x0.x1.lp                                  1.08
x0.x1.lnb                          8.59789e-08
x0.x1.lpb                          8.59789e-08
x0.x1.na                               1.06942
doutb0                                 0.55819
dout0                                  0.55819
x0.x1.nb                               1.06942
vd1                                      0.001
ap1                                     0.6005
an1                                     0.5995
ibn1                                  0.308665
x1.x1.tmid                         1.30482e-06
x1.x1.tail                            0.567135
x1.x1.np                                  1.08
x1.x1.nn                                  1.08
x1.x1.ln                                  1.08
x1.x1.lp                                  1.08
x1.x1.lnb                          8.59789e-08
x1.x1.lpb                          8.59789e-08
x1.x1.na                               1.06942
doutb1                                 0.55819
dout1                                  0.55819
x1.x1.nb                               1.06942
vd2                                     -0.001
ap2                                     0.5995
an2                                     0.6005
ibn2                                  0.308665
x2.x1.tmid                         1.30482e-06
x2.x1.tail                            0.567135
x2.x1.np                                  1.08
x2.x1.nn                                  1.08
x2.x1.ln                                  1.08
x2.x1.lp                                  1.08
x2.x1.lnb                          8.59789e-08
x2.x1.lpb                          8.59789e-08
x2.x1.na                               1.06942
doutb2                                 0.55819
dout2                                  0.55819
x2.x1.nb                               1.06942
ean2#branch                        5.57909e-13
eap2#branch                        5.61203e-13
ean1#branch                        5.61203e-13
eap1#branch                        5.57909e-13
ean0#branch                        5.59583e-13
eap0#branch                        5.59583e-13
vclk#branch                        6.45704e-10
vd2#branch                                   0
vd1#branch                                   0
vd0#branch                                   0
vcm#branch                         3.35739e-12
vsup#branch                       -0.000170122

 Reference value :  0.00000e+00
 Reference value :  6.61176e-10
 Reference value :  1.52824e-09
 Reference value :  3.04353e-09
 Reference value :  4.28353e-09
No. of Data Rows : 1345
vsup_v              =  1.08000e+00
d0now               =  5.58110e-06
d1now               =  1.07999e+00
d2now               =  7.38770e-06
Reset re-loads circuit * comparator-transient-noise @ tt_27c_1.08v -- generated by sim/harness, do not edit

Circuit: * comparator-transient-noise @ tt_27c_1.08v -- generated by sim/harness, do not edit

Doing analysis at TEMP = 27.000000 and TNOM = 27.000000

Using SPARSE 1.3 as Direct Linear Solver

Initial Transient Solution
--------------------------

Node                                   Voltage
----                                   -------
vdd                                       1.08
cm                                         0.6
vd0                                          0
ap0                                        0.6
an0                                        0.6
ibn0                                  0.308665
x0.x1.tmid                         1.30481e-06
x0.x1.tail                            0.567131
clk                                          0
x0.x1.np                                  1.08
x0.x1.nn                                  1.08
x0.x1.ln                                  1.08
x0.x1.lp                                  1.08
x0.x1.lnb                          8.59789e-08
x0.x1.lpb                          8.59789e-08
x0.x1.na                               1.06942
doutb0                                 0.55819
dout0                                  0.55819
x0.x1.nb                               1.06942
vd1                                      0.001
ap1                                     0.6005
an1                                     0.5995
ibn1                                  0.308665
x1.x1.tmid                         1.30482e-06
x1.x1.tail                            0.567135
x1.x1.np                                  1.08
x1.x1.nn                                  1.08
x1.x1.ln                                  1.08
x1.x1.lp                                  1.08
x1.x1.lnb                          8.59789e-08
x1.x1.lpb                          8.59789e-08
x1.x1.na                               1.06942
doutb1                                 0.55819
dout1                                  0.55819
x1.x1.nb                               1.06942
vd2                                     -0.001
ap2                                     0.5995
an2                                     0.6005
ibn2                                  0.308665
x2.x1.tmid                         1.30482e-06
x2.x1.tail                            0.567135
x2.x1.np                                  1.08
x2.x1.nn                                  1.08
x2.x1.ln                                  1.08
x2.x1.lp                                  1.08
x2.x1.lnb                          8.59789e-08
x2.x1.lpb                          8.59789e-08
x2.x1.na                               1.06942
doutb2                                 0.55819
dout2                                  0.55819
x2.x1.nb                               1.06942
ean2#branch                        5.57909e-13
eap2#branch                        5.61203e-13
ean1#branch                        5.61203e-13
eap1#branch                        5.57909e-13
ean0#branch                        5.59583e-13
eap0#branch                        5.59583e-13
vclk#branch                        6.45704e-10
vd2#branch                                   0
vd1#branch                                   0
vd0#branch                                   0
vcm#branch                         3.35739e-12
vsup#branch                       -0.000170122

 Reference value :  0.00000e+00
 Reference value :  1.06122e-09
 Reference value :  2.34118e-09
 Reference value :  3.84000e-09
 Reference value :  4.88353e-09
No. of Data Rows : 1345
vsup_v              =  1.08000e+00
d0now               =  2.75502e-06
d1now               =  -3.09209e-07
d2now               =  -1.15791e-06
Reset re-loads circuit * comparator-transient-noise @ tt_27c_1.08v -- generated by sim/harness, do not edit

Circuit: * comparator-transient-noise @ tt_27c_1.08v -- generated by sim/harness, do not edit

Doing analysis at TEMP = 27.000000 and TNOM = 27.000000

Using SPARSE 1.3 as Direct Linear Solver

Initial Transient Solution
--------------------------

Node                                   Voltage
----                                   -------
vdd                                       1.08
cm                                         0.6
vd0                                          0
ap0                                        0.6
an0                                        0.6
ibn0                                  0.308665
x0.x1.tmid                         1.30481e-06
x0.x1.tail                            0.567131
clk                                          0
x0.x1.np                                  1.08
x0.x1.nn                                  1.08
x0.x1.ln                                  1.08
x0.x1.lp                                  1.08
x0.x1.lnb                          8.59789e-08
x0.x1.lpb                          8.59789e-08
x0.x1.na                               1.06942
doutb0                                 0.55819
dout0                                  0.55819
x0.x1.nb                               1.06942
vd1                                      0.001
ap1                                     0.6005
an1                                     0.5995
ibn1                                  0.308665
x1.x1.tmid                         1.30482e-06
x1.x1.tail                            0.567135
x1.x1.np                                  1.08
x1.x1.nn                                  1.08
x1.x1.ln                                  1.08
x1.x1.lp                                  1.08
x1.x1.lnb                          8.59789e-08
x1.x1.lpb                          8.59789e-08
x1.x1.na                               1.06942
doutb1                                 0.55819
dout1                                  0.55819
x1.x1.nb                               1.06942
vd2                                     -0.001
ap2                                     0.5995
an2                                     0.6005
ibn2                                  0.308665
x2.x1.tmid                         1.30482e-06
x2.x1.tail                            0.567135
x2.x1.np                                  1.08
x2.x1.nn                                  1.08
x2.x1.ln                                  1.08
x2.x1.lp                                  1.08
x2.x1.lnb                          8.59789e-08
x2.x1.lpb                          8.59789e-08
x2.x1.na                               1.06942
doutb2                                 0.55819
dout2                                  0.55819
x2.x1.nb                               1.06942
ean2#branch                        5.57909e-13
eap2#branch                        5.61203e-13
ean1#branch                        5.61203e-13
eap1#branch                        5.57909e-13
ean0#branch                        5.59583e-13
eap0#branch                        5.59583e-13
vclk#branch                        6.45704e-10
vd2#branch                                   0
vd1#branch                                   0
vd0#branch                                   0
vcm#branch                         3.35739e-12
vsup#branch                       -0.000170122

 Reference value :  2.40000e-10
 Reference value :  1.24000e-09
 Reference value :  2.71412e-09
 Reference value :  3.91412e-09
No. of Data Rows : 1345
vsup_v              =  1.08000e+00
d0now               =  6.12763e-07
d1now               =  1.05364e-06
d2now               =  3.67847e-06
Reset re-loads circuit * comparator-transient-noise @ tt_27c_1.08v -- generated by sim/harness, do not edit

Circuit: * comparator-transient-noise @ tt_27c_1.08v -- generated by sim/harness, do not edit

Doing analysis at TEMP = 27.000000 and TNOM = 27.000000

Using SPARSE 1.3 as Direct Linear Solver

Initial Transient Solution
--------------------------

Node                                   Voltage
----                                   -------
vdd                                       1.08
cm                                         0.6
vd0                                          0
ap0                                        0.6
an0                                        0.6
ibn0                                  0.308665
x0.x1.tmid                         1.30481e-06
x0.x1.tail                            0.567131
clk                                          0
x0.x1.np                                  1.08
x0.x1.nn                                  1.08
x0.x1.ln                                  1.08
x0.x1.lp                                  1.08
x0.x1.lnb                          8.59789e-08
x0.x1.lpb                          8.59789e-08
x0.x1.na                               1.06942
doutb0                                 0.55819
dout0                                  0.55819
x0.x1.nb                               1.06942
vd1                                      0.001
ap1                                     0.6005
an1                                     0.5995
ibn1                                  0.308665
x1.x1.tmid                         1.30482e-06
x1.x1.tail                            0.567135
x1.x1.np                                  1.08
x1.x1.nn                                  1.08
x1.x1.ln                                  1.08
x1.x1.lp                                  1.08
x1.x1.lnb                          8.59789e-08
x1.x1.lpb                          8.59789e-08
x1.x1.na                               1.06942
doutb1                                 0.55819
dout1                                  0.55819
x1.x1.nb                               1.06942
vd2                                     -0.001
ap2                                     0.5995
an2                                     0.6005
ibn2                                  0.308665
x2.x1.tmid                         1.30482e-06
x2.x1.tail                            0.567135
x2.x1.np                                  1.08
x2.x1.nn                                  1.08
x2.x1.ln                                  1.08
x2.x1.lp                                  1.08
x2.x1.lnb                          8.59789e-08
x2.x1.lpb                          8.59789e-08
x2.x1.na                               1.06942
doutb2                                 0.55819
dout2                                  0.55819
x2.x1.nb                               1.06942
ean2#branch                        5.57909e-13
eap2#branch                        5.61203e-13
ean1#branch                        5.61203e-13
eap1#branch                        5.57909e-13
ean0#branch                        5.59583e-13
eap0#branch                        5.59583e-13
vclk#branch                        6.45704e-10
vd2#branch                                   0
vd1#branch                                   0
vd0#branch                                   0
vcm#branch                         3.35739e-12
vsup#branch                       -0.000170122

 Reference value :  0.00000e+00
 Reference value :  1.05390e-09
 Reference value :  2.38353e-09
 Reference value :  3.49412e-09
 Reference value :  4.20353e-09
No. of Data Rows : 1345
vsup_v              =  1.08000e+00
d0now               =  7.74753e-06
d1now               =  1.07999e+00
d2now               =  -1.67542e-06
Reset re-loads circuit * comparator-transient-noise @ tt_27c_1.08v -- generated by sim/harness, do not edit

Circuit: * comparator-transient-noise @ tt_27c_1.08v -- generated by sim/harness, do not edit

Doing analysis at TEMP = 27.000000 and TNOM = 27.000000

Using SPARSE 1.3 as Direct Linear Solver

Initial Transient Solution
--------------------------

Node                                   Voltage
----                                   -------
vdd                                       1.08
cm                                         0.6
vd0                                          0
ap0                                        0.6
an0                                        0.6
ibn0                                  0.308665
x0.x1.tmid                         1.30481e-06
x0.x1.tail                            0.567131
clk                                          0
x0.x1.np                                  1.08
x0.x1.nn                                  1.08
x0.x1.ln                                  1.08
x0.x1.lp                                  1.08
x0.x1.lnb                          8.59789e-08
x0.x1.lpb                          8.59789e-08
x0.x1.na                               1.06942
doutb0                                 0.55819
dout0                                  0.55819
x0.x1.nb                               1.06942
vd1                                      0.001
ap1                                     0.6005
an1                                     0.5995
ibn1                                  0.308665
x1.x1.tmid                         1.30482e-06
x1.x1.tail                            0.567135
x1.x1.np                                  1.08
x1.x1.nn                                  1.08
x1.x1.ln                                  1.08
x1.x1.lp                                  1.08
x1.x1.lnb                          8.59789e-08
x1.x1.lpb                          8.59789e-08
x1.x1.na                               1.06942
doutb1                                 0.55819
dout1                                  0.55819
x1.x1.nb                               1.06942
vd2                                     -0.001
ap2                                     0.5995
an2                                     0.6005
ibn2                                  0.308665
x2.x1.tmid                         1.30482e-06
x2.x1.tail                            0.567135
x2.x1.np                                  1.08
x2.x1.nn                                  1.08
x2.x1.ln                                  1.08
x2.x1.lp                                  1.08
x2.x1.lnb                          8.59789e-08
x2.x1.lpb                          8.59789e-08
x2.x1.na                               1.06942
doutb2                                 0.55819
dout2                                  0.55819
x2.x1.nb                               1.06942
ean2#branch                        5.57909e-13
eap2#branch                        5.61203e-13
ean1#branch                        5.61203e-13
eap1#branch                        5.57909e-13
ean0#branch                        5.59583e-13
eap0#branch                        5.59583e-13
vclk#branch                        6.45704e-10
vd2#branch                                   0
vd1#branch                                   0
vd0#branch                                   0
vcm#branch                         3.35739e-12
vsup#branch                       -0.000170122

 Reference value :  0.00000e+00
 Reference value :  1.03442e-09
 Reference value :  2.17412e-09
 Reference value :  3.60000e-09
 Reference value :  4.74353e-09
No. of Data Rows : 1345
vsup_v              =  1.08000e+00
d0now               =  9.26030e-06
d1now               =  1.08000e+00
d2now               =  5.80433e-06
Reset re-loads circuit * comparator-transient-noise @ tt_27c_1.08v -- generated by sim/harness, do not edit

Circuit: * comparator-transient-noise @ tt_27c_1.08v -- generated by sim/harness, do not edit

Doing analysis at TEMP = 27.000000 and TNOM = 27.000000

Using SPARSE 1.3 as Direct Linear Solver

Initial Transient Solution
--------------------------

Node                                   Voltage
----                                   -------
vdd                                       1.08
cm                                         0.6
vd0                                          0
ap0                                        0.6
an0                                        0.6
ibn0                                  0.308665
x0.x1.tmid                         1.30481e-06
x0.x1.tail                            0.567131
clk                                          0
x0.x1.np                                  1.08
x0.x1.nn                                  1.08
x0.x1.ln                                  1.08
x0.x1.lp                                  1.08
x0.x1.lnb                          8.59789e-08
x0.x1.lpb                          8.59789e-08
x0.x1.na                               1.06942
doutb0                                 0.55819
dout0                                  0.55819
x0.x1.nb                               1.06942
vd1                                      0.001
ap1                                     0.6005
an1                                     0.5995
ibn1                                  0.308665
x1.x1.tmid                         1.30482e-06
x1.x1.tail                            0.567135
x1.x1.np                                  1.08
x1.x1.nn                                  1.08
x1.x1.ln                                  1.08
x1.x1.lp                                  1.08
x1.x1.lnb                          8.59789e-08
x1.x1.lpb                          8.59789e-08
x1.x1.na                               1.06942
doutb1                                 0.55819
dout1                                  0.55819
x1.x1.nb                               1.06942
vd2                                     -0.001
ap2                                     0.5995
an2                                     0.6005
ibn2                                  0.308665
x2.x1.tmid                         1.30482e-06
x2.x1.tail                            0.567135
x2.x1.np                                  1.08
x2.x1.nn                                  1.08
x2.x1.ln                                  1.08
x2.x1.lp                                  1.08
x2.x1.lnb                          8.59789e-08
x2.x1.lpb                          8.59789e-08
x2.x1.na                               1.06942
doutb2                                 0.55819
dout2                                  0.55819
x2.x1.nb                               1.06942
ean2#branch                        5.57909e-13
eap2#branch                        5.61203e-13
ean1#branch                        5.61203e-13
eap1#branch                        5.57909e-13
ean0#branch                        5.59583e-13
eap0#branch                        5.59583e-13
vclk#branch                        6.45704e-10
vd2#branch                                   0
vd1#branch                                   0
vd0#branch                                   0
vcm#branch                         3.35739e-12
vsup#branch                       -0.000170122

 Reference value :  0.00000e+00
 Reference value :  6.54118e-10
 Reference value :  1.18821e-09
 Reference value :  2.40353e-09
 Reference value :  3.84000e-09
 Reference value :  5.10000e-09
No. of Data Rows : 1345
vsup_v              =  1.08000e+00
d0now               =  3.59171e-06
d1now               =  1.07999e+00
d2now               =  6.32076e-07
Reset re-loads circuit * comparator-transient-noise @ tt_27c_1.08v -- generated by sim/harness, do not edit

Circuit: * comparator-transient-noise @ tt_27c_1.08v -- generated by sim/harness, do not edit

Doing analysis at TEMP = 27.000000 and TNOM = 27.000000

Using SPARSE 1.3 as Direct Linear Solver

Initial Transient Solution
--------------------------

Node                                   Voltage
----                                   -------
vdd                                       1.08
cm                                         0.6
vd0                                          0
ap0                                        0.6
an0                                        0.6
ibn0                                  0.308665
x0.x1.tmid                         1.30481e-06
x0.x1.tail                            0.567131
clk                                          0
x0.x1.np                                  1.08
x0.x1.nn                                  1.08
x0.x1.ln                                  1.08
x0.x1.lp                                  1.08
x0.x1.lnb                          8.59789e-08
x0.x1.lpb                          8.59789e-08
x0.x1.na                               1.06942
doutb0                                 0.55819
dout0                                  0.55819
x0.x1.nb                               1.06942
vd1                                      0.001
ap1                                     0.6005
an1                                     0.5995
ibn1                                  0.308665
x1.x1.tmid                         1.30482e-06
x1.x1.tail                            0.567135
x1.x1.np                                  1.08
x1.x1.nn                                  1.08
x1.x1.ln                                  1.08
x1.x1.lp                                  1.08
x1.x1.lnb                          8.59789e-08
x1.x1.lpb                          8.59789e-08
x1.x1.na                               1.06942
doutb1                                 0.55819
dout1                                  0.55819
x1.x1.nb                               1.06942
vd2                                     -0.001
ap2                                     0.5995
an2                                     0.6005
ibn2                                  0.308665
x2.x1.tmid                         1.30482e-06
x2.x1.tail                            0.567135
x2.x1.np                                  1.08
x2.x1.nn                                  1.08
x2.x1.ln                                  1.08
x2.x1.lp                                  1.08
x2.x1.lnb                          8.59789e-08
x2.x1.lpb                          8.59789e-08
x2.x1.na                               1.06942
doutb2                                 0.55819
dout2                                  0.55819
x2.x1.nb                               1.06942
ean2#branch                        5.57909e-13
eap2#branch                        5.61203e-13
ean1#branch                        5.61203e-13
eap1#branch                        5.57909e-13
ean0#branch                        5.59583e-13
eap0#branch                        5.59583e-13
vclk#branch                        6.45704e-10
vd2#branch                                   0
vd1#branch                                   0
vd0#branch                                   0
vcm#branch                         3.35739e-12
vsup#branch                       -0.000170122

 Reference value :  4.74118e-10
 Reference value :  1.23411e-09
 Reference value :  2.56353e-09
 Reference value :  3.82000e-09
 Reference value :  5.08000e-09
No. of Data Rows : 1345
vsup_v              =  1.08000e+00
d0now               =  -7.30641e-07
d1now               =  6.48184e-06
d2now               =  1.03403e-06
Reset re-loads circuit * comparator-transient-noise @ tt_27c_1.08v -- generated by sim/harness, do not edit

Circuit: * comparator-transient-noise @ tt_27c_1.08v -- generated by sim/harness, do not edit

Doing analysis at TEMP = 27.000000 and TNOM = 27.000000

Using SPARSE 1.3 as Direct Linear Solver

Initial Transient Solution
--------------------------

Node                                   Voltage
----                                   -------
vdd                                       1.08
cm                                         0.6
vd0                                          0
ap0                                        0.6
an0                                        0.6
ibn0                                  0.308665
x0.x1.tmid                         1.30481e-06
x0.x1.tail                            0.567131
clk                                          0
x0.x1.np                                  1.08
x0.x1.nn                                  1.08
x0.x1.ln                                  1.08
x0.x1.lp                                  1.08
x0.x1.lnb                          8.59789e-08
x0.x1.lpb                          8.59789e-08
x0.x1.na                               1.06942
doutb0                                 0.55819
dout0                                  0.55819
x0.x1.nb                               1.06942
vd1                                      0.001
ap1                                     0.6005
an1                                     0.5995
ibn1                                  0.308665
x1.x1.tmid                         1.30482e-06
x1.x1.tail                            0.567135
x1.x1.np                                  1.08
x1.x1.nn                                  1.08
x1.x1.ln                                  1.08
x1.x1.lp                                  1.08
x1.x1.lnb                          8.59789e-08
x1.x1.lpb                          8.59789e-08
x1.x1.na                               1.06942
doutb1                                 0.55819
dout1                                  0.55819
x1.x1.nb                               1.06942
vd2                                     -0.001
ap2                                     0.5995
an2                                     0.6005
ibn2                                  0.308665
x2.x1.tmid                         1.30482e-06
x2.x1.tail                            0.567135
x2.x1.np                                  1.08
x2.x1.nn                                  1.08
x2.x1.ln                                  1.08
x2.x1.lp                                  1.08
x2.x1.lnb                          8.59789e-08
x2.x1.lpb                          8.59789e-08
x2.x1.na                               1.06942
doutb2                                 0.55819
dout2                                  0.55819
x2.x1.nb                               1.06942
ean2#branch                        5.57909e-13
eap2#branch                        5.61203e-13
ean1#branch                        5.61203e-13
eap1#branch                        5.57909e-13
ean0#branch                        5.59583e-13
eap0#branch                        5.59583e-13
vclk#branch                        6.45704e-10
vd2#branch                                   0
vd1#branch                                   0
vd0#branch                                   0
vcm#branch                         3.35739e-12
vsup#branch                       -0.000170122

 Reference value :  4.54117e-10
 Reference value :  1.52353e-09
 Reference value :  2.64353e-09
 Reference value :  3.54000e-09
 Reference value :  4.25412e-09
No. of Data Rows : 1345
vsup_v              =  1.08000e+00
d0now               =  -6.58013e-07
d1now               =  1.07999e+00
d2now               =  6.22751e-06
Reset re-loads circuit * comparator-transient-noise @ tt_27c_1.08v -- generated by sim/harness, do not edit

Circuit: * comparator-transient-noise @ tt_27c_1.08v -- generated by sim/harness, do not edit

Doing analysis at TEMP = 27.000000 and TNOM = 27.000000

Using SPARSE 1.3 as Direct Linear Solver

Initial Transient Solution
--------------------------

Node                                   Voltage
----                                   -------
vdd                                       1.08
cm                                         0.6
vd0                                          0
ap0                                        0.6
an0                                        0.6
ibn0                                  0.308665
x0.x1.tmid                         1.30481e-06
x0.x1.tail                            0.567131
clk                                          0
x0.x1.np                                  1.08
x0.x1.nn                                  1.08
x0.x1.ln                                  1.08
x0.x1.lp                                  1.08
x0.x1.lnb                          8.59789e-08
x0.x1.lpb                          8.59789e-08
x0.x1.na                               1.06942
doutb0                                 0.55819
dout0                                  0.55819
x0.x1.nb                               1.06942
vd1                                      0.001
ap1                                     0.6005
an1                                     0.5995
ibn1                                  0.308665
x1.x1.tmid                         1.30482e-06
x1.x1.tail                            0.567135
x1.x1.np                                  1.08
x1.x1.nn                                  1.08
x1.x1.ln                                  1.08
x1.x1.lp                                  1.08
x1.x1.lnb                          8.59789e-08
x1.x1.lpb                          8.59789e-08
x1.x1.na                               1.06942
doutb1                                 0.55819
dout1                                  0.55819
x1.x1.nb                               1.06942
vd2                                     -0.001
ap2                                     0.5995
an2                                     0.6005
ibn2                                  0.308665
x2.x1.tmid                         1.30482e-06
x2.x1.tail                            0.567135
x2.x1.np                                  1.08
x2.x1.nn                                  1.08
x2.x1.ln                                  1.08
x2.x1.lp                                  1.08
x2.x1.lnb                          8.59789e-08
x2.x1.lpb                          8.59789e-08
x2.x1.na                               1.06942
doutb2                                 0.55819
dout2                                  0.55819
x2.x1.nb                               1.06942
ean2#branch                        5.57909e-13
eap2#branch                        5.61203e-13
ean1#branch                        5.61203e-13
eap1#branch                        5.57909e-13
ean0#branch                        5.59583e-13
eap0#branch                        5.59583e-13
vclk#branch                        6.45704e-10
vd2#branch                                   0
vd1#branch                                   0
vd0#branch                                   0
vcm#branch                         3.35739e-12
vsup#branch                       -0.000170122

 Reference value :  0.00000e+00
 Reference value :  1.04781e-09
 Reference value :  2.20353e-09
 Reference value :  3.44000e-09
 Reference value :  4.70000e-09
No. of Data Rows : 1345
vsup_v              =  1.08000e+00
d0now               =  1.08000e+00
d1now               =  1.07999e+00
d2now               =  8.10698e-06
Reset re-loads circuit * comparator-transient-noise @ tt_27c_1.08v -- generated by sim/harness, do not edit

Circuit: * comparator-transient-noise @ tt_27c_1.08v -- generated by sim/harness, do not edit

Doing analysis at TEMP = 27.000000 and TNOM = 27.000000

Using SPARSE 1.3 as Direct Linear Solver

Initial Transient Solution
--------------------------

Node                                   Voltage
----                                   -------
vdd                                       1.08
cm                                         0.6
vd0                                          0
ap0                                        0.6
an0                                        0.6
ibn0                                  0.308665
x0.x1.tmid                         1.30481e-06
x0.x1.tail                            0.567131
clk                                          0
x0.x1.np                                  1.08
x0.x1.nn                                  1.08
x0.x1.ln                                  1.08
x0.x1.lp                                  1.08
x0.x1.lnb                          8.59789e-08
x0.x1.lpb                          8.59789e-08
x0.x1.na                               1.06942
doutb0                                 0.55819
dout0                                  0.55819
x0.x1.nb                               1.06942
vd1                                      0.001
ap1                                     0.6005
an1                                     0.5995
ibn1                                  0.308665
x1.x1.tmid                         1.30482e-06
x1.x1.tail                            0.567135
x1.x1.np                                  1.08
x1.x1.nn                                  1.08
x1.x1.ln                                  1.08
x1.x1.lp                                  1.08
x1.x1.lnb                          8.59789e-08
x1.x1.lpb                          8.59789e-08
x1.x1.na                               1.06942
doutb1                                 0.55819
dout1                                  0.55819
x1.x1.nb                               1.06942
vd2                                     -0.001
ap2                                     0.5995
an2                                     0.6005
ibn2                                  0.308665
x2.x1.tmid                         1.30482e-06
x2.x1.tail                            0.567135
x2.x1.np                                  1.08
x2.x1.nn                                  1.08
x2.x1.ln                                  1.08
x2.x1.lp                                  1.08
x2.x1.lnb                          8.59789e-08
x2.x1.lpb                          8.59789e-08
x2.x1.na                               1.06942
doutb2                                 0.55819
dout2                                  0.55819
x2.x1.nb                               1.06942
ean2#branch                        5.57909e-13
eap2#branch                        5.61203e-13
ean1#branch                        5.61203e-13
eap1#branch                        5.57909e-13
ean0#branch                        5.59583e-13
eap0#branch                        5.59583e-13
vclk#branch                        6.45704e-10
vd2#branch                                   0
vd1#branch                                   0
vd0#branch                                   0
vcm#branch                         3.35739e-12
vsup#branch                       -0.000170122

 Reference value :  8.79867e-11
 Reference value :  1.10000e-09
 Reference value :  2.14824e-09
 Reference value :  3.10118e-09
 Reference value :  3.88353e-09
 Reference value :  4.68000e-09
No. of Data Rows : 1345
vsup_v              =  1.08000e+00
d0now               =  -2.19843e-06
d1now               =  1.54742e-07
d2now               =  3.86740e-07
Reset re-loads circuit * comparator-transient-noise @ tt_27c_1.08v -- generated by sim/harness, do not edit

Circuit: * comparator-transient-noise @ tt_27c_1.08v -- generated by sim/harness, do not edit

Doing analysis at TEMP = 27.000000 and TNOM = 27.000000

Using SPARSE 1.3 as Direct Linear Solver

Initial Transient Solution
--------------------------

Node                                   Voltage
----                                   -------
vdd                                       1.08
cm                                         0.6
vd0                                          0
ap0                                        0.6
an0                                        0.6
ibn0                                  0.308665
x0.x1.tmid                         1.30481e-06
x0.x1.tail                            0.567131
clk                                          0
x0.x1.np                                  1.08
x0.x1.nn                                  1.08
x0.x1.ln                                  1.08
x0.x1.lp                                  1.08
x0.x1.lnb                          8.59789e-08
x0.x1.lpb                          8.59789e-08
x0.x1.na                               1.06942
doutb0                                 0.55819
dout0                                  0.55819
x0.x1.nb                               1.06942
vd1                                      0.001
ap1                                     0.6005
an1                                     0.5995
ibn1                                  0.308665
x1.x1.tmid                         1.30482e-06
x1.x1.tail                            0.567135
x1.x1.np                                  1.08
x1.x1.nn                                  1.08
x1.x1.ln                                  1.08
x1.x1.lp                                  1.08
x1.x1.lnb                          8.59789e-08
x1.x1.lpb                          8.59789e-08
x1.x1.na                               1.06942
doutb1                                 0.55819
dout1                                  0.55819
x1.x1.nb                               1.06942
vd2                                     -0.001
ap2                                     0.5995
an2                                     0.6005
ibn2                                  0.308665
x2.x1.tmid                         1.30482e-06
x2.x1.tail                            0.567135
x2.x1.np                                  1.08
x2.x1.nn                                  1.08
x2.x1.ln                                  1.08
x2.x1.lp                                  1.08
x2.x1.lnb                          8.59789e-08
x2.x1.lpb                          8.59789e-08
x2.x1.na                               1.06942
doutb2                                 0.55819
dout2                                  0.55819
x2.x1.nb                               1.06942
ean2#branch                        5.57909e-13
eap2#branch                        5.61203e-13
ean1#branch                        5.61203e-13
eap1#branch                        5.57909e-13
ean0#branch                        5.59583e-13
eap0#branch                        5.59583e-13
vclk#branch                        6.45704e-10
vd2#branch                                   0
vd1#branch                                   0
vd0#branch                                   0
vcm#branch                         3.35739e-12
vsup#branch                       -0.000170122

 Reference value :  4.77280e-11
 Reference value :  1.00023e-09
 Reference value :  2.10118e-09
 Reference value :  3.57412e-09
 Reference value :  4.84824e-09
No. of Data Rows : 1345
vsup_v              =  1.08000e+00
d0now               =  -2.52994e-06
d1now               =  1.08000e+00
d2now               =  3.07736e-06
Reset re-loads circuit * comparator-transient-noise @ tt_27c_1.08v -- generated by sim/harness, do not edit

Circuit: * comparator-transient-noise @ tt_27c_1.08v -- generated by sim/harness, do not edit

Doing analysis at TEMP = 27.000000 and TNOM = 27.000000

Using SPARSE 1.3 as Direct Linear Solver

Initial Transient Solution
--------------------------

Node                                   Voltage
----                                   -------
vdd                                       1.08
cm                                         0.6
vd0                                          0
ap0                                        0.6
an0                                        0.6
ibn0                                  0.308665
x0.x1.tmid                         1.30481e-06
x0.x1.tail                            0.567131
clk                                          0
x0.x1.np                                  1.08
x0.x1.nn                                  1.08
x0.x1.ln                                  1.08
x0.x1.lp                                  1.08
x0.x1.lnb                          8.59789e-08
x0.x1.lpb                          8.59789e-08
x0.x1.na                               1.06942
doutb0                                 0.55819
dout0                                  0.55819
x0.x1.nb                               1.06942
vd1                                      0.001
ap1                                     0.6005
an1                                     0.5995
ibn1                                  0.308665
x1.x1.tmid                         1.30482e-06
x1.x1.tail                            0.567135
x1.x1.np                                  1.08
x1.x1.nn                                  1.08
x1.x1.ln                                  1.08
x1.x1.lp                                  1.08
x1.x1.lnb                          8.59789e-08
x1.x1.lpb                          8.59789e-08
x1.x1.na                               1.06942
doutb1                                 0.55819
dout1                                  0.55819
x1.x1.nb                               1.06942
vd2                                     -0.001
ap2                                     0.5995
an2                                     0.6005
ibn2                                  0.308665
x2.x1.tmid                         1.30482e-06
x2.x1.tail                            0.567135
x2.x1.np                                  1.08
x2.x1.nn                                  1.08
x2.x1.ln                                  1.08
x2.x1.lp                                  1.08
x2.x1.lnb                          8.59789e-08
x2.x1.lpb                          8.59789e-08
x2.x1.na                               1.06942
doutb2                                 0.55819
dout2                                  0.55819
x2.x1.nb                               1.06942
ean2#branch                        5.57909e-13
eap2#branch                        5.61203e-13
ean1#branch                        5.61203e-13
eap1#branch                        5.57909e-13
ean0#branch                        5.59583e-13
eap0#branch                        5.59583e-13
vclk#branch                        6.45704e-10
vd2#branch                                   0
vd1#branch                                   0
vd0#branch                                   0
vcm#branch                         3.35739e-12
vsup#branch                       -0.000170122

 Reference value :  9.39934e-11
 Reference value :  1.10000e-09
 Reference value :  2.44118e-09
 Reference value :  3.56000e-09
 Reference value :  4.42824e-09
No. of Data Rows : 1345
vsup_v              =  1.08000e+00
d0now               =  6.13000e-06
d1now               =  7.32725e-06
d2now               =  7.57009e-06
Reset re-loads circuit * comparator-transient-noise @ tt_27c_1.08v -- generated by sim/harness, do not edit

Circuit: * comparator-transient-noise @ tt_27c_1.08v -- generated by sim/harness, do not edit

Doing analysis at TEMP = 27.000000 and TNOM = 27.000000

Using SPARSE 1.3 as Direct Linear Solver

Initial Transient Solution
--------------------------

Node                                   Voltage
----                                   -------
vdd                                       1.08
cm                                         0.6
vd0                                          0
ap0                                        0.6
an0                                        0.6
ibn0                                  0.308665
x0.x1.tmid                         1.30481e-06
x0.x1.tail                            0.567131
clk                                          0
x0.x1.np                                  1.08
x0.x1.nn                                  1.08
x0.x1.ln                                  1.08
x0.x1.lp                                  1.08
x0.x1.lnb                          8.59789e-08
x0.x1.lpb                          8.59789e-08
x0.x1.na                               1.06942
doutb0                                 0.55819
dout0                                  0.55819
x0.x1.nb                               1.06942
vd1                                      0.001
ap1                                     0.6005
an1                                     0.5995
ibn1                                  0.308665
x1.x1.tmid                         1.30482e-06
x1.x1.tail                            0.567135
x1.x1.np                                  1.08
x1.x1.nn                                  1.08
x1.x1.ln                                  1.08
x1.x1.lp                                  1.08
x1.x1.lnb                          8.59789e-08
x1.x1.lpb                          8.59789e-08
x1.x1.na                               1.06942
doutb1                                 0.55819
dout1                                  0.55819
x1.x1.nb                               1.06942
vd2                                     -0.001
ap2                                     0.5995
an2                                     0.6005
ibn2                                  0.308665
x2.x1.tmid                         1.30482e-06
x2.x1.tail                            0.567135
x2.x1.np                                  1.08
x2.x1.nn                                  1.08
x2.x1.ln                                  1.08
x2.x1.lp                                  1.08
x2.x1.lnb                          8.59789e-08
x2.x1.lpb                          8.59789e-08
x2.x1.na                               1.06942
doutb2                                 0.55819
dout2                                  0.55819
x2.x1.nb                               1.06942
ean2#branch                        5.57909e-13
eap2#branch                        5.61203e-13
ean1#branch                        5.61203e-13
eap1#branch                        5.57909e-13
ean0#branch                        5.59583e-13
eap0#branch                        5.59583e-13
vclk#branch                        6.45704e-10
vd2#branch                                   0
vd1#branch                                   0
vd0#branch                                   0
vcm#branch                         3.35739e-12
vsup#branch                       -0.000170122

 Reference value :  0.00000e+00
 Reference value :  7.40000e-10
 Reference value :  1.70000e-09
 Reference value :  3.21412e-09
 Reference value :  4.38353e-09
No. of Data Rows : 1345
vsup_v              =  1.08000e+00
d0now               =  7.25640e-06
d1now               =  2.18399e-07
d2now               =  1.07999e+00
Reset re-loads circuit * comparator-transient-noise @ tt_27c_1.08v -- generated by sim/harness, do not edit

Circuit: * comparator-transient-noise @ tt_27c_1.08v -- generated by sim/harness, do not edit

Doing analysis at TEMP = 27.000000 and TNOM = 27.000000

Using SPARSE 1.3 as Direct Linear Solver

Initial Transient Solution
--------------------------

Node                                   Voltage
----                                   -------
vdd                                       1.08
cm                                         0.6
vd0                                          0
ap0                                        0.6
an0                                        0.6
ibn0                                  0.308665
x0.x1.tmid                         1.30481e-06
x0.x1.tail                            0.567131
clk                                          0
x0.x1.np                                  1.08
x0.x1.nn                                  1.08
x0.x1.ln                                  1.08
x0.x1.lp                                  1.08
x0.x1.lnb                          8.59789e-08
x0.x1.lpb                          8.59789e-08
x0.x1.na                               1.06942
doutb0                                 0.55819
dout0                                  0.55819
x0.x1.nb                               1.06942
vd1                                      0.001
ap1                                     0.6005
an1                                     0.5995
ibn1                                  0.308665
x1.x1.tmid                         1.30482e-06
x1.x1.tail                            0.567135
x1.x1.np                                  1.08
x1.x1.nn                                  1.08
x1.x1.ln                                  1.08
x1.x1.lp                                  1.08
x1.x1.lnb                          8.59789e-08
x1.x1.lpb                          8.59789e-08
x1.x1.na                               1.06942
doutb1                                 0.55819
dout1                                  0.55819
x1.x1.nb                               1.06942
vd2                                     -0.001
ap2                                     0.5995
an2                                     0.6005
ibn2                                  0.308665
x2.x1.tmid                         1.30482e-06
x2.x1.tail                            0.567135
x2.x1.np                                  1.08
x2.x1.nn                                  1.08
x2.x1.ln                                  1.08
x2.x1.lp                                  1.08
x2.x1.lnb                          8.59789e-08
x2.x1.lpb                          8.59789e-08
x2.x1.na                               1.06942
doutb2                                 0.55819
dout2                                  0.55819
x2.x1.nb                               1.06942
ean2#branch                        5.57909e-13
eap2#branch                        5.61203e-13
ean1#branch                        5.61203e-13
eap1#branch                        5.57909e-13
ean0#branch                        5.59583e-13
eap0#branch                        5.59583e-13
vclk#branch                        6.45704e-10
vd2#branch                                   0
vd1#branch                                   0
vd0#branch                                   0
vcm#branch                         3.35739e-12
vsup#branch                       -0.000170122

 Reference value :  0.00000e+00
 Reference value :  1.00023e-09
 Reference value :  2.29412e-09
 Reference value :  3.72824e-09
 Reference value :  4.88118e-09
No. of Data Rows : 1345
vsup_v              =  1.08000e+00
d0now               =  1.07999e+00
d1now               =  1.08000e+00
d2now               =  2.60753e-06
Reset re-loads circuit * comparator-transient-noise @ tt_27c_1.08v -- generated by sim/harness, do not edit

Circuit: * comparator-transient-noise @ tt_27c_1.08v -- generated by sim/harness, do not edit

Doing analysis at TEMP = 27.000000 and TNOM = 27.000000

Using SPARSE 1.3 as Direct Linear Solver

Initial Transient Solution
--------------------------

Node                                   Voltage
----                                   -------
vdd                                       1.08
cm                                         0.6
vd0                                          0
ap0                                        0.6
an0                                        0.6
ibn0                                  0.308665
x0.x1.tmid                         1.30481e-06
x0.x1.tail                            0.567131
clk                                          0
x0.x1.np                                  1.08
x0.x1.nn                                  1.08
x0.x1.ln                                  1.08
x0.x1.lp                                  1.08
x0.x1.lnb                          8.59789e-08
x0.x1.lpb                          8.59789e-08
x0.x1.na                               1.06942
doutb0                                 0.55819
dout0                                  0.55819
x0.x1.nb                               1.06942
vd1                                      0.001
ap1                                     0.6005
an1                                     0.5995
ibn1                                  0.308665
x1.x1.tmid                         1.30482e-06
x1.x1.tail                            0.567135
x1.x1.np                                  1.08
x1.x1.nn                                  1.08
x1.x1.ln                                  1.08
x1.x1.lp                                  1.08
x1.x1.lnb                          8.59789e-08
x1.x1.lpb                          8.59789e-08
x1.x1.na                               1.06942
doutb1                                 0.55819
dout1                                  0.55819
x1.x1.nb                               1.06942
vd2                                     -0.001
ap2                                     0.5995
an2                                     0.6005
ibn2                                  0.308665
x2.x1.tmid                         1.30482e-06
x2.x1.tail                            0.567135
x2.x1.np                                  1.08
x2.x1.nn                                  1.08
x2.x1.ln                                  1.08
x2.x1.lp                                  1.08
x2.x1.lnb                          8.59789e-08
x2.x1.lpb                          8.59789e-08
x2.x1.na                               1.06942
doutb2                                 0.55819
dout2                                  0.55819
x2.x1.nb                               1.06942
ean2#branch                        5.57909e-13
eap2#branch                        5.61203e-13
ean1#branch                        5.61203e-13
eap1#branch                        5.57909e-13
ean0#branch                        5.59583e-13
eap0#branch                        5.59583e-13
vclk#branch                        6.45704e-10
vd2#branch                                   0
vd1#branch                                   0
vd0#branch                                   0
vcm#branch                         3.35739e-12
vsup#branch                       -0.000170122

 Reference value :  0.00000e+00
 Reference value :  6.88235e-10
 Reference value :  1.74118e-09
 Reference value :  3.23412e-09
 Reference value :  4.52000e-09
No. of Data Rows : 1345
vsup_v              =  1.08000e+00
d0now               =  1.08000e+00
d1now               =  3.62791e-06
d2now               =  6.00300e-06
Reset re-loads circuit * comparator-transient-noise @ tt_27c_1.08v -- generated by sim/harness, do not edit

Circuit: * comparator-transient-noise @ tt_27c_1.08v -- generated by sim/harness, do not edit

Doing analysis at TEMP = 27.000000 and TNOM = 27.000000

Using SPARSE 1.3 as Direct Linear Solver

Initial Transient Solution
--------------------------

Node                                   Voltage
----                                   -------
vdd                                       1.08
cm                                         0.6
vd0                                          0
ap0                                        0.6
an0                                        0.6
ibn0                                  0.308665
x0.x1.tmid                         1.30481e-06
x0.x1.tail                            0.567131
clk                                          0
x0.x1.np                                  1.08
x0.x1.nn                                  1.08
x0.x1.ln                                  1.08
x0.x1.lp                                  1.08
x0.x1.lnb                          8.59789e-08
x0.x1.lpb                          8.59789e-08
x0.x1.na                               1.06942
doutb0                                 0.55819
dout0                                  0.55819
x0.x1.nb                               1.06942
vd1                                      0.001
ap1                                     0.6005
an1                                     0.5995
ibn1                                  0.308665
x1.x1.tmid                         1.30482e-06
x1.x1.tail                            0.567135
x1.x1.np                                  1.08
x1.x1.nn                                  1.08
x1.x1.ln                                  1.08
x1.x1.lp                                  1.08
x1.x1.lnb                          8.59789e-08
x1.x1.lpb                          8.59789e-08
x1.x1.na                               1.06942
doutb1                                 0.55819
dout1                                  0.55819
x1.x1.nb                               1.06942
vd2                                     -0.001
ap2                                     0.5995
an2                                     0.6005
ibn2                                  0.308665
x2.x1.tmid                         1.30482e-06
x2.x1.tail                            0.567135
x2.x1.np                                  1.08
x2.x1.nn                                  1.08
x2.x1.ln                                  1.08
x2.x1.lp                                  1.08
x2.x1.lnb                          8.59789e-08
x2.x1.lpb                          8.59789e-08
x2.x1.na                               1.06942
doutb2                                 0.55819
dout2                                  0.55819
x2.x1.nb                               1.06942
ean2#branch                        5.57909e-13
eap2#branch                        5.61203e-13
ean1#branch                        5.61203e-13
eap1#branch                        5.57909e-13
ean0#branch                        5.59583e-13
eap0#branch                        5.59583e-13
vclk#branch                        6.45704e-10
vd2#branch                                   0
vd1#branch                                   0
vd0#branch                                   0
vcm#branch                         3.35739e-12
vsup#branch                       -0.000170122

 Reference value :  0.00000e+00
 Reference value :  1.06122e-09
 Reference value :  2.40118e-09
 Reference value :  3.84353e-09
No. of Data Rows : 1345
vsup_v              =  1.08000e+00
d0now               =  7.48697e-06
d1now               =  1.08000e+00
d2now               =  1.08000e+00
Reset re-loads circuit * comparator-transient-noise @ tt_27c_1.08v -- generated by sim/harness, do not edit

Circuit: * comparator-transient-noise @ tt_27c_1.08v -- generated by sim/harness, do not edit

Doing analysis at TEMP = 27.000000 and TNOM = 27.000000

Using SPARSE 1.3 as Direct Linear Solver

Initial Transient Solution
--------------------------

Node                                   Voltage
----                                   -------
vdd                                       1.08
cm                                         0.6
vd0                                          0
ap0                                        0.6
an0                                        0.6
ibn0                                  0.308665
x0.x1.tmid                         1.30481e-06
x0.x1.tail                            0.567131
clk                                          0
x0.x1.np                                  1.08
x0.x1.nn                                  1.08
x0.x1.ln                                  1.08
x0.x1.lp                                  1.08
x0.x1.lnb                          8.59789e-08
x0.x1.lpb                          8.59789e-08
x0.x1.na                               1.06942
doutb0                                 0.55819
dout0                                  0.55819
x0.x1.nb                               1.06942
vd1                                      0.001
ap1                                     0.6005
an1                                     0.5995
ibn1                                  0.308665
x1.x1.tmid                         1.30482e-06
x1.x1.tail                            0.567135
x1.x1.np                                  1.08
x1.x1.nn                                  1.08
x1.x1.ln                                  1.08
x1.x1.lp                                  1.08
x1.x1.lnb                          8.59789e-08
x1.x1.lpb                          8.59789e-08
x1.x1.na                               1.06942
doutb1                                 0.55819
dout1                                  0.55819
x1.x1.nb                               1.06942
vd2                                     -0.001
ap2                                     0.5995
an2                                     0.6005
ibn2                                  0.308665
x2.x1.tmid                         1.30482e-06
x2.x1.tail                            0.567135
x2.x1.np                                  1.08
x2.x1.nn                                  1.08
x2.x1.ln                                  1.08
x2.x1.lp                                  1.08
x2.x1.lnb                          8.59789e-08
x2.x1.lpb                          8.59789e-08
x2.x1.na                               1.06942
doutb2                                 0.55819
dout2                                  0.55819
x2.x1.nb                               1.06942
ean2#branch                        5.57909e-13
eap2#branch                        5.61203e-13
ean1#branch                        5.61203e-13
eap1#branch                        5.57909e-13
ean0#branch                        5.59583e-13
eap0#branch                        5.59583e-13
vclk#branch                        6.45704e-10
vd2#branch                                   0
vd1#branch                                   0
vd0#branch                                   0
vcm#branch                         3.35739e-12
vsup#branch                       -0.000170122

 Reference value :  0.00000e+00
 Reference value :  1.00000e-09
 Reference value :  1.70000e-09
 Reference value :  2.96000e-09
 Reference value :  4.31412e-09
No. of Data Rows : 1345
vsup_v              =  1.08000e+00
d0now               =  1.07999e+00
d1now               =  1.02211e-06
d2now               =  5.27595e-06
Reset re-loads circuit * comparator-transient-noise @ tt_27c_1.08v -- generated by sim/harness, do not edit

Circuit: * comparator-transient-noise @ tt_27c_1.08v -- generated by sim/harness, do not edit

Doing analysis at TEMP = 27.000000 and TNOM = 27.000000

Using SPARSE 1.3 as Direct Linear Solver

Initial Transient Solution
--------------------------

Node                                   Voltage
----                                   -------
vdd                                       1.08
cm                                         0.6
vd0                                          0
ap0                                        0.6
an0                                        0.6
ibn0                                  0.308665
x0.x1.tmid                         1.30481e-06
x0.x1.tail                            0.567131
clk                                          0
x0.x1.np                                  1.08
x0.x1.nn                                  1.08
x0.x1.ln                                  1.08
x0.x1.lp                                  1.08
x0.x1.lnb                          8.59789e-08
x0.x1.lpb                          8.59789e-08
x0.x1.na                               1.06942
doutb0                                 0.55819
dout0                                  0.55819
x0.x1.nb                               1.06942
vd1                                      0.001
ap1                                     0.6005
an1                                     0.5995
ibn1                                  0.308665
x1.x1.tmid                         1.30482e-06
x1.x1.tail                            0.567135
x1.x1.np                                  1.08
x1.x1.nn                                  1.08
x1.x1.ln                                  1.08
x1.x1.lp                                  1.08
x1.x1.lnb                          8.59789e-08
x1.x1.lpb                          8.59789e-08
x1.x1.na                               1.06942
doutb1                                 0.55819
dout1                                  0.55819
x1.x1.nb                               1.06942
vd2                                     -0.001
ap2                                     0.5995
an2                                     0.6005
ibn2                                  0.308665
x2.x1.tmid                         1.30482e-06
x2.x1.tail                            0.567135
x2.x1.np                                  1.08
x2.x1.nn                                  1.08
x2.x1.ln                                  1.08
x2.x1.lp                                  1.08
x2.x1.lnb                          8.59789e-08
x2.x1.lpb                          8.59789e-08
x2.x1.na                               1.06942
doutb2                                 0.55819
dout2                                  0.55819
x2.x1.nb                               1.06942
ean2#branch                        5.57909e-13
eap2#branch                        5.61203e-13
ean1#branch                        5.61203e-13
eap1#branch                        5.57909e-13
ean0#branch                        5.59583e-13
eap0#branch                        5.59583e-13
vclk#branch                        6.45704e-10
vd2#branch                                   0
vd1#branch                                   0
vd0#branch                                   0
vcm#branch                         3.35739e-12
vsup#branch                       -0.000170122

 Reference value :  0.00000e+00
 Reference value :  1.08344e-09
 Reference value :  2.32000e-09
 Reference value :  3.80000e-09
 Reference value :  5.06824e-09
No. of Data Rows : 1345
vsup_v              =  1.08000e+00
d0now               =  4.99268e-06
d1now               =  1.08000e+00
d2now               =  1.08000e+00
Reset re-loads circuit * comparator-transient-noise @ tt_27c_1.08v -- generated by sim/harness, do not edit

Circuit: * comparator-transient-noise @ tt_27c_1.08v -- generated by sim/harness, do not edit

Doing analysis at TEMP = 27.000000 and TNOM = 27.000000

Using SPARSE 1.3 as Direct Linear Solver

Initial Transient Solution
--------------------------

Node                                   Voltage
----                                   -------
vdd                                       1.08
cm                                         0.6
vd0                                          0
ap0                                        0.6
an0                                        0.6
ibn0                                  0.308665
x0.x1.tmid                         1.30481e-06
x0.x1.tail                            0.567131
clk                                          0
x0.x1.np                                  1.08
x0.x1.nn                                  1.08
x0.x1.ln                                  1.08
x0.x1.lp                                  1.08
x0.x1.lnb                          8.59789e-08
x0.x1.lpb                          8.59789e-08
x0.x1.na                               1.06942
doutb0                                 0.55819
dout0                                  0.55819
x0.x1.nb                               1.06942
vd1                                      0.001
ap1                                     0.6005
an1                                     0.5995
ibn1                                  0.308665
x1.x1.tmid                         1.30482e-06
x1.x1.tail                            0.567135
x1.x1.np                                  1.08
x1.x1.nn                                  1.08
x1.x1.ln                                  1.08
x1.x1.lp                                  1.08
x1.x1.lnb                          8.59789e-08
x1.x1.lpb                          8.59789e-08
x1.x1.na                               1.06942
doutb1                                 0.55819
dout1                                  0.55819
x1.x1.nb                               1.06942
vd2                                     -0.001
ap2                                     0.5995
an2                                     0.6005
ibn2                                  0.308665
x2.x1.tmid                         1.30482e-06
x2.x1.tail                            0.567135
x2.x1.np                                  1.08
x2.x1.nn                                  1.08
x2.x1.ln                                  1.08
x2.x1.lp                                  1.08
x2.x1.lnb                          8.59789e-08
x2.x1.lpb                          8.59789e-08
x2.x1.na                               1.06942
doutb2                                 0.55819
dout2                                  0.55819
x2.x1.nb                               1.06942
ean2#branch                        5.57909e-13
eap2#branch                        5.61203e-13
ean1#branch                        5.61203e-13
eap1#branch                        5.57909e-13
ean0#branch                        5.59583e-13
eap0#branch                        5.59583e-13
vclk#branch                        6.45704e-10
vd2#branch                                   0
vd1#branch                                   0
vd0#branch                                   0
vcm#branch                         3.35739e-12
vsup#branch                       -0.000170122

 Reference value :  2.43523e-10
 Reference value :  1.26000e-09
 Reference value :  2.78353e-09
 Reference value :  4.08118e-09
 Reference value :  5.06000e-09
No. of Data Rows : 1345
vsup_v              =  1.08000e+00
d0now               =  5.45972e-06
d1now               =  1.07999e+00
d2now               =  1.07999e+00
Reset re-loads circuit * comparator-transient-noise @ tt_27c_1.08v -- generated by sim/harness, do not edit

Circuit: * comparator-transient-noise @ tt_27c_1.08v -- generated by sim/harness, do not edit

Doing analysis at TEMP = 27.000000 and TNOM = 27.000000

Using SPARSE 1.3 as Direct Linear Solver

Initial Transient Solution
--------------------------

Node                                   Voltage
----                                   -------
vdd                                       1.08
cm                                         0.6
vd0                                          0
ap0                                        0.6
an0                                        0.6
ibn0                                  0.308665
x0.x1.tmid                         1.30481e-06
x0.x1.tail                            0.567131
clk                                          0
x0.x1.np                                  1.08
x0.x1.nn                                  1.08
x0.x1.ln                                  1.08
x0.x1.lp                                  1.08
x0.x1.lnb                          8.59789e-08
x0.x1.lpb                          8.59789e-08
x0.x1.na                               1.06942
doutb0                                 0.55819
dout0                                  0.55819
x0.x1.nb                               1.06942
vd1                                      0.001
ap1                                     0.6005
an1                                     0.5995
ibn1                                  0.308665
x1.x1.tmid                         1.30482e-06
x1.x1.tail                            0.567135
x1.x1.np                                  1.08
x1.x1.nn                                  1.08
x1.x1.ln                                  1.08
x1.x1.lp                                  1.08
x1.x1.lnb                          8.59789e-08
x1.x1.lpb                          8.59789e-08
x1.x1.na                               1.06942
doutb1                                 0.55819
dout1                                  0.55819
x1.x1.nb                               1.06942
vd2                                     -0.001
ap2                                     0.5995
an2                                     0.6005
ibn2                                  0.308665
x2.x1.tmid                         1.30482e-06
x2.x1.tail                            0.567135
x2.x1.np                                  1.08
x2.x1.nn                                  1.08
x2.x1.ln                                  1.08
x2.x1.lp                                  1.08
x2.x1.lnb                          8.59789e-08
x2.x1.lpb                          8.59789e-08
x2.x1.na                               1.06942
doutb2                                 0.55819
dout2                                  0.55819
x2.x1.nb                               1.06942
ean2#branch                        5.57909e-13
eap2#branch                        5.61203e-13
ean1#branch                        5.61203e-13
eap1#branch                        5.57909e-13
ean0#branch                        5.59583e-13
eap0#branch                        5.59583e-13
vclk#branch                        6.45704e-10
vd2#branch                                   0
vd1#branch                                   0
vd0#branch                                   0
vcm#branch                         3.35739e-12
vsup#branch                       -0.000170122

 Reference value :  3.20000e-12
 Reference value :  1.00184e-09
 Reference value :  2.28000e-09
 Reference value :  3.48353e-09
 Reference value :  4.74824e-09
No. of Data Rows : 1345
vsup_v              =  1.08000e+00
d0now               =  6.96367e-06
d1now               =  1.08000e+00
d2now               =  6.49460e-06
Reset re-loads circuit * comparator-transient-noise @ tt_27c_1.08v -- generated by sim/harness, do not edit

Circuit: * comparator-transient-noise @ tt_27c_1.08v -- generated by sim/harness, do not edit

Doing analysis at TEMP = 27.000000 and TNOM = 27.000000

Using SPARSE 1.3 as Direct Linear Solver

Initial Transient Solution
--------------------------

Node                                   Voltage
----                                   -------
vdd                                       1.08
cm                                         0.6
vd0                                          0
ap0                                        0.6
an0                                        0.6
ibn0                                  0.308665
x0.x1.tmid                         1.30481e-06
x0.x1.tail                            0.567131
clk                                          0
x0.x1.np                                  1.08
x0.x1.nn                                  1.08
x0.x1.ln                                  1.08
x0.x1.lp                                  1.08
x0.x1.lnb                          8.59789e-08
x0.x1.lpb                          8.59789e-08
x0.x1.na                               1.06942
doutb0                                 0.55819
dout0                                  0.55819
x0.x1.nb                               1.06942
vd1                                      0.001
ap1                                     0.6005
an1                                     0.5995
ibn1                                  0.308665
x1.x1.tmid                         1.30482e-06
x1.x1.tail                            0.567135
x1.x1.np                                  1.08
x1.x1.nn                                  1.08
x1.x1.ln                                  1.08
x1.x1.lp                                  1.08
x1.x1.lnb                          8.59789e-08
x1.x1.lpb                          8.59789e-08
x1.x1.na                               1.06942
doutb1                                 0.55819
dout1                                  0.55819
x1.x1.nb                               1.06942
vd2                                     -0.001
ap2                                     0.5995
an2                                     0.6005
ibn2                                  0.308665
x2.x1.tmid                         1.30482e-06
x2.x1.tail                            0.567135
x2.x1.np                                  1.08
x2.x1.nn                                  1.08
x2.x1.ln                                  1.08
x2.x1.lp                                  1.08
x2.x1.lnb                          8.59789e-08
x2.x1.lpb                          8.59789e-08
x2.x1.na                               1.06942
doutb2                                 0.55819
dout2                                  0.55819
x2.x1.nb                               1.06942
ean2#branch                        5.57909e-13
eap2#branch                        5.61203e-13
ean1#branch                        5.61203e-13
eap1#branch                        5.57909e-13
ean0#branch                        5.59583e-13
eap0#branch                        5.59583e-13
vclk#branch                        6.45704e-10
vd2#branch                                   0
vd1#branch                                   0
vd0#branch                                   0
vcm#branch                         3.35739e-12
vsup#branch                       -0.000170122

 Reference value :  1.68176e-10
 Reference value :  1.15409e-09
 Reference value :  2.18353e-09
 Reference value :  3.14353e-09
 Reference value :  3.96824e-09
 Reference value :  4.80824e-09
No. of Data Rows : 1345
vsup_v              =  1.08000e+00
d0now               =  1.07999e+00
d1now               =  1.07998e+00
d2now               =  -5.28665e-07
Reset re-loads circuit * comparator-transient-noise @ tt_27c_1.08v -- generated by sim/harness, do not edit

Circuit: * comparator-transient-noise @ tt_27c_1.08v -- generated by sim/harness, do not edit

Doing analysis at TEMP = 27.000000 and TNOM = 27.000000

Using SPARSE 1.3 as Direct Linear Solver

Initial Transient Solution
--------------------------

Node                                   Voltage
----                                   -------
vdd                                       1.08
cm                                         0.6
vd0                                          0
ap0                                        0.6
an0                                        0.6
ibn0                                  0.308665
x0.x1.tmid                         1.30481e-06
x0.x1.tail                            0.567131
clk                                          0
x0.x1.np                                  1.08
x0.x1.nn                                  1.08
x0.x1.ln                                  1.08
x0.x1.lp                                  1.08
x0.x1.lnb                          8.59789e-08
x0.x1.lpb                          8.59789e-08
x0.x1.na                               1.06942
doutb0                                 0.55819
dout0                                  0.55819
x0.x1.nb                               1.06942
vd1                                      0.001
ap1                                     0.6005
an1                                     0.5995
ibn1                                  0.308665
x1.x1.tmid                         1.30482e-06
x1.x1.tail                            0.567135
x1.x1.np                                  1.08
x1.x1.nn                                  1.08
x1.x1.ln                                  1.08
x1.x1.lp                                  1.08
x1.x1.lnb                          8.59789e-08
x1.x1.lpb                          8.59789e-08
x1.x1.na                               1.06942
doutb1                                 0.55819
dout1                                  0.55819
x1.x1.nb                               1.06942
vd2                                     -0.001
ap2                                     0.5995
an2                                     0.6005
ibn2                                  0.308665
x2.x1.tmid                         1.30482e-06
x2.x1.tail                            0.567135
x2.x1.np                                  1.08
x2.x1.nn                                  1.08
x2.x1.ln                                  1.08
x2.x1.lp                                  1.08
x2.x1.lnb                          8.59789e-08
x2.x1.lpb                          8.59789e-08
x2.x1.na                               1.06942
doutb2                                 0.55819
dout2                                  0.55819
x2.x1.nb                               1.06942
ean2#branch                        5.57909e-13
eap2#branch                        5.61203e-13
ean1#branch                        5.61203e-13
eap1#branch                        5.57909e-13
ean0#branch                        5.59583e-13
eap0#branch                        5.59583e-13
vclk#branch                        6.45704e-10
vd2#branch                                   0
vd1#branch                                   0
vd0#branch                                   0
vcm#branch                         3.35739e-12
vsup#branch                       -0.000170122

 Reference value :  6.12272e-11
 Reference value :  1.10000e-09
 Reference value :  2.39412e-09
 Reference value :  3.70118e-09
 Reference value :  4.98824e-09
No. of Data Rows : 1345
vsup_v              =  1.08000e+00
d0now               =  1.08000e+00
d1now               =  1.08000e+00
d2now               =  8.72119e-07
Reset re-loads circuit * comparator-transient-noise @ tt_27c_1.08v -- generated by sim/harness, do not edit

Circuit: * comparator-transient-noise @ tt_27c_1.08v -- generated by sim/harness, do not edit

Doing analysis at TEMP = 27.000000 and TNOM = 27.000000

Using SPARSE 1.3 as Direct Linear Solver

Initial Transient Solution
--------------------------

Node                                   Voltage
----                                   -------
vdd                                       1.08
cm                                         0.6
vd0                                          0
ap0                                        0.6
an0                                        0.6
ibn0                                  0.308665
x0.x1.tmid                         1.30481e-06
x0.x1.tail                            0.567131
clk                                          0
x0.x1.np                                  1.08
x0.x1.nn                                  1.08
x0.x1.ln                                  1.08
x0.x1.lp                                  1.08
x0.x1.lnb                          8.59789e-08
x0.x1.lpb                          8.59789e-08
x0.x1.na                               1.06942
doutb0                                 0.55819
dout0                                  0.55819
x0.x1.nb                               1.06942
vd1                                      0.001
ap1                                     0.6005
an1                                     0.5995
ibn1                                  0.308665
x1.x1.tmid                         1.30482e-06
x1.x1.tail                            0.567135
x1.x1.np                                  1.08
x1.x1.nn                                  1.08
x1.x1.ln                                  1.08
x1.x1.lp                                  1.08
x1.x1.lnb                          8.59789e-08
x1.x1.lpb                          8.59789e-08
x1.x1.na                               1.06942
doutb1                                 0.55819
dout1                                  0.55819
x1.x1.nb                               1.06942
vd2                                     -0.001
ap2                                     0.5995
an2                                     0.6005
ibn2                                  0.308665
x2.x1.tmid                         1.30482e-06
x2.x1.tail                            0.567135
x2.x1.np                                  1.08
x2.x1.nn                                  1.08
x2.x1.ln                                  1.08
x2.x1.lp                                  1.08
x2.x1.lnb                          8.59789e-08
x2.x1.lpb                          8.59789e-08
x2.x1.na                               1.06942
doutb2                                 0.55819
dout2                                  0.55819
x2.x1.nb                               1.06942
ean2#branch                        5.57909e-13
eap2#branch                        5.61203e-13
ean1#branch                        5.61203e-13
eap1#branch                        5.57909e-13
ean0#branch                        5.59583e-13
eap0#branch                        5.59583e-13
vclk#branch                        6.45704e-10
vd2#branch                                   0
vd1#branch                                   0
vd0#branch                                   0
vcm#branch                         3.35739e-12
vsup#branch                       -0.000170122

 Reference value :  4.03529e-10
 Reference value :  1.52000e-09
 Reference value :  3.04000e-09
 Reference value :  4.34824e-09
No. of Data Rows : 1345
vsup_v              =  1.08000e+00
d0now               =  1.08000e+00
d1now               =  1.07999e+00
d2now               =  6.26575e-06
Reset re-loads circuit * comparator-transient-noise @ tt_27c_1.08v -- generated by sim/harness, do not edit

Circuit: * comparator-transient-noise @ tt_27c_1.08v -- generated by sim/harness, do not edit

Doing analysis at TEMP = 27.000000 and TNOM = 27.000000

Using SPARSE 1.3 as Direct Linear Solver

Initial Transient Solution
--------------------------

Node                                   Voltage
----                                   -------
vdd                                       1.08
cm                                         0.6
vd0                                          0
ap0                                        0.6
an0                                        0.6
ibn0                                  0.308665
x0.x1.tmid                         1.30481e-06
x0.x1.tail                            0.567131
clk                                          0
x0.x1.np                                  1.08
x0.x1.nn                                  1.08
x0.x1.ln                                  1.08
x0.x1.lp                                  1.08
x0.x1.lnb                          8.59789e-08
x0.x1.lpb                          8.59789e-08
x0.x1.na                               1.06942
doutb0                                 0.55819
dout0                                  0.55819
x0.x1.nb                               1.06942
vd1                                      0.001
ap1                                     0.6005
an1                                     0.5995
ibn1                                  0.308665
x1.x1.tmid                         1.30482e-06
x1.x1.tail                            0.567135
x1.x1.np                                  1.08
x1.x1.nn                                  1.08
x1.x1.ln                                  1.08
x1.x1.lp                                  1.08
x1.x1.lnb                          8.59789e-08
x1.x1.lpb                          8.59789e-08
x1.x1.na                               1.06942
doutb1                                 0.55819
dout1                                  0.55819
x1.x1.nb                               1.06942
vd2                                     -0.001
ap2                                     0.5995
an2                                     0.6005
ibn2                                  0.308665
x2.x1.tmid                         1.30482e-06
x2.x1.tail                            0.567135
x2.x1.np                                  1.08
x2.x1.nn                                  1.08
x2.x1.ln                                  1.08
x2.x1.lp                                  1.08
x2.x1.lnb                          8.59789e-08
x2.x1.lpb                          8.59789e-08
x2.x1.na                               1.06942
doutb2                                 0.55819
dout2                                  0.55819
x2.x1.nb                               1.06942
ean2#branch                        5.57909e-13
eap2#branch                        5.61203e-13
ean1#branch                        5.61203e-13
eap1#branch                        5.57909e-13
ean0#branch                        5.59583e-13
eap0#branch                        5.59583e-13
vclk#branch                        6.45704e-10
vd2#branch                                   0
vd1#branch                                   0
vd0#branch                                   0
vcm#branch                         3.35739e-12
vsup#branch                       -0.000170122

 Reference value :  0.00000e+00
 Reference value :  7.01176e-10
 Reference value :  1.36000e-09
 Reference value :  2.58353e-09
 Reference value :  3.98824e-09
No. of Data Rows : 1345
vsup_v              =  1.08000e+00
d0now               =  1.07999e+00
d1now               =  1.08000e+00
d2now               =  1.08000e+00
Reset re-loads circuit * comparator-transient-noise @ tt_27c_1.08v -- generated by sim/harness, do not edit

Circuit: * comparator-transient-noise @ tt_27c_1.08v -- generated by sim/harness, do not edit

Doing analysis at TEMP = 27.000000 and TNOM = 27.000000

Using SPARSE 1.3 as Direct Linear Solver

Initial Transient Solution
--------------------------

Node                                   Voltage
----                                   -------
vdd                                       1.08
cm                                         0.6
vd0                                          0
ap0                                        0.6
an0                                        0.6
ibn0                                  0.308665
x0.x1.tmid                         1.30481e-06
x0.x1.tail                            0.567131
clk                                          0
x0.x1.np                                  1.08
x0.x1.nn                                  1.08
x0.x1.ln                                  1.08
x0.x1.lp                                  1.08
x0.x1.lnb                          8.59789e-08
x0.x1.lpb                          8.59789e-08
x0.x1.na                               1.06942
doutb0                                 0.55819
dout0                                  0.55819
x0.x1.nb                               1.06942
vd1                                      0.001
ap1                                     0.6005
an1                                     0.5995
ibn1                                  0.308665
x1.x1.tmid                         1.30482e-06
x1.x1.tail                            0.567135
x1.x1.np                                  1.08
x1.x1.nn                                  1.08
x1.x1.ln                                  1.08
x1.x1.lp                                  1.08
x1.x1.lnb                          8.59789e-08
x1.x1.lpb                          8.59789e-08
x1.x1.na                               1.06942
doutb1                                 0.55819
dout1                                  0.55819
x1.x1.nb                               1.06942
vd2                                     -0.001
ap2                                     0.5995
an2                                     0.6005
ibn2                                  0.308665
x2.x1.tmid                         1.30482e-06
x2.x1.tail                            0.567135
x2.x1.np                                  1.08
x2.x1.nn                                  1.08
x2.x1.ln                                  1.08
x2.x1.lp                                  1.08
x2.x1.lnb                          8.59789e-08
x2.x1.lpb                          8.59789e-08
x2.x1.na                               1.06942
doutb2                                 0.55819
dout2                                  0.55819
x2.x1.nb                               1.06942
ean2#branch                        5.57909e-13
eap2#branch                        5.61203e-13
ean1#branch                        5.61203e-13
eap1#branch                        5.57909e-13
ean0#branch                        5.59583e-13
eap0#branch                        5.59583e-13
vclk#branch                        6.45704e-10
vd2#branch                                   0
vd1#branch                                   0
vd0#branch                                   0
vcm#branch                         3.35739e-12
vsup#branch                       -0.000170122

 Reference value :  0.00000e+00
 Reference value :  1.08000e-09
 Reference value :  2.36353e-09
 Reference value :  3.50118e-09
 Reference value :  4.67412e-09
No. of Data Rows : 1345
vsup_v              =  1.08000e+00
d0now               =  7.44488e-06
d1now               =  1.08000e+00
d2now               =  6.01694e-06
Reset re-loads circuit * comparator-transient-noise @ tt_27c_1.08v -- generated by sim/harness, do not edit

Circuit: * comparator-transient-noise @ tt_27c_1.08v -- generated by sim/harness, do not edit

Doing analysis at TEMP = 27.000000 and TNOM = 27.000000

Using SPARSE 1.3 as Direct Linear Solver

Initial Transient Solution
--------------------------

Node                                   Voltage
----                                   -------
vdd                                       1.08
cm                                         0.6
vd0                                          0
ap0                                        0.6
an0                                        0.6
ibn0                                  0.308665
x0.x1.tmid                         1.30481e-06
x0.x1.tail                            0.567131
clk                                          0
x0.x1.np                                  1.08
x0.x1.nn                                  1.08
x0.x1.ln                                  1.08
x0.x1.lp                                  1.08
x0.x1.lnb                          8.59789e-08
x0.x1.lpb                          8.59789e-08
x0.x1.na                               1.06942
doutb0                                 0.55819
dout0                                  0.55819
x0.x1.nb                               1.06942
vd1                                      0.001
ap1                                     0.6005
an1                                     0.5995
ibn1                                  0.308665
x1.x1.tmid                         1.30482e-06
x1.x1.tail                            0.567135
x1.x1.np                                  1.08
x1.x1.nn                                  1.08
x1.x1.ln                                  1.08
x1.x1.lp                                  1.08
x1.x1.lnb                          8.59789e-08
x1.x1.lpb                          8.59789e-08
x1.x1.na                               1.06942
doutb1                                 0.55819
dout1                                  0.55819
x1.x1.nb                               1.06942
vd2                                     -0.001
ap2                                     0.5995
an2                                     0.6005
ibn2                                  0.308665
x2.x1.tmid                         1.30482e-06
x2.x1.tail                            0.567135
x2.x1.np                                  1.08
x2.x1.nn                                  1.08
x2.x1.ln                                  1.08
x2.x1.lp                                  1.08
x2.x1.lnb                          8.59789e-08
x2.x1.lpb                          8.59789e-08
x2.x1.na                               1.06942
doutb2                                 0.55819
dout2                                  0.55819
x2.x1.nb                               1.06942
ean2#branch                        5.57909e-13
eap2#branch                        5.61203e-13
ean1#branch                        5.61203e-13
eap1#branch                        5.57909e-13
ean0#branch                        5.59583e-13
eap0#branch                        5.59583e-13
vclk#branch                        6.45704e-10
vd2#branch                                   0
vd1#branch                                   0
vd0#branch                                   0
vcm#branch                         3.35739e-12
vsup#branch                       -0.000170122

 Reference value :  6.00000e-11
 Reference value :  1.10000e-09
 Reference value :  2.22000e-09
 Reference value :  3.18118e-09
 Reference value :  4.15412e-09
No. of Data Rows : 1345
vsup_v              =  1.08000e+00
d0now               =  4.64961e-06
d1now               =  1.08000e+00
d2now               =  -7.09306e-07
Reset re-loads circuit * comparator-transient-noise @ tt_27c_1.08v -- generated by sim/harness, do not edit

Circuit: * comparator-transient-noise @ tt_27c_1.08v -- generated by sim/harness, do not edit

Doing analysis at TEMP = 27.000000 and TNOM = 27.000000

Using SPARSE 1.3 as Direct Linear Solver

Initial Transient Solution
--------------------------

Node                                   Voltage
----                                   -------
vdd                                       1.08
cm                                         0.6
vd0                                          0
ap0                                        0.6
an0                                        0.6
ibn0                                  0.308665
x0.x1.tmid                         1.30481e-06
x0.x1.tail                            0.567131
clk                                          0
x0.x1.np                                  1.08
x0.x1.nn                                  1.08
x0.x1.ln                                  1.08
x0.x1.lp                                  1.08
x0.x1.lnb                          8.59789e-08
x0.x1.lpb                          8.59789e-08
x0.x1.na                               1.06942
doutb0                                 0.55819
dout0                                  0.55819
x0.x1.nb                               1.06942
vd1                                      0.001
ap1                                     0.6005
an1                                     0.5995
ibn1                                  0.308665
x1.x1.tmid                         1.30482e-06
x1.x1.tail                            0.567135
x1.x1.np                                  1.08
x1.x1.nn                                  1.08
x1.x1.ln                                  1.08
x1.x1.lp                                  1.08
x1.x1.lnb                          8.59789e-08
x1.x1.lpb                          8.59789e-08
x1.x1.na                               1.06942
doutb1                                 0.55819
dout1                                  0.55819
x1.x1.nb                               1.06942
vd2                                     -0.001
ap2                                     0.5995
an2                                     0.6005
ibn2                                  0.308665
x2.x1.tmid                         1.30482e-06
x2.x1.tail                            0.567135
x2.x1.np                                  1.08
x2.x1.nn                                  1.08
x2.x1.ln                                  1.08
x2.x1.lp                                  1.08
x2.x1.lnb                          8.59789e-08
x2.x1.lpb                          8.59789e-08
x2.x1.na                               1.06942
doutb2                                 0.55819
dout2                                  0.55819
x2.x1.nb                               1.06942
ean2#branch                        5.57909e-13
eap2#branch                        5.61203e-13
ean1#branch                        5.61203e-13
eap1#branch                        5.57909e-13
ean0#branch                        5.59583e-13
eap0#branch                        5.59583e-13
vclk#branch                        6.45704e-10
vd2#branch                                   0
vd1#branch                                   0
vd0#branch                                   0
vcm#branch                         3.35739e-12
vsup#branch                       -0.000170122

 Reference value :  0.00000e+00
 Reference value :  1.06122e-09
 Reference value :  2.36353e-09
 Reference value :  3.80824e-09
 Reference value :  5.08118e-09
No. of Data Rows : 1345
vsup_v              =  1.08000e+00
d0now               =  1.07999e+00
d1now               =  1.07999e+00
d2now               =  6.84734e-06
Reset re-loads circuit * comparator-transient-noise @ tt_27c_1.08v -- generated by sim/harness, do not edit

Circuit: * comparator-transient-noise @ tt_27c_1.08v -- generated by sim/harness, do not edit

Doing analysis at TEMP = 27.000000 and TNOM = 27.000000

Using SPARSE 1.3 as Direct Linear Solver

Initial Transient Solution
--------------------------

Node                                   Voltage
----                                   -------
vdd                                       1.08
cm                                         0.6
vd0                                          0
ap0                                        0.6
an0                                        0.6
ibn0                                  0.308665
x0.x1.tmid                         1.30481e-06
x0.x1.tail                            0.567131
clk                                          0
x0.x1.np                                  1.08
x0.x1.nn                                  1.08
x0.x1.ln                                  1.08
x0.x1.lp                                  1.08
x0.x1.lnb                          8.59789e-08
x0.x1.lpb                          8.59789e-08
x0.x1.na                               1.06942
doutb0                                 0.55819
dout0                                  0.55819
x0.x1.nb                               1.06942
vd1                                      0.001
ap1                                     0.6005
an1                                     0.5995
ibn1                                  0.308665
x1.x1.tmid                         1.30482e-06
x1.x1.tail                            0.567135
x1.x1.np                                  1.08
x1.x1.nn                                  1.08
x1.x1.ln                                  1.08
x1.x1.lp                                  1.08
x1.x1.lnb                          8.59789e-08
x1.x1.lpb                          8.59789e-08
x1.x1.na                               1.06942
doutb1                                 0.55819
dout1                                  0.55819
x1.x1.nb                               1.06942
vd2                                     -0.001
ap2                                     0.5995
an2                                     0.6005
ibn2                                  0.308665
x2.x1.tmid                         1.30482e-06
x2.x1.tail                            0.567135
x2.x1.np                                  1.08
x2.x1.nn                                  1.08
x2.x1.ln                                  1.08
x2.x1.lp                                  1.08
x2.x1.lnb                          8.59789e-08
x2.x1.lpb                          8.59789e-08
x2.x1.na                               1.06942
doutb2                                 0.55819
dout2                                  0.55819
x2.x1.nb                               1.06942
ean2#branch                        5.57909e-13
eap2#branch                        5.61203e-13
ean1#branch                        5.61203e-13
eap1#branch                        5.57909e-13
ean0#branch                        5.59583e-13
eap0#branch                        5.59583e-13
vclk#branch                        6.45704e-10
vd2#branch                                   0
vd1#branch                                   0
vd0#branch                                   0
vcm#branch                         3.35739e-12
vsup#branch                       -0.000170122

 Reference value :  4.54117e-10
 Reference value :  1.52353e-09
 Reference value :  3.03412e-09
 Reference value :  4.38824e-09
No. of Data Rows : 1345
vsup_v              =  1.08000e+00
d0now               =  1.12829e-06
d1now               =  1.08000e+00
d2now               =  6.14972e-06
Reset re-loads circuit * comparator-transient-noise @ tt_27c_1.08v -- generated by sim/harness, do not edit

Circuit: * comparator-transient-noise @ tt_27c_1.08v -- generated by sim/harness, do not edit

Doing analysis at TEMP = 27.000000 and TNOM = 27.000000

Using SPARSE 1.3 as Direct Linear Solver

Initial Transient Solution
--------------------------

Node                                   Voltage
----                                   -------
vdd                                       1.08
cm                                         0.6
vd0                                          0
ap0                                        0.6
an0                                        0.6
ibn0                                  0.308665
x0.x1.tmid                         1.30481e-06
x0.x1.tail                            0.567131
clk                                          0
x0.x1.np                                  1.08
x0.x1.nn                                  1.08
x0.x1.ln                                  1.08
x0.x1.lp                                  1.08
x0.x1.lnb                          8.59789e-08
x0.x1.lpb                          8.59789e-08
x0.x1.na                               1.06942
doutb0                                 0.55819
dout0                                  0.55819
x0.x1.nb                               1.06942
vd1                                      0.001
ap1                                     0.6005
an1                                     0.5995
ibn1                                  0.308665
x1.x1.tmid                         1.30482e-06
x1.x1.tail                            0.567135
x1.x1.np                                  1.08
x1.x1.nn                                  1.08
x1.x1.ln                                  1.08
x1.x1.lp                                  1.08
x1.x1.lnb                          8.59789e-08
x1.x1.lpb                          8.59789e-08
x1.x1.na                               1.06942
doutb1                                 0.55819
dout1                                  0.55819
x1.x1.nb                               1.06942
vd2                                     -0.001
ap2                                     0.5995
an2                                     0.6005
ibn2                                  0.308665
x2.x1.tmid                         1.30482e-06
x2.x1.tail                            0.567135
x2.x1.np                                  1.08
x2.x1.nn                                  1.08
x2.x1.ln                                  1.08
x2.x1.lp                                  1.08
x2.x1.lnb                          8.59789e-08
x2.x1.lpb                          8.59789e-08
x2.x1.na                               1.06942
doutb2                                 0.55819
dout2                                  0.55819
x2.x1.nb                               1.06942
ean2#branch                        5.57909e-13
eap2#branch                        5.61203e-13
ean1#branch                        5.61203e-13
eap1#branch                        5.57909e-13
ean0#branch                        5.59583e-13
eap0#branch                        5.59583e-13
vclk#branch                        6.45704e-10
vd2#branch                                   0
vd1#branch                                   0
vd0#branch                                   0
vcm#branch                         3.35739e-12
vsup#branch                       -0.000170122

 Reference value :  0.00000e+00
 Reference value :  1.02000e-09
 Reference value :  2.34353e-09
 Reference value :  3.78824e-09
 Reference value :  5.10000e-09
No. of Data Rows : 1345
vsup_v              =  1.08000e+00
d0now               =  1.07999e+00
d1now               =  5.13697e-06
d2now               =  4.26088e-06
Reset re-loads circuit * comparator-transient-noise @ tt_27c_1.08v -- generated by sim/harness, do not edit

Circuit: * comparator-transient-noise @ tt_27c_1.08v -- generated by sim/harness, do not edit

Doing analysis at TEMP = 27.000000 and TNOM = 27.000000

Using SPARSE 1.3 as Direct Linear Solver

Initial Transient Solution
--------------------------

Node                                   Voltage
----                                   -------
vdd                                       1.08
cm                                         0.6
vd0                                          0
ap0                                        0.6
an0                                        0.6
ibn0                                  0.308665
x0.x1.tmid                         1.30481e-06
x0.x1.tail                            0.567131
clk                                          0
x0.x1.np                                  1.08
x0.x1.nn                                  1.08
x0.x1.ln                                  1.08
x0.x1.lp                                  1.08
x0.x1.lnb                          8.59789e-08
x0.x1.lpb                          8.59789e-08
x0.x1.na                               1.06942
doutb0                                 0.55819
dout0                                  0.55819
x0.x1.nb                               1.06942
vd1                                      0.001
ap1                                     0.6005
an1                                     0.5995
ibn1                                  0.308665
x1.x1.tmid                         1.30482e-06
x1.x1.tail                            0.567135
x1.x1.np                                  1.08
x1.x1.nn                                  1.08
x1.x1.ln                                  1.08
x1.x1.lp                                  1.08
x1.x1.lnb                          8.59789e-08
x1.x1.lpb                          8.59789e-08
x1.x1.na                               1.06942
doutb1                                 0.55819
dout1                                  0.55819
x1.x1.nb                               1.06942
vd2                                     -0.001
ap2                                     0.5995
an2                                     0.6005
ibn2                                  0.308665
x2.x1.tmid                         1.30482e-06
x2.x1.tail                            0.567135
x2.x1.np                                  1.08
x2.x1.nn                                  1.08
x2.x1.ln                                  1.08
x2.x1.lp                                  1.08
x2.x1.lnb                          8.59789e-08
x2.x1.lpb                          8.59789e-08
x2.x1.na                               1.06942
doutb2                                 0.55819
dout2                                  0.55819
x2.x1.nb                               1.06942
ean2#branch                        5.57909e-13
eap2#branch                        5.61203e-13
ean1#branch                        5.61203e-13
eap1#branch                        5.57909e-13
ean0#branch                        5.59583e-13
eap0#branch                        5.59583e-13
vclk#branch                        6.45704e-10
vd2#branch                                   0
vd1#branch                                   0
vd0#branch                                   0
vcm#branch                         3.35739e-12
vsup#branch                       -0.000170122

 Reference value :  5.41176e-10
 Reference value :  1.57412e-09
 Reference value :  3.08824e-09
 Reference value :  4.43412e-09
No. of Data Rows : 1345
vsup_v              =  1.08000e+00
d0now               =  1.08000e+00
d1now               =  4.80932e-06
d2now               =  -8.62993e-07
Reset re-loads circuit * comparator-transient-noise @ tt_27c_1.08v -- generated by sim/harness, do not edit

Circuit: * comparator-transient-noise @ tt_27c_1.08v -- generated by sim/harness, do not edit

Doing analysis at TEMP = 27.000000 and TNOM = 27.000000

Using SPARSE 1.3 as Direct Linear Solver

Initial Transient Solution
--------------------------

Node                                   Voltage
----                                   -------
vdd                                       1.08
cm                                         0.6
vd0                                          0
ap0                                        0.6
an0                                        0.6
ibn0                                  0.308665
x0.x1.tmid                         1.30481e-06
x0.x1.tail                            0.567131
clk                                          0
x0.x1.np                                  1.08
x0.x1.nn                                  1.08
x0.x1.ln                                  1.08
x0.x1.lp                                  1.08
x0.x1.lnb                          8.59789e-08
x0.x1.lpb                          8.59789e-08
x0.x1.na                               1.06942
doutb0                                 0.55819
dout0                                  0.55819
x0.x1.nb                               1.06942
vd1                                      0.001
ap1                                     0.6005
an1                                     0.5995
ibn1                                  0.308665
x1.x1.tmid                         1.30482e-06
x1.x1.tail                            0.567135
x1.x1.np                                  1.08
x1.x1.nn                                  1.08
x1.x1.ln                                  1.08
x1.x1.lp                                  1.08
x1.x1.lnb                          8.59789e-08
x1.x1.lpb                          8.59789e-08
x1.x1.na                               1.06942
doutb1                                 0.55819
dout1                                  0.55819
x1.x1.nb                               1.06942
vd2                                     -0.001
ap2                                     0.5995
an2                                     0.6005
ibn2                                  0.308665
x2.x1.tmid                         1.30482e-06
x2.x1.tail                            0.567135
x2.x1.np                                  1.08
x2.x1.nn                                  1.08
x2.x1.ln                                  1.08
x2.x1.lp                                  1.08
x2.x1.lnb                          8.59789e-08
x2.x1.lpb                          8.59789e-08
x2.x1.na                               1.06942
doutb2                                 0.55819
dout2                                  0.55819
x2.x1.nb                               1.06942
ean2#branch                        5.57909e-13
eap2#branch                        5.61203e-13
ean1#branch                        5.61203e-13
eap1#branch                        5.57909e-13
ean0#branch                        5.59583e-13
eap0#branch                        5.59583e-13
vclk#branch                        6.45704e-10
vd2#branch                                   0
vd1#branch                                   0
vd0#branch                                   0
vcm#branch                         3.35739e-12
vsup#branch                       -0.000170122

 Reference value :  0.00000e+00
 Reference value :  1.04781e-09
 Reference value :  2.38118e-09
 Reference value :  3.86353e-09
No. of Data Rows : 1345
vsup_v              =  1.08000e+00
d0now               =  1.07999e+00
d1now               =  1.08000e+00
d2now               =  1.08000e+00
Reset re-loads circuit * comparator-transient-noise @ tt_27c_1.08v -- generated by sim/harness, do not edit

Circuit: * comparator-transient-noise @ tt_27c_1.08v -- generated by sim/harness, do not edit

Doing analysis at TEMP = 27.000000 and TNOM = 27.000000

Using SPARSE 1.3 as Direct Linear Solver

Initial Transient Solution
--------------------------

Node                                   Voltage
----                                   -------
vdd                                       1.08
cm                                         0.6
vd0                                          0
ap0                                        0.6
an0                                        0.6
ibn0                                  0.308665
x0.x1.tmid                         1.30481e-06
x0.x1.tail                            0.567131
clk                                          0
x0.x1.np                                  1.08
x0.x1.nn                                  1.08
x0.x1.ln                                  1.08
x0.x1.lp                                  1.08
x0.x1.lnb                          8.59789e-08
x0.x1.lpb                          8.59789e-08
x0.x1.na                               1.06942
doutb0                                 0.55819
dout0                                  0.55819
x0.x1.nb                               1.06942
vd1                                      0.001
ap1                                     0.6005
an1                                     0.5995
ibn1                                  0.308665
x1.x1.tmid                         1.30482e-06
x1.x1.tail                            0.567135
x1.x1.np                                  1.08
x1.x1.nn                                  1.08
x1.x1.ln                                  1.08
x1.x1.lp                                  1.08
x1.x1.lnb                          8.59789e-08
x1.x1.lpb                          8.59789e-08
x1.x1.na                               1.06942
doutb1                                 0.55819
dout1                                  0.55819
x1.x1.nb                               1.06942
vd2                                     -0.001
ap2                                     0.5995
an2                                     0.6005
ibn2                                  0.308665
x2.x1.tmid                         1.30482e-06
x2.x1.tail                            0.567135
x2.x1.np                                  1.08
x2.x1.nn                                  1.08
x2.x1.ln                                  1.08
x2.x1.lp                                  1.08
x2.x1.lnb                          8.59789e-08
x2.x1.lpb                          8.59789e-08
x2.x1.na                               1.06942
doutb2                                 0.55819
dout2                                  0.55819
x2.x1.nb                               1.06942
ean2#branch                        5.57909e-13
eap2#branch                        5.61203e-13
ean1#branch                        5.61203e-13
eap1#branch                        5.57909e-13
ean0#branch                        5.59583e-13
eap0#branch                        5.59583e-13
vclk#branch                        6.45704e-10
vd2#branch                                   0
vd1#branch                                   0
vd0#branch                                   0
vcm#branch                         3.35739e-12
vsup#branch                       -0.000170122

 Reference value :  0.00000e+00
 Reference value :  1.10000e-09
 Reference value :  2.53412e-09
 Reference value :  3.94824e-09
No. of Data Rows : 1345
vsup_v              =  1.08000e+00
d0now               =  6.53651e-06
d1now               =  1.08000e+00
d2now               =  1.07999e+00
Reset re-loads circuit * comparator-transient-noise @ tt_27c_1.08v -- generated by sim/harness, do not edit

Circuit: * comparator-transient-noise @ tt_27c_1.08v -- generated by sim/harness, do not edit

Doing analysis at TEMP = 27.000000 and TNOM = 27.000000

Using SPARSE 1.3 as Direct Linear Solver

Initial Transient Solution
--------------------------

Node                                   Voltage
----                                   -------
vdd                                       1.08
cm                                         0.6
vd0                                          0
ap0                                        0.6
an0                                        0.6
ibn0                                  0.308665
x0.x1.tmid                         1.30481e-06
x0.x1.tail                            0.567131
clk                                          0
x0.x1.np                                  1.08
x0.x1.nn                                  1.08
x0.x1.ln                                  1.08
x0.x1.lp                                  1.08
x0.x1.lnb                          8.59789e-08
x0.x1.lpb                          8.59789e-08
x0.x1.na                               1.06942
doutb0                                 0.55819
dout0                                  0.55819
x0.x1.nb                               1.06942
vd1                                      0.001
ap1                                     0.6005
an1                                     0.5995
ibn1                                  0.308665
x1.x1.tmid                         1.30482e-06
x1.x1.tail                            0.567135
x1.x1.np                                  1.08
x1.x1.nn                                  1.08
x1.x1.ln                                  1.08
x1.x1.lp                                  1.08
x1.x1.lnb                          8.59789e-08
x1.x1.lpb                          8.59789e-08
x1.x1.na                               1.06942
doutb1                                 0.55819
dout1                                  0.55819
x1.x1.nb                               1.06942
vd2                                     -0.001
ap2                                     0.5995
an2                                     0.6005
ibn2                                  0.308665
x2.x1.tmid                         1.30482e-06
x2.x1.tail                            0.567135
x2.x1.np                                  1.08
x2.x1.nn                                  1.08
x2.x1.ln                                  1.08
x2.x1.lp                                  1.08
x2.x1.lnb                          8.59789e-08
x2.x1.lpb                          8.59789e-08
x2.x1.na                               1.06942
doutb2                                 0.55819
dout2                                  0.55819
x2.x1.nb                               1.06942
ean2#branch                        5.57909e-13
eap2#branch                        5.61203e-13
ean1#branch                        5.61203e-13
eap1#branch                        5.57909e-13
ean0#branch                        5.59583e-13
eap0#branch                        5.59583e-13
vclk#branch                        6.45704e-10
vd2#branch                                   0
vd1#branch                                   0
vd0#branch                                   0
vcm#branch                         3.35739e-12
vsup#branch                       -0.000170122

 Reference value :  0.00000e+00
 Reference value :  1.10000e-09
 Reference value :  2.50824e-09
 Reference value :  3.94353e-09
 Reference value :  4.86000e-09
No. of Data Rows : 1345
vsup_v              =  1.08000e+00
d0now               =  1.07999e+00
d1now               =  1.08000e+00
d2now               =  8.18240e-07
Reset re-loads circuit * comparator-transient-noise @ tt_27c_1.08v -- generated by sim/harness, do not edit

Circuit: * comparator-transient-noise @ tt_27c_1.08v -- generated by sim/harness, do not edit

Doing analysis at TEMP = 27.000000 and TNOM = 27.000000

Using SPARSE 1.3 as Direct Linear Solver

Initial Transient Solution
--------------------------

Node                                   Voltage
----                                   -------
vdd                                       1.08
cm                                         0.6
vd0                                          0
ap0                                        0.6
an0                                        0.6
ibn0                                  0.308665
x0.x1.tmid                         1.30481e-06
x0.x1.tail                            0.567131
clk                                          0
x0.x1.np                                  1.08
x0.x1.nn                                  1.08
x0.x1.ln                                  1.08
x0.x1.lp                                  1.08
x0.x1.lnb                          8.59789e-08
x0.x1.lpb                          8.59789e-08
x0.x1.na                               1.06942
doutb0                                 0.55819
dout0                                  0.55819
x0.x1.nb                               1.06942
vd1                                      0.001
ap1                                     0.6005
an1                                     0.5995
ibn1                                  0.308665
x1.x1.tmid                         1.30482e-06
x1.x1.tail                            0.567135
x1.x1.np                                  1.08
x1.x1.nn                                  1.08
x1.x1.ln                                  1.08
x1.x1.lp                                  1.08
x1.x1.lnb                          8.59789e-08
x1.x1.lpb                          8.59789e-08
x1.x1.na                               1.06942
doutb1                                 0.55819
dout1                                  0.55819
x1.x1.nb                               1.06942
vd2                                     -0.001
ap2                                     0.5995
an2                                     0.6005
ibn2                                  0.308665
x2.x1.tmid                         1.30482e-06
x2.x1.tail                            0.567135
x2.x1.np                                  1.08
x2.x1.nn                                  1.08
x2.x1.ln                                  1.08
x2.x1.lp                                  1.08
x2.x1.lnb                          8.59789e-08
x2.x1.lpb                          8.59789e-08
x2.x1.na                               1.06942
doutb2                                 0.55819
dout2                                  0.55819
x2.x1.nb                               1.06942
ean2#branch                        5.57909e-13
eap2#branch                        5.61203e-13
ean1#branch                        5.61203e-13
eap1#branch                        5.57909e-13
ean0#branch                        5.59583e-13
eap0#branch                        5.59583e-13
vclk#branch                        6.45704e-10
vd2#branch                                   0
vd1#branch                                   0
vd0#branch                                   0
vcm#branch                         3.35739e-12
vsup#branch                       -0.000170122

 Reference value :  0.00000e+00
 Reference value :  6.20000e-10
 Reference value :  1.13416e-09
 Reference value :  2.00118e-09
 Reference value :  3.08000e-09
 Reference value :  3.90824e-09
 Reference value :  4.69412e-09
No. of Data Rows : 1345
vsup_v              =  1.08000e+00
d0now               =  -1.13344e-06
d1now               =  4.83897e-07
d2now               =  6.51792e-06
Reset re-loads circuit * comparator-transient-noise @ tt_27c_1.08v -- generated by sim/harness, do not edit

Circuit: * comparator-transient-noise @ tt_27c_1.08v -- generated by sim/harness, do not edit

Doing analysis at TEMP = 27.000000 and TNOM = 27.000000

Using SPARSE 1.3 as Direct Linear Solver

Initial Transient Solution
--------------------------

Node                                   Voltage
----                                   -------
vdd                                       1.08
cm                                         0.6
vd0                                          0
ap0                                        0.6
an0                                        0.6
ibn0                                  0.308665
x0.x1.tmid                         1.30481e-06
x0.x1.tail                            0.567131
clk                                          0
x0.x1.np                                  1.08
x0.x1.nn                                  1.08
x0.x1.ln                                  1.08
x0.x1.lp                                  1.08
x0.x1.lnb                          8.59789e-08
x0.x1.lpb                          8.59789e-08
x0.x1.na                               1.06942
doutb0                                 0.55819
dout0                                  0.55819
x0.x1.nb                               1.06942
vd1                                      0.001
ap1                                     0.6005
an1                                     0.5995
ibn1                                  0.308665
x1.x1.tmid                         1.30482e-06
x1.x1.tail                            0.567135
x1.x1.np                                  1.08
x1.x1.nn                                  1.08
x1.x1.ln                                  1.08
x1.x1.lp                                  1.08
x1.x1.lnb                          8.59789e-08
x1.x1.lpb                          8.59789e-08
x1.x1.na                               1.06942
doutb1                                 0.55819
dout1                                  0.55819
x1.x1.nb                               1.06942
vd2                                     -0.001
ap2                                     0.5995
an2                                     0.6005
ibn2                                  0.308665
x2.x1.tmid                         1.30482e-06
x2.x1.tail                            0.567135
x2.x1.np                                  1.08
x2.x1.nn                                  1.08
x2.x1.ln                                  1.08
x2.x1.lp                                  1.08
x2.x1.lnb                          8.59789e-08
x2.x1.lpb                          8.59789e-08
x2.x1.na                               1.06942
doutb2                                 0.55819
dout2                                  0.55819
x2.x1.nb                               1.06942
ean2#branch                        5.57909e-13
eap2#branch                        5.61203e-13
ean1#branch                        5.61203e-13
eap1#branch                        5.57909e-13
ean0#branch                        5.59583e-13
eap0#branch                        5.59583e-13
vclk#branch                        6.45704e-10
vd2#branch                                   0
vd1#branch                                   0
vd0#branch                                   0
vcm#branch                         3.35739e-12
vsup#branch                       -0.000170122

 Reference value :  0.00000e+00
 Reference value :  6.60000e-10
 Reference value :  1.16355e-09
 Reference value :  1.96000e-09
 Reference value :  2.78353e-09
 Reference value :  3.60118e-09
 Reference value :  4.36000e-09
 Reference value :  5.10000e-09
No. of Data Rows : 1345
vsup_v              =  1.08000e+00
d0now               =  7.87789e-06
d1now               =  1.08001e+00
d2now               =  4.54297e-06
Reset re-loads circuit * comparator-transient-noise @ tt_27c_1.08v -- generated by sim/harness, do not edit

Circuit: * comparator-transient-noise @ tt_27c_1.08v -- generated by sim/harness, do not edit

Doing analysis at TEMP = 27.000000 and TNOM = 27.000000

Using SPARSE 1.3 as Direct Linear Solver

Initial Transient Solution
--------------------------

Node                                   Voltage
----                                   -------
vdd                                       1.08
cm                                         0.6
vd0                                          0
ap0                                        0.6
an0                                        0.6
ibn0                                  0.308665
x0.x1.tmid                         1.30481e-06
x0.x1.tail                            0.567131
clk                                          0
x0.x1.np                                  1.08
x0.x1.nn                                  1.08
x0.x1.ln                                  1.08
x0.x1.lp                                  1.08
x0.x1.lnb                          8.59789e-08
x0.x1.lpb                          8.59789e-08
x0.x1.na                               1.06942
doutb0                                 0.55819
dout0                                  0.55819
x0.x1.nb                               1.06942
vd1                                      0.001
ap1                                     0.6005
an1                                     0.5995
ibn1                                  0.308665
x1.x1.tmid                         1.30482e-06
x1.x1.tail                            0.567135
x1.x1.np                                  1.08
x1.x1.nn                                  1.08
x1.x1.ln                                  1.08
x1.x1.lp                                  1.08
x1.x1.lnb                          8.59789e-08
x1.x1.lpb                          8.59789e-08
x1.x1.na                               1.06942
doutb1                                 0.55819
dout1                                  0.55819
x1.x1.nb                               1.06942
vd2                                     -0.001
ap2                                     0.5995
an2                                     0.6005
ibn2                                  0.308665
x2.x1.tmid                         1.30482e-06
x2.x1.tail                            0.567135
x2.x1.np                                  1.08
x2.x1.nn                                  1.08
x2.x1.ln                                  1.08
x2.x1.lp                                  1.08
x2.x1.lnb                          8.59789e-08
x2.x1.lpb                          8.59789e-08
x2.x1.na                               1.06942
doutb2                                 0.55819
dout2                                  0.55819
x2.x1.nb                               1.06942
ean2#branch                        5.57909e-13
eap2#branch                        5.61203e-13
ean1#branch                        5.61203e-13
eap1#branch                        5.57909e-13
ean0#branch                        5.59583e-13
eap0#branch                        5.59583e-13
vclk#branch                        6.45704e-10
vd2#branch                                   0
vd1#branch                                   0
vd0#branch                                   0
vcm#branch                         3.35739e-12
vsup#branch                       -0.000170122

 Reference value :  0.00000e+00
 Reference value :  6.48235e-10
 Reference value :  1.14350e-09
 Reference value :  2.00118e-09
 Reference value :  2.94824e-09
 Reference value :  3.67412e-09
 Reference value :  4.36000e-09
 Reference value :  5.00824e-09
No. of Data Rows : 1345
vsup_v              =  1.08000e+00
d0now               =  1.07999e+00
d1now               =  1.07999e+00
d2now               =  7.58937e-06
Reset re-loads circuit * comparator-transient-noise @ tt_27c_1.08v -- generated by sim/harness, do not edit

Circuit: * comparator-transient-noise @ tt_27c_1.08v -- generated by sim/harness, do not edit

Doing analysis at TEMP = 27.000000 and TNOM = 27.000000

Using SPARSE 1.3 as Direct Linear Solver

Initial Transient Solution
--------------------------

Node                                   Voltage
----                                   -------
vdd                                       1.08
cm                                         0.6
vd0                                          0
ap0                                        0.6
an0                                        0.6
ibn0                                  0.308665
x0.x1.tmid                         1.30481e-06
x0.x1.tail                            0.567131
clk                                          0
x0.x1.np                                  1.08
x0.x1.nn                                  1.08
x0.x1.ln                                  1.08
x0.x1.lp                                  1.08
x0.x1.lnb                          8.59789e-08
x0.x1.lpb                          8.59789e-08
x0.x1.na                               1.06942
doutb0                                 0.55819
dout0                                  0.55819
x0.x1.nb                               1.06942
vd1                                      0.001
ap1                                     0.6005
an1                                     0.5995
ibn1                                  0.308665
x1.x1.tmid                         1.30482e-06
x1.x1.tail                            0.567135
x1.x1.np                                  1.08
x1.x1.nn                                  1.08
x1.x1.ln                                  1.08
x1.x1.lp                                  1.08
x1.x1.lnb                          8.59789e-08
x1.x1.lpb                          8.59789e-08
x1.x1.na                               1.06942
doutb1                                 0.55819
dout1                                  0.55819
x1.x1.nb                               1.06942
vd2                                     -0.001
ap2                                     0.5995
an2                                     0.6005
ibn2                                  0.308665
x2.x1.tmid                         1.30482e-06
x2.x1.tail                            0.567135
x2.x1.np                                  1.08
x2.x1.nn                                  1.08
x2.x1.ln                                  1.08
x2.x1.lp                                  1.08
x2.x1.lnb                          8.59789e-08
x2.x1.lpb                          8.59789e-08
x2.x1.na                               1.06942
doutb2                                 0.55819
dout2                                  0.55819
x2.x1.nb                               1.06942
ean2#branch                        5.57909e-13
eap2#branch                        5.61203e-13
ean1#branch                        5.61203e-13
eap1#branch                        5.57909e-13
ean0#branch                        5.59583e-13
eap0#branch                        5.59583e-13
vclk#branch                        6.45704e-10
vd2#branch                                   0
vd1#branch                                   0
vd0#branch                                   0
vcm#branch                         3.35739e-12
vsup#branch                       -0.000170122

 Reference value :  0.00000e+00
 Reference value :  6.63529e-10
 Reference value :  1.20354e-09
 Reference value :  2.06353e-09
 Reference value :  2.96824e-09
 Reference value :  3.81412e-09
 Reference value :  4.58000e-09
No. of Data Rows : 1345
vsup_v              =  1.08000e+00
d0now               =  1.07999e+00
d1now               =  1.08000e+00
d2now               =  8.83915e-06
Reset re-loads circuit * comparator-transient-noise @ tt_27c_1.08v -- generated by sim/harness, do not edit

Circuit: * comparator-transient-noise @ tt_27c_1.08v -- generated by sim/harness, do not edit

Doing analysis at TEMP = 27.000000 and TNOM = 27.000000

Using SPARSE 1.3 as Direct Linear Solver

Initial Transient Solution
--------------------------

Node                                   Voltage
----                                   -------
vdd                                       1.08
cm                                         0.6
vd0                                          0
ap0                                        0.6
an0                                        0.6
ibn0                                  0.308665
x0.x1.tmid                         1.30481e-06
x0.x1.tail                            0.567131
clk                                          0
x0.x1.np                                  1.08
x0.x1.nn                                  1.08
x0.x1.ln                                  1.08
x0.x1.lp                                  1.08
x0.x1.lnb                          8.59789e-08
x0.x1.lpb                          8.59789e-08
x0.x1.na                               1.06942
doutb0                                 0.55819
dout0                                  0.55819
x0.x1.nb                               1.06942
vd1                                      0.001
ap1                                     0.6005
an1                                     0.5995
ibn1                                  0.308665
x1.x1.tmid                         1.30482e-06
x1.x1.tail                            0.567135
x1.x1.np                                  1.08
x1.x1.nn                                  1.08
x1.x1.ln                                  1.08
x1.x1.lp                                  1.08
x1.x1.lnb                          8.59789e-08
x1.x1.lpb                          8.59789e-08
x1.x1.na                               1.06942
doutb1                                 0.55819
dout1                                  0.55819
x1.x1.nb                               1.06942
vd2                                     -0.001
ap2                                     0.5995
an2                                     0.6005
ibn2                                  0.308665
x2.x1.tmid                         1.30482e-06
x2.x1.tail                            0.567135
x2.x1.np                                  1.08
x2.x1.nn                                  1.08
x2.x1.ln                                  1.08
x2.x1.lp                                  1.08
x2.x1.lnb                          8.59789e-08
x2.x1.lpb                          8.59789e-08
x2.x1.na                               1.06942
doutb2                                 0.55819
dout2                                  0.55819
x2.x1.nb                               1.06942
ean2#branch                        5.57909e-13
eap2#branch                        5.61203e-13
ean1#branch                        5.61203e-13
eap1#branch                        5.57909e-13
ean0#branch                        5.59583e-13
eap0#branch                        5.59583e-13
vclk#branch                        6.45704e-10
vd2#branch                                   0
vd1#branch                                   0
vd0#branch                                   0
vcm#branch                         3.35739e-12
vsup#branch                       -0.000170122

 Reference value :  0.00000e+00
 Reference value :  6.48235e-10
 Reference value :  1.16355e-09
 Reference value :  1.99412e-09
 Reference value :  2.92000e-09
 Reference value :  3.71412e-09
 Reference value :  4.46000e-09
No. of Data Rows : 1345
vsup_v              =  1.08000e+00
d0now               =  1.07999e+00
d1now               =  1.07999e+00
d2now               =  8.80607e-06
Reset re-loads circuit * comparator-transient-noise @ tt_27c_1.08v -- generated by sim/harness, do not edit

Circuit: * comparator-transient-noise @ tt_27c_1.08v -- generated by sim/harness, do not edit

Doing analysis at TEMP = 27.000000 and TNOM = 27.000000

Using SPARSE 1.3 as Direct Linear Solver

Initial Transient Solution
--------------------------

Node                                   Voltage
----                                   -------
vdd                                       1.08
cm                                         0.6
vd0                                          0
ap0                                        0.6
an0                                        0.6
ibn0                                  0.308665
x0.x1.tmid                         1.30481e-06
x0.x1.tail                            0.567131
clk                                          0
x0.x1.np                                  1.08
x0.x1.nn                                  1.08
x0.x1.ln                                  1.08
x0.x1.lp                                  1.08
x0.x1.lnb                          8.59789e-08
x0.x1.lpb                          8.59789e-08
x0.x1.na                               1.06942
doutb0                                 0.55819
dout0                                  0.55819
x0.x1.nb                               1.06942
vd1                                      0.001
ap1                                     0.6005
an1                                     0.5995
ibn1                                  0.308665
x1.x1.tmid                         1.30482e-06
x1.x1.tail                            0.567135
x1.x1.np                                  1.08
x1.x1.nn                                  1.08
x1.x1.ln                                  1.08
x1.x1.lp                                  1.08
x1.x1.lnb                          8.59789e-08
x1.x1.lpb                          8.59789e-08
x1.x1.na                               1.06942
doutb1                                 0.55819
dout1                                  0.55819
x1.x1.nb                               1.06942
vd2                                     -0.001
ap2                                     0.5995
an2                                     0.6005
ibn2                                  0.308665
x2.x1.tmid                         1.30482e-06
x2.x1.tail                            0.567135
x2.x1.np                                  1.08
x2.x1.nn                                  1.08
x2.x1.ln                                  1.08
x2.x1.lp                                  1.08
x2.x1.lnb                          8.59789e-08
x2.x1.lpb                          8.59789e-08
x2.x1.na                               1.06942
doutb2                                 0.55819
dout2                                  0.55819
x2.x1.nb                               1.06942
ean2#branch                        5.57909e-13
eap2#branch                        5.61203e-13
ean1#branch                        5.61203e-13
eap1#branch                        5.57909e-13
ean0#branch                        5.59583e-13
eap0#branch                        5.59583e-13
vclk#branch                        6.45704e-10
vd2#branch                                   0
vd1#branch                                   0
vd0#branch                                   0
vcm#branch                         3.35739e-12
vsup#branch                       -0.000170122

 Reference value :  0.00000e+00
 Reference value :  6.60000e-10
 Reference value :  1.16118e-09
 Reference value :  1.98353e-09
 Reference value :  2.86353e-09
 Reference value :  3.68118e-09
 Reference value :  4.47412e-09
No. of Data Rows : 1345
vsup_v              =  1.08000e+00
d0now               =  1.08000e+00
d1now               =  1.08000e+00
d2now               =  1.39404e-07
Reset re-loads circuit * comparator-transient-noise @ tt_27c_1.08v -- generated by sim/harness, do not edit

Circuit: * comparator-transient-noise @ tt_27c_1.08v -- generated by sim/harness, do not edit

Doing analysis at TEMP = 27.000000 and TNOM = 27.000000

Using SPARSE 1.3 as Direct Linear Solver

Initial Transient Solution
--------------------------

Node                                   Voltage
----                                   -------
vdd                                       1.08
cm                                         0.6
vd0                                          0
ap0                                        0.6
an0                                        0.6
ibn0                                  0.308665
x0.x1.tmid                         1.30481e-06
x0.x1.tail                            0.567131
clk                                          0
x0.x1.np                                  1.08
x0.x1.nn                                  1.08
x0.x1.ln                                  1.08
x0.x1.lp                                  1.08
x0.x1.lnb                          8.59789e-08
x0.x1.lpb                          8.59789e-08
x0.x1.na                               1.06942
doutb0                                 0.55819
dout0                                  0.55819
x0.x1.nb                               1.06942
vd1                                      0.001
ap1                                     0.6005
an1                                     0.5995
ibn1                                  0.308665
x1.x1.tmid                         1.30482e-06
x1.x1.tail                            0.567135
x1.x1.np                                  1.08
x1.x1.nn                                  1.08
x1.x1.ln                                  1.08
x1.x1.lp                                  1.08
x1.x1.lnb                          8.59789e-08
x1.x1.lpb                          8.59789e-08
x1.x1.na                               1.06942
doutb1                                 0.55819
dout1                                  0.55819
x1.x1.nb                               1.06942
vd2                                     -0.001
ap2                                     0.5995
an2                                     0.6005
ibn2                                  0.308665
x2.x1.tmid                         1.30482e-06
x2.x1.tail                            0.567135
x2.x1.np                                  1.08
x2.x1.nn                                  1.08
x2.x1.ln                                  1.08
x2.x1.lp                                  1.08
x2.x1.lnb                          8.59789e-08
x2.x1.lpb                          8.59789e-08
x2.x1.na                               1.06942
doutb2                                 0.55819
dout2                                  0.55819
x2.x1.nb                               1.06942
ean2#branch                        5.57909e-13
eap2#branch                        5.61203e-13
ean1#branch                        5.61203e-13
eap1#branch                        5.57909e-13
ean0#branch                        5.59583e-13
eap0#branch                        5.59583e-13
vclk#branch                        6.45704e-10
vd2#branch                                   0
vd1#branch                                   0
vd0#branch                                   0
vcm#branch                         3.35739e-12
vsup#branch                       -0.000170122

 Reference value :  0.00000e+00
 Reference value :  6.74118e-10
 Reference value :  1.19410e-09
 Reference value :  2.04118e-09
 Reference value :  2.92118e-09
 Reference value :  3.67412e-09
 Reference value :  4.40118e-09
No. of Data Rows : 1345
vsup_v              =  1.08000e+00
d0now               =  5.79014e-06
d1now               =  1.07999e+00
d2now               =  1.07999e+00
Reset re-loads circuit * comparator-transient-noise @ tt_27c_1.08v -- generated by sim/harness, do not edit

Circuit: * comparator-transient-noise @ tt_27c_1.08v -- generated by sim/harness, do not edit

Doing analysis at TEMP = 27.000000 and TNOM = 27.000000

Using SPARSE 1.3 as Direct Linear Solver

Initial Transient Solution
--------------------------

Node                                   Voltage
----                                   -------
vdd                                       1.08
cm                                         0.6
vd0                                          0
ap0                                        0.6
an0                                        0.6
ibn0                                  0.308665
x0.x1.tmid                         1.30481e-06
x0.x1.tail                            0.567131
clk                                          0
x0.x1.np                                  1.08
x0.x1.nn                                  1.08
x0.x1.ln                                  1.08
x0.x1.lp                                  1.08
x0.x1.lnb                          8.59789e-08
x0.x1.lpb                          8.59789e-08
x0.x1.na                               1.06942
doutb0                                 0.55819
dout0                                  0.55819
x0.x1.nb                               1.06942
vd1                                      0.001
ap1                                     0.6005
an1                                     0.5995
ibn1                                  0.308665
x1.x1.tmid                         1.30482e-06
x1.x1.tail                            0.567135
x1.x1.np                                  1.08
x1.x1.nn                                  1.08
x1.x1.ln                                  1.08
x1.x1.lp                                  1.08
x1.x1.lnb                          8.59789e-08
x1.x1.lpb                          8.59789e-08
x1.x1.na                               1.06942
doutb1                                 0.55819
dout1                                  0.55819
x1.x1.nb                               1.06942
vd2                                     -0.001
ap2                                     0.5995
an2                                     0.6005
ibn2                                  0.308665
x2.x1.tmid                         1.30482e-06
x2.x1.tail                            0.567135
x2.x1.np                                  1.08
x2.x1.nn                                  1.08
x2.x1.ln                                  1.08
x2.x1.lp                                  1.08
x2.x1.lnb                          8.59789e-08
x2.x1.lpb                          8.59789e-08
x2.x1.na                               1.06942
doutb2                                 0.55819
dout2                                  0.55819
x2.x1.nb                               1.06942
ean2#branch                        5.57909e-13
eap2#branch                        5.61203e-13
ean1#branch                        5.61203e-13
eap1#branch                        5.57909e-13
ean0#branch                        5.59583e-13
eap0#branch                        5.59583e-13
vclk#branch                        6.45704e-10
vd2#branch                                   0
vd1#branch                                   0
vd0#branch                                   0
vcm#branch                         3.35739e-12
vsup#branch                       -0.000170122

 Reference value :  0.00000e+00
 Reference value :  6.54118e-10
 Reference value :  1.16118e-09
 Reference value :  2.02118e-09
 Reference value :  2.95412e-09
 Reference value :  3.70824e-09
 Reference value :  4.42118e-09
No. of Data Rows : 1345
vsup_v              =  1.08000e+00
d0now               =  6.32258e-06
d1now               =  1.07999e+00
d2now               =  4.25593e-06
Reset re-loads circuit * comparator-transient-noise @ tt_27c_1.08v -- generated by sim/harness, do not edit

Circuit: * comparator-transient-noise @ tt_27c_1.08v -- generated by sim/harness, do not edit

Doing analysis at TEMP = 27.000000 and TNOM = 27.000000

Using SPARSE 1.3 as Direct Linear Solver

Initial Transient Solution
--------------------------

Node                                   Voltage
----                                   -------
vdd                                       1.08
cm                                         0.6
vd0                                          0
ap0                                        0.6
an0                                        0.6
ibn0                                  0.308665
x0.x1.tmid                         1.30481e-06
x0.x1.tail                            0.567131
clk                                          0
x0.x1.np                                  1.08
x0.x1.nn                                  1.08
x0.x1.ln                                  1.08
x0.x1.lp                                  1.08
x0.x1.lnb                          8.59789e-08
x0.x1.lpb                          8.59789e-08
x0.x1.na                               1.06942
doutb0                                 0.55819
dout0                                  0.55819
x0.x1.nb                               1.06942
vd1                                      0.001
ap1                                     0.6005
an1                                     0.5995
ibn1                                  0.308665
x1.x1.tmid                         1.30482e-06
x1.x1.tail                            0.567135
x1.x1.np                                  1.08
x1.x1.nn                                  1.08
x1.x1.ln                                  1.08
x1.x1.lp                                  1.08
x1.x1.lnb                          8.59789e-08
x1.x1.lpb                          8.59789e-08
x1.x1.na                               1.06942
doutb1                                 0.55819
dout1                                  0.55819
x1.x1.nb                               1.06942
vd2                                     -0.001
ap2                                     0.5995
an2                                     0.6005
ibn2                                  0.308665
x2.x1.tmid                         1.30482e-06
x2.x1.tail                            0.567135
x2.x1.np                                  1.08
x2.x1.nn                                  1.08
x2.x1.ln                                  1.08
x2.x1.lp                                  1.08
x2.x1.lnb                          8.59789e-08
x2.x1.lpb                          8.59789e-08
x2.x1.na                               1.06942
doutb2                                 0.55819
dout2                                  0.55819
x2.x1.nb                               1.06942
ean2#branch                        5.57909e-13
eap2#branch                        5.61203e-13
ean1#branch                        5.61203e-13
eap1#branch                        5.57909e-13
ean0#branch                        5.59583e-13
eap0#branch                        5.59583e-13
vclk#branch                        6.45704e-10
vd2#branch                                   0
vd1#branch                                   0
vd0#branch                                   0
vcm#branch                         3.35739e-12
vsup#branch                       -0.000170122

 Reference value :  0.00000e+00
 Reference value :  6.23529e-10
 Reference value :  1.11406e-09
 Reference value :  1.88353e-09
 Reference value :  2.77412e-09
 Reference value :  3.56353e-09
 Reference value :  4.28824e-09
 Reference value :  4.98118e-09
No. of Data Rows : 1345
vsup_v              =  1.08000e+00
d0now               =  8.02800e-06
d1now               =  1.08000e+00
d2now               =  6.05002e-06
Reset re-loads circuit * comparator-transient-noise @ tt_27c_1.08v -- generated by sim/harness, do not edit

Circuit: * comparator-transient-noise @ tt_27c_1.08v -- generated by sim/harness, do not edit

Doing analysis at TEMP = 27.000000 and TNOM = 27.000000

Using SPARSE 1.3 as Direct Linear Solver

Initial Transient Solution
--------------------------

Node                                   Voltage
----                                   -------
vdd                                       1.08
cm                                         0.6
vd0                                          0
ap0                                        0.6
an0                                        0.6
ibn0                                  0.308665
x0.x1.tmid                         1.30481e-06
x0.x1.tail                            0.567131
clk                                          0
x0.x1.np                                  1.08
x0.x1.nn                                  1.08
x0.x1.ln                                  1.08
x0.x1.lp                                  1.08
x0.x1.lnb                          8.59789e-08
x0.x1.lpb                          8.59789e-08
x0.x1.na                               1.06942
doutb0                                 0.55819
dout0                                  0.55819
x0.x1.nb                               1.06942
vd1                                      0.001
ap1                                     0.6005
an1                                     0.5995
ibn1                                  0.308665
x1.x1.tmid                         1.30482e-06
x1.x1.tail                            0.567135
x1.x1.np                                  1.08
x1.x1.nn                                  1.08
x1.x1.ln                                  1.08
x1.x1.lp                                  1.08
x1.x1.lnb                          8.59789e-08
x1.x1.lpb                          8.59789e-08
x1.x1.na                               1.06942
doutb1                                 0.55819
dout1                                  0.55819
x1.x1.nb                               1.06942
vd2                                     -0.001
ap2                                     0.5995
an2                                     0.6005
ibn2                                  0.308665
x2.x1.tmid                         1.30482e-06
x2.x1.tail                            0.567135
x2.x1.np                                  1.08
x2.x1.nn                                  1.08
x2.x1.ln                                  1.08
x2.x1.lp                                  1.08
x2.x1.lnb                          8.59789e-08
x2.x1.lpb                          8.59789e-08
x2.x1.na                               1.06942
doutb2                                 0.55819
dout2                                  0.55819
x2.x1.nb                               1.06942
ean2#branch                        5.57909e-13
eap2#branch                        5.61203e-13
ean1#branch                        5.61203e-13
eap1#branch                        5.57909e-13
ean0#branch                        5.59583e-13
eap0#branch                        5.59583e-13
vclk#branch                        6.45704e-10
vd2#branch                                   0
vd1#branch                                   0
vd0#branch                                   0
vcm#branch                         3.35739e-12
vsup#branch                       -0.000170122

 Reference value :  0.00000e+00
 Reference value :  6.43529e-10
 Reference value :  1.15409e-09
 Reference value :  2.00353e-09
 Reference value :  2.90824e-09
 Reference value :  3.69412e-09
 Reference value :  4.46000e-09
No. of Data Rows : 1345
vsup_v              =  1.08000e+00
d0now               =  1.08000e+00
d1now               =  1.07999e+00
d2now               =  1.07999e+00
Reset re-loads circuit * comparator-transient-noise @ tt_27c_1.08v -- generated by sim/harness, do not edit

Circuit: * comparator-transient-noise @ tt_27c_1.08v -- generated by sim/harness, do not edit

Doing analysis at TEMP = 27.000000 and TNOM = 27.000000

Using SPARSE 1.3 as Direct Linear Solver

Initial Transient Solution
--------------------------

Node                                   Voltage
----                                   -------
vdd                                       1.08
cm                                         0.6
vd0                                          0
ap0                                        0.6
an0                                        0.6
ibn0                                  0.308665
x0.x1.tmid                         1.30481e-06
x0.x1.tail                            0.567131
clk                                          0
x0.x1.np                                  1.08
x0.x1.nn                                  1.08
x0.x1.ln                                  1.08
x0.x1.lp                                  1.08
x0.x1.lnb                          8.59789e-08
x0.x1.lpb                          8.59789e-08
x0.x1.na                               1.06942
doutb0                                 0.55819
dout0                                  0.55819
x0.x1.nb                               1.06942
vd1                                      0.001
ap1                                     0.6005
an1                                     0.5995
ibn1                                  0.308665
x1.x1.tmid                         1.30482e-06
x1.x1.tail                            0.567135
x1.x1.np                                  1.08
x1.x1.nn                                  1.08
x1.x1.ln                                  1.08
x1.x1.lp                                  1.08
x1.x1.lnb                          8.59789e-08
x1.x1.lpb                          8.59789e-08
x1.x1.na                               1.06942
doutb1                                 0.55819
dout1                                  0.55819
x1.x1.nb                               1.06942
vd2                                     -0.001
ap2                                     0.5995
an2                                     0.6005
ibn2                                  0.308665
x2.x1.tmid                         1.30482e-06
x2.x1.tail                            0.567135
x2.x1.np                                  1.08
x2.x1.nn                                  1.08
x2.x1.ln                                  1.08
x2.x1.lp                                  1.08
x2.x1.lnb                          8.59789e-08
x2.x1.lpb                          8.59789e-08
x2.x1.na                               1.06942
doutb2                                 0.55819
dout2                                  0.55819
x2.x1.nb                               1.06942
ean2#branch                        5.57909e-13
eap2#branch                        5.61203e-13
ean1#branch                        5.61203e-13
eap1#branch                        5.57909e-13
ean0#branch                        5.59583e-13
eap0#branch                        5.59583e-13
vclk#branch                        6.45704e-10
vd2#branch                                   0
vd1#branch                                   0
vd0#branch                                   0
vcm#branch                         3.35739e-12
vsup#branch                       -0.000170122

 Reference value :  0.00000e+00
 Reference value :  6.80000e-10
 Reference value :  1.20354e-09
 Reference value :  2.06000e-09
 Reference value :  3.00118e-09
 Reference value :  3.77412e-09
 Reference value :  4.50353e-09
No. of Data Rows : 1345
vsup_v              =  1.08000e+00
d0now               =  1.08000e+00
d1now               =  7.85273e-06
d2now               =  7.18083e-06
Reset re-loads circuit * comparator-transient-noise @ tt_27c_1.08v -- generated by sim/harness, do not edit

Circuit: * comparator-transient-noise @ tt_27c_1.08v -- generated by sim/harness, do not edit

Doing analysis at TEMP = 27.000000 and TNOM = 27.000000

Using SPARSE 1.3 as Direct Linear Solver

Initial Transient Solution
--------------------------

Node                                   Voltage
----                                   -------
vdd                                       1.08
cm                                         0.6
vd0                                          0
ap0                                        0.6
an0                                        0.6
ibn0                                  0.308665
x0.x1.tmid                         1.30481e-06
x0.x1.tail                            0.567131
clk                                          0
x0.x1.np                                  1.08
x0.x1.nn                                  1.08
x0.x1.ln                                  1.08
x0.x1.lp                                  1.08
x0.x1.lnb                          8.59789e-08
x0.x1.lpb                          8.59789e-08
x0.x1.na                               1.06942
doutb0                                 0.55819
dout0                                  0.55819
x0.x1.nb                               1.06942
vd1                                      0.001
ap1                                     0.6005
an1                                     0.5995
ibn1                                  0.308665
x1.x1.tmid                         1.30482e-06
x1.x1.tail                            0.567135
x1.x1.np                                  1.08
x1.x1.nn                                  1.08
x1.x1.ln                                  1.08
x1.x1.lp                                  1.08
x1.x1.lnb                          8.59789e-08
x1.x1.lpb                          8.59789e-08
x1.x1.na                               1.06942
doutb1                                 0.55819
dout1                                  0.55819
x1.x1.nb                               1.06942
vd2                                     -0.001
ap2                                     0.5995
an2                                     0.6005
ibn2                                  0.308665
x2.x1.tmid                         1.30482e-06
x2.x1.tail                            0.567135
x2.x1.np                                  1.08
x2.x1.nn                                  1.08
x2.x1.ln                                  1.08
x2.x1.lp                                  1.08
x2.x1.lnb                          8.59789e-08
x2.x1.lpb                          8.59789e-08
x2.x1.na                               1.06942
doutb2                                 0.55819
dout2                                  0.55819
x2.x1.nb                               1.06942
ean2#branch                        5.57909e-13
eap2#branch                        5.61203e-13
ean1#branch                        5.61203e-13
eap1#branch                        5.57909e-13
ean0#branch                        5.59583e-13
eap0#branch                        5.59583e-13
vclk#branch                        6.45704e-10
vd2#branch                                   0
vd1#branch                                   0
vd0#branch                                   0
vcm#branch                         3.35739e-12
vsup#branch                       -0.000170122

 Reference value :  0.00000e+00
 Reference value :  6.63529e-10
 Reference value :  1.18000e-09
 Reference value :  2.02118e-09
 Reference value :  2.88824e-09
 Reference value :  3.62353e-09
 Reference value :  4.34353e-09
 Reference value :  5.08824e-09
No. of Data Rows : 1345
vsup_v              =  1.08000e+00
d0now               =  1.08000e+00
d1now               =  1.07999e+00
d2now               =  3.60968e-06
Reset re-loads circuit * comparator-transient-noise @ tt_27c_1.08v -- generated by sim/harness, do not edit

Circuit: * comparator-transient-noise @ tt_27c_1.08v -- generated by sim/harness, do not edit

Doing analysis at TEMP = 27.000000 and TNOM = 27.000000

Using SPARSE 1.3 as Direct Linear Solver

Initial Transient Solution
--------------------------

Node                                   Voltage
----                                   -------
vdd                                       1.08
cm                                         0.6
vd0                                          0
ap0                                        0.6
an0                                        0.6
ibn0                                  0.308665
x0.x1.tmid                         1.30481e-06
x0.x1.tail                            0.567131
clk                                          0
x0.x1.np                                  1.08
x0.x1.nn                                  1.08
x0.x1.ln                                  1.08
x0.x1.lp                                  1.08
x0.x1.lnb                          8.59789e-08
x0.x1.lpb                          8.59789e-08
x0.x1.na                               1.06942
doutb0                                 0.55819
dout0                                  0.55819
x0.x1.nb                               1.06942
vd1                                      0.001
ap1                                     0.6005
an1                                     0.5995
ibn1                                  0.308665
x1.x1.tmid                         1.30482e-06
x1.x1.tail                            0.567135
x1.x1.np                                  1.08
x1.x1.nn                                  1.08
x1.x1.ln                                  1.08
x1.x1.lp                                  1.08
x1.x1.lnb                          8.59789e-08
x1.x1.lpb                          8.59789e-08
x1.x1.na                               1.06942
doutb1                                 0.55819
dout1                                  0.55819
x1.x1.nb                               1.06942
vd2                                     -0.001
ap2                                     0.5995
an2                                     0.6005
ibn2                                  0.308665
x2.x1.tmid                         1.30482e-06
x2.x1.tail                            0.567135
x2.x1.np                                  1.08
x2.x1.nn                                  1.08
x2.x1.ln                                  1.08
x2.x1.lp                                  1.08
x2.x1.lnb                          8.59789e-08
x2.x1.lpb                          8.59789e-08
x2.x1.na                               1.06942
doutb2                                 0.55819
dout2                                  0.55819
x2.x1.nb                               1.06942
ean2#branch                        5.57909e-13
eap2#branch                        5.61203e-13
ean1#branch                        5.61203e-13
eap1#branch                        5.57909e-13
ean0#branch                        5.59583e-13
eap0#branch                        5.59583e-13
vclk#branch                        6.45704e-10
vd2#branch                                   0
vd1#branch                                   0
vd0#branch                                   0
vcm#branch                         3.35739e-12
vsup#branch                       -0.000170122

 Reference value :  0.00000e+00
 Reference value :  6.54118e-10
 Reference value :  1.16118e-09
 Reference value :  2.00824e-09
 Reference value :  2.93412e-09
 Reference value :  3.68000e-09
 Reference value :  4.40000e-09
 Reference value :  5.07412e-09
No. of Data Rows : 1345
vsup_v              =  1.08000e+00
d0now               =  1.73439e-07
d1now               =  1.07999e+00
d2now               =  7.53160e-06
Reset re-loads circuit * comparator-transient-noise @ tt_27c_1.08v -- generated by sim/harness, do not edit

Circuit: * comparator-transient-noise @ tt_27c_1.08v -- generated by sim/harness, do not edit

Doing analysis at TEMP = 27.000000 and TNOM = 27.000000

Using SPARSE 1.3 as Direct Linear Solver

Initial Transient Solution
--------------------------

Node                                   Voltage
----                                   -------
vdd                                       1.08
cm                                         0.6
vd0                                          0
ap0                                        0.6
an0                                        0.6
ibn0                                  0.308665
x0.x1.tmid                         1.30481e-06
x0.x1.tail                            0.567131
clk                                          0
x0.x1.np                                  1.08
x0.x1.nn                                  1.08
x0.x1.ln                                  1.08
x0.x1.lp                                  1.08
x0.x1.lnb                          8.59789e-08
x0.x1.lpb                          8.59789e-08
x0.x1.na                               1.06942
doutb0                                 0.55819
dout0                                  0.55819
x0.x1.nb                               1.06942
vd1                                      0.001
ap1                                     0.6005
an1                                     0.5995
ibn1                                  0.308665
x1.x1.tmid                         1.30482e-06
x1.x1.tail                            0.567135
x1.x1.np                                  1.08
x1.x1.nn                                  1.08
x1.x1.ln                                  1.08
x1.x1.lp                                  1.08
x1.x1.lnb                          8.59789e-08
x1.x1.lpb                          8.59789e-08
x1.x1.na                               1.06942
doutb1                                 0.55819
dout1                                  0.55819
x1.x1.nb                               1.06942
vd2                                     -0.001
ap2                                     0.5995
an2                                     0.6005
ibn2                                  0.308665
x2.x1.tmid                         1.30482e-06
x2.x1.tail                            0.567135
x2.x1.np                                  1.08
x2.x1.nn                                  1.08
x2.x1.ln                                  1.08
x2.x1.lp                                  1.08
x2.x1.lnb                          8.59789e-08
x2.x1.lpb                          8.59789e-08
x2.x1.na                               1.06942
doutb2                                 0.55819
dout2                                  0.55819
x2.x1.nb                               1.06942
ean2#branch                        5.57909e-13
eap2#branch                        5.61203e-13
ean1#branch                        5.61203e-13
eap1#branch                        5.57909e-13
ean0#branch                        5.59583e-13
eap0#branch                        5.59583e-13
vclk#branch                        6.45704e-10
vd2#branch                                   0
vd1#branch                                   0
vd0#branch                                   0
vcm#branch                         3.35739e-12
vsup#branch                       -0.000170122

 Reference value :  0.00000e+00
 Reference value :  6.63529e-10
 Reference value :  1.18821e-09
 Reference value :  2.04000e-09
 Reference value :  2.98118e-09
 Reference value :  3.76353e-09
 Reference value :  4.54000e-09
No. of Data Rows : 1345
vsup_v              =  1.08000e+00
d0now               =  1.08000e+00
d1now               =  1.08000e+00
d2now               =  1.81626e-06
Reset re-loads circuit * comparator-transient-noise @ tt_27c_1.08v -- generated by sim/harness, do not edit

Circuit: * comparator-transient-noise @ tt_27c_1.08v -- generated by sim/harness, do not edit

Doing analysis at TEMP = 27.000000 and TNOM = 27.000000

Using SPARSE 1.3 as Direct Linear Solver

Initial Transient Solution
--------------------------

Node                                   Voltage
----                                   -------
vdd                                       1.08
cm                                         0.6
vd0                                          0
ap0                                        0.6
an0                                        0.6
ibn0                                  0.308665
x0.x1.tmid                         1.30481e-06
x0.x1.tail                            0.567131
clk                                          0
x0.x1.np                                  1.08
x0.x1.nn                                  1.08
x0.x1.ln                                  1.08
x0.x1.lp                                  1.08
x0.x1.lnb                          8.59789e-08
x0.x1.lpb                          8.59789e-08
x0.x1.na                               1.06942
doutb0                                 0.55819
dout0                                  0.55819
x0.x1.nb                               1.06942
vd1                                      0.001
ap1                                     0.6005
an1                                     0.5995
ibn1                                  0.308665
x1.x1.tmid                         1.30482e-06
x1.x1.tail                            0.567135
x1.x1.np                                  1.08
x1.x1.nn                                  1.08
x1.x1.ln                                  1.08
x1.x1.lp                                  1.08
x1.x1.lnb                          8.59789e-08
x1.x1.lpb                          8.59789e-08
x1.x1.na                               1.06942
doutb1                                 0.55819
dout1                                  0.55819
x1.x1.nb                               1.06942
vd2                                     -0.001
ap2                                     0.5995
an2                                     0.6005
ibn2                                  0.308665
x2.x1.tmid                         1.30482e-06
x2.x1.tail                            0.567135
x2.x1.np                                  1.08
x2.x1.nn                                  1.08
x2.x1.ln                                  1.08
x2.x1.lp                                  1.08
x2.x1.lnb                          8.59789e-08
x2.x1.lpb                          8.59789e-08
x2.x1.na                               1.06942
doutb2                                 0.55819
dout2                                  0.55819
x2.x1.nb                               1.06942
ean2#branch                        5.57909e-13
eap2#branch                        5.61203e-13
ean1#branch                        5.61203e-13
eap1#branch                        5.57909e-13
ean0#branch                        5.59583e-13
eap0#branch                        5.59583e-13
vclk#branch                        6.45704e-10
vd2#branch                                   0
vd1#branch                                   0
vd0#branch                                   0
vcm#branch                         3.35739e-12
vsup#branch                       -0.000170122

 Reference value :  0.00000e+00
 Reference value :  6.14118e-10
 Reference value :  1.12832e-09
 Reference value :  1.96824e-09
 Reference value :  2.94118e-09
 Reference value :  3.76000e-09
 Reference value :  4.54118e-09
No. of Data Rows : 1345
vsup_v              =  1.08000e+00
d0now               =  4.66445e-07
d1now               =  1.08000e+00
d2now               =  1.03475e-06
Reset re-loads circuit * comparator-transient-noise @ tt_27c_1.08v -- generated by sim/harness, do not edit

Circuit: * comparator-transient-noise @ tt_27c_1.08v -- generated by sim/harness, do not edit

Doing analysis at TEMP = 27.000000 and TNOM = 27.000000

Using SPARSE 1.3 as Direct Linear Solver

Initial Transient Solution
--------------------------

Node                                   Voltage
----                                   -------
vdd                                       1.08
cm                                         0.6
vd0                                          0
ap0                                        0.6
an0                                        0.6
ibn0                                  0.308665
x0.x1.tmid                         1.30481e-06
x0.x1.tail                            0.567131
clk                                          0
x0.x1.np                                  1.08
x0.x1.nn                                  1.08
x0.x1.ln                                  1.08
x0.x1.lp                                  1.08
x0.x1.lnb                          8.59789e-08
x0.x1.lpb                          8.59789e-08
x0.x1.na                               1.06942
doutb0                                 0.55819
dout0                                  0.55819
x0.x1.nb                               1.06942
vd1                                      0.001
ap1                                     0.6005
an1                                     0.5995
ibn1                                  0.308665
x1.x1.tmid                         1.30482e-06
x1.x1.tail                            0.567135
x1.x1.np                                  1.08
x1.x1.nn                                  1.08
x1.x1.ln                                  1.08
x1.x1.lp                                  1.08
x1.x1.lnb                          8.59789e-08
x1.x1.lpb                          8.59789e-08
x1.x1.na                               1.06942
doutb1                                 0.55819
dout1                                  0.55819
x1.x1.nb                               1.06942
vd2                                     -0.001
ap2                                     0.5995
an2                                     0.6005
ibn2                                  0.308665
x2.x1.tmid                         1.30482e-06
x2.x1.tail                            0.567135
x2.x1.np                                  1.08
x2.x1.nn                                  1.08
x2.x1.ln                                  1.08
x2.x1.lp                                  1.08
x2.x1.lnb                          8.59789e-08
x2.x1.lpb                          8.59789e-08
x2.x1.na                               1.06942
doutb2                                 0.55819
dout2                                  0.55819
x2.x1.nb                               1.06942
ean2#branch                        5.57909e-13
eap2#branch                        5.61203e-13
ean1#branch                        5.61203e-13
eap1#branch                        5.57909e-13
ean0#branch                        5.59583e-13
eap0#branch                        5.59583e-13
vclk#branch                        6.45704e-10
vd2#branch                                   0
vd1#branch                                   0
vd0#branch                                   0
vcm#branch                         3.35739e-12
vsup#branch                       -0.000170122

 Reference value :  0.00000e+00
 Reference value :  6.63529e-10
 Reference value :  1.19410e-09
 Reference value :  1.98353e-09
 Reference value :  2.86000e-09
 Reference value :  3.64118e-09
 Reference value :  4.38353e-09
No. of Data Rows : 1345
vsup_v              =  1.08000e+00
d0now               =  -1.10262e-07
d1now               =  1.08001e+00
d2now               =  -5.37084e-06
Reset re-loads circuit * comparator-transient-noise @ tt_27c_1.08v -- generated by sim/harness, do not edit

Circuit: * comparator-transient-noise @ tt_27c_1.08v -- generated by sim/harness, do not edit

Doing analysis at TEMP = 27.000000 and TNOM = 27.000000

Using SPARSE 1.3 as Direct Linear Solver

Initial Transient Solution
--------------------------

Node                                   Voltage
----                                   -------
vdd                                       1.08
cm                                         0.6
vd0                                          0
ap0                                        0.6
an0                                        0.6
ibn0                                  0.308665
x0.x1.tmid                         1.30481e-06
x0.x1.tail                            0.567131
clk                                          0
x0.x1.np                                  1.08
x0.x1.nn                                  1.08
x0.x1.ln                                  1.08
x0.x1.lp                                  1.08
x0.x1.lnb                          8.59789e-08
x0.x1.lpb                          8.59789e-08
x0.x1.na                               1.06942
doutb0                                 0.55819
dout0                                  0.55819
x0.x1.nb                               1.06942
vd1                                      0.001
ap1                                     0.6005
an1                                     0.5995
ibn1                                  0.308665
x1.x1.tmid                         1.30482e-06
x1.x1.tail                            0.567135
x1.x1.np                                  1.08
x1.x1.nn                                  1.08
x1.x1.ln                                  1.08
x1.x1.lp                                  1.08
x1.x1.lnb                          8.59789e-08
x1.x1.lpb                          8.59789e-08
x1.x1.na                               1.06942
doutb1                                 0.55819
dout1                                  0.55819
x1.x1.nb                               1.06942
vd2                                     -0.001
ap2                                     0.5995
an2                                     0.6005
ibn2                                  0.308665
x2.x1.tmid                         1.30482e-06
x2.x1.tail                            0.567135
x2.x1.np                                  1.08
x2.x1.nn                                  1.08
x2.x1.ln                                  1.08
x2.x1.lp                                  1.08
x2.x1.lnb                          8.59789e-08
x2.x1.lpb                          8.59789e-08
x2.x1.na                               1.06942
doutb2                                 0.55819
dout2                                  0.55819
x2.x1.nb                               1.06942
ean2#branch                        5.57909e-13
eap2#branch                        5.61203e-13
ean1#branch                        5.61203e-13
eap1#branch                        5.57909e-13
ean0#branch                        5.59583e-13
eap0#branch                        5.59583e-13
vclk#branch                        6.45704e-10
vd2#branch                                   0
vd1#branch                                   0
vd0#branch                                   0
vcm#branch                         3.35739e-12
vsup#branch                       -0.000170122

 Reference value :  0.00000e+00
 Reference value :  6.48235e-10
 Reference value :  1.17414e-09
 Reference value :  2.02824e-09
 Reference value :  2.92118e-09
 Reference value :  3.72000e-09
 Reference value :  4.45412e-09
No. of Data Rows : 1345
vsup_v              =  1.08000e+00
d0now               =  -2.32486e-06
d1now               =  4.94360e-06
d2now               =  -1.35191e-06
Reset re-loads circuit * comparator-transient-noise @ tt_27c_1.08v -- generated by sim/harness, do not edit

Circuit: * comparator-transient-noise @ tt_27c_1.08v -- generated by sim/harness, do not edit

Doing analysis at TEMP = 27.000000 and TNOM = 27.000000

Using SPARSE 1.3 as Direct Linear Solver

Initial Transient Solution
--------------------------

Node                                   Voltage
----                                   -------
vdd                                       1.08
cm                                         0.6
vd0                                          0
ap0                                        0.6
an0                                        0.6
ibn0                                  0.308665
x0.x1.tmid                         1.30481e-06
x0.x1.tail                            0.567131
clk                                          0
x0.x1.np                                  1.08
x0.x1.nn                                  1.08
x0.x1.ln                                  1.08
x0.x1.lp                                  1.08
x0.x1.lnb                          8.59789e-08
x0.x1.lpb                          8.59789e-08
x0.x1.na                               1.06942
doutb0                                 0.55819
dout0                                  0.55819
x0.x1.nb                               1.06942
vd1                                      0.001
ap1                                     0.6005
an1                                     0.5995
ibn1                                  0.308665
x1.x1.tmid                         1.30482e-06
x1.x1.tail                            0.567135
x1.x1.np                                  1.08
x1.x1.nn                                  1.08
x1.x1.ln                                  1.08
x1.x1.lp                                  1.08
x1.x1.lnb                          8.59789e-08
x1.x1.lpb                          8.59789e-08
x1.x1.na                               1.06942
doutb1                                 0.55819
dout1                                  0.55819
x1.x1.nb                               1.06942
vd2                                     -0.001
ap2                                     0.5995
an2                                     0.6005
ibn2                                  0.308665
x2.x1.tmid                         1.30482e-06
x2.x1.tail                            0.567135
x2.x1.np                                  1.08
x2.x1.nn                                  1.08
x2.x1.ln                                  1.08
x2.x1.lp                                  1.08
x2.x1.lnb                          8.59789e-08
x2.x1.lpb                          8.59789e-08
x2.x1.na                               1.06942
doutb2                                 0.55819
dout2                                  0.55819
x2.x1.nb                               1.06942
ean2#branch                        5.57909e-13
eap2#branch                        5.61203e-13
ean1#branch                        5.61203e-13
eap1#branch                        5.57909e-13
ean0#branch                        5.59583e-13
eap0#branch                        5.59583e-13
vclk#branch                        6.45704e-10
vd2#branch                                   0
vd1#branch                                   0
vd0#branch                                   0
vcm#branch                         3.35739e-12
vsup#branch                       -0.000170122

 Reference value :  0.00000e+00
 Reference value :  6.61176e-10
 Reference value :  1.20000e-09
 Reference value :  2.04824e-09
 Reference value :  2.98353e-09
 Reference value :  3.76000e-09
 Reference value :  4.52000e-09
No. of Data Rows : 1345
vsup_v              =  1.08000e+00
d0now               =  1.07998e+00
d1now               =  -5.31104e-07
d2now               =  2.45328e-06
Reset re-loads circuit * comparator-transient-noise @ tt_27c_1.08v -- generated by sim/harness, do not edit

Circuit: * comparator-transient-noise @ tt_27c_1.08v -- generated by sim/harness, do not edit

Doing analysis at TEMP = 27.000000 and TNOM = 27.000000

Using SPARSE 1.3 as Direct Linear Solver

Initial Transient Solution
--------------------------

Node                                   Voltage
----                                   -------
vdd                                       1.08
cm                                         0.6
vd0                                          0
ap0                                        0.6
an0                                        0.6
ibn0                                  0.308665
x0.x1.tmid                         1.30481e-06
x0.x1.tail                            0.567131
clk                                          0
x0.x1.np                                  1.08
x0.x1.nn                                  1.08
x0.x1.ln                                  1.08
x0.x1.lp                                  1.08
x0.x1.lnb                          8.59789e-08
x0.x1.lpb                          8.59789e-08
x0.x1.na                               1.06942
doutb0                                 0.55819
dout0                                  0.55819
x0.x1.nb                               1.06942
vd1                                      0.001
ap1                                     0.6005
an1                                     0.5995
ibn1                                  0.308665
x1.x1.tmid                         1.30482e-06
x1.x1.tail                            0.567135
x1.x1.np                                  1.08
x1.x1.nn                                  1.08
x1.x1.ln                                  1.08
x1.x1.lp                                  1.08
x1.x1.lnb                          8.59789e-08
x1.x1.lpb                          8.59789e-08
x1.x1.na                               1.06942
doutb1                                 0.55819
dout1                                  0.55819
x1.x1.nb                               1.06942
vd2                                     -0.001
ap2                                     0.5995
an2                                     0.6005
ibn2                                  0.308665
x2.x1.tmid                         1.30482e-06
x2.x1.tail                            0.567135
x2.x1.np                                  1.08
x2.x1.nn                                  1.08
x2.x1.ln                                  1.08
x2.x1.lp                                  1.08
x2.x1.lnb                          8.59789e-08
x2.x1.lpb                          8.59789e-08
x2.x1.na                               1.06942
doutb2                                 0.55819
dout2                                  0.55819
x2.x1.nb                               1.06942
ean2#branch                        5.57909e-13
eap2#branch                        5.61203e-13
ean1#branch                        5.61203e-13
eap1#branch                        5.57909e-13
ean0#branch                        5.59583e-13
eap0#branch                        5.59583e-13
vclk#branch                        6.45704e-10
vd2#branch                                   0
vd1#branch                                   0
vd0#branch                                   0
vcm#branch                         3.35739e-12
vsup#branch                       -0.000170122

 Reference value :  0.00000e+00
 Reference value :  6.60000e-10
 Reference value :  1.18821e-09
 Reference value :  2.03412e-09
 Reference value :  2.94824e-09
 Reference value :  3.74353e-09
 Reference value :  4.50118e-09
No. of Data Rows : 1345
vsup_v              =  1.08000e+00
d0now               =  1.08000e+00
d1now               =  2.71812e-06
d2now               =  6.07554e-07
Reset re-loads circuit * comparator-transient-noise @ tt_27c_1.08v -- generated by sim/harness, do not edit

Circuit: * comparator-transient-noise @ tt_27c_1.08v -- generated by sim/harness, do not edit

Doing analysis at TEMP = 27.000000 and TNOM = 27.000000

Using SPARSE 1.3 as Direct Linear Solver

Initial Transient Solution
--------------------------

Node                                   Voltage
----                                   -------
vdd                                       1.08
cm                                         0.6
vd0                                          0
ap0                                        0.6
an0                                        0.6
ibn0                                  0.308665
x0.x1.tmid                         1.30481e-06
x0.x1.tail                            0.567131
clk                                          0
x0.x1.np                                  1.08
x0.x1.nn                                  1.08
x0.x1.ln                                  1.08
x0.x1.lp                                  1.08
x0.x1.lnb                          8.59789e-08
x0.x1.lpb                          8.59789e-08
x0.x1.na                               1.06942
doutb0                                 0.55819
dout0                                  0.55819
x0.x1.nb                               1.06942
vd1                                      0.001
ap1                                     0.6005
an1                                     0.5995
ibn1                                  0.308665
x1.x1.tmid                         1.30482e-06
x1.x1.tail                            0.567135
x1.x1.np                                  1.08
x1.x1.nn                                  1.08
x1.x1.ln                                  1.08
x1.x1.lp                                  1.08
x1.x1.lnb                          8.59789e-08
x1.x1.lpb                          8.59789e-08
x1.x1.na                               1.06942
doutb1                                 0.55819
dout1                                  0.55819
x1.x1.nb                               1.06942
vd2                                     -0.001
ap2                                     0.5995
an2                                     0.6005
ibn2                                  0.308665
x2.x1.tmid                         1.30482e-06
x2.x1.tail                            0.567135
x2.x1.np                                  1.08
x2.x1.nn                                  1.08
x2.x1.ln                                  1.08
x2.x1.lp                                  1.08
x2.x1.lnb                          8.59789e-08
x2.x1.lpb                          8.59789e-08
x2.x1.na                               1.06942
doutb2                                 0.55819
dout2                                  0.55819
x2.x1.nb                               1.06942
ean2#branch                        5.57909e-13
eap2#branch                        5.61203e-13
ean1#branch                        5.61203e-13
eap1#branch                        5.57909e-13
ean0#branch                        5.59583e-13
eap0#branch                        5.59583e-13
vclk#branch                        6.45704e-10
vd2#branch                                   0
vd1#branch                                   0
vd0#branch                                   0
vcm#branch                         3.35739e-12
vsup#branch                       -0.000170122

 Reference value :  0.00000e+00
 Reference value :  7.01176e-10
 Reference value :  1.24353e-09
 Reference value :  2.08353e-09
 Reference value :  3.06118e-09
 Reference value :  3.84353e-09
 Reference value :  4.57412e-09
No. of Data Rows : 1345
vsup_v              =  1.08000e+00
d0now               =  1.07999e+00
d1now               =  1.08000e+00
d2now               =  1.52503e-06
Reset re-loads circuit * comparator-transient-noise @ tt_27c_1.08v -- generated by sim/harness, do not edit

Circuit: * comparator-transient-noise @ tt_27c_1.08v -- generated by sim/harness, do not edit

Doing analysis at TEMP = 27.000000 and TNOM = 27.000000

Using SPARSE 1.3 as Direct Linear Solver

Initial Transient Solution
--------------------------

Node                                   Voltage
----                                   -------
vdd                                       1.08
cm                                         0.6
vd0                                          0
ap0                                        0.6
an0                                        0.6
ibn0                                  0.308665
x0.x1.tmid                         1.30481e-06
x0.x1.tail                            0.567131
clk                                          0
x0.x1.np                                  1.08
x0.x1.nn                                  1.08
x0.x1.ln                                  1.08
x0.x1.lp                                  1.08
x0.x1.lnb                          8.59789e-08
x0.x1.lpb                          8.59789e-08
x0.x1.na                               1.06942
doutb0                                 0.55819
dout0                                  0.55819
x0.x1.nb                               1.06942
vd1                                      0.001
ap1                                     0.6005
an1                                     0.5995
ibn1                                  0.308665
x1.x1.tmid                         1.30482e-06
x1.x1.tail                            0.567135
x1.x1.np                                  1.08
x1.x1.nn                                  1.08
x1.x1.ln                                  1.08
x1.x1.lp                                  1.08
x1.x1.lnb                          8.59789e-08
x1.x1.lpb                          8.59789e-08
x1.x1.na                               1.06942
doutb1                                 0.55819
dout1                                  0.55819
x1.x1.nb                               1.06942
vd2                                     -0.001
ap2                                     0.5995
an2                                     0.6005
ibn2                                  0.308665
x2.x1.tmid                         1.30482e-06
x2.x1.tail                            0.567135
x2.x1.np                                  1.08
x2.x1.nn                                  1.08
x2.x1.ln                                  1.08
x2.x1.lp                                  1.08
x2.x1.lnb                          8.59789e-08
x2.x1.lpb                          8.59789e-08
x2.x1.na                               1.06942
doutb2                                 0.55819
dout2                                  0.55819
x2.x1.nb                               1.06942
ean2#branch                        5.57909e-13
eap2#branch                        5.61203e-13
ean1#branch                        5.61203e-13
eap1#branch                        5.57909e-13
ean0#branch                        5.59583e-13
eap0#branch                        5.59583e-13
vclk#branch                        6.45704e-10
vd2#branch                                   0
vd1#branch                                   0
vd0#branch                                   0
vcm#branch                         3.35739e-12
vsup#branch                       -0.000170122

 Reference value :  0.00000e+00
 Reference value :  6.54118e-10
 Reference value :  1.18000e-09
 Reference value :  2.00118e-09
 Reference value :  2.92353e-09
 Reference value :  3.71412e-09
 Reference value :  4.44824e-09
No. of Data Rows : 1345
vsup_v              =  1.08000e+00
d0now               =  5.75352e-06
d1now               =  1.08000e+00
d2now               =  2.15328e-06
Reset re-loads circuit * comparator-transient-noise @ tt_27c_1.08v -- generated by sim/harness, do not edit

Circuit: * comparator-transient-noise @ tt_27c_1.08v -- generated by sim/harness, do not edit

Doing analysis at TEMP = 27.000000 and TNOM = 27.000000

Using SPARSE 1.3 as Direct Linear Solver

Initial Transient Solution
--------------------------

Node                                   Voltage
----                                   -------
vdd                                       1.08
cm                                         0.6
vd0                                          0
ap0                                        0.6
an0                                        0.6
ibn0                                  0.308665
x0.x1.tmid                         1.30481e-06
x0.x1.tail                            0.567131
clk                                          0
x0.x1.np                                  1.08
x0.x1.nn                                  1.08
x0.x1.ln                                  1.08
x0.x1.lp                                  1.08
x0.x1.lnb                          8.59789e-08
x0.x1.lpb                          8.59789e-08
x0.x1.na                               1.06942
doutb0                                 0.55819
dout0                                  0.55819
x0.x1.nb                               1.06942
vd1                                      0.001
ap1                                     0.6005
an1                                     0.5995
ibn1                                  0.308665
x1.x1.tmid                         1.30482e-06
x1.x1.tail                            0.567135
x1.x1.np                                  1.08
x1.x1.nn                                  1.08
x1.x1.ln                                  1.08
x1.x1.lp                                  1.08
x1.x1.lnb                          8.59789e-08
x1.x1.lpb                          8.59789e-08
x1.x1.na                               1.06942
doutb1                                 0.55819
dout1                                  0.55819
x1.x1.nb                               1.06942
vd2                                     -0.001
ap2                                     0.5995
an2                                     0.6005
ibn2                                  0.308665
x2.x1.tmid                         1.30482e-06
x2.x1.tail                            0.567135
x2.x1.np                                  1.08
x2.x1.nn                                  1.08
x2.x1.ln                                  1.08
x2.x1.lp                                  1.08
x2.x1.lnb                          8.59789e-08
x2.x1.lpb                          8.59789e-08
x2.x1.na                               1.06942
doutb2                                 0.55819
dout2                                  0.55819
x2.x1.nb                               1.06942
ean2#branch                        5.57909e-13
eap2#branch                        5.61203e-13
ean1#branch                        5.61203e-13
eap1#branch                        5.57909e-13
ean0#branch                        5.59583e-13
eap0#branch                        5.59583e-13
vclk#branch                        6.45704e-10
vd2#branch                                   0
vd1#branch                                   0
vd0#branch                                   0
vcm#branch                         3.35739e-12
vsup#branch                       -0.000170122

 Reference value :  0.00000e+00
 Reference value :  6.48235e-10
 Reference value :  1.28824e-09
 Reference value :  2.16824e-09
 Reference value :  3.08118e-09
 Reference value :  3.82118e-09
 Reference value :  4.55412e-09
No. of Data Rows : 1345
vsup_v              =  1.08000e+00
d0now               =  1.08000e+00
d1now               =  4.01066e-06
d2now               =  8.04481e-06
Reset re-loads circuit * comparator-transient-noise @ tt_27c_1.08v -- generated by sim/harness, do not edit

Circuit: * comparator-transient-noise @ tt_27c_1.08v -- generated by sim/harness, do not edit

Doing analysis at TEMP = 27.000000 and TNOM = 27.000000

Using SPARSE 1.3 as Direct Linear Solver

Initial Transient Solution
--------------------------

Node                                   Voltage
----                                   -------
vdd                                       1.08
cm                                         0.6
vd0                                          0
ap0                                        0.6
an0                                        0.6
ibn0                                  0.308665
x0.x1.tmid                         1.30481e-06
x0.x1.tail                            0.567131
clk                                          0
x0.x1.np                                  1.08
x0.x1.nn                                  1.08
x0.x1.ln                                  1.08
x0.x1.lp                                  1.08
x0.x1.lnb                          8.59789e-08
x0.x1.lpb                          8.59789e-08
x0.x1.na                               1.06942
doutb0                                 0.55819
dout0                                  0.55819
x0.x1.nb                               1.06942
vd1                                      0.001
ap1                                     0.6005
an1                                     0.5995
ibn1                                  0.308665
x1.x1.tmid                         1.30482e-06
x1.x1.tail                            0.567135
x1.x1.np                                  1.08
x1.x1.nn                                  1.08
x1.x1.ln                                  1.08
x1.x1.lp                                  1.08
x1.x1.lnb                          8.59789e-08
x1.x1.lpb                          8.59789e-08
x1.x1.na                               1.06942
doutb1                                 0.55819
dout1                                  0.55819
x1.x1.nb                               1.06942
vd2                                     -0.001
ap2                                     0.5995
an2                                     0.6005
ibn2                                  0.308665
x2.x1.tmid                         1.30482e-06
x2.x1.tail                            0.567135
x2.x1.np                                  1.08
x2.x1.nn                                  1.08
x2.x1.ln                                  1.08
x2.x1.lp                                  1.08
x2.x1.lnb                          8.59789e-08
x2.x1.lpb                          8.59789e-08
x2.x1.na                               1.06942
doutb2                                 0.55819
dout2                                  0.55819
x2.x1.nb                               1.06942
ean2#branch                        5.57909e-13
eap2#branch                        5.61203e-13
ean1#branch                        5.61203e-13
eap1#branch                        5.57909e-13
ean0#branch                        5.59583e-13
eap0#branch                        5.59583e-13
vclk#branch                        6.45704e-10
vd2#branch                                   0
vd1#branch                                   0
vd0#branch                                   0
vcm#branch                         3.35739e-12
vsup#branch                       -0.000170122

 Reference value :  0.00000e+00
 Reference value :  6.60000e-10
 Reference value :  1.16355e-09
 Reference value :  2.02118e-09
 Reference value :  3.13412e-09
 Reference value :  3.90118e-09
 Reference value :  4.66000e-09
No. of Data Rows : 1345
vsup_v              =  1.08000e+00
d0now               =  -2.74808e-06
d1now               =  1.07999e+00
d2now               =  8.00389e-08
Reset re-loads circuit * comparator-transient-noise @ tt_27c_1.08v -- generated by sim/harness, do not edit

Circuit: * comparator-transient-noise @ tt_27c_1.08v -- generated by sim/harness, do not edit

Doing analysis at TEMP = 27.000000 and TNOM = 27.000000

Using SPARSE 1.3 as Direct Linear Solver

Initial Transient Solution
--------------------------

Node                                   Voltage
----                                   -------
vdd                                       1.08
cm                                         0.6
vd0                                          0
ap0                                        0.6
an0                                        0.6
ibn0                                  0.308665
x0.x1.tmid                         1.30481e-06
x0.x1.tail                            0.567131
clk                                          0
x0.x1.np                                  1.08
x0.x1.nn                                  1.08
x0.x1.ln                                  1.08
x0.x1.lp                                  1.08
x0.x1.lnb                          8.59789e-08
x0.x1.lpb                          8.59789e-08
x0.x1.na                               1.06942
doutb0                                 0.55819
dout0                                  0.55819
x0.x1.nb                               1.06942
vd1                                      0.001
ap1                                     0.6005
an1                                     0.5995
ibn1                                  0.308665
x1.x1.tmid                         1.30482e-06
x1.x1.tail                            0.567135
x1.x1.np                                  1.08
x1.x1.nn                                  1.08
x1.x1.ln                                  1.08
x1.x1.lp                                  1.08
x1.x1.lnb                          8.59789e-08
x1.x1.lpb                          8.59789e-08
x1.x1.na                               1.06942
doutb1                                 0.55819
dout1                                  0.55819
x1.x1.nb                               1.06942
vd2                                     -0.001
ap2                                     0.5995
an2                                     0.6005
ibn2                                  0.308665
x2.x1.tmid                         1.30482e-06
x2.x1.tail                            0.567135
x2.x1.np                                  1.08
x2.x1.nn                                  1.08
x2.x1.ln                                  1.08
x2.x1.lp                                  1.08
x2.x1.lnb                          8.59789e-08
x2.x1.lpb                          8.59789e-08
x2.x1.na                               1.06942
doutb2                                 0.55819
dout2                                  0.55819
x2.x1.nb                               1.06942
ean2#branch                        5.57909e-13
eap2#branch                        5.61203e-13
ean1#branch                        5.61203e-13
eap1#branch                        5.57909e-13
ean0#branch                        5.59583e-13
eap0#branch                        5.59583e-13
vclk#branch                        6.45704e-10
vd2#branch                                   0
vd1#branch                                   0
vd0#branch                                   0
vcm#branch                         3.35739e-12
vsup#branch                       -0.000170122

 Reference value :  0.00000e+00
 Reference value :  6.74118e-10
 Reference value :  1.20118e-09
 Reference value :  2.04118e-09
 Reference value :  2.96000e-09
 Reference value :  3.74824e-09
 Reference value :  4.47412e-09
No. of Data Rows : 1345
vsup_v              =  1.08000e+00
d0now               =  1.07999e+00
d1now               =  1.07999e+00
d2now               =  7.39316e-06
Reset re-loads circuit * comparator-transient-noise @ tt_27c_1.08v -- generated by sim/harness, do not edit

Circuit: * comparator-transient-noise @ tt_27c_1.08v -- generated by sim/harness, do not edit

Doing analysis at TEMP = 27.000000 and TNOM = 27.000000

Using SPARSE 1.3 as Direct Linear Solver

Initial Transient Solution
--------------------------

Node                                   Voltage
----                                   -------
vdd                                       1.08
cm                                         0.6
vd0                                          0
ap0                                        0.6
an0                                        0.6
ibn0                                  0.308665
x0.x1.tmid                         1.30481e-06
x0.x1.tail                            0.567131
clk                                          0
x0.x1.np                                  1.08
x0.x1.nn                                  1.08
x0.x1.ln                                  1.08
x0.x1.lp                                  1.08
x0.x1.lnb                          8.59789e-08
x0.x1.lpb                          8.59789e-08
x0.x1.na                               1.06942
doutb0                                 0.55819
dout0                                  0.55819
x0.x1.nb                               1.06942
vd1                                      0.001
ap1                                     0.6005
an1                                     0.5995
ibn1                                  0.308665
x1.x1.tmid                         1.30482e-06
x1.x1.tail                            0.567135
x1.x1.np                                  1.08
x1.x1.nn                                  1.08
x1.x1.ln                                  1.08
x1.x1.lp                                  1.08
x1.x1.lnb                          8.59789e-08
x1.x1.lpb                          8.59789e-08
x1.x1.na                               1.06942
doutb1                                 0.55819
dout1                                  0.55819
x1.x1.nb                               1.06942
vd2                                     -0.001
ap2                                     0.5995
an2                                     0.6005
ibn2                                  0.308665
x2.x1.tmid                         1.30482e-06
x2.x1.tail                            0.567135
x2.x1.np                                  1.08
x2.x1.nn                                  1.08
x2.x1.ln                                  1.08
x2.x1.lp                                  1.08
x2.x1.lnb                          8.59789e-08
x2.x1.lpb                          8.59789e-08
x2.x1.na                               1.06942
doutb2                                 0.55819
dout2                                  0.55819
x2.x1.nb                               1.06942
ean2#branch                        5.57909e-13
eap2#branch                        5.61203e-13
ean1#branch                        5.61203e-13
eap1#branch                        5.57909e-13
ean0#branch                        5.59583e-13
eap0#branch                        5.59583e-13
vclk#branch                        6.45704e-10
vd2#branch                                   0
vd1#branch                                   0
vd0#branch                                   0
vcm#branch                         3.35739e-12
vsup#branch                       -0.000170122

 Reference value :  0.00000e+00
 Reference value :  6.43529e-10
 Reference value :  1.16355e-09
 Reference value :  2.04118e-09
 Reference value :  2.96824e-09
 Reference value :  3.72118e-09
 Reference value :  4.42000e-09
No. of Data Rows : 1345
vsup_v              =  1.08000e+00
d0now               =  1.08000e+00
d1now               =  1.07999e+00
d2now               =  1.07999e+00
Reset re-loads circuit * comparator-transient-noise @ tt_27c_1.08v -- generated by sim/harness, do not edit

Circuit: * comparator-transient-noise @ tt_27c_1.08v -- generated by sim/harness, do not edit

Doing analysis at TEMP = 27.000000 and TNOM = 27.000000

Using SPARSE 1.3 as Direct Linear Solver

Initial Transient Solution
--------------------------

Node                                   Voltage
----                                   -------
vdd                                       1.08
cm                                         0.6
vd0                                          0
ap0                                        0.6
an0                                        0.6
ibn0                                  0.308665
x0.x1.tmid                         1.30481e-06
x0.x1.tail                            0.567131
clk                                          0
x0.x1.np                                  1.08
x0.x1.nn                                  1.08
x0.x1.ln                                  1.08
x0.x1.lp                                  1.08
x0.x1.lnb                          8.59789e-08
x0.x1.lpb                          8.59789e-08
x0.x1.na                               1.06942
doutb0                                 0.55819
dout0                                  0.55819
x0.x1.nb                               1.06942
vd1                                      0.001
ap1                                     0.6005
an1                                     0.5995
ibn1                                  0.308665
x1.x1.tmid                         1.30482e-06
x1.x1.tail                            0.567135
x1.x1.np                                  1.08
x1.x1.nn                                  1.08
x1.x1.ln                                  1.08
x1.x1.lp                                  1.08
x1.x1.lnb                          8.59789e-08
x1.x1.lpb                          8.59789e-08
x1.x1.na                               1.06942
doutb1                                 0.55819
dout1                                  0.55819
x1.x1.nb                               1.06942
vd2                                     -0.001
ap2                                     0.5995
an2                                     0.6005
ibn2                                  0.308665
x2.x1.tmid                         1.30482e-06
x2.x1.tail                            0.567135
x2.x1.np                                  1.08
x2.x1.nn                                  1.08
x2.x1.ln                                  1.08
x2.x1.lp                                  1.08
x2.x1.lnb                          8.59789e-08
x2.x1.lpb                          8.59789e-08
x2.x1.na                               1.06942
doutb2                                 0.55819
dout2                                  0.55819
x2.x1.nb                               1.06942
ean2#branch                        5.57909e-13
eap2#branch                        5.61203e-13
ean1#branch                        5.61203e-13
eap1#branch                        5.57909e-13
ean0#branch                        5.59583e-13
eap0#branch                        5.59583e-13
vclk#branch                        6.45704e-10
vd2#branch                                   0
vd1#branch                                   0
vd0#branch                                   0
vcm#branch                         3.35739e-12
vsup#branch                       -0.000170122

 Reference value :  0.00000e+00
 Reference value :  6.80000e-10
 Reference value :  1.20354e-09
 Reference value :  2.06118e-09
 Reference value :  2.98824e-09
 Reference value :  3.80353e-09
 Reference value :  4.54824e-09
No. of Data Rows : 1345
vsup_v              =  1.08000e+00
d0now               =  1.08000e+00
d1now               =  1.08000e+00
d2now               =  1.08000e+00
Reset re-loads circuit * comparator-transient-noise @ tt_27c_1.08v -- generated by sim/harness, do not edit

Circuit: * comparator-transient-noise @ tt_27c_1.08v -- generated by sim/harness, do not edit

Doing analysis at TEMP = 27.000000 and TNOM = 27.000000

Using SPARSE 1.3 as Direct Linear Solver

Initial Transient Solution
--------------------------

Node                                   Voltage
----                                   -------
vdd                                       1.08
cm                                         0.6
vd0                                          0
ap0                                        0.6
an0                                        0.6
ibn0                                  0.308665
x0.x1.tmid                         1.30481e-06
x0.x1.tail                            0.567131
clk                                          0
x0.x1.np                                  1.08
x0.x1.nn                                  1.08
x0.x1.ln                                  1.08
x0.x1.lp                                  1.08
x0.x1.lnb                          8.59789e-08
x0.x1.lpb                          8.59789e-08
x0.x1.na                               1.06942
doutb0                                 0.55819
dout0                                  0.55819
x0.x1.nb                               1.06942
vd1                                      0.001
ap1                                     0.6005
an1                                     0.5995
ibn1                                  0.308665
x1.x1.tmid                         1.30482e-06
x1.x1.tail                            0.567135
x1.x1.np                                  1.08
x1.x1.nn                                  1.08
x1.x1.ln                                  1.08
x1.x1.lp                                  1.08
x1.x1.lnb                          8.59789e-08
x1.x1.lpb                          8.59789e-08
x1.x1.na                               1.06942
doutb1                                 0.55819
dout1                                  0.55819
x1.x1.nb                               1.06942
vd2                                     -0.001
ap2                                     0.5995
an2                                     0.6005
ibn2                                  0.308665
x2.x1.tmid                         1.30482e-06
x2.x1.tail                            0.567135
x2.x1.np                                  1.08
x2.x1.nn                                  1.08
x2.x1.ln                                  1.08
x2.x1.lp                                  1.08
x2.x1.lnb                          8.59789e-08
x2.x1.lpb                          8.59789e-08
x2.x1.na                               1.06942
doutb2                                 0.55819
dout2                                  0.55819
x2.x1.nb                               1.06942
ean2#branch                        5.57909e-13
eap2#branch                        5.61203e-13
ean1#branch                        5.61203e-13
eap1#branch                        5.57909e-13
ean0#branch                        5.59583e-13
eap0#branch                        5.59583e-13
vclk#branch                        6.45704e-10
vd2#branch                                   0
vd1#branch                                   0
vd0#branch                                   0
vcm#branch                         3.35739e-12
vsup#branch                       -0.000170122

 Reference value :  0.00000e+00
 Reference value :  6.80000e-10
 Reference value :  1.20826e-09
 Reference value :  2.04353e-09
 Reference value :  2.94000e-09
 Reference value :  3.74824e-09
 Reference value :  4.48118e-09
No. of Data Rows : 1345
vsup_v              =  1.08000e+00
d0now               =  -4.83262e-07
d1now               =  1.08000e+00
d2now               =  1.08000e+00
Reset re-loads circuit * comparator-transient-noise @ tt_27c_1.08v -- generated by sim/harness, do not edit

Circuit: * comparator-transient-noise @ tt_27c_1.08v -- generated by sim/harness, do not edit

Doing analysis at TEMP = 27.000000 and TNOM = 27.000000

Using SPARSE 1.3 as Direct Linear Solver

Initial Transient Solution
--------------------------

Node                                   Voltage
----                                   -------
vdd                                       1.08
cm                                         0.6
vd0                                          0
ap0                                        0.6
an0                                        0.6
ibn0                                  0.308665
x0.x1.tmid                         1.30481e-06
x0.x1.tail                            0.567131
clk                                          0
x0.x1.np                                  1.08
x0.x1.nn                                  1.08
x0.x1.ln                                  1.08
x0.x1.lp                                  1.08
x0.x1.lnb                          8.59789e-08
x0.x1.lpb                          8.59789e-08
x0.x1.na                               1.06942
doutb0                                 0.55819
dout0                                  0.55819
x0.x1.nb                               1.06942
vd1                                      0.001
ap1                                     0.6005
an1                                     0.5995
ibn1                                  0.308665
x1.x1.tmid                         1.30482e-06
x1.x1.tail                            0.567135
x1.x1.np                                  1.08
x1.x1.nn                                  1.08
x1.x1.ln                                  1.08
x1.x1.lp                                  1.08
x1.x1.lnb                          8.59789e-08
x1.x1.lpb                          8.59789e-08
x1.x1.na                               1.06942
doutb1                                 0.55819
dout1                                  0.55819
x1.x1.nb                               1.06942
vd2                                     -0.001
ap2                                     0.5995
an2                                     0.6005
ibn2                                  0.308665
x2.x1.tmid                         1.30482e-06
x2.x1.tail                            0.567135
x2.x1.np                                  1.08
x2.x1.nn                                  1.08
x2.x1.ln                                  1.08
x2.x1.lp                                  1.08
x2.x1.lnb                          8.59789e-08
x2.x1.lpb                          8.59789e-08
x2.x1.na                               1.06942
doutb2                                 0.55819
dout2                                  0.55819
x2.x1.nb                               1.06942
ean2#branch                        5.57909e-13
eap2#branch                        5.61203e-13
ean1#branch                        5.61203e-13
eap1#branch                        5.57909e-13
ean0#branch                        5.59583e-13
eap0#branch                        5.59583e-13
vclk#branch                        6.45704e-10
vd2#branch                                   0
vd1#branch                                   0
vd0#branch                                   0
vcm#branch                         3.35739e-12
vsup#branch                       -0.000170122

 Reference value :  0.00000e+00
 Reference value :  6.88235e-10
 Reference value :  1.20826e-09
 Reference value :  2.07412e-09
 Reference value :  2.96824e-09
 Reference value :  3.74824e-09
 Reference value :  4.46824e-09
No. of Data Rows : 1345
vsup_v              =  1.08000e+00
d0now               =  1.22742e-06
d1now               =  1.08000e+00
d2now               =  7.03232e-07
Reset re-loads circuit * comparator-transient-noise @ tt_27c_1.08v -- generated by sim/harness, do not edit

Circuit: * comparator-transient-noise @ tt_27c_1.08v -- generated by sim/harness, do not edit

Doing analysis at TEMP = 27.000000 and TNOM = 27.000000

Using SPARSE 1.3 as Direct Linear Solver

Initial Transient Solution
--------------------------

Node                                   Voltage
----                                   -------
vdd                                       1.08
cm                                         0.6
vd0                                          0
ap0                                        0.6
an0                                        0.6
ibn0                                  0.308665
x0.x1.tmid                         1.30481e-06
x0.x1.tail                            0.567131
clk                                          0
x0.x1.np                                  1.08
x0.x1.nn                                  1.08
x0.x1.ln                                  1.08
x0.x1.lp                                  1.08
x0.x1.lnb                          8.59789e-08
x0.x1.lpb                          8.59789e-08
x0.x1.na                               1.06942
doutb0                                 0.55819
dout0                                  0.55819
x0.x1.nb                               1.06942
vd1                                      0.001
ap1                                     0.6005
an1                                     0.5995
ibn1                                  0.308665
x1.x1.tmid                         1.30482e-06
x1.x1.tail                            0.567135
x1.x1.np                                  1.08
x1.x1.nn                                  1.08
x1.x1.ln                                  1.08
x1.x1.lp                                  1.08
x1.x1.lnb                          8.59789e-08
x1.x1.lpb                          8.59789e-08
x1.x1.na                               1.06942
doutb1                                 0.55819
dout1                                  0.55819
x1.x1.nb                               1.06942
vd2                                     -0.001
ap2                                     0.5995
an2                                     0.6005
ibn2                                  0.308665
x2.x1.tmid                         1.30482e-06
x2.x1.tail                            0.567135
x2.x1.np                                  1.08
x2.x1.nn                                  1.08
x2.x1.ln                                  1.08
x2.x1.lp                                  1.08
x2.x1.lnb                          8.59789e-08
x2.x1.lpb                          8.59789e-08
x2.x1.na                               1.06942
doutb2                                 0.55819
dout2                                  0.55819
x2.x1.nb                               1.06942
ean2#branch                        5.57909e-13
eap2#branch                        5.61203e-13
ean1#branch                        5.61203e-13
eap1#branch                        5.57909e-13
ean0#branch                        5.59583e-13
eap0#branch                        5.59583e-13
vclk#branch                        6.45704e-10
vd2#branch                                   0
vd1#branch                                   0
vd0#branch                                   0
vcm#branch                         3.35739e-12
vsup#branch                       -0.000170122

 Reference value :  0.00000e+00
 Reference value :  6.60000e-10
 Reference value :  1.18117e-09
 Reference value :  2.00118e-09
 Reference value :  2.88824e-09
 Reference value :  3.64824e-09
 Reference value :  4.38118e-09
 Reference value :  5.08353e-09
No. of Data Rows : 1345
vsup_v              =  1.08000e+00
d0now               =  -1.20822e-06
d1now               =  1.07999e+00
d2now               =  1.08000e+00
Reset re-loads circuit * comparator-transient-noise @ tt_27c_1.08v -- generated by sim/harness, do not edit

Circuit: * comparator-transient-noise @ tt_27c_1.08v -- generated by sim/harness, do not edit

Doing analysis at TEMP = 27.000000 and TNOM = 27.000000

Using SPARSE 1.3 as Direct Linear Solver

Initial Transient Solution
--------------------------

Node                                   Voltage
----                                   -------
vdd                                       1.08
cm                                         0.6
vd0                                          0
ap0                                        0.6
an0                                        0.6
ibn0                                  0.308665
x0.x1.tmid                         1.30481e-06
x0.x1.tail                            0.567131
clk                                          0
x0.x1.np                                  1.08
x0.x1.nn                                  1.08
x0.x1.ln                                  1.08
x0.x1.lp                                  1.08
x0.x1.lnb                          8.59789e-08
x0.x1.lpb                          8.59789e-08
x0.x1.na                               1.06942
doutb0                                 0.55819
dout0                                  0.55819
x0.x1.nb                               1.06942
vd1                                      0.001
ap1                                     0.6005
an1                                     0.5995
ibn1                                  0.308665
x1.x1.tmid                         1.30482e-06
x1.x1.tail                            0.567135
x1.x1.np                                  1.08
x1.x1.nn                                  1.08
x1.x1.ln                                  1.08
x1.x1.lp                                  1.08
x1.x1.lnb                          8.59789e-08
x1.x1.lpb                          8.59789e-08
x1.x1.na                               1.06942
doutb1                                 0.55819
dout1                                  0.55819
x1.x1.nb                               1.06942
vd2                                     -0.001
ap2                                     0.5995
an2                                     0.6005
ibn2                                  0.308665
x2.x1.tmid                         1.30482e-06
x2.x1.tail                            0.567135
x2.x1.np                                  1.08
x2.x1.nn                                  1.08
x2.x1.ln                                  1.08
x2.x1.lp                                  1.08
x2.x1.lnb                          8.59789e-08
x2.x1.lpb                          8.59789e-08
x2.x1.na                               1.06942
doutb2                                 0.55819
dout2                                  0.55819
x2.x1.nb                               1.06942
ean2#branch                        5.57909e-13
eap2#branch                        5.61203e-13
ean1#branch                        5.61203e-13
eap1#branch                        5.57909e-13
ean0#branch                        5.59583e-13
eap0#branch                        5.59583e-13
vclk#branch                        6.45704e-10
vd2#branch                                   0
vd1#branch                                   0
vd0#branch                                   0
vcm#branch                         3.35739e-12
vsup#branch                       -0.000170122

 Reference value :  0.00000e+00
 Reference value :  6.21176e-10
 Reference value :  1.10013e-09
 Reference value :  1.94353e-09
 Reference value :  2.81412e-09
 Reference value :  3.59412e-09
 Reference value :  4.33412e-09
 Reference value :  5.04824e-09
No. of Data Rows : 1345
vsup_v              =  1.08000e+00
d0now               =  1.08000e+00
d1now               =  -9.74543e-07
d2now               =  4.02146e-06
Reset re-loads circuit * comparator-transient-noise @ tt_27c_1.08v -- generated by sim/harness, do not edit

Circuit: * comparator-transient-noise @ tt_27c_1.08v -- generated by sim/harness, do not edit

Doing analysis at TEMP = 27.000000 and TNOM = 27.000000

Using SPARSE 1.3 as Direct Linear Solver

Initial Transient Solution
--------------------------

Node                                   Voltage
----                                   -------
vdd                                       1.08
cm                                         0.6
vd0                                          0
ap0                                        0.6
an0                                        0.6
ibn0                                  0.308665
x0.x1.tmid                         1.30481e-06
x0.x1.tail                            0.567131
clk                                          0
x0.x1.np                                  1.08
x0.x1.nn                                  1.08
x0.x1.ln                                  1.08
x0.x1.lp                                  1.08
x0.x1.lnb                          8.59789e-08
x0.x1.lpb                          8.59789e-08
x0.x1.na                               1.06942
doutb0                                 0.55819
dout0                                  0.55819
x0.x1.nb                               1.06942
vd1                                      0.001
ap1                                     0.6005
an1                                     0.5995
ibn1                                  0.308665
x1.x1.tmid                         1.30482e-06
x1.x1.tail                            0.567135
x1.x1.np                                  1.08
x1.x1.nn                                  1.08
x1.x1.ln                                  1.08
x1.x1.lp                                  1.08
x1.x1.lnb                          8.59789e-08
x1.x1.lpb                          8.59789e-08
x1.x1.na                               1.06942
doutb1                                 0.55819
dout1                                  0.55819
x1.x1.nb                               1.06942
vd2                                     -0.001
ap2                                     0.5995
an2                                     0.6005
ibn2                                  0.308665
x2.x1.tmid                         1.30482e-06
x2.x1.tail                            0.567135
x2.x1.np                                  1.08
x2.x1.nn                                  1.08
x2.x1.ln                                  1.08
x2.x1.lp                                  1.08
x2.x1.lnb                          8.59789e-08
x2.x1.lpb                          8.59789e-08
x2.x1.na                               1.06942
doutb2                                 0.55819
dout2                                  0.55819
x2.x1.nb                               1.06942
ean2#branch                        5.57909e-13
eap2#branch                        5.61203e-13
ean1#branch                        5.61203e-13
eap1#branch                        5.57909e-13
ean0#branch                        5.59583e-13
eap0#branch                        5.59583e-13
vclk#branch                        6.45704e-10
vd2#branch                                   0
vd1#branch                                   0
vd0#branch                                   0
vcm#branch                         3.35739e-12
vsup#branch                       -0.000170122

 Reference value :  0.00000e+00
 Reference value :  6.34118e-10
 Reference value :  1.13416e-09
 Reference value :  1.95412e-09
 Reference value :  2.88000e-09
 Reference value :  3.66824e-09
 Reference value :  4.40118e-09
No. of Data Rows : 1345
vsup_v              =  1.08000e+00
d0now               =  8.44824e-06
d1now               =  1.07999e+00
d2now               =  7.54474e-06
Reset re-loads circuit * comparator-transient-noise @ tt_27c_1.08v -- generated by sim/harness, do not edit

Circuit: * comparator-transient-noise @ tt_27c_1.08v -- generated by sim/harness, do not edit

Doing analysis at TEMP = 27.000000 and TNOM = 27.000000

Using SPARSE 1.3 as Direct Linear Solver

Initial Transient Solution
--------------------------

Node                                   Voltage
----                                   -------
vdd                                       1.08
cm                                         0.6
vd0                                          0
ap0                                        0.6
an0                                        0.6
ibn0                                  0.308665
x0.x1.tmid                         1.30481e-06
x0.x1.tail                            0.567131
clk                                          0
x0.x1.np                                  1.08
x0.x1.nn                                  1.08
x0.x1.ln                                  1.08
x0.x1.lp                                  1.08
x0.x1.lnb                          8.59789e-08
x0.x1.lpb                          8.59789e-08
x0.x1.na                               1.06942
doutb0                                 0.55819
dout0                                  0.55819
x0.x1.nb                               1.06942
vd1                                      0.001
ap1                                     0.6005
an1                                     0.5995
ibn1                                  0.308665
x1.x1.tmid                         1.30482e-06
x1.x1.tail                            0.567135
x1.x1.np                                  1.08
x1.x1.nn                                  1.08
x1.x1.ln                                  1.08
x1.x1.lp                                  1.08
x1.x1.lnb                          8.59789e-08
x1.x1.lpb                          8.59789e-08
x1.x1.na                               1.06942
doutb1                                 0.55819
dout1                                  0.55819
x1.x1.nb                               1.06942
vd2                                     -0.001
ap2                                     0.5995
an2                                     0.6005
ibn2                                  0.308665
x2.x1.tmid                         1.30482e-06
x2.x1.tail                            0.567135
x2.x1.np                                  1.08
x2.x1.nn                                  1.08
x2.x1.ln                                  1.08
x2.x1.lp                                  1.08
x2.x1.lnb                          8.59789e-08
x2.x1.lpb                          8.59789e-08
x2.x1.na                               1.06942
doutb2                                 0.55819
dout2                                  0.55819
x2.x1.nb                               1.06942
ean2#branch                        5.57909e-13
eap2#branch                        5.61203e-13
ean1#branch                        5.61203e-13
eap1#branch                        5.57909e-13
ean0#branch                        5.59583e-13
eap0#branch                        5.59583e-13
vclk#branch                        6.45704e-10
vd2#branch                                   0
vd1#branch                                   0
vd0#branch                                   0
vcm#branch                         3.35739e-12
vsup#branch                       -0.000170122

 Reference value :  0.00000e+00
 Reference value :  6.28235e-10
 Reference value :  1.14117e-09
 Reference value :  1.97412e-09
 Reference value :  2.84824e-09
 Reference value :  3.65412e-09
 Reference value :  4.38353e-09
 Reference value :  5.10000e-09
No. of Data Rows : 1345
vsup_v              =  1.08000e+00
d0now               =  1.07999e+00
d1now               =  1.08000e+00
d2now               =  -1.30921e-06
Reset re-loads circuit * comparator-transient-noise @ tt_27c_1.08v -- generated by sim/harness, do not edit

Circuit: * comparator-transient-noise @ tt_27c_1.08v -- generated by sim/harness, do not edit

Doing analysis at TEMP = 27.000000 and TNOM = 27.000000

Using SPARSE 1.3 as Direct Linear Solver

Initial Transient Solution
--------------------------

Node                                   Voltage
----                                   -------
vdd                                       1.08
cm                                         0.6
vd0                                          0
ap0                                        0.6
an0                                        0.6
ibn0                                  0.308665
x0.x1.tmid                         1.30481e-06
x0.x1.tail                            0.567131
clk                                          0
x0.x1.np                                  1.08
x0.x1.nn                                  1.08
x0.x1.ln                                  1.08
x0.x1.lp                                  1.08
x0.x1.lnb                          8.59789e-08
x0.x1.lpb                          8.59789e-08
x0.x1.na                               1.06942
doutb0                                 0.55819
dout0                                  0.55819
x0.x1.nb                               1.06942
vd1                                      0.001
ap1                                     0.6005
an1                                     0.5995
ibn1                                  0.308665
x1.x1.tmid                         1.30482e-06
x1.x1.tail                            0.567135
x1.x1.np                                  1.08
x1.x1.nn                                  1.08
x1.x1.ln                                  1.08
x1.x1.lp                                  1.08
x1.x1.lnb                          8.59789e-08
x1.x1.lpb                          8.59789e-08
x1.x1.na                               1.06942
doutb1                                 0.55819
dout1                                  0.55819
x1.x1.nb                               1.06942
vd2                                     -0.001
ap2                                     0.5995
an2                                     0.6005
ibn2                                  0.308665
x2.x1.tmid                         1.30482e-06
x2.x1.tail                            0.567135
x2.x1.np                                  1.08
x2.x1.nn                                  1.08
x2.x1.ln                                  1.08
x2.x1.lp                                  1.08
x2.x1.lnb                          8.59789e-08
x2.x1.lpb                          8.59789e-08
x2.x1.na                               1.06942
doutb2                                 0.55819
dout2                                  0.55819
x2.x1.nb                               1.06942
ean2#branch                        5.57909e-13
eap2#branch                        5.61203e-13
ean1#branch                        5.61203e-13
eap1#branch                        5.57909e-13
ean0#branch                        5.59583e-13
eap0#branch                        5.59583e-13
vclk#branch                        6.45704e-10
vd2#branch                                   0
vd1#branch                                   0
vd0#branch                                   0
vcm#branch                         3.35739e-12
vsup#branch                       -0.000170122

 Reference value :  0.00000e+00
 Reference value :  6.48235e-10
 Reference value :  1.17414e-09
 Reference value :  1.98353e-09
 Reference value :  2.90000e-09
 Reference value :  3.64824e-09
 Reference value :  4.38000e-09
 Reference value :  5.08824e-09
No. of Data Rows : 1345
vsup_v              =  1.08000e+00
d0now               =  3.91918e-06
d1now               =  1.07999e+00
d2now               =  2.70559e-07
Reset re-loads circuit * comparator-transient-noise @ tt_27c_1.08v -- generated by sim/harness, do not edit

Circuit: * comparator-transient-noise @ tt_27c_1.08v -- generated by sim/harness, do not edit

Doing analysis at TEMP = 27.000000 and TNOM = 27.000000

Using SPARSE 1.3 as Direct Linear Solver

Initial Transient Solution
--------------------------

Node                                   Voltage
----                                   -------
vdd                                       1.08
cm                                         0.6
vd0                                          0
ap0                                        0.6
an0                                        0.6
ibn0                                  0.308665
x0.x1.tmid                         1.30481e-06
x0.x1.tail                            0.567131
clk                                          0
x0.x1.np                                  1.08
x0.x1.nn                                  1.08
x0.x1.ln                                  1.08
x0.x1.lp                                  1.08
x0.x1.lnb                          8.59789e-08
x0.x1.lpb                          8.59789e-08
x0.x1.na                               1.06942
doutb0                                 0.55819
dout0                                  0.55819
x0.x1.nb                               1.06942
vd1                                      0.001
ap1                                     0.6005
an1                                     0.5995
ibn1                                  0.308665
x1.x1.tmid                         1.30482e-06
x1.x1.tail                            0.567135
x1.x1.np                                  1.08
x1.x1.nn                                  1.08
x1.x1.ln                                  1.08
x1.x1.lp                                  1.08
x1.x1.lnb                          8.59789e-08
x1.x1.lpb                          8.59789e-08
x1.x1.na                               1.06942
doutb1                                 0.55819
dout1                                  0.55819
x1.x1.nb                               1.06942
vd2                                     -0.001
ap2                                     0.5995
an2                                     0.6005
ibn2                                  0.308665
x2.x1.tmid                         1.30482e-06
x2.x1.tail                            0.567135
x2.x1.np                                  1.08
x2.x1.nn                                  1.08
x2.x1.ln                                  1.08
x2.x1.lp                                  1.08
x2.x1.lnb                          8.59789e-08
x2.x1.lpb                          8.59789e-08
x2.x1.na                               1.06942
doutb2                                 0.55819
dout2                                  0.55819
x2.x1.nb                               1.06942
ean2#branch                        5.57909e-13
eap2#branch                        5.61203e-13
ean1#branch                        5.61203e-13
eap1#branch                        5.57909e-13
ean0#branch                        5.59583e-13
eap0#branch                        5.59583e-13
vclk#branch                        6.45704e-10
vd2#branch                                   0
vd1#branch                                   0
vd0#branch                                   0
vcm#branch                         3.35739e-12
vsup#branch                       -0.000170122

 Reference value :  0.00000e+00
 Reference value :  6.41176e-10
 Reference value :  1.13416e-09
 Reference value :  1.94824e-09
 Reference value :  2.86353e-09
 Reference value :  3.66000e-09
 Reference value :  4.34824e-09
 Reference value :  5.08118e-09
No. of Data Rows : 1345
vsup_v              =  1.08000e+00
d0now               =  1.07999e+00
d1now               =  1.08000e+00
d2now               =  3.63603e-07
Reset re-loads circuit * comparator-transient-noise @ tt_27c_1.08v -- generated by sim/harness, do not edit

Circuit: * comparator-transient-noise @ tt_27c_1.08v -- generated by sim/harness, do not edit

Doing analysis at TEMP = 27.000000 and TNOM = 27.000000

Using SPARSE 1.3 as Direct Linear Solver

Initial Transient Solution
--------------------------

Node                                   Voltage
----                                   -------
vdd                                       1.08
cm                                         0.6
vd0                                          0
ap0                                        0.6
an0                                        0.6
ibn0                                  0.308665
x0.x1.tmid                         1.30481e-06
x0.x1.tail                            0.567131
clk                                          0
x0.x1.np                                  1.08
x0.x1.nn                                  1.08
x0.x1.ln                                  1.08
x0.x1.lp                                  1.08
x0.x1.lnb                          8.59789e-08
x0.x1.lpb                          8.59789e-08
x0.x1.na                               1.06942
doutb0                                 0.55819
dout0                                  0.55819
x0.x1.nb                               1.06942
vd1                                      0.001
ap1                                     0.6005
an1                                     0.5995
ibn1                                  0.308665
x1.x1.tmid                         1.30482e-06
x1.x1.tail                            0.567135
x1.x1.np                                  1.08
x1.x1.nn                                  1.08
x1.x1.ln                                  1.08
x1.x1.lp                                  1.08
x1.x1.lnb                          8.59789e-08
x1.x1.lpb                          8.59789e-08
x1.x1.na                               1.06942
doutb1                                 0.55819
dout1                                  0.55819
x1.x1.nb                               1.06942
vd2                                     -0.001
ap2                                     0.5995
an2                                     0.6005
ibn2                                  0.308665
x2.x1.tmid                         1.30482e-06
x2.x1.tail                            0.567135
x2.x1.np                                  1.08
x2.x1.nn                                  1.08
x2.x1.ln                                  1.08
x2.x1.lp                                  1.08
x2.x1.lnb                          8.59789e-08
x2.x1.lpb                          8.59789e-08
x2.x1.na                               1.06942
doutb2                                 0.55819
dout2                                  0.55819
x2.x1.nb                               1.06942
ean2#branch                        5.57909e-13
eap2#branch                        5.61203e-13
ean1#branch                        5.61203e-13
eap1#branch                        5.57909e-13
ean0#branch                        5.59583e-13
eap0#branch                        5.59583e-13
vclk#branch                        6.45704e-10
vd2#branch                                   0
vd1#branch                                   0
vd0#branch                                   0
vcm#branch                         3.35739e-12
vsup#branch                       -0.000170122

 Reference value :  0.00000e+00
 Reference value :  6.43529e-10
 Reference value :  1.14350e-09
 Reference value :  1.96118e-09
 Reference value :  2.84118e-09
 Reference value :  3.61412e-09
 Reference value :  4.32000e-09
 Reference value :  5.06118e-09
No. of Data Rows : 1345
vsup_v              =  1.08000e+00
d0now               =  1.07999e+00
d1now               =  1.07999e+00
d2now               =  1.08000e+00
Reset re-loads circuit * comparator-transient-noise @ tt_27c_1.08v -- generated by sim/harness, do not edit

Circuit: * comparator-transient-noise @ tt_27c_1.08v -- generated by sim/harness, do not edit

Doing analysis at TEMP = 27.000000 and TNOM = 27.000000

Using SPARSE 1.3 as Direct Linear Solver

Initial Transient Solution
--------------------------

Node                                   Voltage
----                                   -------
vdd                                       1.08
cm                                         0.6
vd0                                          0
ap0                                        0.6
an0                                        0.6
ibn0                                  0.308665
x0.x1.tmid                         1.30481e-06
x0.x1.tail                            0.567131
clk                                          0
x0.x1.np                                  1.08
x0.x1.nn                                  1.08
x0.x1.ln                                  1.08
x0.x1.lp                                  1.08
x0.x1.lnb                          8.59789e-08
x0.x1.lpb                          8.59789e-08
x0.x1.na                               1.06942
doutb0                                 0.55819
dout0                                  0.55819
x0.x1.nb                               1.06942
vd1                                      0.001
ap1                                     0.6005
an1                                     0.5995
ibn1                                  0.308665
x1.x1.tmid                         1.30482e-06
x1.x1.tail                            0.567135
x1.x1.np                                  1.08
x1.x1.nn                                  1.08
x1.x1.ln                                  1.08
x1.x1.lp                                  1.08
x1.x1.lnb                          8.59789e-08
x1.x1.lpb                          8.59789e-08
x1.x1.na                               1.06942
doutb1                                 0.55819
dout1                                  0.55819
x1.x1.nb                               1.06942
vd2                                     -0.001
ap2                                     0.5995
an2                                     0.6005
ibn2                                  0.308665
x2.x1.tmid                         1.30482e-06
x2.x1.tail                            0.567135
x2.x1.np                                  1.08
x2.x1.nn                                  1.08
x2.x1.ln                                  1.08
x2.x1.lp                                  1.08
x2.x1.lnb                          8.59789e-08
x2.x1.lpb                          8.59789e-08
x2.x1.na                               1.06942
doutb2                                 0.55819
dout2                                  0.55819
x2.x1.nb                               1.06942
ean2#branch                        5.57909e-13
eap2#branch                        5.61203e-13
ean1#branch                        5.61203e-13
eap1#branch                        5.57909e-13
ean0#branch                        5.59583e-13
eap0#branch                        5.59583e-13
vclk#branch                        6.45704e-10
vd2#branch                                   0
vd1#branch                                   0
vd0#branch                                   0
vcm#branch                         3.35739e-12
vsup#branch                       -0.000170122

 Reference value :  0.00000e+00
 Reference value :  6.03529e-10
 Reference value :  1.10000e-09
 Reference value :  1.86824e-09
 Reference value :  2.70000e-09
 Reference value :  3.50824e-09
 Reference value :  4.24000e-09
 Reference value :  4.90824e-09
No. of Data Rows : 1345
vsup_v              =  1.08000e+00
d0now               =  7.79049e-06
d1now               =  1.08000e+00
d2now               =  1.08000e+00
Reset re-loads circuit * comparator-transient-noise @ tt_27c_1.08v -- generated by sim/harness, do not edit

Circuit: * comparator-transient-noise @ tt_27c_1.08v -- generated by sim/harness, do not edit

Doing analysis at TEMP = 27.000000 and TNOM = 27.000000

Using SPARSE 1.3 as Direct Linear Solver

Initial Transient Solution
--------------------------

Node                                   Voltage
----                                   -------
vdd                                       1.08
cm                                         0.6
vd0                                          0
ap0                                        0.6
an0                                        0.6
ibn0                                  0.308665
x0.x1.tmid                         1.30481e-06
x0.x1.tail                            0.567131
clk                                          0
x0.x1.np                                  1.08
x0.x1.nn                                  1.08
x0.x1.ln                                  1.08
x0.x1.lp                                  1.08
x0.x1.lnb                          8.59789e-08
x0.x1.lpb                          8.59789e-08
x0.x1.na                               1.06942
doutb0                                 0.55819
dout0                                  0.55819
x0.x1.nb                               1.06942
vd1                                      0.001
ap1                                     0.6005
an1                                     0.5995
ibn1                                  0.308665
x1.x1.tmid                         1.30482e-06
x1.x1.tail                            0.567135
x1.x1.np                                  1.08
x1.x1.nn                                  1.08
x1.x1.ln                                  1.08
x1.x1.lp                                  1.08
x1.x1.lnb                          8.59789e-08
x1.x1.lpb                          8.59789e-08
x1.x1.na                               1.06942
doutb1                                 0.55819
dout1                                  0.55819
x1.x1.nb                               1.06942
vd2                                     -0.001
ap2                                     0.5995
an2                                     0.6005
ibn2                                  0.308665
x2.x1.tmid                         1.30482e-06
x2.x1.tail                            0.567135
x2.x1.np                                  1.08
x2.x1.nn                                  1.08
x2.x1.ln                                  1.08
x2.x1.lp                                  1.08
x2.x1.lnb                          8.59789e-08
x2.x1.lpb                          8.59789e-08
x2.x1.na                               1.06942
doutb2                                 0.55819
dout2                                  0.55819
x2.x1.nb                               1.06942
ean2#branch                        5.57909e-13
eap2#branch                        5.61203e-13
ean1#branch                        5.61203e-13
eap1#branch                        5.57909e-13
ean0#branch                        5.59583e-13
eap0#branch                        5.59583e-13
vclk#branch                        6.45704e-10
vd2#branch                                   0
vd1#branch                                   0
vd0#branch                                   0
vcm#branch                         3.35739e-12
vsup#branch                       -0.000170122

 Reference value :  0.00000e+00
 Reference value :  5.94118e-10
 Reference value :  1.10000e-09
 Reference value :  1.86118e-09
 Reference value :  2.63412e-09
 Reference value :  3.51412e-09
 Reference value :  4.24000e-09
 Reference value :  5.00118e-09
No. of Data Rows : 1345
vsup_v              =  1.08000e+00
d0now               =  1.08000e+00
d1now               =  1.07999e+00
d2now               =  -1.90364e-06
m_frac_high_zero = 4.7499956610e-01
m_frac_high_plus = 7.6249673168e-01
m_frac_high_minus = 2.3750133463e-01
Note: Simulation executed from .control section 

Warning: m=xx on .subckt line will override multiplier m hierarchy!

